¿A qué clase farmacológica pertenece Baclofeno?	Relajante muscular de acción central (Agonista GABA-B)	Farmacoterapia::Neurología
¿Cuál es el mecanismo de acción de Baclofeno?	Activa receptores GABA-B presinápticos y postsinápticos medulares y reduce la liberación de neurotransmisores excitadores.	Farmacoterapia::Neurología
¿Qué distingue a Baclofeno de los demás fármacos de su clase (Relajante muscular de acción central)?	<b>Agonista GABA-B</b>: de elección en la <b>ESPASTICIDAD de origen MEDULAR</b> (esclerosis múltiple, lesión medular); vía <b>intratecal</b> con bomba en casos graves.	Farmacoterapia::Neurología
¿Cuál es la dosis de Baclofeno en Espasticidad (esclerosis múltiple, lesión medular, parálisis cerebral)?	5 mg al inicio; mantenimiento 30-80 mg/día — Cada 8 h, vía VO	Farmacoterapia::Neurología
¿Cuál es la dosis de Baclofeno en Espasticidad grave refractaria?	Prueba de 50 µg; mantenimiento individualizado (µg/día) — Infusión continua con bomba, vía intratecal	Farmacoterapia::Neurología
¿Cuánto dura el tratamiento con Baclofeno?	Crónica.	Farmacoterapia::Neurología
¿Cómo se suspende Baclofeno?	<b>Retirada en 1-2 semanas como mínimo.</b>	Farmacoterapia::Neurología
¿Qué hay que monitorizar durante el tratamiento con Baclofeno?	Sedación, debilidad, función renal.	Farmacoterapia::Neurología
¿Cuál es la vida media de Baclofeno?	3-4 h.	Farmacoterapia::Neurología
¿Requiere Baclofeno ajuste en insuficiencia renal?	Reducir dosis; evitar si FG <30.	Farmacoterapia::Neurología
Efecto adverso grave de Baclofeno: <b>Encefalopatía en insuficiencia renal</b> — ¿en qué consiste?	<b>Encefalopatía en insuficiencia renal</b>	Farmacoterapia::Neurología
Efecto adverso grave de Baclofeno: <b>Abstinencia</b> con convulsiones e hipertermia — ¿en qué consiste?	<b>Abstinencia</b> con convulsiones e hipertermia	Farmacoterapia::Neurología
Efecto adverso grave de Baclofeno: Depresión respiratoria en sobredosis — ¿en qué consiste?	Depresión respiratoria en sobredosis	Farmacoterapia::Neurología
¿Está contraindicado Baclofeno en: Hipersensibilidad?	Sí — Hipersensibilidad	Farmacoterapia::Neurología
¿Está contraindicado Baclofeno en: Precaución en epilepsia?	Sí — Precaución en epilepsia	Farmacoterapia::Neurología
Particularidad de Baclofeno que hay que tener en cuenta:	Confusión en un paciente con baclofeno y deterioro renal: toxicidad por baclofeno (puede requerir diálisis).	Farmacoterapia::Neurología
¿A qué clase farmacológica pertenece Betahistina?	Antivertiginoso (Análogo de histamina (agonista H1 débil, antagonista H3))	Farmacoterapia::Neurología
¿Cuál es el mecanismo de acción de Betahistina?	Mejora la microcirculación del oído interno y modula la actividad de los núcleos vestibulares.	Farmacoterapia::Neurología
¿Qué distingue a Betahistina de los demás fármacos de su clase (Antivertiginoso)?	<b>NO es sedante vestibular</b>: se usa de forma <b>CRÓNICA</b> para reducir la frecuencia de crisis en la <b>enfermedad de MÉNIÈRE</b> (evidencia discutida).	Farmacoterapia::Neurología
¿Cuál es la dosis de Betahistina en Enfermedad de Ménière (prevención de crisis)?	16-24 mg (48 mg/día) — Cada 8-12 h con comida, vía VO	Farmacoterapia::Neurología
¿Cuánto dura el tratamiento con Betahistina?	Meses.	Farmacoterapia::Neurología
¿Cómo se suspende Betahistina?	Suspender si no reduce las crisis.	Farmacoterapia::Neurología
¿Qué hay que monitorizar durante el tratamiento con Betahistina?	Diario de crisis.	Farmacoterapia::Neurología
¿Cuál es la vida media de Betahistina?	3-4 h.	Farmacoterapia::Neurología
¿Requiere Betahistina ajuste en insuficiencia renal?	No precisa.	Farmacoterapia::Neurología
Efecto adverso grave de Betahistina: Broncoespasmo en asmáticos — ¿en qué consiste?	Broncoespasmo en asmáticos (raro)	Farmacoterapia::Neurología
¿Está contraindicado Betahistina en: Feocromocitoma?	Sí — Feocromocitoma	Farmacoterapia::Neurología
Particularidad de Betahistina que hay que tener en cuenta:	Vértigo agudo con náuseas: sedante vestibular; prevención de crisis de Ménière: betahistina y restricción de sal.	Farmacoterapia::Neurología
¿A qué clase farmacológica pertenece Dimenhidrinato?	Antivertiginoso (Antihistamínico H1 sedante (sedante vestibular))	Farmacoterapia::Neurología
¿Cuál es el mecanismo de acción de Dimenhidrinato?	Bloqueo H1 y muscarínico en los núcleos vestibulares y el centro del vómito.	Farmacoterapia::Neurología
¿Qué distingue a Dimenhidrinato de los demás fármacos de su clase (Antivertiginoso)?	<b>SEDANTE VESTIBULAR</b> para el <b>vértigo agudo</b> (neuritis vestibular, crisis de Ménière) y la <b>cinetosis</b>.	Farmacoterapia::Neurología
¿Cuál es la dosis de Dimenhidrinato en Vértigo agudo periférico?	50-100 mg — Cada 6-8 h (máximo 400 mg/día), vía VO, IM o IV	Farmacoterapia::Neurología
¿Cuál es la dosis de Dimenhidrinato en Prevención de la cinetosis?	50 mg — 30-60 min antes del viaje; repetir cada 6-8 h, vía VO	Farmacoterapia::Neurología
¿Cuánto dura el tratamiento con Dimenhidrinato?	≤3 días.	Farmacoterapia::Neurología
¿Cómo se suspende Dimenhidrinato?	Retirar en cuanto ceda la fase aguda para no frenar la compensación.	Farmacoterapia::Neurología
¿Qué hay que monitorizar durante el tratamiento con Dimenhidrinato?	Sedación.	Farmacoterapia::Neurología
¿Cuál es la vida media de Dimenhidrinato?	4-8 h.	Farmacoterapia::Neurología
¿Requiere Dimenhidrinato ajuste en insuficiencia renal?	No precisa.	Farmacoterapia::Neurología
Efecto adverso grave de Dimenhidrinato: Confusión en ancianos — ¿en qué consiste?	Confusión en ancianos	Farmacoterapia::Neurología
Efecto adverso grave de Dimenhidrinato: Retención urinaria — ¿en qué consiste?	Retención urinaria	Farmacoterapia::Neurología
¿Está contraindicado Dimenhidrinato en: Glaucoma de ángulo cerrado?	Sí — Glaucoma de ángulo cerrado	Farmacoterapia::Neurología
¿Está contraindicado Dimenhidrinato en: Hiperplasia prostática con retención?	Sí — Hiperplasia prostática con retención	Farmacoterapia::Neurología
Particularidad de Dimenhidrinato que hay que tener en cuenta:	La rehabilitación vestibular precoz mejora más que prolongar el sedante.	Farmacoterapia::Neurología
¿A qué clase farmacológica pertenece Cinarizina?	Antivertiginoso (Antagonista del calcio y antihistamínico H1)	Farmacoterapia::Neurología
¿Cuál es el mecanismo de acción de Cinarizina?	Bloquea la entrada de calcio en las células vestibulares y los receptores H1.	Farmacoterapia::Neurología
¿Qué distingue a Cinarizina de los demás fármacos de su clase (Antivertiginoso)?	<b>Doble acción</b>: bloqueo de canales de calcio y H1; usada en el <b>vértigo</b> y la <b>cinetosis</b>.	Farmacoterapia::Neurología
¿Cuál es la dosis de Cinarizina en Vértigo periférico y cinetosis?	25 mg — Cada 8 h, vía VO	Farmacoterapia::Neurología
¿Cuánto dura el tratamiento con Cinarizina?	Ciclos cortos.	Farmacoterapia::Neurología
¿Cómo se suspende Cinarizina?	—	Farmacoterapia::Neurología
¿Qué hay que monitorizar durante el tratamiento con Cinarizina?	<b>Signos extrapiramidales</b>, ánimo.	Farmacoterapia::Neurología
¿Cuál es la vida media de Cinarizina?	4 h (flunarizina: 18 días).	Farmacoterapia::Neurología
¿Requiere Cinarizina ajuste en insuficiencia renal?	No precisa.	Farmacoterapia::Neurología
Efecto adverso grave de Cinarizina: <b>Parkinsonismo</b> y discinesias — ¿en qué consiste?	<b>Parkinsonismo</b> y discinesias	Farmacoterapia::Neurología
Efecto adverso grave de Cinarizina: Depresión — ¿en qué consiste?	Depresión	Farmacoterapia::Neurología
¿Está contraindicado Cinarizina en: Enfermedad de Parkinson?	Sí — Enfermedad de Parkinson	Farmacoterapia::Neurología
¿Está contraindicado Cinarizina en: Depresión?	Sí — Depresión	Farmacoterapia::Neurología
¿Está contraindicado Cinarizina en: Ancianos?	Sí — Ancianos (uso prolongado)	Farmacoterapia::Neurología
Particularidad de Cinarizina que hay que tener en cuenta:	Parkinsonismo de nueva aparición en un anciano: revisar si toma cinarizina, flunarizina, metoclopramida o sulpirida.	Farmacoterapia::Neurología
¿A qué clase farmacológica pertenece Primidona?	Antiepiléptico (Barbitúrico (profármaco del fenobarbital))	Farmacoterapia::Neurología
¿Cuál es el mecanismo de acción de Primidona?	Ella y sus metabolitos (fenobarbital y feniletilmalonamida) potencian el GABA-A y reducen la excitabilidad neuronal.	Farmacoterapia::Neurología
¿Qué distingue a Primidona de los demás fármacos de su clase (Antiepiléptico)?	<b>De primera línea en el TEMBLOR ESENCIAL</b> (junto al propranolol), a dosis muy inferiores a las antiepilépticas.	Farmacoterapia::Neurología
¿Cuál es la dosis de Primidona en Temblor esencial?	25 mg al inicio; 50-250 mg/día (hasta 750 mg) — Cada 24 h por la noche (o repartida), vía VO	Farmacoterapia::Neurología
¿Cuánto dura el tratamiento con Primidona?	Crónica.	Farmacoterapia::Neurología
¿Cómo se suspende Primidona?	Retirada gradual.	Farmacoterapia::Neurología
¿Qué hay que monitorizar durante el tratamiento con Primidona?	Sedación, ataxia.	Farmacoterapia::Neurología
¿Cuál es la vida media de Primidona?	10-15 h (fenobarbital 80-100 h).	Farmacoterapia::Neurología
¿Requiere Primidona ajuste en insuficiencia renal?	Reducir.	Farmacoterapia::Neurología
Interacción crítica de Primidona con Anticonceptivos hormonales, warfarina, ACOD: ¿qué ocurre y qué se hace?	Pérdida de eficacia por inducción. Manejo: Método alternativo; vigilar INR; evitar ACOD	Farmacoterapia::Neurología
Efecto adverso grave de Primidona: Depresión — ¿en qué consiste?	Depresión	Farmacoterapia::Neurología
Efecto adverso grave de Primidona: Reacciones cutáneas graves — ¿en qué consiste?	Reacciones cutáneas graves	Farmacoterapia::Neurología
¿Está contraindicado Primidona en: Porfiria aguda?	Sí — Porfiria aguda	Farmacoterapia::Neurología
¿Está contraindicado Primidona en: Hipersensibilidad a barbitúricos?	Sí — Hipersensibilidad a barbitúricos	Farmacoterapia::Neurología
Particularidad de Primidona que hay que tener en cuenta:	Temblor que mejora con el alcohol y empeora con la intención: esencial. Temblor de reposo con bradicinesia: Parkinson.	Farmacoterapia::Neurología
¿A qué clase farmacológica pertenece Biperideno?	Antiparkinsoniano (Anticolinérgico central)	Farmacoterapia::Neurología
¿Cuál es el mecanismo de acción de Biperideno?	Antagonista muscarínico central que restablece el equilibrio dopamina-acetilcolina en el estriado cuando la dopamina está bloqueada.	Farmacoterapia::Neurología
¿Qué distingue a Biperideno de los demás fármacos de su clase (Antiparkinsoniano)?	<b>El único de la clase que es ANTICOLINÉRGICO</b>: de elección en la <b>distonía aguda</b> y el parkinsonismo por antipsicóticos, no en la enfermedad de Parkinson del anciano.	Farmacoterapia::Neurología
¿Cuál es la dosis de Biperideno en Distonía aguda por fármacos (antipsicóticos, metoclopramida)?	2-5 mg — Dosis única; repetir a los 30 min si no cede (máximo 4 dosis/día), vía IM o IV lenta	Farmacoterapia::Neurología
¿Cuál es la dosis de Biperideno en Parkinsonismo inducido por antipsicóticos?	2 mg — Cada 8-12 h (máximo 16 mg/día), vía VO	Farmacoterapia::Neurología
¿Cuánto dura el tratamiento con Biperideno?	2-3 días en la distonía; reevaluar a los 3 meses en el parkinsonismo.	Farmacoterapia::Neurología
¿Cómo se suspende Biperideno?	Retirar de forma gradual (rebote colinérgico).	Farmacoterapia::Neurología
¿Qué hay que monitorizar durante el tratamiento con Biperideno?	Confusión, retención urinaria, frecuencia cardiaca.	Farmacoterapia::Neurología
¿Cuál es la vida media de Biperideno?	~18-24 h.	Farmacoterapia::Neurología
¿Requiere Biperideno ajuste en insuficiencia renal?	No precisa.	Farmacoterapia::Neurología
Efecto adverso grave de Biperideno: Delirium y alucinaciones — ¿en qué consiste?	Delirium y alucinaciones (ancianos)	Farmacoterapia::Neurología
Efecto adverso grave de Biperideno: Retención urinaria — ¿en qué consiste?	Retención urinaria	Farmacoterapia::Neurología
Efecto adverso grave de Biperideno: Glaucoma agudo de ángulo cerrado — ¿en qué consiste?	Glaucoma agudo de ángulo cerrado	Farmacoterapia::Neurología
¿Está contraindicado Biperideno en: Glaucoma de ángulo cerrado?	Sí — Glaucoma de ángulo cerrado	Farmacoterapia::Neurología
¿Está contraindicado Biperideno en: Hiperplasia prostática con retención?	Sí — Hiperplasia prostática con retención	Farmacoterapia::Neurología
¿Está contraindicado Biperideno en: Íleo, megacolon?	Sí — Íleo, megacolon	Farmacoterapia::Neurología
¿Está contraindicado Biperideno en: Demencia?	Sí — Demencia	Farmacoterapia::Neurología
Particularidad de Biperideno que hay que tener en cuenta:	Potencial de abuso (euforia anticolinérgica) en pacientes psiquiátricos; no pautar de forma indefinida sin indicación.	Farmacoterapia::Neurología
¿A qué clase farmacológica pertenece Donepezilo?	Antidemencia (IACE y memantina) (Inhibidor selectivo de la acetilcolinesterasa)	Farmacoterapia::Neurología
¿Cuál es el mecanismo de acción de Donepezilo?	Inhibe de forma reversible la acetilcolinesterasa cerebral, aumentando la acetilcolina sináptica.	Farmacoterapia::Neurología
¿Qué distingue a Donepezilo de los demás fármacos de su clase (Antidemencia (IACE y memantina))?	<b>El IACE más usado: dosis ÚNICA diaria por la noche</b> y sin ajuste renal.	Farmacoterapia::Neurología
¿Cuál es la dosis de Donepezilo en Enfermedad de Alzheimer leve, moderada o grave?	5 mg → 10 mg — Cada 24 h, por la noche, vía VO	Farmacoterapia::Neurología
¿Cuánto dura el tratamiento con Donepezilo?	Mientras haya beneficio.	Farmacoterapia::Neurología
¿Cómo se suspende Donepezilo?	Retirada gradual (empeoramiento cognitivo de rebote).	Farmacoterapia::Neurología
¿Qué hay que monitorizar durante el tratamiento con Donepezilo?	Cognición, FC, peso.	Farmacoterapia::Neurología
¿Cuál es la vida media de Donepezilo?	<b>70 h.</b>	Farmacoterapia::Neurología
¿Requiere Donepezilo ajuste en insuficiencia renal?	No precisa.	Farmacoterapia::Neurología
Efecto adverso grave de Donepezilo: Bradicardia, bloqueo AV, síncope — ¿en qué consiste?	Bradicardia, bloqueo AV, síncope	Farmacoterapia::Neurología
Efecto adverso grave de Donepezilo: Úlcera péptica — ¿en qué consiste?	Úlcera péptica	Farmacoterapia::Neurología
¿Está contraindicado Donepezilo en: Enfermedad del seno o bloqueo AV sin marcapasos?	Sí — Enfermedad del seno o bloqueo AV sin marcapasos (relativa)	Farmacoterapia::Neurología
¿Está contraindicado Donepezilo en: Úlcera activa?	Sí — Úlcera activa	Farmacoterapia::Neurología
Particularidad de Donepezilo que hay que tener en cuenta:	Caídas o síncopes tras iniciar un IACE: hacer ECG.	Farmacoterapia::Neurología
¿A qué clase farmacológica pertenece Rivastigmina?	Antidemencia (IACE y memantina) (Inhibidor de acetil y butirilcolinesterasa)	Farmacoterapia::Neurología
¿Cuál es el mecanismo de acción de Rivastigmina?	Inhibición pseudoirreversible de acetil y butirilcolinesterasa.	Farmacoterapia::Neurología
¿Qué distingue a Rivastigmina de los demás fármacos de su clase (Antidemencia (IACE y memantina))?	<b>PARCHE transdérmico</b>: menos efectos digestivos y útil si hay disfagia o mala adherencia.	Farmacoterapia::Neurología
¿Cuál es la dosis de Rivastigmina en Alzheimer leve-moderado y demencia asociada a Parkinson?	4,6 mg/24 h → 9,5 mg/24 h (máx. 13,3) — Un parche cada 24 h, vía transdérmica	Farmacoterapia::Neurología
¿Cuánto dura el tratamiento con Rivastigmina?	Mientras haya beneficio.	Farmacoterapia::Neurología
¿Cómo se suspende Rivastigmina?	Si se interrumpe >3 días, reiniciar con 4,6 mg.	Farmacoterapia::Neurología
¿Qué hay que monitorizar durante el tratamiento con Rivastigmina?	Peso, FC, irritación cutánea.	Farmacoterapia::Neurología
¿Cuál es la vida media de Rivastigmina?	1-2 h (efecto 10 h).	Farmacoterapia::Neurología
¿Requiere Rivastigmina ajuste en insuficiencia renal?	No precisa.	Farmacoterapia::Neurología
Efecto adverso grave de Rivastigmina: Bradicardia — ¿en qué consiste?	Bradicardia	Farmacoterapia::Neurología
Efecto adverso grave de Rivastigmina: Empeoramiento del temblor parkinsoniano — ¿en qué consiste?	Empeoramiento del temblor parkinsoniano	Farmacoterapia::Neurología
¿Está contraindicado Rivastigmina en: Dermatitis de contacto previa al parche?	Sí — Dermatitis de contacto previa al parche	Farmacoterapia::Neurología
Particularidad de Rivastigmina que hay que tener en cuenta:	Error típico: poner un parche nuevo sin retirar el anterior (sobredosis colinérgica).	Farmacoterapia::Neurología
¿A qué clase farmacológica pertenece Galantamina?	Antidemencia (IACE y memantina) (IACE con modulación alostérica nicotínica)	Farmacoterapia::Neurología
¿Cuál es el mecanismo de acción de Galantamina?	Inhibidor competitivo reversible de la acetilcolinesterasa y modulador alostérico positivo de receptores nicotínicos.	Farmacoterapia::Neurología
¿Qué distingue a Galantamina de los demás fármacos de su clase (Antidemencia (IACE y memantina))?	<b>Doble acción: inhibe la colinesterasa y potencia los receptores NICOTÍNICOS.</b>	Farmacoterapia::Neurología
¿Cuál es la dosis de Galantamina en Alzheimer leve-moderado?	8 mg → 16-24 mg (retard) — Cada 24 h por la mañana, vía VO	Farmacoterapia::Neurología
¿Cuánto dura el tratamiento con Galantamina?	Mientras haya beneficio.	Farmacoterapia::Neurología
¿Cómo se suspende Galantamina?	Si interrupción >3 días, reiniciar a dosis baja.	Farmacoterapia::Neurología
¿Qué hay que monitorizar durante el tratamiento con Galantamina?	FC, peso.	Farmacoterapia::Neurología
¿Cuál es la vida media de Galantamina?	7 h.	Farmacoterapia::Neurología
¿Requiere Galantamina ajuste en insuficiencia renal?	Máx. 16 mg en moderada; evitar con FG <9.	Farmacoterapia::Neurología
Efecto adverso grave de Galantamina: Bradicardia, síncope — ¿en qué consiste?	Bradicardia, síncope	Farmacoterapia::Neurología
Efecto adverso grave de Galantamina: Reacciones cutáneas graves — ¿en qué consiste?	Reacciones cutáneas graves (raras)	Farmacoterapia::Neurología
¿Está contraindicado Galantamina en: Insuficiencia renal o hepática grave?	Sí — Insuficiencia renal o hepática grave	Farmacoterapia::Neurología
Particularidad de Galantamina que hay que tener en cuenta:	Ningún IACE es claramente superior: elegir por tolerancia y vía.	Farmacoterapia::Neurología
¿A qué clase farmacológica pertenece Memantina?	Antidemencia (IACE y memantina) (Antagonista no competitivo del receptor NMDA)	Farmacoterapia::Neurología
¿Cuál es el mecanismo de acción de Memantina?	Antagonista NMDA de afinidad moderada y dependiente de voltaje.	Farmacoterapia::Neurología
¿Qué distingue a Memantina de los demás fármacos de su clase (Antidemencia (IACE y memantina))?	<b>Mecanismo distinto: bloquea la EXCITOTOXICIDAD glutamatérgica</b> (no es colinérgica).	Farmacoterapia::Neurología
¿Cuál es la dosis de Memantina en Alzheimer moderado-grave?	5 mg → 20 mg — Cada 24 h, vía VO	Farmacoterapia::Neurología
¿Cuánto dura el tratamiento con Memantina?	Mientras haya beneficio.	Farmacoterapia::Neurología
¿Cómo se suspende Memantina?	—	Farmacoterapia::Neurología
¿Qué hay que monitorizar durante el tratamiento con Memantina?	Cognición, conducta.	Farmacoterapia::Neurología
¿Cuál es la vida media de Memantina?	60-80 h.	Farmacoterapia::Neurología
¿Requiere Memantina ajuste en insuficiencia renal?	<b>FG 5-29: máx. 10 mg.</b>	Farmacoterapia::Neurología
Efecto adverso grave de Memantina: Agitación, alucinaciones — ¿en qué consiste?	Agitación, alucinaciones	Farmacoterapia::Neurología
Efecto adverso grave de Memantina: Convulsiones — ¿en qué consiste?	Convulsiones (raras)	Farmacoterapia::Neurología
¿Está contraindicado Memantina en: Hipersensibilidad?	Sí — Hipersensibilidad	Farmacoterapia::Neurología
Particularidad de Memantina que hay que tener en cuenta:	Si el IACE no se tolera por bradicardia, la memantina es la alternativa.	Farmacoterapia::Neurología
¿A qué clase farmacológica pertenece Gabapentina?	Gabapentinoide (ligando alfa-2-delta) (Gabapentinoide de absorción saturable)	Farmacoterapia::Neurología
¿Cuál es el mecanismo de acción de Gabapentina?	Se une a la subunidad alfa-2-delta de los canales de calcio presinápticos y reduce la liberación de glutamato y sustancia P.	Farmacoterapia::Neurología
¿Qué distingue a Gabapentina de los demás fármacos de su clase (Gabapentinoide (ligando alfa-2-delta))?	<b>Absorción SATURABLE</b> (cinética no lineal): a dosis altas se absorbe proporcionalmente menos; <b>3 tomas al día</b> y titulación larga.	Farmacoterapia::Neurología
¿Cuál es la dosis de Gabapentina en Dolor neuropático (neuralgia postherpética, neuropatía diabética)?	300 mg → 600-1.200 mg — Cada 8 h, vía VO	Farmacoterapia::Neurología
¿Cuál es la dosis de Gabapentina en Epilepsia focal (coadyuvante)?	300-1.200 mg — Cada 8 h, vía VO	Farmacoterapia::Neurología
¿Cuánto dura el tratamiento con Gabapentina?	Reevaluar cada 3-6 meses.	Farmacoterapia::Neurología
¿Cómo se suspende Gabapentina?	<b>Retirada gradual en ≥1 semana</b> (convulsiones, abstinencia).	Farmacoterapia::Neurología
¿Qué hay que monitorizar durante el tratamiento con Gabapentina?	Sedación, mareo, edemas, abuso.	Farmacoterapia::Neurología
¿Cuál es la vida media de Gabapentina?	5-7 h.	Farmacoterapia::Neurología
¿Requiere Gabapentina ajuste en insuficiencia renal?	<b>Ajustar según FG.</b>	Farmacoterapia::Neurología
Interacción crítica de Gabapentina con Opioides, benzodiacepinas, alcohol: ¿qué ocurre y qué se hace?	<b>Depresión respiratoria</b>. Manejo: Evitar o reducir dosis	Farmacoterapia::Neurología
Efecto adverso grave de Gabapentina: Depresión respiratoria combinada — ¿en qué consiste?	Depresión respiratoria combinada	Farmacoterapia::Neurología
Efecto adverso grave de Gabapentina: Abuso y dependencia — ¿en qué consiste?	Abuso y dependencia	Farmacoterapia::Neurología
Efecto adverso grave de Gabapentina: Ideación suicida — ¿en qué consiste?	Ideación suicida	Farmacoterapia::Neurología
¿Está contraindicado Gabapentina en: Hipersensibilidad?	Sí — Hipersensibilidad	Farmacoterapia::Neurología
Particularidad de Gabapentina que hay que tener en cuenta:	En ERC no ajustada, la acumulación produce somnolencia, mioclonías y caídas.	Farmacoterapia::Neurología
¿A qué clase farmacológica pertenece Pregabalina?	Gabapentinoide (ligando alfa-2-delta) (Gabapentinoide de absorción lineal)	Farmacoterapia::Neurología
¿Cuál es el mecanismo de acción de Pregabalina?	Ligando de la subunidad alfa-2-delta de los canales de calcio dependientes de voltaje.	Farmacoterapia::Neurología
¿Qué distingue a Pregabalina de los demás fármacos de su clase (Gabapentinoide (ligando alfa-2-delta))?	<b>Absorción LINEAL y completa (90%)</b>: dosis predecible, <b>2 tomas al día</b> y titulación rápida.	Farmacoterapia::Neurología
¿Cuál es la dosis de Pregabalina en Dolor neuropático periférico y central?	75 mg → 150-300 mg — Cada 12 h, vía VO	Farmacoterapia::Neurología
¿Cuál es la dosis de Pregabalina en Trastorno de ansiedad generalizada?	75 mg → 150-300 mg — Cada 12 h, vía VO	Farmacoterapia::Neurología
¿Cuánto dura el tratamiento con Pregabalina?	Reevaluar periódicamente.	Farmacoterapia::Neurología
¿Cómo se suspende Pregabalina?	<b>Retirada gradual en ≥1 semana.</b>	Farmacoterapia::Neurología
¿Qué hay que monitorizar durante el tratamiento con Pregabalina?	Sedación, edemas, peso, signos de abuso.	Farmacoterapia::Neurología
¿Cuál es la vida media de Pregabalina?	6 h.	Farmacoterapia::Neurología
¿Requiere Pregabalina ajuste en insuficiencia renal?	<b>FG 30-60: mitad; 15-30: cuarta parte.</b>	Farmacoterapia::Neurología
Interacción crítica de Pregabalina con Opioides y benzodiacepinas: ¿qué ocurre y qué se hace?	Depresión respiratoria. Manejo: Evitar o reducir	Farmacoterapia::Neurología
Efecto adverso grave de Pregabalina: Depresión respiratoria combinada — ¿en qué consiste?	Depresión respiratoria combinada	Farmacoterapia::Neurología
Efecto adverso grave de Pregabalina: Abuso — ¿en qué consiste?	Abuso	Farmacoterapia::Neurología
Efecto adverso grave de Pregabalina: Angioedema — ¿en qué consiste?	Angioedema	Farmacoterapia::Neurología
¿Está contraindicado Pregabalina en: Hipersensibilidad?	Sí — Hipersensibilidad	Farmacoterapia::Neurología
Particularidad de Pregabalina que hay que tener en cuenta:	Pacientes con antecedentes de adicción: preferir duloxetina o amitriptilina.	Farmacoterapia::Neurología
¿A qué clase farmacológica pertenece Mirogabalina?	Gabapentinoide (ligando alfa-2-delta) (Gabapentinoide de disociación lenta de alfa-2-delta-1)	Farmacoterapia::Neurología
¿Cuál es el mecanismo de acción de Mirogabalina?	Ligando selectivo de la subunidad alfa-2-delta de los canales de calcio.	Farmacoterapia::Neurología
¿Qué distingue a Mirogabalina de los demás fármacos de su clase (Gabapentinoide (ligando alfa-2-delta))?	<b>Disociación más lenta de la subunidad alfa-2-delta-1</b> (analgesia) que de la 2-delta-2 (efectos centrales): <b>perfil de mareo y somnolencia algo menor</b>.	Farmacoterapia::Neurología
¿Cuál es la dosis de Mirogabalina en Dolor neuropático periférico (neuropatía diabética, neuralgia postherpética)?	5 mg → 15 mg — Cada 12 h, vía VO	Farmacoterapia::Neurología
¿Cuánto dura el tratamiento con Mirogabalina?	Reevaluar.	Farmacoterapia::Neurología
¿Cómo se suspende Mirogabalina?	Retirada gradual.	Farmacoterapia::Neurología
¿Qué hay que monitorizar durante el tratamiento con Mirogabalina?	Mareo, somnolencia, edemas.	Farmacoterapia::Neurología
¿Cuál es la vida media de Mirogabalina?	2-3 h.	Farmacoterapia::Neurología
¿Requiere Mirogabalina ajuste en insuficiencia renal?	FG 30-59: mitad; 15-29: 7,5 mg/24 h.	Farmacoterapia::Neurología
Interacción crítica de Mirogabalina con Opioides, benzodiacepinas: ¿qué ocurre y qué se hace?	Depresión del SNC. Manejo: Evitar	Farmacoterapia::Neurología
Efecto adverso grave de Mirogabalina: Depresión respiratoria combinada — ¿en qué consiste?	Depresión respiratoria combinada	Farmacoterapia::Neurología
Efecto adverso grave de Mirogabalina: Abuso — ¿en qué consiste?	Abuso (potencial)	Farmacoterapia::Neurología
¿Está contraindicado Mirogabalina en: Hipersensibilidad?	Sí — Hipersensibilidad	Farmacoterapia::Neurología
Particularidad de Mirogabalina que hay que tener en cuenta:	Alternativa cuando la pregabalina es eficaz pero produce demasiado mareo.	Farmacoterapia::Neurología
¿A qué clase farmacológica pertenece Erenumab?	Anticuerpo anti-CGRP (preventivo de la migraña) (Anticuerpo frente al RECEPTOR del CGRP)	Farmacoterapia::Neurología
¿Cuál es el mecanismo de acción de Erenumab?	Anticuerpo monoclonal humano que bloquea el receptor del péptido relacionado con el gen de la calcitonina, mediador de la vasodilatación meníngea y la sensibilización trigeminal.	Farmacoterapia::Neurología
¿Qué distingue a Erenumab de los demás fármacos de su clase (Anticuerpo anti-CGRP (preventivo de la migraña))?	<b>El único de la clase que bloquea el RECEPTOR</b> (los demás, el ligando CGRP).	Farmacoterapia::Neurología
¿Cuál es la dosis de Erenumab en Profilaxis de la migraña (≥4 días/mes) tras fracaso de ≥2-3 preventivos orales?	70-140 mg — Cada 4 semanas, vía SC	Farmacoterapia::Neurología
¿Cuánto dura el tratamiento con Erenumab?	12 meses y reevaluar.	Farmacoterapia::Neurología
¿Cómo se suspende Erenumab?	Suspender si no hay respuesta a los 3-6 meses.	Farmacoterapia::Neurología
¿Qué hay que monitorizar durante el tratamiento con Erenumab?	Diario de cefaleas, PA, ritmo intestinal.	Farmacoterapia::Neurología
¿Cuál es la vida media de Erenumab?	28 días.	Farmacoterapia::Neurología
¿Requiere Erenumab ajuste en insuficiencia renal?	No precisa.	Farmacoterapia::Neurología
Efecto adverso grave de Erenumab: <b>Hipertensión</b> — ¿en qué consiste?	<b>Hipertensión</b>	Farmacoterapia::Neurología
Efecto adverso grave de Erenumab: Estreñimiento grave con complicaciones — ¿en qué consiste?	Estreñimiento grave con complicaciones	Farmacoterapia::Neurología
¿Está contraindicado Erenumab en: Hipersensibilidad?	Sí — Hipersensibilidad (látex en algunas plumas)	Farmacoterapia::Neurología
Particularidad de Erenumab que hay que tener en cuenta:	Si el paciente es estreñido o hipertenso, elegir un anti-ligando.	Farmacoterapia::Neurología
¿A qué clase farmacológica pertenece Galcanezumab?	Anticuerpo anti-CGRP (preventivo de la migraña) (Anticuerpo frente al ligando CGRP con dosis de carga)	Farmacoterapia::Neurología
¿Cuál es el mecanismo de acción de Galcanezumab?	Anticuerpo humanizado que se une al CGRP circulante.	Farmacoterapia::Neurología
¿Qué distingue a Galcanezumab de los demás fármacos de su clase (Anticuerpo anti-CGRP (preventivo de la migraña))?	<b>Dosis de CARGA de 240 mg</b> el primer mes: efecto desde la primera semana.	Farmacoterapia::Neurología
¿Cuál es la dosis de Galcanezumab en Profilaxis de la migraña episódica o crónica?	240 mg de carga, después 120 mg — Mensual, vía SC	Farmacoterapia::Neurología
¿Cuánto dura el tratamiento con Galcanezumab?	12 meses y reevaluar.	Farmacoterapia::Neurología
¿Cómo se suspende Galcanezumab?	Suspender si no hay respuesta.	Farmacoterapia::Neurología
¿Qué hay que monitorizar durante el tratamiento con Galcanezumab?	Diario de cefaleas.	Farmacoterapia::Neurología
¿Cuál es la vida media de Galcanezumab?	27 días.	Farmacoterapia::Neurología
¿Requiere Galcanezumab ajuste en insuficiencia renal?	No precisa.	Farmacoterapia::Neurología
Efecto adverso grave de Galcanezumab: Hipersensibilidad — ¿en qué consiste?	Hipersensibilidad	Farmacoterapia::Neurología
¿Está contraindicado Galcanezumab en: Hipersensibilidad?	Sí — Hipersensibilidad	Farmacoterapia::Neurología
Particularidad de Galcanezumab que hay que tener en cuenta:	Útil cuando se necesita efecto rápido por la dosis de carga.	Farmacoterapia::Neurología
¿A qué clase farmacológica pertenece Fremanezumab?	Anticuerpo anti-CGRP (preventivo de la migraña) (Anticuerpo frente al ligando CGRP con pauta trimestral)	Farmacoterapia::Neurología
¿Cuál es el mecanismo de acción de Fremanezumab?	Anticuerpo humanizado que neutraliza el CGRP.	Farmacoterapia::Neurología
¿Qué distingue a Fremanezumab de los demás fármacos de su clase (Anticuerpo anti-CGRP (preventivo de la migraña))?	<b>Pauta TRIMESTRAL posible (675 mg cada 3 meses)</b> además de la mensual (225 mg): máxima comodidad.	Farmacoterapia::Neurología
¿Cuál es la dosis de Fremanezumab en Profilaxis de la migraña?	225 mg (o 675 mg) — Mensual (o cada 3 meses), vía SC	Farmacoterapia::Neurología
¿Cuánto dura el tratamiento con Fremanezumab?	12 meses y reevaluar.	Farmacoterapia::Neurología
¿Cómo se suspende Fremanezumab?	—	Farmacoterapia::Neurología
¿Qué hay que monitorizar durante el tratamiento con Fremanezumab?	Diario de cefaleas.	Farmacoterapia::Neurología
¿Cuál es la vida media de Fremanezumab?	31 días.	Farmacoterapia::Neurología
¿Requiere Fremanezumab ajuste en insuficiencia renal?	No precisa.	Farmacoterapia::Neurología
Efecto adverso grave de Fremanezumab: Hipersensibilidad — ¿en qué consiste?	Hipersensibilidad	Farmacoterapia::Neurología
¿Está contraindicado Fremanezumab en: Hipersensibilidad?	Sí — Hipersensibilidad	Farmacoterapia::Neurología
Particularidad de Fremanezumab que hay que tener en cuenta:	Ideal para el paciente que prefiere 4 inyecciones al año.	Farmacoterapia::Neurología
¿A qué clase farmacológica pertenece Levetiracetam?	Antiepiléptico (Amplio espectro: ligando de la proteína SV2A)	Farmacoterapia::Neurología
¿Cuál es el mecanismo de acción de Levetiracetam?	Se une a la proteína SV2A de la vesícula sináptica, modulando la liberación de neurotransmisores. Es un mecanismo ÚNICO entre los antiepilépticos: no actúa sobre canales de sodio, calcio ni sobre el receptor GABA, y de ahí derivan sus dos rasgos definitorios: no interacciona por citocromo P450 (no es inductor ni inhibidor) y su perfil de efectos adversos es fundamentalmente CONDUCTUAL en lugar de sedativo o cutáneo.	Farmacoterapia::Neurología
¿Qué distingue a Levetiracetam de los demás fármacos de su clase (Antiepiléptico)?	<b>Amplio espectro, sin interacciones y sin metabolismo hepático</b>: el antiepiléptico más «manejable» (IV disponible, sin niveles).	Farmacoterapia::Neurología
¿Cuál es la dosis de Levetiracetam en Crisis focales con o sin generalización secundaria?	Inicio 250-500 mg/12 h; mantenimiento 500-1500 mg/12 h — Cada 12 h, vía VO	Farmacoterapia::Neurología
¿Cuál es la dosis de Levetiracetam en Epilepsia generalizada idiopática y crisis mioclónicas?	500-1500 mg/12 h — Cada 12 h, vía VO	Farmacoterapia::Neurología
¿Cuál es la dosis de Levetiracetam en Estado epiléptico establecido tras las benzodiacepinas?	60 mg/kg IV (máximo 4500 mg) en 10 minutos — Dosis de carga única, vía IV	Farmacoterapia::Neurología
¿Cuál es la dosis de Levetiracetam en Profilaxis de crisis en el paciente neuroquirúrgico o con lesión cerebral?	500-1000 mg/12 h — Cada 12 h, vía IV o VO	Farmacoterapia::Neurología
¿Cuál es la dosis de Levetiracetam en Epilepsia en el paciente polimedicado, oncológico, trasplantado o con VIH?	500-1500 mg/12 h — Cada 12 h, vía VO o IV	Farmacoterapia::Neurología
¿Cuánto dura el tratamiento con Levetiracetam?	Prolongada. Puede plantearse la retirada tras 2-5 años libre de crisis, según el síndrome epiléptico, el EEG y la resonancia.	Farmacoterapia::Neurología
¿Cómo se suspende Levetiracetam?	NUNCA retirada brusca: la supresión súbita de cualquier antiepiléptico puede desencadenar un estado epiléptico. Descenso a lo largo de 2-3 meses.	Farmacoterapia::Neurología
¿Qué hay que monitorizar durante el tratamiento con Levetiracetam?	NO precisa niveles plasmáticos, a diferencia de la fenitoína o el valproato. Lo que hay que monitorizar es la CONDUCTA: irritabilidad, agresividad y ánimo, preguntando también a la familia. Función renal para ajustar la dosis.	Farmacoterapia::Neurología
¿Cuál es la vida media de Levetiracetam?	6-8 h.	Farmacoterapia::Neurología
¿Requiere Levetiracetam ajuste en insuficiencia renal?	OBLIGATORIO: FG 50-79, 500-1000 mg/12 h; FG 30-49, 250-750 mg/12 h; FG por debajo de 30, 250-500 mg/12 h. En hemodiálisis se añade una dosis suplementaria tras la sesión.	Farmacoterapia::Neurología
Efecto adverso grave de Levetiracetam: TRASTORNOS PSIQUIÁTRICOS — ¿en qué consiste?	TRASTORNOS PSIQUIÁTRICOS: depresión, ansiedad, psicosis e IDEACIÓN SUICIDA, que aparecen en las primeras semanas	Farmacoterapia::Neurología
Efecto adverso grave de Levetiracetam: Agresividad grave, especialmente en niños, adolescentes y personas con discapacidad intelectual previa — ¿en qué consiste?	Agresividad grave, especialmente en niños, adolescentes y personas con discapacidad intelectual previa	Farmacoterapia::Neurología
Efecto adverso grave de Levetiracetam: Citopenias — ¿en qué consiste?	Citopenias (neutropenia, trombocitopenia), poco frecuentes	Farmacoterapia::Neurología
Efecto adverso grave de Levetiracetam: Reacciones cutáneas graves — ¿en qué consiste?	Reacciones cutáneas graves (excepcionales, mucho menos que con los antiepilépticos clásicos)	Farmacoterapia::Neurología
¿Está contraindicado Levetiracetam en: Hipersensibilidad al levetiracetam o a los derivados de la pirrolidona?	Sí — Hipersensibilidad al levetiracetam o a los derivados de la pirrolidona	Farmacoterapia::Neurología
¿Está contraindicado Levetiracetam en: Precaución?	Sí — Precaución (no contraindicación) en el paciente con trastorno psiquiátrico previo o antecedente de agresividad	Farmacoterapia::Neurología
Particularidad de Levetiracetam que hay que tener en cuenta:	Su ventaja decisiva es lo que NO hace: no induce ni inhibe el citocromo P450 y apenas se une a proteínas. Por eso es el antiepiléptico de elección en el paciente oncológico (no altera la quimioterapia), en el trasplantado (no toca el tacrolimús), en el paciente con VIH (no interfiere con los antirretrovirales) y en el anticoagulado.	Farmacoterapia::Neurología
¿A qué clase farmacológica pertenece Ácido valproico (valproato sódico)?	Antiepiléptico (Amplio espectro y estabilizador del ánimo, mecanismo múltiple)	Farmacoterapia::Neurología
¿Cuál es el mecanismo de acción de Ácido valproico (valproato sódico)?	Actúa por VARIOS mecanismos simultáneos, lo que explica su amplísimo espectro: bloquea canales de sodio dependientes de voltaje, bloquea canales de calcio tipo T (los responsables de las ausencias), aumenta la disponibilidad de GABA inhibiendo su degradación e inhibe las histona desacetilasas. Es el antiepiléptico más versátil que existe, y también el de perfil de seguridad más problemático: su teratogenicidad y su hepatotoxicidad han restringido drásticamente su uso.	Farmacoterapia::Neurología
¿Qué distingue a Ácido valproico (valproato sódico) de los demás fármacos de su clase (Antiepiléptico)?	<b>El más eficaz en las epilepsias GENERALIZADAS idiopáticas</b> y estabilizador del ánimo.	Farmacoterapia::Neurología
¿Cuál es la dosis de Ácido valproico (valproato sódico) en Epilepsia generalizada idiopática (ausencias, mioclonías, tónico-clónicas)?	Inicio 250-500 mg/12 h; mantenimiento 500-1500 mg/12 h (15-30 mg/kg/día) — Cada 8-12 h, o dosis única nocturna con la formulación retardada, vía VO	Farmacoterapia::Neurología
¿Cuál es la dosis de Ácido valproico (valproato sódico) en Estado epiléptico establecido?	Carga de 40 mg/kg IV (máximo 3000 mg) en 10 minutos — Carga única seguida de perfusión, vía IV	Farmacoterapia::Neurología
¿Cuál es la dosis de Ácido valproico (valproato sódico) en Trastorno bipolar: episodio maníaco agudo y mantenimiento?	15-20 mg/kg/día, ajustada por niveles — Cada 12 h, vía VO	Farmacoterapia::Neurología
¿A qué objetivo se ajusta la dosis de Ácido valproico (valproato sódico) en Trastorno bipolar: episodio maníaco agudo y mantenimiento?	Niveles plasmáticos de 50-125 µg/mL en la manía aguda	Farmacoterapia::Neurología
¿Cuál es la dosis de Ácido valproico (valproato sódico) en Profilaxis de la migraña?	500-1000 mg/día — Cada 12 h, vía VO	Farmacoterapia::Neurología
¿Cuánto dura el tratamiento con Ácido valproico (valproato sódico)?	Prolongada; en la epilepsia mioclónica juvenil suele ser de por vida porque la recaída al retirarlo es muy alta.	Farmacoterapia::Neurología
¿Cómo se suspende Ácido valproico (valproato sódico)?	Retirada MUY lenta (meses). La suspensión brusca puede precipitar un estado epiléptico o una recaída maníaca.	Farmacoterapia::Neurología
¿Qué hay que monitorizar durante el tratamiento con Ácido valproico (valproato sódico)?	TRANSAMINASAS y hemograma antes de iniciar, a los 3 y 6 meses y después periódicamente. NIVELES plasmáticos (50-100 µg/mL). AMONIO ante somnolencia o confusión inexplicadas. Peso y perfil metabólico.	Farmacoterapia::Neurología
¿Cuál es la vida media de Ácido valproico (valproato sódico)?	9-16 h.	Farmacoterapia::Neurología
¿Requiere Ácido valproico (valproato sódico) ajuste en insuficiencia renal?	No precisa ajuste de la dosis, pero la uremia altera la unión a proteínas y aumenta la fracción libre.	Farmacoterapia::Neurología
Interacción crítica de Ácido valproico (valproato sódico) con LAMOTRIGINA: ¿qué ocurre y qué se hace?	El valproato inhibe su glucuronidación y DUPLICA sus concentraciones, con riesgo de síndrome de Stevens-Johnson y necrólisis epidérmica tóxica. Manejo: Al asociarlos, la lamotrigina se inicia a la MITAD de dosis y se titula aún más despacio de lo habitual	Farmacoterapia::Neurología
Interacción crítica de Ácido valproico (valproato sódico) con CARBAPENÉMICOS (meropenem, imipenem, ertapenem): ¿qué ocurre y qué se hace?	Desploman los niveles de valproato en 24-48 h (hasta un 90%) por un mecanismo no del todo aclarado, con reaparición de crisis. Manejo: Evitar la combinación. Si el carbapenémico es imprescindible, CAMBIAR de antiepiléptico: subir la dosis de valproato no compensa la caída	Farmacoterapia::Neurología
Interacción crítica de Ácido valproico (valproato sódico) con Fenobarbital, fenitoína, primidona: ¿qué ocurre y qué se hace?	El valproato inhibe su metabolismo y eleva sus concentraciones, con sedación y toxicidad. Manejo: Vigilar niveles y clínica al asociarlos	Farmacoterapia::Neurología
Interacción crítica de Ácido valproico (valproato sódico) con TOPIRAMATO: ¿qué ocurre y qué se hace?	Aumento del riesgo de HIPERAMONIEMIA y encefalopatía. Manejo: Determinar amonio ante somnolencia o confusión en un paciente con esta combinación	Farmacoterapia::Neurología
Efecto adverso grave de Ácido valproico (valproato sódico): TERATOGENIA — ¿en qué consiste?	TERATOGENIA: la más alta de todos los antiepilépticos, con 10% de malformaciones mayores (defectos del tubo neural, cardiopatías, hipospadias) y hasta un 30-40% de trastornos del neurodesarrollo con descenso del cociente intelectual y autismo	Farmacoterapia::Neurología
Efecto adverso grave de Ácido valproico (valproato sódico): HEPATOTOXICIDAD FULMINANTE, con riesgo máximo en menores de 2 años, politerapia y enfermedad mitocondrial — ¿en qué consiste?	HEPATOTOXICIDAD FULMINANTE, con riesgo máximo en menores de 2 años, politerapia y enfermedad mitocondrial (síndrome de Alpers-Huttenlocher por mutación de POLG)	Farmacoterapia::Neurología
Efecto adverso grave de Ácido valproico (valproato sódico): PANCREATITIS aguda hemorrágica, impredecible y potencialmente mortal — ¿en qué consiste?	PANCREATITIS aguda hemorrágica, impredecible y potencialmente mortal	Farmacoterapia::Neurología
Efecto adverso grave de Ácido valproico (valproato sódico): ENCEFALOPATÍA HIPERAMONIÉMICA con niveles de valproato NORMALES — ¿en qué consiste?	ENCEFALOPATÍA HIPERAMONIÉMICA con niveles de valproato NORMALES	Farmacoterapia::Neurología
Efecto adverso grave de Ácido valproico (valproato sódico): Trombocitopenia y disfunción plaquetaria — ¿en qué consiste?	Trombocitopenia y disfunción plaquetaria	Farmacoterapia::Neurología
Efecto adverso grave de Ácido valproico (valproato sódico): Síndrome de ovario poliquístico e hiperandrogenismo — ¿en qué consiste?	Síndrome de ovario poliquístico e hiperandrogenismo	Farmacoterapia::Neurología
Efecto adverso grave de Ácido valproico (valproato sódico): Parkinsonismo y deterioro cognitivo reversibles en el uso prolongado — ¿en qué consiste?	Parkinsonismo y deterioro cognitivo reversibles en el uso prolongado	Farmacoterapia::Neurología
¿Está contraindicado Ácido valproico (valproato sódico) en: MUJERES EN EDAD FÉRTIL sin programa de prevención de embarazo, y EMBARAZO?	Sí — MUJERES EN EDAD FÉRTIL sin programa de prevención de embarazo, y EMBARAZO (salvo epilepsia refractaria sin alternativa)	Farmacoterapia::Neurología
¿Está contraindicado Ácido valproico (valproato sódico) en: Hepatopatía activa o antecedente familiar de hepatopatía grave por valproato?	Sí — Hepatopatía activa o antecedente familiar de hepatopatía grave por valproato	Farmacoterapia::Neurología
¿Está contraindicado Ácido valproico (valproato sódico) en: ENFERMEDADES MITOCONDRIALES conocidas o sospechadas?	Sí — ENFERMEDADES MITOCONDRIALES conocidas o sospechadas (mutaciones POLG): riesgo de fallo hepático mortal	Farmacoterapia::Neurología
¿Está contraindicado Ácido valproico (valproato sódico) en: Trastornos del ciclo de la urea?	Sí — Trastornos del ciclo de la urea	Farmacoterapia::Neurología
¿Está contraindicado Ácido valproico (valproato sódico) en: Pancreatitis previa por valproato?	Sí — Pancreatitis previa por valproato	Farmacoterapia::Neurología
¿Está contraindicado Ácido valproico (valproato sódico) en: Porfiria hepática?	Sí — Porfiria hepática	Farmacoterapia::Neurología
Particularidad de Ácido valproico (valproato sódico) que hay que tener en cuenta:	Es el antiepiléptico más EFICAZ de amplio espectro y a la vez el más PELIGROSO en la mujer en edad fértil, y esa tensión define todo su uso actual. Su teratogenicidad no es solo estructural (10% de malformaciones mayores): el problema mayor es el NEURODESARROLLO, con hasta un 30-40% de afectación cognitiva y mayor riesgo de autismo, un daño invisible al nacer que solo se manifiesta años después.	Farmacoterapia::Neurología
¿A qué clase farmacológica pertenece Carbamazepina (y oxcarbazepina)?	Antiepiléptico (Bloqueante de los canales de sodio dependientes de voltaje e inductor enzimático)	Farmacoterapia::Neurología
¿Cuál es el mecanismo de acción de Carbamazepina (y oxcarbazepina)?	Bloquea de forma uso-dependiente los canales de sodio, prolongando su estado inactivado y limitando las descargas repetitivas de alta frecuencia. Sobre esa base se explican sus dos usos principales: el control de las crisis focales y, sobre todo, la NEURALGIA DEL TRIGÉMINO, donde es el fármaco de elección con una eficacia que ningún otro alcanza. Lo que domina su manejo clínico, sin embargo, no es el mecanismo sino su condición de INDUCTOR ENZIMÁTICO POTENTE del CYP3A4 y de otros citocromos: acelera el metabolismo de casi todo lo demás, incluidos los anticonceptivos, los anticoagulantes, los inmunosupresores y los antirretrovirales, y además se AUTOINDUCE, de modo que sus propios niveles caen a las 3-4 semanas de haber alcanzado una dosis estable. La OXCARBAZEPINA comparte el mecanismo con mucha menos inducción enzimática, aunque produce más hiponatremia.	Farmacoterapia::Neurología
¿Qué distingue a Carbamazepina (y oxcarbazepina) de los demás fármacos de su clase (Antiepiléptico)?	<b>De elección en la NEURALGIA DEL TRIGÉMINO</b> y eficaz en crisis focales.	Farmacoterapia::Neurología
¿Cuál es la dosis de Carbamazepina (y oxcarbazepina) en NEURALGIA DEL TRIGÉMINO?	100 mg cada 12 horas de inicio, ascendiendo hasta 600-1200 mg al día repartidos en 2-3 tomas — Dos o tres tomas al día, vía VO	Farmacoterapia::Neurología
¿A qué objetivo se ajusta la dosis de Carbamazepina (y oxcarbazepina) en NEURALGIA DEL TRIGÉMINO?	Desaparición de las crisis de dolor con la dosis mínima tolerada	Farmacoterapia::Neurología
¿Cuál es la dosis de Carbamazepina (y oxcarbazepina) en EPILEPSIA FOCAL con o sin generalización secundaria?	200 mg cada 12 horas de inicio, hasta 800-1200 mg al día — Dos o tres tomas al día (una si es de liberación prolongada), vía VO	Farmacoterapia::Neurología
¿A qué objetivo se ajusta la dosis de Carbamazepina (y oxcarbazepina) en EPILEPSIA FOCAL con o sin generalización secundaria?	Control de las crisis; niveles de 4-12 microgramos/mL si se miden	Farmacoterapia::Neurología
¿Cuál es la dosis de Carbamazepina (y oxcarbazepina) en Trastorno BIPOLAR, prevención de episodios?	400-1200 mg al día — Dos tomas al día, vía VO	Farmacoterapia::Neurología
¿Cuál es la dosis de Carbamazepina (y oxcarbazepina) en Dolor neuropático y neuralgia del glosofaríngeo?	200-800 mg al día — Dos o tres tomas al día, vía VO	Farmacoterapia::Neurología
¿Cuánto dura el tratamiento con Carbamazepina (y oxcarbazepina)?	Prolongada. En la neuralgia del trigémino se puede intentar reducir en los periodos libres de dolor.	Farmacoterapia::Neurología
¿Cómo se suspende Carbamazepina (y oxcarbazepina)?	Retirada gradual: la suspensión brusca puede desencadenar crisis.	Farmacoterapia::Neurología
¿Qué hay que monitorizar durante el tratamiento con Carbamazepina (y oxcarbazepina)?	SODIO (hiponatremia), hemograma (leucopenia), transaminasas y niveles plasmáticos. Vigilancia estrecha de exantema en las primeras 8 semanas.	Farmacoterapia::Neurología
¿Cuál es la vida media de Carbamazepina (y oxcarbazepina)?	25-65 horas al principio y solo 12-17 horas tras la autoinducción: la propia farmacocinética cambia con el tiempo.	Farmacoterapia::Neurología
¿Requiere Carbamazepina (y oxcarbazepina) ajuste en insuficiencia renal?	Ajuste modesto.	Farmacoterapia::Neurología
Interacción crítica de Carbamazepina (y oxcarbazepina) con ANTICONCEPTIVOS hormonales: ¿qué ocurre y qué se hace?	Los INACTIVA por inducción: FALLO ANTICONCEPTIVO con embarazo, en un fármaco que además es TERATÓGENO. Manejo: Es la interacción más importante en la mujer en edad fértil: doble contrariedad, porque expone a un embarazo no deseado con un fármaco que produce defectos del tubo neural. Elegir DIU o cambiar de antiepiléptico	Farmacoterapia::Neurología
Interacción crítica de Carbamazepina (y oxcarbazepina) con Anticoagulantes (ACOD y antivitamina K), inmunosupresores, antirretrovirales, estatinas, quimioterápicos: ¿qué ocurre y qué se hace?	Reduce drásticamente sus concentraciones por inducción del CYP3A4. Manejo: Prácticamente cualquier fármaco del paciente puede verse afectado: hay que revisar toda la lista al iniciarla y al retirarla	Farmacoterapia::Neurología
Interacción crítica de Carbamazepina (y oxcarbazepina) con Macrólidos (claritromicina, eritromicina), azoles, verapamilo y zumo de POMELO: ¿qué ocurre y qué se hace?	INHIBEN su metabolismo y producen INTOXICACIÓN por carbamazepina. Manejo: Es una intoxicación clásica y evitable: elegir azitromicina en lugar de claritromicina	Farmacoterapia::Neurología
Interacción crítica de Carbamazepina (y oxcarbazepina) con VALPROATO: ¿qué ocurre y qué se hace?	Aumenta el metabolito EPÓXIDO tóxico sin que suban los niveles del fármaco original. Manejo: El paciente puede estar intoxicado con niveles de carbamazepina aparentemente normales	Farmacoterapia::Neurología
Interacción crítica de Carbamazepina (y oxcarbazepina) con Diuréticos, ISRS y otros fármacos hiponatremiantes: ¿qué ocurre y qué se hace?	HIPONATREMIA aditiva por SIADH. Manejo: Medir el sodio, sobre todo en el anciano	Farmacoterapia::Neurología
Efecto adverso grave de Carbamazepina (y oxcarbazepina): SÍNDROME DE STEVENS-JOHNSON y necrólisis epidérmica tóxica, fuertemente asociados al HLA-B*1502 en población asiática — ¿en qué consiste?	SÍNDROME DE STEVENS-JOHNSON y necrólisis epidérmica tóxica, fuertemente asociados al HLA-B*1502 en población asiática	Farmacoterapia::Neurología
Efecto adverso grave de Carbamazepina (y oxcarbazepina): Síndrome DRESS con eosinofilia y afectación multiorgánica — ¿en qué consiste?	Síndrome DRESS con eosinofilia y afectación multiorgánica (asociado al HLA-A*3101)	Farmacoterapia::Neurología
Efecto adverso grave de Carbamazepina (y oxcarbazepina): AGRANULOCITOSIS y aplasia medular — ¿en qué consiste?	AGRANULOCITOSIS y aplasia medular (raras pero mortales)	Farmacoterapia::Neurología
Efecto adverso grave de Carbamazepina (y oxcarbazepina): Hepatitis — ¿en qué consiste?	Hepatitis	Farmacoterapia::Neurología
Efecto adverso grave de Carbamazepina (y oxcarbazepina): Hiponatremia grave con convulsiones — ¿en qué consiste?	Hiponatremia grave con convulsiones	Farmacoterapia::Neurología
Efecto adverso grave de Carbamazepina (y oxcarbazepina): TERATOGENIA — ¿en qué consiste?	TERATOGENIA: defectos del tubo neural y malformaciones craneofaciales	Farmacoterapia::Neurología
Efecto adverso grave de Carbamazepina (y oxcarbazepina): Bloqueo auriculoventricular en el anciano — ¿en qué consiste?	Bloqueo auriculoventricular en el anciano	Farmacoterapia::Neurología
¿Está contraindicado Carbamazepina (y oxcarbazepina) en: Bloqueo auriculoventricular y antecedente de depresión medular?	Sí — Bloqueo auriculoventricular y antecedente de depresión medular	Farmacoterapia::Neurología
¿Está contraindicado Carbamazepina (y oxcarbazepina) en: Porfiria aguda intermitente?	Sí — Porfiria aguda intermitente	Farmacoterapia::Neurología
¿Está contraindicado Carbamazepina (y oxcarbazepina) en: Uso con IMAO?	Sí — Uso con IMAO	Farmacoterapia::Neurología
¿Está contraindicado Carbamazepina (y oxcarbazepina) en: HLA-B*1502 positivo?	Sí — HLA-B*1502 positivo	Farmacoterapia::Neurología
¿Está contraindicado Carbamazepina (y oxcarbazepina) en: Epilepsia generalizada con ausencias o mioclonías?	Sí — Epilepsia generalizada con ausencias o mioclonías (las agrava)	Farmacoterapia::Neurología
¿Está contraindicado Carbamazepina (y oxcarbazepina) en: Embarazo, salvo que no haya alternativa?	Sí — Embarazo, salvo que no haya alternativa	Farmacoterapia::Neurología
Particularidad de Carbamazepina (y oxcarbazepina) que hay que tener en cuenta:	Es el fármaco de la NEURALGIA DEL TRIGÉMINO y su eficacia allí es tan alta que una respuesta espectacular refuerza el diagnóstico. En cambio, en la epilepsia GENERALIZADA está contraindicada porque puede empeorar las ausencias y las mioclonías: la misma molécula, indicación opuesta según el tipo de crisis.	Farmacoterapia::Neurología
¿A qué clase farmacológica pertenece Fenitoína?	Antiepiléptico (Bloqueante de los canales de sodio con cinética de orden CERO)	Farmacoterapia::Neurología
¿Cuál es el mecanismo de acción de Fenitoína?	Bloquea los canales de sodio dependientes de voltaje prolongando su estado inactivado, con lo que impide las descargas repetitivas sin afectar a la actividad neuronal normal. Lo que la distingue de todos los demás antiepilépticos no es el mecanismo sino su FARMACOCINÉTICA: dentro del rango terapéutico, las enzimas que la metabolizan se SATURAN, y a partir de ahí sigue una cinética de ORDEN CERO (se elimina una cantidad fija por unidad de tiempo, no una fracción). La consecuencia práctica es que un pequeño aumento de dosis puede producir un salto enorme de concentración: subir de 300 a 400 mg al día puede duplicar o triplicar el nivel plasmático y llevar a un paciente estable a la intoxicación. A ello se añade una alta unión a la ALBÚMINA (90%), de modo que en el hipoalbuminémico o en el urémico la fracción LIBRE (la activa) es mucho mayor de lo que sugiere el nivel total medido.	Farmacoterapia::Neurología
¿Qué distingue a Fenitoína de los demás fármacos de su clase (Antiepiléptico)?	<b>Cinética de orden CERO (saturable)</b>: pequeños aumentos de dosis disparan los niveles (nistagmo, ataxia).	Farmacoterapia::Neurología
¿Cuál es la dosis de Fenitoína en ESTATUS EPILÉPTICO, tras las benzodiazepinas?	Fosfenitoína 20 mg equivalentes de fenitoína/kg IV a un máximo de 150 mg/min, o fenitoína 20 mg/kg IV a un máximo de 50 mg/min — Dosis de carga única, vía IV	Farmacoterapia::Neurología
¿A qué objetivo se ajusta la dosis de Fenitoína en ESTATUS EPILÉPTICO, tras las benzodiazepinas?	Cese de las crisis; nivel total de 10-20 microgramos/mL	Farmacoterapia::Neurología
¿Cuál es la dosis de Fenitoína en EPILEPSIA FOCAL y tonicoclónica generalizada?	300-400 mg al día en 1-2 tomas — Una o dos tomas al día, vía VO	Farmacoterapia::Neurología
¿A qué objetivo se ajusta la dosis de Fenitoína en EPILEPSIA FOCAL y tonicoclónica generalizada?	Nivel TOTAL de 10-20 microgramos/mL, o nivel LIBRE de 1-2 microgramos/mL en el hipoalbuminémico	Farmacoterapia::Neurología
¿Cuál es la dosis de Fenitoína en Profilaxis de crisis en el traumatismo craneoencefálico grave?	Carga de 20 mg/kg y mantenimiento de 300-400 mg al día durante 7 días — Carga y mantenimiento, vía IV	Farmacoterapia::Neurología
¿Cuál es la dosis de Fenitoína en Neuralgia del trigémino y arritmias por intoxicación digitálica (usos históricos)?	200-400 mg al día — Dos tomas al día, vía VO	Farmacoterapia::Neurología
¿Cuánto dura el tratamiento con Fenitoína?	Prolongada, aunque hoy se prefiere sustituirla por antiepilépticos de manejo más sencillo en tratamientos crónicos.	Farmacoterapia::Neurología
¿Cómo se suspende Fenitoína?	Retirada muy gradual.	Farmacoterapia::Neurología
¿Qué hay que monitorizar durante el tratamiento con Fenitoína?	NIVELES plasmáticos (y nivel LIBRE si hay hipoalbuminemia o insuficiencia renal), hemograma, transaminasas, y exploración de encías y de la marcha.	Farmacoterapia::Neurología
¿Cuál es la vida media de Fenitoína?	Variable y DEPENDIENTE de la concentración: de 12 a más de 60 horas a medida que sube el nivel.	Farmacoterapia::Neurología
¿Requiere Fenitoína ajuste en insuficiencia renal?	El nivel TOTAL infraestima la fracción libre en la uremia: hay que medir el nivel LIBRE o corregirlo.	Farmacoterapia::Neurología
Interacción crítica de Fenitoína con Prácticamente TODO por inducción del CYP3A4 (anticonceptivos, anticoagulantes, inmunosupresores, antirretrovirales, corticoides, quimioterápicos): ¿qué ocurre y qué se hace?	Reduce drásticamente sus concentraciones. Manejo: Revisar toda la medicación al iniciarla y al retirarla	Farmacoterapia::Neurología
Interacción crítica de Fenitoína con Cotrimoxazol, fluconazol, amiodarona, isoniazida, omeprazol: ¿qué ocurre y qué se hace?	INHIBEN su metabolismo y producen intoxicación con rapidez. Manejo: Medir niveles al añadir cualquiera de ellos	Farmacoterapia::Neurología
Interacción crítica de Fenitoína con VALPROATO: ¿qué ocurre y qué se hace?	La DESPLAZA de la albúmina: el nivel TOTAL baja mientras la fracción LIBRE (activa) sube. Manejo: Es una trampa clásica: el nivel medido parece bajo y se sube la dosis, intoxicando al paciente. Hay que medir el nivel LIBRE	Farmacoterapia::Neurología
Interacción crítica de Fenitoína con NUTRICIÓN ENTERAL por sonda: ¿qué ocurre y qué se hace?	Reduce drásticamente su absorción. Manejo: Suspender la nutrición 1-2 horas antes y después de la dosis, y monitorizar niveles	Farmacoterapia::Neurología
Interacción crítica de Fenitoína con Suero GLUCOSADO: ¿qué ocurre y qué se hace?	PRECIPITA. Manejo: Diluir SIEMPRE en suero salino	Farmacoterapia::Neurología
Efecto adverso grave de Fenitoína: SÍNDROME DE STEVENS-JOHNSON y DRESS — ¿en qué consiste?	SÍNDROME DE STEVENS-JOHNSON y DRESS	Farmacoterapia::Neurología
Efecto adverso grave de Fenitoína: Discrasias sanguíneas y anemia MEGALOBLÁSTICA por déficit de folato — ¿en qué consiste?	Discrasias sanguíneas y anemia MEGALOBLÁSTICA por déficit de folato	Farmacoterapia::Neurología
Efecto adverso grave de Fenitoína: NEUROPATÍA periférica y ATROFIA CEREBELOSA con el uso prolongado — ¿en qué consiste?	NEUROPATÍA periférica y ATROFIA CEREBELOSA con el uso prolongado	Farmacoterapia::Neurología
Efecto adverso grave de Fenitoína: OSTEOMALACIA y osteoporosis por inducción del metabolismo de la vitamina D — ¿en qué consiste?	OSTEOMALACIA y osteoporosis por inducción del metabolismo de la vitamina D	Farmacoterapia::Neurología
Efecto adverso grave de Fenitoína: Hepatitis — ¿en qué consiste?	Hepatitis	Farmacoterapia::Neurología
Efecto adverso grave de Fenitoína: SÍNDROME DEL GUANTE MORADO — ¿en qué consiste?	SÍNDROME DEL GUANTE MORADO: isquemia y necrosis distal por extravasación o por infusión rápida	Farmacoterapia::Neurología
Efecto adverso grave de Fenitoína: Hipotensión y arritmias por infusión intravenosa rápida — ¿en qué consiste?	Hipotensión y arritmias por infusión intravenosa rápida	Farmacoterapia::Neurología
Efecto adverso grave de Fenitoína: SÍNDROME FETAL POR HIDANTOÍNA — ¿en qué consiste?	SÍNDROME FETAL POR HIDANTOÍNA	Farmacoterapia::Neurología
¿Está contraindicado Fenitoína en: Bradicardia sinusal, bloqueo auriculoventricular de segundo o tercer grado y síndrome de Adams-Stokes?	Sí — Bradicardia sinusal, bloqueo auriculoventricular de segundo o tercer grado y síndrome de Adams-Stokes	Farmacoterapia::Neurología
¿Está contraindicado Fenitoína en: Porfiria?	Sí — Porfiria	Farmacoterapia::Neurología
¿Está contraindicado Fenitoína en: Hipersensibilidad a las hidantoínas?	Sí — Hipersensibilidad a las hidantoínas	Farmacoterapia::Neurología
¿Está contraindicado Fenitoína en: HLA-B*1502 positivo?	Sí — HLA-B*1502 positivo	Farmacoterapia::Neurología
¿Está contraindicado Fenitoína en: Embarazo, salvo que no haya alternativa?	Sí — Embarazo, salvo que no haya alternativa	Farmacoterapia::Neurología
Particularidad de Fenitoína que hay que tener en cuenta:	La CINÉTICA DE ORDEN CERO es lo que define a este fármaco: dentro del rango terapéutico las enzimas se saturan, y pasar de 300 a 400 mg al día puede triplicar el nivel plasmático. Los ajustes se hacen de 25-50 mg y esperando una o dos semanas. Es el antiepiléptico donde la prisa intoxica.	Farmacoterapia::Neurología
¿A qué clase farmacológica pertenece Donepezilo, rivastigmina, galantamina y memantina?	Visión de clase: fármacos antidemencia (Inhibidores de la acetilcolinesterasa y antagonista no competitivo del receptor NMDA)	Farmacoterapia::Neurología
¿Cuál es el mecanismo de acción de Donepezilo, rivastigmina, galantamina y memantina?	Los ANTICOLINESTERÁSICOS parten de la observación de que en la enfermedad de Alzheimer degeneran precozmente las neuronas colinérgicas del núcleo basal de Meynert, que proyectan a la corteza y al hipocampo: al inhibir la acetilcolinesterasa aumentan la acetilcolina disponible en la sinapsis y mejoran transitoriamente la cognición. NO modifican la enfermedad ni frenan la neurodegeneración: compensan un déficit de neurotransmisor mientras queden neuronas que lo produzcan, y por eso su efecto se agota a medida que avanza la enfermedad. La MEMANTINA actúa por otra vía: bloquea de forma no competitiva y con baja afinidad el receptor NMDA, reduciendo la excitotoxicidad crónica por glutamato sin impedir la señalización fisiológica necesaria para el aprendizaje, que requiere activaciones intensas y breves. Esa baja afinidad, que permite que el receptor siga funcionando cuando hace falta, es la clave de su tolerabilidad.	Farmacoterapia::Neurología
¿Cuál es la dosis de Donepezilo, rivastigmina, galantamina y memantina en ENFERMEDAD DE ALZHEIMER leve-moderada?	Donepezilo 5 mg al día durante 4 semanas y después 10 mg al día, en toma NOCTURNA — Una toma diaria por la noche, vía VO	Farmacoterapia::Neurología
¿A qué objetivo se ajusta la dosis de Donepezilo, rivastigmina, galantamina y memantina en ENFERMEDAD DE ALZHEIMER leve-moderada?	Estabilización o enlentecimiento del deterioro cognitivo y funcional, valorado a los 3-6 meses	Farmacoterapia::Neurología
¿Cuál es la dosis de Donepezilo, rivastigmina, galantamina y memantina en Enfermedad de Alzheimer moderada-grave?	Memantina 5 mg al día con ascenso semanal hasta 20 mg al día, sola o ASOCIADA al anticolinesterásico — Una toma diaria, vía VO	Farmacoterapia::Neurología
¿Cuál es la dosis de Donepezilo, rivastigmina, galantamina y memantina en Demencia por CUERPOS DE LEWY y demencia de la enfermedad de Parkinson?	Rivastigmina 1,5 mg cada 12 horas con ascenso hasta 6 mg cada 12 horas, o parche transdérmico de 4,6-13,3 mg/24 h — Dos tomas al día o un parche diario, vía transdérmica	Farmacoterapia::Neurología
¿Cuál es la dosis de Donepezilo, rivastigmina, galantamina y memantina en Demencia VASCULAR y demencia mixta?	Donepezilo 10 mg al día o memantina 20 mg al día — Una toma diaria, vía VO	Farmacoterapia::Neurología
¿Cuánto dura el tratamiento con Donepezilo, rivastigmina, galantamina y memantina?	Mientras haya beneficio clínico o funcional apreciable, revaluado cada 6 meses.	Farmacoterapia::Neurología
¿Cómo se suspende Donepezilo, rivastigmina, galantamina y memantina?	Se retira cuando la enfermedad es tan avanzada que el fármaco ya no aporta nada, y la retirada debe ser GRADUAL: la suspensión brusca puede producir un empeoramiento cognitivo agudo.	Farmacoterapia::Neurología
¿Qué hay que monitorizar durante el tratamiento con Donepezilo, rivastigmina, galantamina y memantina?	Frecuencia cardiaca (bradicardia), peso (pérdida de peso frecuente e infravalorada), tolerancia digestiva y valoración cognitiva y funcional cada 6 meses.	Farmacoterapia::Neurología
¿Cuál es la vida media de Donepezilo, rivastigmina, galantamina y memantina?	Donepezilo 70 horas (permite una toma diaria); memantina 60-100 horas.	Farmacoterapia::Neurología
¿Requiere Donepezilo, rivastigmina, galantamina y memantina ajuste en insuficiencia renal?	REDUCIR la MEMANTINA a 10 mg al día con filtrado de 30-49 mL/min: se elimina por vía renal y su acumulación produce confusión, que es exactamente el síntoma que se pretende tratar.	Farmacoterapia::Neurología
Interacción crítica de Donepezilo, rivastigmina, galantamina y memantina con FÁRMACOS ANTICOLINÉRGICOS (antihistamínicos de primera generación, oxibutinina, tricíclicos, antiespasmódicos): ¿qué ocurre y qué se hace?	ANTAGONISMO DIRECTO: anulan el efecto del anticolinesterásico y empeoran la cognición. Manejo: Es la contradicción más frecuente y absurda de la prescripción geriátrica: dar un anticolinesterásico para la memoria y a la vez oxibutinina para la incontinencia. Revisar y retirar la carga anticolinérgica es a menudo más eficaz que el propio fármaco	Farmacoterapia::Neurología
Interacción crítica de Donepezilo, rivastigmina, galantamina y memantina con BETABLOQUEANTES, digoxina y verapamilo: ¿qué ocurre y qué se hace?	BRADICARDIA grave, bloqueo y SÍNCOPE. Manejo: Es una causa reconocida de caídas, fracturas y de implante innecesario de marcapasos en el anciano	Farmacoterapia::Neurología
Interacción crítica de Donepezilo, rivastigmina, galantamina y memantina con Succinilcolina y anestesia: ¿qué ocurre y qué se hace?	Prolongación del bloqueo neuromuscular. Manejo: Avisar al anestesista antes de una cirugía	Farmacoterapia::Neurología
Efecto adverso grave de Donepezilo, rivastigmina, galantamina y memantina: BRADICARDIA sintomática, bloqueo auriculoventricular y SÍNCOPE con caídas y fracturas — ¿en qué consiste?	BRADICARDIA sintomática, bloqueo auriculoventricular y SÍNCOPE con caídas y fracturas	Farmacoterapia::Neurología
Efecto adverso grave de Donepezilo, rivastigmina, galantamina y memantina: Crisis comiciales — ¿en qué consiste?	Crisis comiciales	Farmacoterapia::Neurología
Efecto adverso grave de Donepezilo, rivastigmina, galantamina y memantina: Hemorragia digestiva por hipersecreción ácida — ¿en qué consiste?	Hemorragia digestiva por hipersecreción ácida	Farmacoterapia::Neurología
Efecto adverso grave de Donepezilo, rivastigmina, galantamina y memantina: Síndrome colinérgico en sobredosis — ¿en qué consiste?	Síndrome colinérgico en sobredosis	Farmacoterapia::Neurología
Efecto adverso grave de Donepezilo, rivastigmina, galantamina y memantina: Empeoramiento del asma y de la EPOC por broncoconstricción — ¿en qué consiste?	Empeoramiento del asma y de la EPOC por broncoconstricción	Farmacoterapia::Neurología
Efecto adverso grave de Donepezilo, rivastigmina, galantamina y memantina: Agravamiento de la obstrucción urinaria — ¿en qué consiste?	Agravamiento de la obstrucción urinaria	Farmacoterapia::Neurología
¿Está contraindicado Donepezilo, rivastigmina, galantamina y memantina en: Bradicardia significativa, bloqueo auriculoventricular y enfermedad del seno sin marcapasos?	Sí — Bradicardia significativa, bloqueo auriculoventricular y enfermedad del seno sin marcapasos	Farmacoterapia::Neurología
¿Está contraindicado Donepezilo, rivastigmina, galantamina y memantina en: Asma y EPOC graves?	Sí — Asma y EPOC graves (anticolinesterásicos)	Farmacoterapia::Neurología
¿Está contraindicado Donepezilo, rivastigmina, galantamina y memantina en: Úlcera péptica activa?	Sí — Úlcera péptica activa	Farmacoterapia::Neurología
¿Está contraindicado Donepezilo, rivastigmina, galantamina y memantina en: Obstrucción urinaria?	Sí — Obstrucción urinaria	Farmacoterapia::Neurología
¿Está contraindicado Donepezilo, rivastigmina, galantamina y memantina en: Insuficiencia renal grave para la memantina sin ajuste?	Sí — Insuficiencia renal grave para la memantina sin ajuste	Farmacoterapia::Neurología
Particularidad de Donepezilo, rivastigmina, galantamina y memantina que hay que tener en cuenta:	La contradicción terapéutica más común en geriatría: prescribir un ANTICOLINESTERÁSICO para la memoria mientras el paciente toma OXIBUTININA para la incontinencia, un antihistamínico de primera generación para dormir o un tricíclico para el dolor. Se están dando dos fármacos que se anulan. Revisar y retirar la carga anticolinérgica de la lista suele mejorar la cognición más que añadir cualquier fármaco.	Farmacoterapia::Neurología
¿A qué clase farmacológica pertenece Topiramato?	Antiepiléptico (Mecanismo múltiple; también profiláctico de la migraña)	Farmacoterapia::Neurología
¿Cuál es el mecanismo de acción de Topiramato?	Actúa por al menos cuatro vías simultáneas, lo que explica su amplio espectro y también su carga de efectos adversos: bloquea canales de sodio dependientes de voltaje, potencia la acción del GABA sobre el receptor GABA-A en un sitio distinto al de las benzodiazepinas, antagoniza el receptor de glutamato de tipo AMPA y kainato, e inhibe débilmente la ANHIDRASA CARBÓNICA. De esta última acción, aparentemente secundaria, derivan tres de sus efectos adversos característicos y aparentemente inconexos: las PARESTESIAS, la LITIASIS renal (por orina alcalina con hipocitraturia) y la acidosis metabólica; y contribuye también al glaucoma agudo y a la oligohidrosis. Su efecto anorexígeno, mediado en parte por la alteración del gusto y por acción central, es tan constante que se ha aprovechado en combinación como tratamiento de la obesidad.	Farmacoterapia::Neurología
¿Qué distingue a Topiramato de los demás fármacos de su clase (Antiepiléptico)?	<b>Antiepiléptico que además PREVIENE LA MIGRAÑA</b> y produce <b>pérdida de peso</b>.	Farmacoterapia::Neurología
¿Cuál es la dosis de Topiramato en PROFILAXIS de la MIGRAÑA?	25 mg por la noche, con ascenso semanal de 25 mg hasta 50-100 mg al día — Una o dos tomas al día, vía VO	Farmacoterapia::Neurología
¿A qué objetivo se ajusta la dosis de Topiramato en PROFILAXIS de la MIGRAÑA?	Reducción de al menos el 50% en la frecuencia de las crisis, evaluada tras 2-3 meses	Farmacoterapia::Neurología
¿Cuál es la dosis de Topiramato en EPILEPSIA focal y generalizada, en monoterapia o asociado?	25-50 mg al día de inicio, con ascenso hasta 200-400 mg al día en 2 tomas — Dos tomas al día, vía VO	Farmacoterapia::Neurología
¿A qué objetivo se ajusta la dosis de Topiramato en EPILEPSIA focal y generalizada, en monoterapia o asociado?	Control de las crisis con la dosis mínima tolerada cognitivamente	Farmacoterapia::Neurología
¿Cuál es la dosis de Topiramato en Hipertensión intracraneal idiopática?	50-200 mg al día — Dos tomas al día, vía VO	Farmacoterapia::Neurología
¿Cuál es la dosis de Topiramato en Trastorno por atracón y obesidad (en combinación con fentermina)?	Topiramato 23-92 mg al día en combinación fija con fentermina 3,75-15 mg — Una toma diaria, vía VO	Farmacoterapia::Neurología
¿Cuánto dura el tratamiento con Topiramato?	En la migraña, 6-12 meses y después intentar la retirada. En la epilepsia, prolongada.	Farmacoterapia::Neurología
¿Cómo se suspende Topiramato?	Retirada gradual.	Farmacoterapia::Neurología
¿Qué hay que monitorizar durante el tratamiento con Topiramato?	Bicarbonato sérico, peso, función cognitiva (fluidez verbal y capacidad de encontrar palabras) y síntomas de litiasis. Hidratación abundante.	Farmacoterapia::Neurología
¿Cuál es la vida media de Topiramato?	20-30 horas.	Farmacoterapia::Neurología
¿Requiere Topiramato ajuste en insuficiencia renal?	REDUCIR la dosis a la mitad con filtrado menor de 70 mL/min.	Farmacoterapia::Neurología
Interacción crítica de Topiramato con ANTICONCEPTIVOS hormonales (a dosis superiores a 200 mg al día): ¿qué ocurre y qué se hace?	Reduce las concentraciones de etinilestradiol con riesgo de FALLO ANTICONCEPTIVO. Manejo: Especialmente grave porque el topiramato es TERATÓGENO: doble problema en la mujer joven, que es exactamente la población de la profilaxis de la migraña	Farmacoterapia::Neurología
Interacción crítica de Topiramato con ACETAZOLAMIDA y otros inhibidores de la anhidrasa carbónica: ¿qué ocurre y qué se hace?	Acidosis metabólica y LITIASIS renal aditivas. Manejo: Evitar la combinación	Farmacoterapia::Neurología
Efecto adverso grave de Topiramato: GLAUCOMA AGUDO de ángulo cerrado por efusión ciliocoroidea, en las primeras SEMANAS de tratamiento y en ojos sin predisposición anatómica previa — ¿en qué consiste?	GLAUCOMA AGUDO de ángulo cerrado por efusión ciliocoroidea, en las primeras SEMANAS de tratamiento y en ojos sin predisposición anatómica previa: es una urgencia oftalmológica que obliga a suspenderlo	Farmacoterapia::Neurología
Efecto adverso grave de Topiramato: LITIASIS RENAL — ¿en qué consiste?	LITIASIS RENAL (en torno al 1,5% de los pacientes)	Farmacoterapia::Neurología
Efecto adverso grave de Topiramato: ACIDOSIS METABÓLICA hiperclorémica — ¿en qué consiste?	ACIDOSIS METABÓLICA hiperclorémica	Farmacoterapia::Neurología
Efecto adverso grave de Topiramato: OLIGOHIDROSIS con golpe de calor, sobre todo en NIÑOS y en climas cálidos — ¿en qué consiste?	OLIGOHIDROSIS con golpe de calor, sobre todo en NIÑOS y en climas cálidos	Farmacoterapia::Neurología
Efecto adverso grave de Topiramato: TERATOGENIA — ¿en qué consiste?	TERATOGENIA: labio leporino, paladar hendido y bajo peso al nacer	Farmacoterapia::Neurología
Efecto adverso grave de Topiramato: Depresión e ideación suicida — ¿en qué consiste?	Depresión e ideación suicida	Farmacoterapia::Neurología
¿Está contraindicado Topiramato en: EMBARAZO para la profilaxis de la migraña?	Sí — EMBARAZO para la profilaxis de la migraña (indicación no vital con fármaco teratógeno)	Farmacoterapia::Neurología
¿Está contraindicado Topiramato en: Antecedente de litiasis renal?	Sí — Antecedente de litiasis renal (relativa)	Farmacoterapia::Neurología
¿Está contraindicado Topiramato en: Glaucoma de ángulo cerrado?	Sí — Glaucoma de ángulo cerrado	Farmacoterapia::Neurología
¿Está contraindicado Topiramato en: Acidosis metabólica?	Sí — Acidosis metabólica	Farmacoterapia::Neurología
¿Está contraindicado Topiramato en: Hipersensibilidad conocida?	Sí — Hipersensibilidad conocida	Farmacoterapia::Neurología
Particularidad de Topiramato que hay que tener en cuenta:	Todo lo que parece inconexo en sus efectos adversos se ordena desde un solo mecanismo: la inhibición de la ANHIDRASA CARBÓNICA. Parestesias, litiasis renal, acidosis metabólica, alteración del sabor de las bebidas con gas y contribución al glaucoma agudo salen todos de ahí. Entendido el mecanismo, la lista se memoriza sola.	Farmacoterapia::Neurología
¿A qué clase farmacológica pertenece Lamotrigina?	Antiepiléptico (Bloqueante de los canales de sodio dependientes de voltaje)	Farmacoterapia::Neurología
¿Cuál es el mecanismo de acción de Lamotrigina?	Bloquea de forma uso-dependiente los canales de sodio dependientes de voltaje, estabilizando la membrana neuronal e inhibiendo la liberación de neurotransmisores excitadores, sobre todo GLUTAMATO. La uso-dependencia significa que actúa preferentemente sobre las neuronas que descargan a alta frecuencia, es decir, sobre el foco epiléptico, y respeta la actividad neuronal normal. Su acción sobre la liberación de glutamato explica también su eficacia como estabilizador del ánimo, con un perfil característico: previene sobre todo las recaídas DEPRESIVAS del trastorno bipolar, al contrario que el litio y el valproato, más eficaces frente a la manía.	Farmacoterapia::Neurología
¿Qué distingue a Lamotrigina de los demás fármacos de su clase (Antiepiléptico)?	<b>El antiepiléptico más seguro en el EMBARAZO y la mujer en edad fértil</b> (junto con levetiracetam).	Farmacoterapia::Neurología
¿Cuál es la dosis de Lamotrigina en Epilepsia focal y generalizada, en monoterapia o asociada?	25 mg al día durante 2 semanas, 50 mg al día 2 semanas más, y ascenso hasta 100-200 mg al día en monoterapia — Una o dos tomas al día, vía VO	Farmacoterapia::Neurología
¿A qué objetivo se ajusta la dosis de Lamotrigina en Epilepsia focal y generalizada, en monoterapia o asociada?	Control de las crisis con la dosis mínima eficaz; los niveles plasmáticos no se usan de rutina	Farmacoterapia::Neurología
¿Cuál es la dosis de Lamotrigina en Epilepsia en la MUJER EN EDAD FÉRTIL?	Misma pauta de escalado, hasta 100-400 mg al día según respuesta — Una o dos tomas al día, vía VO	Farmacoterapia::Neurología
¿Cuál es la dosis de Lamotrigina en Trastorno BIPOLAR: prevención de los episodios depresivos?	25 mg al día con escalado hasta 200 mg al día — Una toma al día, vía VO	Farmacoterapia::Neurología
¿Cuál es la dosis de Lamotrigina en Síndrome de Lennox-Gastaut?	Escalado hasta 100-400 mg al día, con ajuste según los fármacos asociados — Dos tomas al día, vía VO	Farmacoterapia::Neurología
¿Cuánto dura el tratamiento con Lamotrigina?	Prolongada, de años.	Farmacoterapia::Neurología
¿Cómo se suspende Lamotrigina?	Retirada gradual a lo largo de al menos 2-4 semanas; la suspensión brusca puede desencadenar crisis.	Farmacoterapia::Neurología
¿Qué hay que monitorizar durante el tratamiento con Lamotrigina?	Fundamentalmente CLÍNICA: aparición de exantema, sobre todo en las primeras 8 semanas. Los niveles plasmáticos solo se miden en el embarazo, ante sospecha de mala adherencia o de toxicidad.	Farmacoterapia::Neurología
¿Cuál es la vida media de Lamotrigina?	25-35 horas en monoterapia; unas 60 horas con valproato y unas 14 con inductores.	Farmacoterapia::Neurología
¿Requiere Lamotrigina ajuste en insuficiencia renal?	Reducción modesta en la insuficiencia grave.	Farmacoterapia::Neurología
Interacción crítica de Lamotrigina con VALPROATO: ¿qué ocurre y qué se hace?	INHIBE la glucuronidación y DUPLICA los niveles de lamotrigina, multiplicando el riesgo de exantema grave. Manejo: La combinación es útil y sinérgica, pero obliga a empezar por 25 mg a DÍAS ALTERNOS y a escalar aún más despacio	Farmacoterapia::Neurología
Interacción crítica de Lamotrigina con Carbamazepina, fenitoína, fenobarbital y rifampicina: ¿qué ocurre y qué se hace?	INDUCEN la glucuronidación y reducen a la mitad los niveles: pérdida de eficacia. Manejo: Duplicar aproximadamente la dosis objetivo	Farmacoterapia::Neurología
Interacción crítica de Lamotrigina con ANTICONCEPTIVOS ORALES con estrógenos: ¿qué ocurre y qué se hace?	Inducen la glucuronidación y bajan los niveles hasta un 50%; en la semana de descanso los niveles REBOTAN y aparece toxicidad. Manejo: Una de las interacciones más olvidadas. Ajustar la dosis al iniciar o suspender el anticonceptivo y considerar pautas continuas sin semana de descanso	Farmacoterapia::Neurología
Interacción crítica de Lamotrigina con EMBARAZO: ¿qué ocurre y qué se hace?	El aumento de la glucuronidación puede reducir los niveles hasta un 50-60%, con reaparición de crisis. Manejo: Es de los pocos casos en que se monitorizan niveles: control en cada trimestre y reajuste rápido tras el parto para evitar la toxicidad posparto	Farmacoterapia::Neurología
Efecto adverso grave de Lamotrigina: SÍNDROME DE STEVENS-JOHNSON y NECRÓLISIS EPIDÉRMICA TÓXICA — ¿en qué consiste?	SÍNDROME DE STEVENS-JOHNSON y NECRÓLISIS EPIDÉRMICA TÓXICA	Farmacoterapia::Neurología
Efecto adverso grave de Lamotrigina: Síndrome DRESS con eosinofilia y afectación multiorgánica — ¿en qué consiste?	Síndrome DRESS con eosinofilia y afectación multiorgánica	Farmacoterapia::Neurología
Efecto adverso grave de Lamotrigina: Linfohistiocitosis hemofagocítica — ¿en qué consiste?	Linfohistiocitosis hemofagocítica (rara pero descrita y grave)	Farmacoterapia::Neurología
Efecto adverso grave de Lamotrigina: Meningitis aséptica — ¿en qué consiste?	Meningitis aséptica	Farmacoterapia::Neurología
Efecto adverso grave de Lamotrigina: Agravamiento de crisis mioclónicas — ¿en qué consiste?	Agravamiento de crisis mioclónicas	Farmacoterapia::Neurología
¿Está contraindicado Lamotrigina en: Antecedente de exantema grave por lamotrigina?	Sí — Antecedente de exantema grave por lamotrigina	Farmacoterapia::Neurología
¿Está contraindicado Lamotrigina en: Hipersensibilidad conocida?	Sí — Hipersensibilidad conocida	Farmacoterapia::Neurología
¿Está contraindicado Lamotrigina en: Precaución extrema con valproato asociado si no se respeta la pauta de escalado reducida?	Sí — Precaución extrema con valproato asociado si no se respeta la pauta de escalado reducida	Farmacoterapia::Neurología
Particularidad de Lamotrigina que hay que tener en cuenta:	Todo este fármaco gira alrededor de una sola regla: SUBIR DESPACIO. El riesgo de Stevens-Johnson depende directamente de la dosis inicial y de la velocidad del ascenso, y se reduce de forma drástica respetando el escalado. Un escalado acelerado por prisa clínica es la vía directa a la complicación que puede matar al paciente.	Farmacoterapia::Neurología
¿A qué clase farmacológica pertenece Gabapentina y pregabalina?	Visión de clase: gabapentinoides (Ligandos de la subunidad alfa-2-delta del canal de calcio dependiente de voltaje)	Farmacoterapia::Neurología
¿Cuál es el mecanismo de acción de Gabapentina y pregabalina?	Pese a su nombre y a su parecido estructural, NO actúan sobre el receptor GABA ni sobre su metabolismo. Se unen a la subunidad ALFA-2-DELTA de los canales de calcio dependientes de voltaje presinápticos, reduciendo la entrada de calcio y, con ella, la liberación de neurotransmisores excitadores: glutamato, noradrenalina y sustancia P. El efecto es especialmente marcado en las neuronas sensibilizadas, que sobreexpresan esa subunidad tras una lesión nerviosa, y eso explica que sean mucho más eficaces en el dolor NEUROPÁTICO que en el nociceptivo. La diferencia práctica entre ambos está en la farmacocinética: la gabapentina se absorbe por un transportador SATURABLE, de modo que a más dosis menos proporción absorbida, mientras que la pregabalina tiene una absorción lineal y previsible, lo que la hace más fácil de dosificar y, por lo mismo, más apetecible como droga de abuso.	Farmacoterapia::Neurología
¿Cuál es la dosis de Gabapentina y pregabalina en Dolor NEUROPÁTICO periférico (neuropatía diabética, neuralgia postherpética)?	Pregabalina 75 mg cada 12 horas, ascendiendo hasta 300-600 mg al día; gabapentina 300 mg al día, ascendiendo hasta 1800-3600 mg al día repartidos en 3 tomas — Pregabalina cada 12 horas; gabapentina cada 8 horas, vía VO	Farmacoterapia::Neurología
¿Cuál es la dosis de Gabapentina y pregabalina en Epilepsia focal, como tratamiento asociado?	Gabapentina 900-3600 mg al día; pregabalina 150-600 mg al día — Repartida en 2-3 tomas, vía VO	Farmacoterapia::Neurología
¿Cuál es la dosis de Gabapentina y pregabalina en Trastorno de ANSIEDAD GENERALIZADA (pregabalina)?	150 mg al día repartidos en 2 tomas, hasta 600 mg al día — Cada 12 horas, vía VO	Farmacoterapia::Neurología
¿Cuál es la dosis de Gabapentina y pregabalina en Fibromialgia y síndrome de piernas inquietas?	Pregabalina 150-450 mg al día; gabapentina 900-1800 mg al día — Repartida en 2-3 tomas, con dosis mayor en la noche, vía VO	Farmacoterapia::Neurología
¿Cuánto dura el tratamiento con Gabapentina y pregabalina?	Revisión periódica obligada en el dolor crónico. Si a las 4-8 semanas a dosis plena no hay beneficio claro, hay que RETIRARLO, no perpetuarlo.	Farmacoterapia::Neurología
¿Cómo se suspende Gabapentina y pregabalina?	Retirada GRADUAL a lo largo de al menos una semana, y más lenta si el tratamiento ha sido prolongado: la suspensión brusca produce ansiedad, insomnio, sudoración, náuseas y, en el epiléptico, crisis.	Farmacoterapia::Neurología
¿Qué hay que monitorizar durante el tratamiento con Gabapentina y pregabalina?	Función renal (determina la dosis), somnolencia, edemas, peso y signos de uso indebido o de escalada de dosis no pactada.	Farmacoterapia::Neurología
¿Cuál es la vida media de Gabapentina y pregabalina?	5-7 horas ambas.	Farmacoterapia::Neurología
¿Requiere Gabapentina y pregabalina ajuste en insuficiencia renal?	Ajuste OBLIGATORIO por filtrado glomerular. Es la causa más frecuente de intoxicación: el anciano con deterioro renal acumula el fármaco y aparece somnolencia, confusión, mioclonías y ataxia. Se eliminan con la hemodiálisis y requieren dosis suplementaria tras la sesión.	Farmacoterapia::Neurología
Interacción crítica de Gabapentina y pregabalina con OPIOIDES: ¿qué ocurre y qué se hace?	Depresión respiratoria y MUERTE por suma de efectos depresores centrales. Manejo: Alerta de seguridad expresa de las agencias reguladoras. Combinación muy frecuente en la práctica y claramente infravalorada; si es imprescindible, dosis mínimas y advertencia explícita al paciente	Farmacoterapia::Neurología
Interacción crítica de Gabapentina y pregabalina con Benzodiazepinas y alcohol: ¿qué ocurre y qué se hace?	Sedación profunda y depresión respiratoria. Manejo: Evitar la combinación	Farmacoterapia::Neurología
Efecto adverso grave de Gabapentina y pregabalina: DEPRESIÓN RESPIRATORIA, sobre todo asociada a opioides, en el anciano y en el paciente con enfermedad respiratoria — ¿en qué consiste?	DEPRESIÓN RESPIRATORIA, sobre todo asociada a opioides, en el anciano y en el paciente con enfermedad respiratoria	Farmacoterapia::Neurología
Efecto adverso grave de Gabapentina y pregabalina: DEPENDENCIA y uso indebido, con un mercado ilícito real, en especial de la pregabalina — ¿en qué consiste?	DEPENDENCIA y uso indebido, con un mercado ilícito real, en especial de la pregabalina	Farmacoterapia::Neurología
Efecto adverso grave de Gabapentina y pregabalina: Síndrome de abstinencia por retirada brusca — ¿en qué consiste?	Síndrome de abstinencia por retirada brusca	Farmacoterapia::Neurología
Efecto adverso grave de Gabapentina y pregabalina: Intoxicación por acumulación en la insuficiencia renal, con encefalopatía y mioclonías — ¿en qué consiste?	Intoxicación por acumulación en la insuficiencia renal, con encefalopatía y mioclonías	Farmacoterapia::Neurología
Efecto adverso grave de Gabapentina y pregabalina: Ideación suicida — ¿en qué consiste?	Ideación suicida (efecto de clase de los antiepilépticos)	Farmacoterapia::Neurología
Efecto adverso grave de Gabapentina y pregabalina: Descompensación de una insuficiencia cardiaca por retención hídrica — ¿en qué consiste?	Descompensación de una insuficiencia cardiaca por retención hídrica	Farmacoterapia::Neurología
¿Está contraindicado Gabapentina y pregabalina en: Hipersensibilidad conocida?	Sí — Hipersensibilidad conocida	Farmacoterapia::Neurología
¿Está contraindicado Gabapentina y pregabalina en: Precaución mayor en la insuficiencia renal sin ajuste de dosis?	Sí — Precaución mayor en la insuficiencia renal sin ajuste de dosis	Farmacoterapia::Neurología
¿Está contraindicado Gabapentina y pregabalina en: Precaución en el antecedente de trastorno por uso de sustancias?	Sí — Precaución en el antecedente de trastorno por uso de sustancias	Farmacoterapia::Neurología
¿Está contraindicado Gabapentina y pregabalina en: Epilepsia generalizada con ausencias o mioclonías?	Sí — Epilepsia generalizada con ausencias o mioclonías (pueden agravarlas)	Farmacoterapia::Neurología
Particularidad de Gabapentina y pregabalina que hay que tener en cuenta:	El nombre engaña: NO actúan sobre el GABA. Se unen a la subunidad alfa-2-delta del canal de calcio, y toda su farmacología se entiende mejor desde ahí que desde el parecido estructural que les dio nombre.	Farmacoterapia::Neurología
¿A qué clase farmacológica pertenece Sumatriptán?	Triptán (agonista 5-HT1B/1D) (Primer triptán; el único disponible por vía SC)	Farmacoterapia::Neurología
¿Cuál es el mecanismo de acción de Sumatriptán?	Agonista selectivo de los receptores 5-HT1B y 5-HT1D, con tres acciones convergentes: vasoconstricción de los vasos meníngeos dilatados (5-HT1B), inhibición de la liberación de péptidos vasoactivos (CGRP y sustancia P) en las terminaciones trigeminales (5-HT1D) y bloqueo de la transmisión nociceptiva en el núcleo caudal del trigémino. Es un tratamiento ESPECÍFICO de la migraña, no un analgésico: no sirve para otros dolores. La acción sobre el 5-HT1B, presente también en la vasculatura coronaria, es la que explica sus contraindicaciones cardiovasculares.	Farmacoterapia::Neurología
¿Qué distingue a Sumatriptán de los demás fármacos de su clase (Triptán (agonista 5-HT1B/1D))?	<b>El único triptán disponible por vía SUBCUTÁNEA (6 mg)</b>: el más rápido y eficaz, de elección en la <b>cefalea en racimos</b> y en la migraña con vómitos.	Farmacoterapia::Neurología
¿Cuál es la dosis de Sumatriptán en Crisis de migraña moderada-grave?	50-100 mg VO al inicio del dolor; repetible una vez a las 2 h (máximo 200 mg/día) — A demanda al inicio de la crisis, vía VO	Farmacoterapia::Neurología
¿Cuál es la dosis de Sumatriptán en Crisis de migraña con vómitos o de instauración muy rápida?	6 mg SC, repetible a la hora (máximo 12 mg/día); o 10-20 mg intranasales — A demanda, vía SC o IN	Farmacoterapia::Neurología
¿Cuál es la dosis de Sumatriptán en Cefalea en racimos (cluster)?	6 mg SC — A demanda, máximo 2 dosis al día, vía SC	Farmacoterapia::Neurología
¿Cuánto dura el tratamiento con Sumatriptán?	Uso puntual. LÍMITE ESTRICTO: no más de 9-10 días al mes.	Farmacoterapia::Neurología
¿Cómo se suspende Sumatriptán?	Si el paciente necesita triptanes más de 9 días al mes o AINE más de 15, hay dos problemas simultáneos: falta tratamiento PREVENTIVO y probablemente ya existe una CEFALEA POR ABUSO DE MEDICACIÓN.	Farmacoterapia::Neurología
¿Qué hay que monitorizar durante el tratamiento con Sumatriptán?	CALENDARIO DE CEFALEAS con el número de días de dolor y de días de consumo al mes: es la herramienta clave y la que detecta el abuso antes de que se cronifique. Valoración del riesgo cardiovascular antes de la primera prescripción.	Farmacoterapia::Neurología
¿Cuál es la vida media de Sumatriptán?	2 h, corta: por eso la RECURRENCIA de la cefalea a las horas es frecuente. El naratriptán y el frovatriptán, de vida media larga, son preferibles en las crisis prolongadas o en la migraña menstrual.	Farmacoterapia::Neurología
¿Requiere Sumatriptán ajuste en insuficiencia renal?	Precaución en la insuficiencia renal grave.	Farmacoterapia::Neurología
Interacción crítica de Sumatriptán con IMAO (fenelzina, tranilcipromina, moclobemida): ¿qué ocurre y qué se hace?	Bloquean su metabolismo por la MAO-A y elevan mucho sus concentraciones. Manejo: CONTRAINDICADO durante el tratamiento y las 2 semanas siguientes a su retirada	Farmacoterapia::Neurología
Interacción crítica de Sumatriptán con ERGOTAMINA y derivados ergóticos: ¿qué ocurre y qué se hace?	Vasoconstricción aditiva con riesgo de isquemia coronaria y periférica. Manejo: Separar al menos 24 h entre uno y otro; no administrarlos en la misma crisis	Farmacoterapia::Neurología
Efecto adverso grave de Sumatriptán: ISQUEMIA MIOCÁRDICA, angina e infarto en pacientes con enfermedad coronaria — ¿en qué consiste?	ISQUEMIA MIOCÁRDICA, angina e infarto en pacientes con enfermedad coronaria	Farmacoterapia::Neurología
Efecto adverso grave de Sumatriptán: Ictus isquémico y vasoespasmo cerebral — ¿en qué consiste?	Ictus isquémico y vasoespasmo cerebral	Farmacoterapia::Neurología
Efecto adverso grave de Sumatriptán: Isquemia mesentérica y colitis isquémica — ¿en qué consiste?	Isquemia mesentérica y colitis isquémica (raras)	Farmacoterapia::Neurología
Efecto adverso grave de Sumatriptán: CEFALEA POR ABUSO DE MEDICACIÓN con el uso de más de 9-10 días al mes — ¿en qué consiste?	CEFALEA POR ABUSO DE MEDICACIÓN con el uso de más de 9-10 días al mes: paradójicamente, el tratamiento se convierte en la causa del dolor	Farmacoterapia::Neurología
Efecto adverso grave de Sumatriptán: Crisis hipertensiva — ¿en qué consiste?	Crisis hipertensiva	Farmacoterapia::Neurología
¿Está contraindicado Sumatriptán en: CARDIOPATÍA ISQUÉMICA, angina de Prinzmetal, infarto previo?	Sí — CARDIOPATÍA ISQUÉMICA, angina de Prinzmetal, infarto previo	Farmacoterapia::Neurología
¿Está contraindicado Sumatriptán en: ICTUS o accidente isquémico transitorio previo?	Sí — ICTUS o accidente isquémico transitorio previo	Farmacoterapia::Neurología
¿Está contraindicado Sumatriptán en: ARTERIOPATÍA PERIFÉRICA?	Sí — ARTERIOPATÍA PERIFÉRICA	Farmacoterapia::Neurología
¿Está contraindicado Sumatriptán en: HIPERTENSIÓN ARTERIAL NO CONTROLADA?	Sí — HIPERTENSIÓN ARTERIAL NO CONTROLADA	Farmacoterapia::Neurología
¿Está contraindicado Sumatriptán en: MIGRAÑA HEMIPLÉJICA, basilar o con aura de tronco?	Sí — MIGRAÑA HEMIPLÉJICA, basilar o con aura de tronco	Farmacoterapia::Neurología
¿Está contraindicado Sumatriptán en: Uso de IMAO o de ergotamina en las 24 h previas?	Sí — Uso de IMAO o de ergotamina en las 24 h previas	Farmacoterapia::Neurología
¿Está contraindicado Sumatriptán en: Insuficiencia hepática grave?	Sí — Insuficiencia hepática grave	Farmacoterapia::Neurología
Particularidad de Sumatriptán que hay que tener en cuenta:	La PRECOCIDAD lo es todo: el triptán se toma en los primeros 20-30 minutos, cuando el paciente reconoce la crisis. Una vez instaurada la ALODINIA (que le duela el roce del pelo o de las gafas), la sensibilización central ya está establecida y el fármaco funciona mucho peor. Enseñar al paciente a tratarse pronto vale más que cambiar de triptán.	Farmacoterapia::Neurología
¿A qué clase farmacológica pertenece Levodopa/carbidopa?	Antiparkinsoniano (Precursor dopaminérgico con inhibidor periférico de la descarboxilasa)	Farmacoterapia::Neurología
¿Cuál es el mecanismo de acción de Levodopa/carbidopa?	La DOPAMINA no atraviesa la barrera hematoencefálica; su precursor LEVODOPA sí lo hace mediante el transportador de aminoácidos neutros grandes, y una vez en el cerebro las neuronas nigroestriadas supervivientes la descarboxilan a dopamina. El problema es que si se administra sola, más del 95% se descarboxila en la periferia produciendo náuseas, vómitos e hipotensión, y apenas llega al cerebro. La CARBIDOPA es un inhibidor de la descarboxilasa que NO atraviesa la barrera: bloquea la conversión periférica sin tocar la central, multiplicando por 5-10 la levodopa disponible en el cerebro y eliminando la mayoría de los efectos periféricos. Es un ejemplo modélico de diseño farmacológico basado en la distribución.	Farmacoterapia::Neurología
¿Qué distingue a Levodopa/carbidopa de los demás fármacos de su clase (Antiparkinsoniano)?	<b>El antiparkinsoniano MÁS EFICAZ</b> sobre la motilidad y el de elección en el <b>anciano</b>.	Farmacoterapia::Neurología
¿Cuál es la dosis de Levodopa/carbidopa en Enfermedad de Parkinson: tratamiento sintomático?	Inicio 50/12,5 mg (media pastilla de 100/25) 3 veces al día; mantenimiento 300-800 mg/día de levodopa repartidos — 3-5 tomas al día, 30-60 minutos ANTES de las comidas, vía VO	Farmacoterapia::Neurología
¿Cuál es la dosis de Levodopa/carbidopa en Parkinson avanzado con fluctuaciones motoras?	Misma dosis diaria total (300-800 mg de levodopa) fraccionada en tomas de 50-100 mg más frecuentes — 5-8 tomas al día, vía VO	Farmacoterapia::Neurología
¿Cuál es la dosis de Levodopa/carbidopa en Parkinson muy avanzado con fluctuaciones incapacitantes?	Gel intestinal: dosis de carga matinal de 100-150 mg y perfusión de 40-120 mg/h durante 16 h — Perfusión diurna continua, vía Intestinal por gastrostomía	Farmacoterapia::Neurología
¿Cuál es la dosis de Levodopa/carbidopa en Test diagnóstico de respuesta a levodopa en el parkinsonismo dudoso?	200/50 mg en dosis única y valoración motora a la hora — Dosis única, vía VO	Farmacoterapia::Neurología
¿Cuánto dura el tratamiento con Levodopa/carbidopa?	De por vida.	Farmacoterapia::Neurología
¿Cómo se suspende Levodopa/carbidopa?	NUNCA se retira de forma brusca: puede desencadenar un SÍNDROME NEUROLÉPTICO MALIGNO-LIKE (síndrome de hiperpirexia parkinsoniana) con rigidez, fiebre, rabdomiólisis y muerte. Esto incluye el paciente ingresado en ayunas o intubado, en el que hay que buscar una vía alternativa.	Farmacoterapia::Neurología
¿Qué hay que monitorizar durante el tratamiento con Levodopa/carbidopa?	Escala motora y de fluctuaciones, DIARIO de periodos on-off, tensión arterial en bipedestación (hipotensión ortostática), peso, control del impulso y síntomas psicóticos.	Farmacoterapia::Neurología
¿Cuál es la vida media de Levodopa/carbidopa?	1,5-2 h, MUY CORTA: esa brevedad, junto con la pérdida progresiva de neuronas capaces de almacenar dopamina, es la causa de las fluctuaciones motoras del Parkinson avanzado.	Farmacoterapia::Neurología
¿Requiere Levodopa/carbidopa ajuste en insuficiencia renal?	Precaución en la insuficiencia renal grave.	Farmacoterapia::Neurología
Interacción crítica de Levodopa/carbidopa con ANTIPSICÓTICOS típicos y METOCLOPRAMIDA: ¿qué ocurre y qué se hace?	ANTAGONISMO dopaminérgico directo: anulan el efecto y empeoran gravemente el parkinsonismo. Manejo: CONTRAINDICADOS. Si se precisa antipsicótico, usar QUETIAPINA o CLOZAPINA; si se precisa antiemético, DOMPERIDONA u ondansetrón	Farmacoterapia::Neurología
Interacción crítica de Levodopa/carbidopa con Proteínas de la dieta: ¿qué ocurre y qué se hace?	Compiten por el transportador intestinal y por el de la barrera hematoencefálica: bloquean el efecto de la dosis. Manejo: Tomarla 30-60 minutos antes de las comidas; en el paciente avanzado, redistribuir las proteínas a la cena	Farmacoterapia::Neurología
Interacción crítica de Levodopa/carbidopa con IMAO no selectivos: ¿qué ocurre y qué se hace?	CRISIS HIPERTENSIVA. Manejo: Contraindicados. La rasagilina y la selegilina, selectivas de la MAO-B, sí pueden asociarse	Farmacoterapia::Neurología
Efecto adverso grave de Levodopa/carbidopa: DISCINESIAS de pico de dosis y distonías de periodo off, que tras 5-10 años afectan a la mayoría de los pacientes — ¿en qué consiste?	DISCINESIAS de pico de dosis y distonías de periodo off, que tras 5-10 años afectan a la mayoría de los pacientes	Farmacoterapia::Neurología
Efecto adverso grave de Levodopa/carbidopa: FLUCTUACIONES motoras — ¿en qué consiste?	FLUCTUACIONES motoras: deterioro de fin de dosis y fenómeno on-off impredecible	Farmacoterapia::Neurología
Efecto adverso grave de Levodopa/carbidopa: ALUCINACIONES visuales y psicosis dopaminérgica, sobre todo en el anciano con deterioro cognitivo — ¿en qué consiste?	ALUCINACIONES visuales y psicosis dopaminérgica, sobre todo en el anciano con deterioro cognitivo	Farmacoterapia::Neurología
Efecto adverso grave de Levodopa/carbidopa: TRASTORNOS DEL CONTROL DE LOS IMPULSOS — ¿en qué consiste?	TRASTORNOS DEL CONTROL DE LOS IMPULSOS: ludopatía, hipersexualidad, compras compulsivas, atracones (más frecuentes con agonistas dopaminérgicos, pero también con levodopa)	Farmacoterapia::Neurología
Efecto adverso grave de Levodopa/carbidopa: SÍNDROME DE HIPERPIREXIA PARKINSONIANA por retirada brusca — ¿en qué consiste?	SÍNDROME DE HIPERPIREXIA PARKINSONIANA por retirada brusca: rigidez, fiebre, rabdomiólisis y fracaso renal	Farmacoterapia::Neurología
Efecto adverso grave de Levodopa/carbidopa: Ataques de sueño súbitos, con riesgo al conducir — ¿en qué consiste?	Ataques de sueño súbitos, con riesgo al conducir	Farmacoterapia::Neurología
¿Está contraindicado Levodopa/carbidopa en: Glaucoma de ángulo estrecho no tratado?	Sí — Glaucoma de ángulo estrecho no tratado	Farmacoterapia::Neurología
¿Está contraindicado Levodopa/carbidopa en: Melanoma activo o lesión cutánea sospechosa no filiada?	Sí — Melanoma activo o lesión cutánea sospechosa no filiada	Farmacoterapia::Neurología
¿Está contraindicado Levodopa/carbidopa en: Uso de IMAO no selectivos?	Sí — Uso de IMAO no selectivos	Farmacoterapia::Neurología
¿Está contraindicado Levodopa/carbidopa en: Psicosis grave no controlada?	Sí — Psicosis grave no controlada (contraindicación relativa)	Farmacoterapia::Neurología
Particularidad de Levodopa/carbidopa que hay que tener en cuenta:	La combinación con carbidopa es un ejemplo elegante de farmacología aplicada: un inhibidor que NO atraviesa la barrera hematoencefálica bloquea solo el metabolismo periférico, multiplicando por 5-10 lo que llega al cerebro y eliminando de paso las náuseas. Entender eso explica por qué la levodopa nunca se administra sola.	Farmacoterapia::Neurología
¿A qué clase farmacológica pertenece Rizatriptán?	Triptán (agonista 5-HT1B/1D) (Triptán oral de inicio rápido, con forma bucodispersable)	Farmacoterapia::Neurología
¿Cuál es el mecanismo de acción de Rizatriptán?	Agonista de receptores 5-HT1B (vasoconstricción de las arterias meníngeas dilatadas) y 5-HT1D (inhibe la liberación de CGRP y sustancia P en las terminaciones trigeminales, bloqueando la inflamación neurógena).	Farmacoterapia::Neurología
¿Qué distingue a Rizatriptán de los demás fármacos de su clase (Triptán (agonista 5-HT1B/1D))?	<b>El triptán oral de INICIO MÁS RÁPIDO y de los más eficaces</b> (alivio a las 2 h).	Farmacoterapia::Neurología
¿Cuál es la dosis de Rizatriptán en Crisis de migraña moderada-grave (con o sin aura)?	10 mg (5 mg con propranolol) — Al inicio del dolor; repetir a las 2 h si recurre (máximo 20 mg/24 h), vía VO	Farmacoterapia::Neurología
¿Cuánto dura el tratamiento con Rizatriptán?	Dosis única por crisis.	Farmacoterapia::Neurología
¿Cómo se suspende Rizatriptán?	<b>No más de 10 días al mes</b> (cefalea por abuso de medicación).	Farmacoterapia::Neurología
¿Qué hay que monitorizar durante el tratamiento con Rizatriptán?	Diario de cefaleas: número de crisis y días de toma.	Farmacoterapia::Neurología
¿Cuál es la vida media de Rizatriptán?	2-3 h.	Farmacoterapia::Neurología
¿Requiere Rizatriptán ajuste en insuficiencia renal?	Precaución; en hemodiálisis aumenta la exposición.	Farmacoterapia::Neurología
Interacción crítica de Rizatriptán con IMAO: ¿qué ocurre y qué se hace?	Aumento de niveles y riesgo de síndrome serotoninérgico. Manejo: Contraindicado (hasta 2 semanas después)	Farmacoterapia::Neurología
Interacción crítica de Rizatriptán con Ergotamínicos y otros triptanes: ¿qué ocurre y qué se hace?	Vasoconstricción aditiva. Manejo: Separar 24 h	Farmacoterapia::Neurología
Efecto adverso grave de Rizatriptán: Isquemia miocárdica o cerebral en pacientes con enfermedad vascular — ¿en qué consiste?	Isquemia miocárdica o cerebral en pacientes con enfermedad vascular	Farmacoterapia::Neurología
Efecto adverso grave de Rizatriptán: Síndrome serotoninérgico — ¿en qué consiste?	Síndrome serotoninérgico (raro)	Farmacoterapia::Neurología
¿Está contraindicado Rizatriptán en: Cardiopatía isquémica, ictus o AIT previos, arteriopatía periférica?	Sí — Cardiopatía isquémica, ictus o AIT previos, arteriopatía periférica	Farmacoterapia::Neurología
¿Está contraindicado Rizatriptán en: Hipertensión no controlada?	Sí — Hipertensión no controlada	Farmacoterapia::Neurología
¿Está contraindicado Rizatriptán en: Migraña hemipléjica o con aura del tronco?	Sí — Migraña hemipléjica o con aura del tronco	Farmacoterapia::Neurología
¿Está contraindicado Rizatriptán en: Uso de IMAO?	Sí — Uso de IMAO	Farmacoterapia::Neurología
Particularidad de Rizatriptán que hay que tener en cuenta:	<b>El migrañoso con propranolol preventivo y rizatriptán para las crisis: 5 mg.</b>	Farmacoterapia::Neurología
¿A qué clase farmacológica pertenece Zolmitriptán?	Triptán (agonista 5-HT1B/1D) (Triptán lipófilo con formulación INTRANASAL)	Farmacoterapia::Neurología
¿Cuál es el mecanismo de acción de Zolmitriptán?	Agonista 5-HT1B/1D con acción periférica y también central en el complejo trigeminovascular del tronco.	Farmacoterapia::Neurología
¿Qué distingue a Zolmitriptán de los demás fármacos de su clase (Triptán (agonista 5-HT1B/1D))?	<b>Spray INTRANASAL de 5 mg con absorción por la mucosa nasal</b>: útil en crisis con <b>vómitos</b> y <b>eficaz en la CEFALEA EN RACIMOS</b> (junto con el sumatriptán SC y el oxígeno).	Farmacoterapia::Neurología
¿Cuál es la dosis de Zolmitriptán en Crisis de migraña?	2,5-5 mg — Al inicio del dolor; repetible a las 2 h (máximo 10 mg/24 h), vía VO / IN	Farmacoterapia::Neurología
¿Cuál es la dosis de Zolmitriptán en Ataque de cefalea en racimos?	5-10 mg — Al inicio del ataque, vía IN	Farmacoterapia::Neurología
¿Cuánto dura el tratamiento con Zolmitriptán?	Por crisis.	Farmacoterapia::Neurología
¿Cómo se suspende Zolmitriptán?	<b>Máximo 10 días al mes.</b>	Farmacoterapia::Neurología
¿Qué hay que monitorizar durante el tratamiento con Zolmitriptán?	Diario de cefaleas.	Farmacoterapia::Neurología
¿Cuál es la vida media de Zolmitriptán?	2,5-3 h.	Farmacoterapia::Neurología
¿Requiere Zolmitriptán ajuste en insuficiencia renal?	No precisa.	Farmacoterapia::Neurología
Interacción crítica de Zolmitriptán con IMAO: ¿qué ocurre y qué se hace?	Síndrome serotoninérgico, aumento de niveles. Manejo: Contraindicado	Farmacoterapia::Neurología
Interacción crítica de Zolmitriptán con Ergotamínicos: ¿qué ocurre y qué se hace?	Vasoespasmo. Manejo: Separar 24 h	Farmacoterapia::Neurología
Efecto adverso grave de Zolmitriptán: Isquemia coronaria en pacientes de riesgo — ¿en qué consiste?	Isquemia coronaria en pacientes de riesgo	Farmacoterapia::Neurología
¿Está contraindicado Zolmitriptán en: Cardiopatía isquémica, enfermedad cerebrovascular o periférica?	Sí — Cardiopatía isquémica, enfermedad cerebrovascular o periférica	Farmacoterapia::Neurología
¿Está contraindicado Zolmitriptán en: Hipertensión no controlada?	Sí — Hipertensión no controlada	Farmacoterapia::Neurología
¿Está contraindicado Zolmitriptán en: Síndrome de Wolff-Parkinson-White?	Sí — Síndrome de Wolff-Parkinson-White	Farmacoterapia::Neurología
¿Está contraindicado Zolmitriptán en: Uso de IMAO?	Sí — Uso de IMAO	Farmacoterapia::Neurología
Particularidad de Zolmitriptán que hay que tener en cuenta:	<b>Migraña con vómitos precoces: triptán nasal (zolmitriptán) o SC (sumatriptán)</b>, porque el oral no se absorbe.	Farmacoterapia::Neurología
¿A qué clase farmacológica pertenece Pramipexol?	Antiparkinsoniano (Agonista dopaminérgico no ergótico (D2/D3))	Farmacoterapia::Neurología
¿Cuál es el mecanismo de acción de Pramipexol?	Agonista de receptores dopaminérgicos D2 y D3 en el estriado, independiente de la conversión presináptica de levodopa. La alta afinidad D3 (sistema límbico) explica los trastornos de impulsos.	Farmacoterapia::Neurología
¿Qué distingue a Pramipexol de los demás fármacos de su clase (Antiparkinsoniano)?	<b>Estimula DIRECTAMENTE el receptor</b> (no necesita neuronas dopaminérgicas): opción inicial en el <b>paciente joven</b> para retrasar la levodopa y sus discinesias.	Farmacoterapia::Neurología
¿Cuál es la dosis de Pramipexol en Enfermedad de Parkinson inicial (monoterapia en joven) o avanzada (asociado a levodopa)?	0,088 mg (sal) → 1,5-3,3 mg/día — Cada 8 h (o liberación prolongada cada 24 h), vía VO	Farmacoterapia::Neurología
¿Cuál es la dosis de Pramipexol en Síndrome de piernas inquietas moderado-grave?	0,088-0,54 mg — Cada 24 h, 2-3 h antes de acostarse, vía VO	Farmacoterapia::Neurología
¿Cuánto dura el tratamiento con Pramipexol?	Indefinida.	Farmacoterapia::Neurología
¿Cómo se suspende Pramipexol?	<b>Retirada GRADUAL</b>: la suspensión brusca puede causar un síndrome similar al neuroléptico maligno o <b>síndrome de abstinencia de agonistas dopaminérgicos</b> (ansiedad, disforia, dolor).	Farmacoterapia::Neurología
¿Qué hay que monitorizar durante el tratamiento con Pramipexol?	<b>Conductas compulsivas en cada visita</b>, somnolencia diurna, edemas, alucinaciones en ancianos.	Farmacoterapia::Neurología
¿Cuál es la vida media de Pramipexol?	8-12 h.	Farmacoterapia::Neurología
¿Requiere Pramipexol ajuste en insuficiencia renal?	<b>FG 20-50: cada 12 h. FG <20: cada 24 h.</b>	Farmacoterapia::Neurología
Interacción crítica de Pramipexol con Antipsicóticos típicos y metoclopramida: ¿qué ocurre y qué se hace?	Antagonizan su efecto. Manejo: Evitar; usar quetiapina o clozapina si se necesita un antipsicótico	Farmacoterapia::Neurología
Efecto adverso grave de Pramipexol: <b>Trastornos del control de impulsos</b> — ¿en qué consiste?	<b>Trastornos del control de impulsos</b>	Farmacoterapia::Neurología
Efecto adverso grave de Pramipexol: <b>Ataques de sueño súbitos</b> — ¿en qué consiste?	<b>Ataques de sueño súbitos</b> (al volante)	Farmacoterapia::Neurología
Efecto adverso grave de Pramipexol: Alucinaciones y psicosis — ¿en qué consiste?	Alucinaciones y psicosis (ancianos)	Farmacoterapia::Neurología
Efecto adverso grave de Pramipexol: Fenómeno de aumento en piernas inquietas — ¿en qué consiste?	Fenómeno de aumento en piernas inquietas	Farmacoterapia::Neurología
¿Está contraindicado Pramipexol en: Hipersensibilidad?	Sí — Hipersensibilidad	Farmacoterapia::Neurología
¿Está contraindicado Pramipexol en: Psicosis activa?	Sí — Psicosis activa (relativa)	Farmacoterapia::Neurología
¿Está contraindicado Pramipexol en: Antecedente de trastorno del control de impulsos?	Sí — Antecedente de trastorno del control de impulsos (relativa)	Farmacoterapia::Neurología
Particularidad de Pramipexol que hay que tener en cuenta:	<b>Un parkinsoniano que se arruina en el bingo o el juego online: revisar el agonista dopaminérgico</b>; el paciente rara vez lo cuenta espontáneamente.	Farmacoterapia::Neurología
¿A qué clase farmacológica pertenece Rasagilina?	Antiparkinsoniano (Inhibidor irreversible y selectivo de la MAO-B)	Farmacoterapia::Neurología
¿Cuál es el mecanismo de acción de Rasagilina?	Inhibe de forma irreversible la monoaminooxidasa B del cerebro, que degrada la dopamina en la sinapsis estriatal. Aumenta la disponibilidad de dopamina endógena y prolonga el efecto de cada dosis de levodopa. A dosis terapéuticas mantiene selectividad sobre la MAO-B (sin «efecto queso»).	Farmacoterapia::Neurología
¿Qué distingue a Rasagilina de los demás fármacos de su clase (Antiparkinsoniano)?	<b>Inhibe la DEGRADACIÓN de dopamina</b> en lugar de aportarla: efecto sintomático MODESTO, <b>útil en fases iniciales</b> o para <b>reducir los periodos «off»</b> asociada a levodopa.	Farmacoterapia::Neurología
¿Cuál es la dosis de Rasagilina en Enfermedad de Parkinson inicial (monoterapia)?	1 mg — Cada 24 h, vía VO	Farmacoterapia::Neurología
¿Cuál es la dosis de Rasagilina en Fluctuaciones motoras (periodos «off» de fin de dosis) con levodopa?	1 mg — Cada 24 h, vía VO	Farmacoterapia::Neurología
¿Cuánto dura el tratamiento con Rasagilina?	Indefinida.	Farmacoterapia::Neurología
¿Cómo se suspende Rasagilina?	Suspensión directa; <b>esperar 14 días antes de iniciar fármacos contraindicados</b> (inhibición irreversible).	Farmacoterapia::Neurología
¿Qué hay que monitorizar durante el tratamiento con Rasagilina?	Respuesta motora, discinesias al asociar a levodopa, PA.	Farmacoterapia::Neurología
¿Cuál es la vida media de Rasagilina?	0,6-2 h (efecto de semanas: inhibición irreversible).	Farmacoterapia::Neurología
¿Requiere Rasagilina ajuste en insuficiencia renal?	No precisa.	Farmacoterapia::Neurología
Interacción crítica de Rasagilina con Meperidina, tramadol, metadona, dextrometorfano, otros IMAO: ¿qué ocurre y qué se hace?	<b>Síndrome serotoninérgico grave</b>. Manejo: <b>Contraindicado</b>	Farmacoterapia::Neurología
Efecto adverso grave de Rasagilina: Síndrome serotoninérgico con interacciones — ¿en qué consiste?	Síndrome serotoninérgico con interacciones	Farmacoterapia::Neurología
Efecto adverso grave de Rasagilina: Hipotensión ortostática — ¿en qué consiste?	Hipotensión ortostática	Farmacoterapia::Neurología
Efecto adverso grave de Rasagilina: Alucinaciones — ¿en qué consiste?	Alucinaciones	Farmacoterapia::Neurología
¿Está contraindicado Rasagilina en: Uso con otros IMAO, meperidina, tramadol, metadona o dextrometorfano?	Sí — Uso con otros IMAO, meperidina, tramadol, metadona o dextrometorfano	Farmacoterapia::Neurología
¿Está contraindicado Rasagilina en: Insuficiencia hepática moderada-grave?	Sí — Insuficiencia hepática moderada-grave	Farmacoterapia::Neurología
Particularidad de Rasagilina que hay que tener en cuenta:	<b>Antes de pautar tramadol a un parkinsoniano, preguntar por rasagilina, selegilina o safinamida.</b>	Farmacoterapia::Neurología
