¿A qué clase farmacológica pertenece Icatibant?	Fármaco del angioedema hereditario (Antagonista del receptor B2 de la bradicinina)	Farmacoterapia::Inmunosupresores, biológicos y vacunas
¿Cuál es el mecanismo de acción de Icatibant?	Antagonista competitivo del receptor B2 de la bradicinina: revierte el aumento de permeabilidad vascular.	Farmacoterapia::Inmunosupresores, biológicos y vacunas
¿Qué distingue a Icatibant de los demás fármacos de su clase (Fármaco del angioedema hereditario)?	<b>Tratamiento de las CRISIS agudas</b> de angioedema hereditario, <b>SUBCUTÁNEO y autoadministrable</b> (jeringa precargada).	Farmacoterapia::Inmunosupresores, biológicos y vacunas
¿Cuál es la dosis de Icatibant en Crisis aguda de angioedema hereditario?	30 mg — Dosis única; repetir a las 6 h si es necesario (máximo 3 dosis en 24 h), vía SC (abdominal)	Farmacoterapia::Inmunosupresores, biológicos y vacunas
¿Cuánto dura el tratamiento con Icatibant?	A demanda.	Farmacoterapia::Inmunosupresores, biológicos y vacunas
¿Cómo se suspende Icatibant?	—	Farmacoterapia::Inmunosupresores, biológicos y vacunas
¿Qué hay que monitorizar durante el tratamiento con Icatibant?	Vía aérea en crisis laríngeas (observación hospitalaria).	Farmacoterapia::Inmunosupresores, biológicos y vacunas
¿Cuál es la vida media de Icatibant?	1-2 h.	Farmacoterapia::Inmunosupresores, biológicos y vacunas
¿Requiere Icatibant ajuste en insuficiencia renal?	No precisa.	Farmacoterapia::Inmunosupresores, biológicos y vacunas
Efecto adverso grave de Icatibant: Excepcionales — ¿en qué consiste?	Excepcionales	Farmacoterapia::Inmunosupresores, biológicos y vacunas
¿Está contraindicado Icatibant en: Hipersensibilidad?	Sí — Hipersensibilidad	Farmacoterapia::Inmunosupresores, biológicos y vacunas
Particularidad de Icatibant que hay que tener en cuenta:	Angioedema sin urticaria que no responde a adrenalina: pensar en angioedema por bradicinina (hereditario o por IECA).	Farmacoterapia::Inmunosupresores, biológicos y vacunas
¿A qué clase farmacológica pertenece Inhibidor de la C1 esterasa (derivado del plasma)?	Fármaco del angioedema hereditario (Sustitución de la proteína deficitaria)	Farmacoterapia::Inmunosupresores, biológicos y vacunas
¿Cuál es el mecanismo de acción de Inhibidor de la C1 esterasa (derivado del plasma)?	Restablece la regulación de las vías del complemento, de contacto (calicreína) y de la fibrinólisis, y frena la generación de bradicinina.	Farmacoterapia::Inmunosupresores, biológicos y vacunas
¿Qué distingue a Inhibidor de la C1 esterasa (derivado del plasma) de los demás fármacos de su clase (Fármaco del angioedema hereditario)?	<b>SUSTITUYE la proteína que falta</b> (déficit de C1-inhibidor): sirve para las <b>crisis</b>, la <b>profilaxis a corto plazo</b> (cirugía, procedimientos dentales) y la <b>profilaxis a largo plazo</b>.	Farmacoterapia::Inmunosupresores, biológicos y vacunas
¿Cuál es la dosis de Inhibidor de la C1 esterasa (derivado del plasma) en Crisis aguda de angioedema hereditario?	20 UI/kg (o 1000-1500 UI según preparado) — Dosis única, vía IV	Farmacoterapia::Inmunosupresores, biológicos y vacunas
¿Cuál es la dosis de Inhibidor de la C1 esterasa (derivado del plasma) en Profilaxis a corto plazo antes de cirugía o procedimiento dental?	1000 UI (o 20 UI/kg) — 1-6 h antes del procedimiento, vía IV	Farmacoterapia::Inmunosupresores, biológicos y vacunas
¿Cuál es la dosis de Inhibidor de la C1 esterasa (derivado del plasma) en Profilaxis a largo plazo?	60 UI/kg (SC) o 1000 UI (IV) — 2 veces por semana (SC) o cada 3-4 días (IV), vía SC o IV	Farmacoterapia::Inmunosupresores, biológicos y vacunas
¿Cuánto dura el tratamiento con Inhibidor de la C1 esterasa (derivado del plasma)?	A demanda o continua (profilaxis).	Farmacoterapia::Inmunosupresores, biológicos y vacunas
¿Cómo se suspende Inhibidor de la C1 esterasa (derivado del plasma)?	—	Farmacoterapia::Inmunosupresores, biológicos y vacunas
¿Qué hay que monitorizar durante el tratamiento con Inhibidor de la C1 esterasa (derivado del plasma)?	Frecuencia de crisis, trombosis.	Farmacoterapia::Inmunosupresores, biológicos y vacunas
¿Cuál es la vida media de Inhibidor de la C1 esterasa (derivado del plasma)?	30-60 h.	Farmacoterapia::Inmunosupresores, biológicos y vacunas
¿Requiere Inhibidor de la C1 esterasa (derivado del plasma) ajuste en insuficiencia renal?	No precisa.	Farmacoterapia::Inmunosupresores, biológicos y vacunas
Efecto adverso grave de Inhibidor de la C1 esterasa (derivado del plasma): Trombosis a dosis altas — ¿en qué consiste?	Trombosis a dosis altas	Farmacoterapia::Inmunosupresores, biológicos y vacunas
Efecto adverso grave de Inhibidor de la C1 esterasa (derivado del plasma): Reacciones alérgicas — ¿en qué consiste?	Reacciones alérgicas	Farmacoterapia::Inmunosupresores, biológicos y vacunas
¿Está contraindicado Inhibidor de la C1 esterasa (derivado del plasma) en: Hipersensibilidad?	Sí — Hipersensibilidad	Farmacoterapia::Inmunosupresores, biológicos y vacunas
Particularidad de Inhibidor de la C1 esterasa (derivado del plasma) que hay que tener en cuenta:	Antes de una extracción dental en un paciente con angioedema hereditario: inhibidor de C1 1-6 h antes.	Farmacoterapia::Inmunosupresores, biológicos y vacunas
¿A qué clase farmacológica pertenece Lanadelumab?	Fármaco del angioedema hereditario (Anticuerpo monoclonal anti-calicreína plasmática)	Farmacoterapia::Inmunosupresores, biológicos y vacunas
¿Cuál es el mecanismo de acción de Lanadelumab?	Inhibe la calicreína plasmática y bloquea la producción de bradicinina.	Farmacoterapia::Inmunosupresores, biológicos y vacunas
¿Qué distingue a Lanadelumab de los demás fármacos de su clase (Fármaco del angioedema hereditario)?	<b>Solo PROFILAXIS a largo plazo</b> (no trata crisis): <b>reduce las crisis >85%</b>.	Farmacoterapia::Inmunosupresores, biológicos y vacunas
¿Cuál es la dosis de Lanadelumab en Prevención de crisis de angioedema hereditario (≥12 años)?	300 mg — Cada 2 semanas (cada 4 si sin crisis 6 meses), vía SC	Farmacoterapia::Inmunosupresores, biológicos y vacunas
¿Cuánto dura el tratamiento con Lanadelumab?	Indefinida.	Farmacoterapia::Inmunosupresores, biológicos y vacunas
¿Cómo se suspende Lanadelumab?	—	Farmacoterapia::Inmunosupresores, biológicos y vacunas
¿Qué hay que monitorizar durante el tratamiento con Lanadelumab?	Diario de crisis.	Farmacoterapia::Inmunosupresores, biológicos y vacunas
¿Cuál es la vida media de Lanadelumab?	14 días.	Farmacoterapia::Inmunosupresores, biológicos y vacunas
¿Requiere Lanadelumab ajuste en insuficiencia renal?	No precisa.	Farmacoterapia::Inmunosupresores, biológicos y vacunas
Efecto adverso grave de Lanadelumab: Hipersensibilidad — ¿en qué consiste?	Hipersensibilidad (rara)	Farmacoterapia::Inmunosupresores, biológicos y vacunas
¿Está contraindicado Lanadelumab en: Hipersensibilidad?	Sí — Hipersensibilidad	Farmacoterapia::Inmunosupresores, biológicos y vacunas
Particularidad de Lanadelumab que hay que tener en cuenta:	La profilaxis no exime de llevar siempre la medicación de rescate (icatibant o inhibidor de C1).	Farmacoterapia::Inmunosupresores, biológicos y vacunas
¿A qué clase farmacológica pertenece Inmunoglobulina antirrábica humana?	Inmunoglobulina (Inmunoglobulina hiperinmune específica)	Farmacoterapia::Inmunosupresores, biológicos y vacunas
¿Cuál es el mecanismo de acción de Inmunoglobulina antirrábica humana?	Anticuerpos neutralizantes del virus de la rabia de donantes hiperinmunizados.	Farmacoterapia::Inmunosupresores, biológicos y vacunas
¿Qué distingue a Inmunoglobulina antirrábica humana de los demás fármacos de su clase (Inmunoglobulina)?	<b>Inmunidad PASIVA inmediata</b> que cubre los 7-10 días hasta que la vacuna genera anticuerpos.	Farmacoterapia::Inmunosupresores, biológicos y vacunas
¿Cuál es la dosis de Inmunoglobulina antirrábica humana en Exposición a la rabia de categoría III en no vacunados?	20 UI/kg — Dosis única el día 0, vía Infiltración local de la herida (el resto IM en un lugar distante a la vacuna)	Farmacoterapia::Inmunosupresores, biológicos y vacunas
¿Cuánto dura el tratamiento con Inmunoglobulina antirrábica humana?	Dosis única.	Farmacoterapia::Inmunosupresores, biológicos y vacunas
¿Cómo se suspende Inmunoglobulina antirrábica humana?	No administrar después del día 7.	Farmacoterapia::Inmunosupresores, biológicos y vacunas
¿Qué hay que monitorizar durante el tratamiento con Inmunoglobulina antirrábica humana?	—	Farmacoterapia::Inmunosupresores, biológicos y vacunas
¿Cuál es la vida media de Inmunoglobulina antirrábica humana?	21 días.	Farmacoterapia::Inmunosupresores, biológicos y vacunas
¿Requiere Inmunoglobulina antirrábica humana ajuste en insuficiencia renal?	No precisa.	Farmacoterapia::Inmunosupresores, biológicos y vacunas
Efecto adverso grave de Inmunoglobulina antirrábica humana: Anafilaxia — ¿en qué consiste?	Anafilaxia (rara)	Farmacoterapia::Inmunosupresores, biológicos y vacunas
¿Está contraindicado Inmunoglobulina antirrábica humana en: Paciente previamente vacunado?	Sí — Paciente previamente vacunado (no la necesita)	Farmacoterapia::Inmunosupresores, biológicos y vacunas
Particularidad de Inmunoglobulina antirrábica humana que hay que tener en cuenta:	Infiltrar la herida es lo esencial: la inmunoglobulina neutraliza el virus donde está.	Farmacoterapia::Inmunosupresores, biológicos y vacunas
¿A qué clase farmacológica pertenece Ustekinumab?	Biológico anti-IL-23 (y anti-IL-12/23) (Anticuerpo anti-p40 (IL-12 e IL-23))	Farmacoterapia::Inmunosupresores, biológicos y vacunas
¿Cuál es el mecanismo de acción de Ustekinumab?	Anticuerpo monoclonal humano que bloquea la subunidad p40 de IL-12 e IL-23 e inhibe las vías Th1 y Th17.	Farmacoterapia::Inmunosupresores, biológicos y vacunas
¿Qué distingue a Ustekinumab de los demás fármacos de su clase (Biológico anti-IL-23 (y anti-IL-12/23))?	<b>Bloquea la subunidad p40</b>, común a IL-12 e IL-23: el primero de la clase.	Farmacoterapia::Inmunosupresores, biológicos y vacunas
¿Cuál es la dosis de Ustekinumab en Psoriasis en placas moderada-grave?	45 mg (90 mg si >100 kg) — Semanas 0 y 4; después cada 12 semanas, vía SC	Farmacoterapia::Inmunosupresores, biológicos y vacunas
¿Cuál es la dosis de Ustekinumab en Enfermedad de Crohn y colitis ulcerosa?	Inducción ~6 mg/kg IV (260 mg ≤55 kg; 390 mg 55-85 kg; 520 mg >85 kg); mantenimiento 90 mg — Dosis IV única; después SC cada 8 semanas (o cada 12), vía IV y SC	Farmacoterapia::Inmunosupresores, biológicos y vacunas
¿Cuánto dura el tratamiento con Ustekinumab?	Indefinida mientras responda.	Farmacoterapia::Inmunosupresores, biológicos y vacunas
¿Cómo se suspende Ustekinumab?	—	Farmacoterapia::Inmunosupresores, biológicos y vacunas
¿Qué hay que monitorizar durante el tratamiento con Ustekinumab?	Infecciones, respuesta.	Farmacoterapia::Inmunosupresores, biológicos y vacunas
¿Cuál es la vida media de Ustekinumab?	3 semanas.	Farmacoterapia::Inmunosupresores, biológicos y vacunas
¿Requiere Ustekinumab ajuste en insuficiencia renal?	No precisa.	Farmacoterapia::Inmunosupresores, biológicos y vacunas
Interacción crítica de Ustekinumab con Vacunas de microorganismos vivos: ¿qué ocurre y qué se hace?	Riesgo de infección por la vacuna. Manejo: Evitar durante el tratamiento	Farmacoterapia::Inmunosupresores, biológicos y vacunas
Efecto adverso grave de Ustekinumab: Infecciones graves — ¿en qué consiste?	Infecciones graves (poco frecuentes)	Farmacoterapia::Inmunosupresores, biológicos y vacunas
Efecto adverso grave de Ustekinumab: Leucoencefalopatía posterior reversible — ¿en qué consiste?	Leucoencefalopatía posterior reversible (rara)	Farmacoterapia::Inmunosupresores, biológicos y vacunas
¿Está contraindicado Ustekinumab en: Infección activa clínicamente importante?	Sí — Infección activa clínicamente importante	Farmacoterapia::Inmunosupresores, biológicos y vacunas
¿Está contraindicado Ustekinumab en: Tuberculosis activa?	Sí — Tuberculosis activa	Farmacoterapia::Inmunosupresores, biológicos y vacunas
Particularidad de Ustekinumab que hay que tener en cuenta:	En el paciente con antecedente de tuberculosis o insuficiencia cardiaca, los anti-IL-12/23 son más seguros que los anti-TNF.	Farmacoterapia::Inmunosupresores, biológicos y vacunas
¿A qué clase farmacológica pertenece Risankizumab?	Biológico anti-IL-23 (y anti-IL-12/23) (Anticuerpo anti-p19 (IL-23 selectivo))	Farmacoterapia::Inmunosupresores, biológicos y vacunas
¿Cuál es el mecanismo de acción de Risankizumab?	Anticuerpo que bloquea la subunidad p19 de la IL-23 y frena la vía Th17 sin afectar a la IL-12.	Farmacoterapia::Inmunosupresores, biológicos y vacunas
¿Qué distingue a Risankizumab de los demás fármacos de su clase (Biológico anti-IL-23 (y anti-IL-12/23))?	<b>Anti-p19, selectivo de IL-23</b>: <b>más eficaz que ustekinumab</b> en psoriasis (aclaramiento PASI 90 muy alto).	Farmacoterapia::Inmunosupresores, biológicos y vacunas
¿Cuál es la dosis de Risankizumab en Psoriasis en placas moderada-grave y artritis psoriásica?	150 mg — Semanas 0 y 4; después cada 12 semanas, vía SC	Farmacoterapia::Inmunosupresores, biológicos y vacunas
¿Cuál es la dosis de Risankizumab en Enfermedad de Crohn moderada-grave?	600 mg IV en inducción; 180-360 mg SC en mantenimiento — IV semanas 0, 4 y 8; después SC cada 8 semanas, vía IV y SC	Farmacoterapia::Inmunosupresores, biológicos y vacunas
¿Cuánto dura el tratamiento con Risankizumab?	Indefinida mientras responda.	Farmacoterapia::Inmunosupresores, biológicos y vacunas
¿Cómo se suspende Risankizumab?	—	Farmacoterapia::Inmunosupresores, biológicos y vacunas
¿Qué hay que monitorizar durante el tratamiento con Risankizumab?	Infecciones; transaminasas en Crohn.	Farmacoterapia::Inmunosupresores, biológicos y vacunas
¿Cuál es la vida media de Risankizumab?	28 días.	Farmacoterapia::Inmunosupresores, biológicos y vacunas
¿Requiere Risankizumab ajuste en insuficiencia renal?	No precisa.	Farmacoterapia::Inmunosupresores, biológicos y vacunas
Interacción crítica de Risankizumab con Vacunas vivas: ¿qué ocurre y qué se hace?	Riesgo de infección. Manejo: Evitar	Farmacoterapia::Inmunosupresores, biológicos y vacunas
Efecto adverso grave de Risankizumab: <b>Hepatotoxicidad</b> — ¿en qué consiste?	<b>Hepatotoxicidad</b> (inducción en Crohn)	Farmacoterapia::Inmunosupresores, biológicos y vacunas
Efecto adverso grave de Risankizumab: Infecciones graves — ¿en qué consiste?	Infecciones graves (raras)	Farmacoterapia::Inmunosupresores, biológicos y vacunas
¿Está contraindicado Risankizumab en: Tuberculosis activa?	Sí — Tuberculosis activa	Farmacoterapia::Inmunosupresores, biológicos y vacunas
¿Está contraindicado Risankizumab en: Infección activa importante?	Sí — Infección activa importante	Farmacoterapia::Inmunosupresores, biológicos y vacunas
Particularidad de Risankizumab que hay que tener en cuenta:	Psoriasis grave en un paciente que no quiere inyectarse a menudo: anti-IL-23 trimestral.	Farmacoterapia::Inmunosupresores, biológicos y vacunas
¿A qué clase farmacológica pertenece Guselkumab?	Biológico anti-IL-23 (y anti-IL-12/23) (Anticuerpo anti-p19 (IL-23 selectivo))	Farmacoterapia::Inmunosupresores, biológicos y vacunas
¿Cuál es el mecanismo de acción de Guselkumab?	Bloquea la subunidad p19 de la IL-23.	Farmacoterapia::Inmunosupresores, biológicos y vacunas
¿Qué distingue a Guselkumab de los demás fármacos de su clase (Biológico anti-IL-23 (y anti-IL-12/23))?	<b>Anti-p19</b>: eficacia en psoriasis superior a adalimumab y secukinumab a largo plazo.	Farmacoterapia::Inmunosupresores, biológicos y vacunas
¿Cuál es la dosis de Guselkumab en Psoriasis en placas moderada-grave?	100 mg — Semanas 0 y 4; después cada 8 semanas, vía SC	Farmacoterapia::Inmunosupresores, biológicos y vacunas
¿Cuál es la dosis de Guselkumab en Colitis ulcerosa y enfermedad de Crohn?	200 mg IV en inducción; 100 mg cada 8 semanas o 200 mg cada 4 semanas SC en mantenimiento — IV semanas 0, 4 y 8; después SC, vía IV y SC	Farmacoterapia::Inmunosupresores, biológicos y vacunas
¿Cuánto dura el tratamiento con Guselkumab?	Indefinida mientras responda.	Farmacoterapia::Inmunosupresores, biológicos y vacunas
¿Cómo se suspende Guselkumab?	—	Farmacoterapia::Inmunosupresores, biológicos y vacunas
¿Qué hay que monitorizar durante el tratamiento con Guselkumab?	Infecciones.	Farmacoterapia::Inmunosupresores, biológicos y vacunas
¿Cuál es la vida media de Guselkumab?	15-18 días.	Farmacoterapia::Inmunosupresores, biológicos y vacunas
¿Requiere Guselkumab ajuste en insuficiencia renal?	No precisa.	Farmacoterapia::Inmunosupresores, biológicos y vacunas
Interacción crítica de Guselkumab con Vacunas vivas: ¿qué ocurre y qué se hace?	Riesgo de infección. Manejo: Evitar	Farmacoterapia::Inmunosupresores, biológicos y vacunas
Efecto adverso grave de Guselkumab: Infecciones graves — ¿en qué consiste?	Infecciones graves (raras)	Farmacoterapia::Inmunosupresores, biológicos y vacunas
¿Está contraindicado Guselkumab en: Tuberculosis activa?	Sí — Tuberculosis activa	Farmacoterapia::Inmunosupresores, biológicos y vacunas
¿Está contraindicado Guselkumab en: Infección activa importante?	Sí — Infección activa importante	Farmacoterapia::Inmunosupresores, biológicos y vacunas
Particularidad de Guselkumab que hay que tener en cuenta:	Los anti-IL-23 no empeoran la enfermedad inflamatoria intestinal (los anti-IL-17 sí pueden).	Farmacoterapia::Inmunosupresores, biológicos y vacunas
¿A qué clase farmacológica pertenece Secukinumab?	Biológico anti-IL-17 (Anticuerpo anti-IL-17A)	Farmacoterapia::Inmunosupresores, biológicos y vacunas
¿Cuál es el mecanismo de acción de Secukinumab?	Neutraliza la IL-17A, citocina efectora de la vía Th17 que estimula la proliferación de queratinocitos y la inflamación articular.	Farmacoterapia::Inmunosupresores, biológicos y vacunas
¿Qué distingue a Secukinumab de los demás fármacos de su clase (Biológico anti-IL-17)?	<b>Anti-IL-17A</b>: muy eficaz en <b>psoriasis</b>, <b>artritis psoriásica</b> y <b>espondiloartritis axial</b> (donde los anti-IL-23 no funcionan).	Farmacoterapia::Inmunosupresores, biológicos y vacunas
¿Cuál es la dosis de Secukinumab en Psoriasis en placas moderada-grave?	300 mg — Semanas 0, 1, 2, 3 y 4; después cada 4 semanas, vía SC	Farmacoterapia::Inmunosupresores, biológicos y vacunas
¿Cuál es la dosis de Secukinumab en Artritis psoriásica y espondiloartritis axial?	150 mg (300 mg si hay psoriasis moderada-grave) — Carga semanal 4 semanas (opcional); después cada 4 semanas, vía SC	Farmacoterapia::Inmunosupresores, biológicos y vacunas
¿Cuánto dura el tratamiento con Secukinumab?	Indefinida mientras responda.	Farmacoterapia::Inmunosupresores, biológicos y vacunas
¿Cómo se suspende Secukinumab?	—	Farmacoterapia::Inmunosupresores, biológicos y vacunas
¿Qué hay que monitorizar durante el tratamiento con Secukinumab?	Infecciones, candidiasis, diarrea o rectorragia.	Farmacoterapia::Inmunosupresores, biológicos y vacunas
¿Cuál es la vida media de Secukinumab?	27 días.	Farmacoterapia::Inmunosupresores, biológicos y vacunas
¿Requiere Secukinumab ajuste en insuficiencia renal?	No precisa.	Farmacoterapia::Inmunosupresores, biológicos y vacunas
Interacción crítica de Secukinumab con Vacunas vivas: ¿qué ocurre y qué se hace?	Riesgo de infección. Manejo: Evitar	Farmacoterapia::Inmunosupresores, biológicos y vacunas
Efecto adverso grave de Secukinumab: <b>Brote o debut de enfermedad inflamatoria intestinal</b> — ¿en qué consiste?	<b>Brote o debut de enfermedad inflamatoria intestinal</b>	Farmacoterapia::Inmunosupresores, biológicos y vacunas
Efecto adverso grave de Secukinumab: Infecciones graves — ¿en qué consiste?	Infecciones graves (raras)	Farmacoterapia::Inmunosupresores, biológicos y vacunas
¿Está contraindicado Secukinumab en: Infección activa importante?	Sí — Infección activa importante	Farmacoterapia::Inmunosupresores, biológicos y vacunas
¿Está contraindicado Secukinumab en: Enfermedad inflamatoria intestinal?	Sí — Enfermedad inflamatoria intestinal (relativa)	Farmacoterapia::Inmunosupresores, biológicos y vacunas
Particularidad de Secukinumab que hay que tener en cuenta:	Psoriasis con afectación axial (lumbalgia inflamatoria): anti-IL-17 mejor que anti-IL-23.	Farmacoterapia::Inmunosupresores, biológicos y vacunas
¿A qué clase farmacológica pertenece Ixekizumab?	Biológico anti-IL-17 (Anticuerpo anti-IL-17A de alta afinidad)	Farmacoterapia::Inmunosupresores, biológicos y vacunas
¿Cuál es el mecanismo de acción de Ixekizumab?	Neutraliza la IL-17A.	Farmacoterapia::Inmunosupresores, biológicos y vacunas
¿Qué distingue a Ixekizumab de los demás fármacos de su clase (Biológico anti-IL-17)?	<b>Anti-IL-17A de muy alta afinidad</b>: <b>respuesta muy RÁPIDA</b> en psoriasis (semanas 2-4).	Farmacoterapia::Inmunosupresores, biológicos y vacunas
¿Cuál es la dosis de Ixekizumab en Psoriasis en placas moderada-grave?	160 mg; después 80 mg — Semana 0 (160 mg); 80 mg cada 2 semanas hasta la 12; después cada 4 semanas, vía SC	Farmacoterapia::Inmunosupresores, biológicos y vacunas
¿Cuánto dura el tratamiento con Ixekizumab?	Indefinida mientras responda.	Farmacoterapia::Inmunosupresores, biológicos y vacunas
¿Cómo se suspende Ixekizumab?	—	Farmacoterapia::Inmunosupresores, biológicos y vacunas
¿Qué hay que monitorizar durante el tratamiento con Ixekizumab?	Infecciones, síntomas intestinales.	Farmacoterapia::Inmunosupresores, biológicos y vacunas
¿Cuál es la vida media de Ixekizumab?	13 días.	Farmacoterapia::Inmunosupresores, biológicos y vacunas
¿Requiere Ixekizumab ajuste en insuficiencia renal?	No precisa.	Farmacoterapia::Inmunosupresores, biológicos y vacunas
Interacción crítica de Ixekizumab con Vacunas vivas: ¿qué ocurre y qué se hace?	Riesgo de infección. Manejo: Evitar	Farmacoterapia::Inmunosupresores, biológicos y vacunas
Efecto adverso grave de Ixekizumab: Enfermedad inflamatoria intestinal — ¿en qué consiste?	Enfermedad inflamatoria intestinal	Farmacoterapia::Inmunosupresores, biológicos y vacunas
¿Está contraindicado Ixekizumab en: Infección activa importante?	Sí — Infección activa importante	Farmacoterapia::Inmunosupresores, biológicos y vacunas
Particularidad de Ixekizumab que hay que tener en cuenta:	Si la rapidez de respuesta es prioritaria (psoriasis extensa con gran impacto), anti-IL-17.	Farmacoterapia::Inmunosupresores, biológicos y vacunas
¿A qué clase farmacológica pertenece Bimekizumab?	Biológico anti-IL-17 (Anticuerpo anti-IL-17A y anti-IL-17F)	Farmacoterapia::Inmunosupresores, biológicos y vacunas
¿Cuál es el mecanismo de acción de Bimekizumab?	Neutraliza IL-17A e IL-17F.	Farmacoterapia::Inmunosupresores, biológicos y vacunas
¿Qué distingue a Bimekizumab de los demás fármacos de su clase (Biológico anti-IL-17)?	<b>Bloquea IL-17A Y IL-17F</b>: las <b>tasas de aclaramiento completo (PASI 100) más altas</b> de la psoriasis.	Farmacoterapia::Inmunosupresores, biológicos y vacunas
¿Cuál es la dosis de Bimekizumab en Psoriasis en placas moderada-grave?	320 mg — Semanas 0, 4, 8, 12 y 16; después cada 8 semanas, vía SC	Farmacoterapia::Inmunosupresores, biológicos y vacunas
¿Cuánto dura el tratamiento con Bimekizumab?	Indefinida mientras responda.	Farmacoterapia::Inmunosupresores, biológicos y vacunas
¿Cómo se suspende Bimekizumab?	—	Farmacoterapia::Inmunosupresores, biológicos y vacunas
¿Qué hay que monitorizar durante el tratamiento con Bimekizumab?	Candidiasis, síntomas intestinales, transaminasas.	Farmacoterapia::Inmunosupresores, biológicos y vacunas
¿Cuál es la vida media de Bimekizumab?	23 días.	Farmacoterapia::Inmunosupresores, biológicos y vacunas
¿Requiere Bimekizumab ajuste en insuficiencia renal?	No precisa.	Farmacoterapia::Inmunosupresores, biológicos y vacunas
Interacción crítica de Bimekizumab con Vacunas vivas: ¿qué ocurre y qué se hace?	Riesgo de infección. Manejo: Evitar	Farmacoterapia::Inmunosupresores, biológicos y vacunas
Efecto adverso grave de Bimekizumab: Enfermedad inflamatoria intestinal — ¿en qué consiste?	Enfermedad inflamatoria intestinal	Farmacoterapia::Inmunosupresores, biológicos y vacunas
Efecto adverso grave de Bimekizumab: Aumento de transaminasas — ¿en qué consiste?	Aumento de transaminasas	Farmacoterapia::Inmunosupresores, biológicos y vacunas
¿Está contraindicado Bimekizumab en: Infección activa importante?	Sí — Infección activa importante	Farmacoterapia::Inmunosupresores, biológicos y vacunas
¿Está contraindicado Bimekizumab en: Tuberculosis activa?	Sí — Tuberculosis activa	Farmacoterapia::Inmunosupresores, biológicos y vacunas
Particularidad de Bimekizumab que hay que tener en cuenta:	Candidiasis oral leve con anti-IL-17: tratar con antifúngico tópico sin suspender el biológico.	Farmacoterapia::Inmunosupresores, biológicos y vacunas
¿A qué clase farmacológica pertenece Tacrolimus y ciclosporina?	Inmunosupresor (Inhibidores de la calcineurina)	Farmacoterapia::Inmunosupresores, biológicos y vacunas
¿Cuál es el mecanismo de acción de Tacrolimus y ciclosporina?	Ambos se unen a una inmunofilina intracelular (el tacrolimus a la FKBP-12 y la ciclosporina a la ciclofilina) y el complejo resultante inhibe la CALCINEURINA, la fosfatasa que desfosforila el factor de transcripción NFAT. Sin esa desfosforilación, el NFAT no entra en el núcleo y no se transcribe la INTERLEUCINA 2, que es la señal que hace proliferar al linfocito T activado. El bloqueo es, por tanto, muy selectivo sobre la activación del linfocito T. El precio de esa selectividad es que la calcineurina también existe en el riñón y en el sistema nervioso: su inhibición produce vasoconstricción de la arteriola aferente y, a largo plazo, una FIBROSIS INTERSTICIAL crónica. Es una paradoja central del trasplante renal: el fármaco que salva el injerto es también el que lo va deteriorando con los años.	Farmacoterapia::Inmunosupresores, biológicos y vacunas
¿Qué distingue a Tacrolimus y ciclosporina de los demás fármacos de su clase (Inmunosupresor)?	<b>Base de la inmunosupresión del TRASPLANTE</b>: bloquean la activación del linfocito T (IL-2).	Farmacoterapia::Inmunosupresores, biológicos y vacunas
¿Cuál es la dosis de Tacrolimus y ciclosporina en Mantenimiento del TRASPLANTE de órgano sólido?	Tacrolimus 0,1-0,2 mg/kg/día repartidos en 2 tomas; ciclosporina 5-10 mg/kg/día en 2 tomas — Cada 12 horas, a horas fijas, vía VO	Farmacoterapia::Inmunosupresores, biológicos y vacunas
¿A qué objetivo se ajusta la dosis de Tacrolimus y ciclosporina en Mantenimiento del TRASPLANTE de órgano sólido?	Nivel VALLE de tacrolimus de 8-12 ng/mL el primer mes y 5-8 ng/mL en el mantenimiento; ciclosporina 150-300 ng/mL según el periodo y el órgano	Farmacoterapia::Inmunosupresores, biológicos y vacunas
¿Cuál es la dosis de Tacrolimus y ciclosporina en Enfermedad injerto contra huésped y trasplante de progenitores hematopoyéticos?	Tacrolimus 0,03 mg/kg/día en perfusión continua o dosis oral equivalente — Perfusión continua o cada 12 horas, vía IV	Farmacoterapia::Inmunosupresores, biológicos y vacunas
¿A qué objetivo se ajusta la dosis de Tacrolimus y ciclosporina en Enfermedad injerto contra huésped y trasplante de progenitores hematopoyéticos?	Nivel valle de 5-15 ng/mL	Farmacoterapia::Inmunosupresores, biológicos y vacunas
¿Cuál es la dosis de Tacrolimus y ciclosporina en Colitis ulcerosa grave corticorrefractaria?	Ciclosporina 2 mg/kg/día en perfusión continua — Perfusión continua, vía IV	Farmacoterapia::Inmunosupresores, biológicos y vacunas
¿A qué objetivo se ajusta la dosis de Tacrolimus y ciclosporina en Colitis ulcerosa grave corticorrefractaria?	Nivel de 150-250 ng/mL	Farmacoterapia::Inmunosupresores, biológicos y vacunas
¿Cuál es la dosis de Tacrolimus y ciclosporina en Síndrome nefrótico corticodependiente o corticorresistente?	Ciclosporina 3-5 mg/kg/día o tacrolimus 0,05-0,1 mg/kg/día — Cada 12 horas, vía VO	Farmacoterapia::Inmunosupresores, biológicos y vacunas
¿Cuál es la dosis de Tacrolimus y ciclosporina en Dermatitis atópica moderada-grave y psoriasis graves?	Ciclosporina 2,5-5 mg/kg/día — Cada 12 horas, vía VO	Farmacoterapia::Inmunosupresores, biológicos y vacunas
¿Cuánto dura el tratamiento con Tacrolimus y ciclosporina?	Indefinida en el trasplante; ciclos limitados en dermatología (máximo 1-2 años, preferiblemente menos).	Farmacoterapia::Inmunosupresores, biológicos y vacunas
¿Cómo se suspende Tacrolimus y ciclosporina?	En el trasplante no se retira; se minimiza. En las indicaciones no trasplante, retirada progresiva por el riesgo de recaída.	Farmacoterapia::Inmunosupresores, biológicos y vacunas
¿Qué hay que monitorizar durante el tratamiento con Tacrolimus y ciclosporina?	NIVELES valle, creatinina, tensión arterial, glucemia, potasio, magnesio, ácido úrico y perfil lipídico. Vigilancia de infecciones oportunistas y de neoplasias cutáneas.	Farmacoterapia::Inmunosupresores, biológicos y vacunas
¿Cuál es la vida media de Tacrolimus y ciclosporina?	Tacrolimus 12 horas; ciclosporina 8-20 horas.	Farmacoterapia::Inmunosupresores, biológicos y vacunas
¿Requiere Tacrolimus y ciclosporina ajuste en insuficiencia renal?	No se ajusta por filtrado, sino por NIVELES. Pero la nefrotoxicidad obliga a minimizar la dosis en el paciente con deterioro renal.	Farmacoterapia::Inmunosupresores, biológicos y vacunas
Interacción crítica de Tacrolimus y ciclosporina con AZOLES (itraconazol, voriconazol, fluconazol, posaconazol): ¿qué ocurre y qué se hace?	Elevan las concentraciones de forma masiva, hasta varias veces. Manejo: Al iniciar voriconazol hay que reducir el tacrolimus a un TERCIO el mismo día y medir niveles a las 48 horas. Es la interacción cotidiana del trasplantado infectado	Farmacoterapia::Inmunosupresores, biológicos y vacunas
Interacción crítica de Tacrolimus y ciclosporina con Macrólidos (claritromicina, eritromicina), diltiazem, verapamilo, amiodarona: ¿qué ocurre y qué se hace?	Aumentan las concentraciones. Manejo: Elegir azitromicina en lugar de claritromicina; si se combina, reducir dosis y medir niveles	Farmacoterapia::Inmunosupresores, biológicos y vacunas
Interacción crítica de Tacrolimus y ciclosporina con RIFAMPICINA, carbamazepina, fenitoína, hierba de San Juan: ¿qué ocurre y qué se hace?	Reducen las concentraciones drásticamente con riesgo de RECHAZO del injerto. Manejo: Evitar. La hierba de San Juan es un caso descrito de pérdida de injerto por automedicación	Farmacoterapia::Inmunosupresores, biológicos y vacunas
Interacción crítica de Tacrolimus y ciclosporina con Zumo de POMELO: ¿qué ocurre y qué se hace?	Eleva las concentraciones de forma imprevisible. Manejo: Prohibirlo expresamente al paciente: es una advertencia dietética que hay que dar por escrito	Farmacoterapia::Inmunosupresores, biológicos y vacunas
Interacción crítica de Tacrolimus y ciclosporina con AINE, aminoglucósidos, anfotericina, contrastes yodados: ¿qué ocurre y qué se hace?	NEFROTOXICIDAD aditiva. Manejo: Evitar los AINE de forma sistemática en el trasplantado	Farmacoterapia::Inmunosupresores, biológicos y vacunas
Interacción crítica de Tacrolimus y ciclosporina con Estatinas (ciclosporina): ¿qué ocurre y qué se hace?	Riesgo de rabdomiólisis por inhibición de OATP1B1. Manejo: Usar dosis bajas de pravastatina o fluvastatina	Farmacoterapia::Inmunosupresores, biológicos y vacunas
Efecto adverso grave de Tacrolimus y ciclosporina: Insuficiencia renal crónica progresiva con fibrosis intersticial — ¿en qué consiste?	Insuficiencia renal crónica progresiva con fibrosis intersticial	Farmacoterapia::Inmunosupresores, biológicos y vacunas
Efecto adverso grave de Tacrolimus y ciclosporina: NEUROTOXICIDAD grave — ¿en qué consiste?	NEUROTOXICIDAD grave: convulsiones, confusión y síndrome de encefalopatía posterior reversible (PRES)	Farmacoterapia::Inmunosupresores, biológicos y vacunas
Efecto adverso grave de Tacrolimus y ciclosporina: MICROANGIOPATÍA TROMBÓTICA — ¿en qué consiste?	MICROANGIOPATÍA TROMBÓTICA	Farmacoterapia::Inmunosupresores, biológicos y vacunas
Efecto adverso grave de Tacrolimus y ciclosporina: Infecciones oportunistas — ¿en qué consiste?	Infecciones oportunistas (CMV, Pneumocystis, BK virus, aspergilosis)	Farmacoterapia::Inmunosupresores, biológicos y vacunas
Efecto adverso grave de Tacrolimus y ciclosporina: Neoplasias — ¿en qué consiste?	Neoplasias: cáncer cutáneo y síndrome linfoproliferativo postrasplante asociado al virus de Epstein-Barr	Farmacoterapia::Inmunosupresores, biológicos y vacunas
Efecto adverso grave de Tacrolimus y ciclosporina: Prolongación del QT — ¿en qué consiste?	Prolongación del QT	Farmacoterapia::Inmunosupresores, biológicos y vacunas
¿Está contraindicado Tacrolimus y ciclosporina en: Hipersensibilidad conocida?	Sí — Hipersensibilidad conocida (o al aceite de ricino polioxietilado de la formulación intravenosa de ciclosporina)	Farmacoterapia::Inmunosupresores, biológicos y vacunas
¿Está contraindicado Tacrolimus y ciclosporina en: Uso concomitante de inductores potentes como la rifampicina o la hierba de San Juan?	Sí — Uso concomitante de inductores potentes como la rifampicina o la hierba de San Juan	Farmacoterapia::Inmunosupresores, biológicos y vacunas
¿Está contraindicado Tacrolimus y ciclosporina en: Neoplasia activa no controlada?	Sí — Neoplasia activa no controlada	Farmacoterapia::Inmunosupresores, biológicos y vacunas
¿Está contraindicado Tacrolimus y ciclosporina en: Precaución máxima en la insuficiencia renal preexistente y en el QT largo?	Sí — Precaución máxima en la insuficiencia renal preexistente y en el QT largo	Farmacoterapia::Inmunosupresores, biológicos y vacunas
Particularidad de Tacrolimus y ciclosporina que hay que tener en cuenta:	La paradoja que define a esta familia: es el fármaco que mantiene vivo el injerto renal y, a la vez, el que lo destruye lentamente por fibrosis intersticial. Toda la estrategia moderna del trasplante consiste en MINIMIZAR la exposición sin perder eficacia, apoyándose en el micofenolato, que no es nefrotóxico.	Farmacoterapia::Inmunosupresores, biológicos y vacunas
¿A qué clase farmacológica pertenece Anti-TNF (infliximab, adalimumab, etanercept, golimumab, certolizumab)?	Inmunosupresor biológico (Anticuerpos monoclonales y proteína de fusión frente al TNF-alfa)	Farmacoterapia::Inmunosupresores, biológicos y vacunas
¿Cuál es el mecanismo de acción de Anti-TNF (infliximab, adalimumab, etanercept, golimumab, certolizumab)?	Neutralizan el FACTOR DE NECROSIS TUMORAL ALFA, la citocina que ocupa la posición más alta de la cascada inflamatoria en las enfermedades inmunomediadas: induce otras citocinas (IL-1, IL-6), moléculas de adhesión, quimiocinas y metaloproteasas. Bloquearlo apaga la inflamación aguas abajo de forma muy eficaz. Pero el TNF cumple además una función fisiológica insustituible: es la citocina que mantiene la integridad del GRANULOMA, la estructura con la que el organismo encapsula al bacilo tuberculoso latente. Al neutralizarlo, el granuloma se desestructura y el bacilo se libera. Toda la seguridad de esta familia gira alrededor de ese hecho, y de ahí que el cribado de tuberculosis latente antes de iniciarlos no sea una recomendación sino un requisito.	Farmacoterapia::Inmunosupresores, biológicos y vacunas
¿Qué distingue a Anti-TNF (infliximab, adalimumab, etanercept, golimumab, certolizumab) de los demás fármacos de su clase (Inmunosupresor biológico)?	<b>El biológico de primera línea</b> en artritis reumatoide, espondiloartritis, psoriasis y EII.	Farmacoterapia::Inmunosupresores, biológicos y vacunas
¿Cuál es la dosis de Anti-TNF (infliximab, adalimumab, etanercept, golimumab, certolizumab) en ARTRITIS REUMATOIDE con fracaso del metotrexato?	Adalimumab 40 mg cada 2 semanas SC; etanercept 50 mg semanal SC; infliximab 3 mg/kg IV en semanas 0, 2 y 6 y después cada 8 semanas — Según fármaco: semanal, quincenal o cada 8 semanas, vía SC	Farmacoterapia::Inmunosupresores, biológicos y vacunas
¿Cuál es la dosis de Anti-TNF (infliximab, adalimumab, etanercept, golimumab, certolizumab) en Enfermedad de CROHN y colitis ulcerosa moderada-grave?	Infliximab 5 mg/kg IV en semanas 0, 2 y 6 y después cada 8 semanas; adalimumab 160 mg, 80 mg y después 40 mg cada 2 semanas SC — Inducción y mantenimiento, vía IV	Farmacoterapia::Inmunosupresores, biológicos y vacunas
¿A qué objetivo se ajusta la dosis de Anti-TNF (infliximab, adalimumab, etanercept, golimumab, certolizumab) en Enfermedad de CROHN y colitis ulcerosa moderada-grave?	Nivel valle de infliximab superior a 5 microgramos/mL en el mantenimiento	Farmacoterapia::Inmunosupresores, biológicos y vacunas
¿Cuál es la dosis de Anti-TNF (infliximab, adalimumab, etanercept, golimumab, certolizumab) en ESPONDILOARTRITIS axial y artritis psoriásica?	Adalimumab 40 mg cada 2 semanas SC; etanercept 50 mg semanal SC — Semanal o quincenal, vía SC	Farmacoterapia::Inmunosupresores, biológicos y vacunas
¿Cuál es la dosis de Anti-TNF (infliximab, adalimumab, etanercept, golimumab, certolizumab) en PSORIASIS en placas moderada-grave?	Adalimumab 80 mg y después 40 mg cada 2 semanas SC — Quincenal, vía SC	Farmacoterapia::Inmunosupresores, biológicos y vacunas
¿Cuál es la dosis de Anti-TNF (infliximab, adalimumab, etanercept, golimumab, certolizumab) en Uveítis no infecciosa y enfermedad de Behçet?	Adalimumab 80 mg y después 40 mg cada 2 semanas SC — Quincenal, vía SC	Farmacoterapia::Inmunosupresores, biológicos y vacunas
¿Cuánto dura el tratamiento con Anti-TNF (infliximab, adalimumab, etanercept, golimumab, certolizumab)?	Prolongada mientras mantenga eficacia y seguridad.	Farmacoterapia::Inmunosupresores, biológicos y vacunas
¿Cómo se suspende Anti-TNF (infliximab, adalimumab, etanercept, golimumab, certolizumab)?	Suspensión temporal ante infección grave y 2-4 semanas antes de una cirugía mayor programada, reanudando con la herida cicatrizada. La retirada por remisión mantenida es posible en casos seleccionados, con riesgo de recaída.	Farmacoterapia::Inmunosupresores, biológicos y vacunas
¿Qué hay que monitorizar durante el tratamiento con Anti-TNF (infliximab, adalimumab, etanercept, golimumab, certolizumab)?	Hemograma, transaminasas, vigilancia clínica de infecciones, exploración cutánea anual y cribado de tuberculosis anual en zonas de alta incidencia.	Farmacoterapia::Inmunosupresores, biológicos y vacunas
¿Cuál es la vida media de Anti-TNF (infliximab, adalimumab, etanercept, golimumab, certolizumab)?	10-20 días, salvo el etanercept, que tiene unos 4 días.	Farmacoterapia::Inmunosupresores, biológicos y vacunas
¿Requiere Anti-TNF (infliximab, adalimumab, etanercept, golimumab, certolizumab) ajuste en insuficiencia renal?	No requieren ajuste.	Farmacoterapia::Inmunosupresores, biológicos y vacunas
Interacción crítica de Anti-TNF (infliximab, adalimumab, etanercept, golimumab, certolizumab) con ANAKINRA, abatacept y otros biológicos: ¿qué ocurre y qué se hace?	Aumento marcado del riesgo de infección grave sin ganancia de eficacia. Manejo: CONTRAINDICADA la combinación de dos biológicos	Farmacoterapia::Inmunosupresores, biológicos y vacunas
Interacción crítica de Anti-TNF (infliximab, adalimumab, etanercept, golimumab, certolizumab) con VACUNAS VIVAS (fiebre amarilla, triple vírica, varicela, herpes zóster atenuada, BCG): ¿qué ocurre y qué se hace?	Riesgo de infección por el microorganismo vacunal. Manejo: CONTRAINDICADAS durante el tratamiento. Hay que ponerlas ANTES de iniciarlo, con al menos 4 semanas de margen. Las vacunas INACTIVADAS sí se administran y se recomiendan	Farmacoterapia::Inmunosupresores, biológicos y vacunas
Interacción crítica de Anti-TNF (infliximab, adalimumab, etanercept, golimumab, certolizumab) con Tiopurinas (azatioprina) en varón joven: ¿qué ocurre y qué se hace?	Riesgo aumentado de LINFOMA HEPATOESPLÉNICO DE CÉLULAS T, raro pero de altísima mortalidad. Manejo: Valorar la combinación con especial cautela en varones menores de 35 años	Farmacoterapia::Inmunosupresores, biológicos y vacunas
Efecto adverso grave de Anti-TNF (infliximab, adalimumab, etanercept, golimumab, certolizumab): REACTIVACIÓN DE TUBERCULOSIS LATENTE, con presentaciones atípicas, extrapulmonares y diseminadas — ¿en qué consiste?	REACTIVACIÓN DE TUBERCULOSIS LATENTE, con presentaciones atípicas, extrapulmonares y diseminadas	Farmacoterapia::Inmunosupresores, biológicos y vacunas
Efecto adverso grave de Anti-TNF (infliximab, adalimumab, etanercept, golimumab, certolizumab): REACTIVACIÓN DE HEPATITIS B, potencialmente fulminante — ¿en qué consiste?	REACTIVACIÓN DE HEPATITIS B, potencialmente fulminante	Farmacoterapia::Inmunosupresores, biológicos y vacunas
Efecto adverso grave de Anti-TNF (infliximab, adalimumab, etanercept, golimumab, certolizumab): Infecciones bacterianas graves e infecciones fúngicas — ¿en qué consiste?	Infecciones bacterianas graves e infecciones fúngicas (histoplasmosis, coccidioidomicosis)	Farmacoterapia::Inmunosupresores, biológicos y vacunas
Efecto adverso grave de Anti-TNF (infliximab, adalimumab, etanercept, golimumab, certolizumab): Enfermedad DESMIELINIZANTE de nueva aparición o agravamiento de una esclerosis múltiple — ¿en qué consiste?	Enfermedad DESMIELINIZANTE de nueva aparición o agravamiento de una esclerosis múltiple	Farmacoterapia::Inmunosupresores, biológicos y vacunas
Efecto adverso grave de Anti-TNF (infliximab, adalimumab, etanercept, golimumab, certolizumab): EMPEORAMIENTO de la INSUFICIENCIA CARDIACA — ¿en qué consiste?	EMPEORAMIENTO de la INSUFICIENCIA CARDIACA (contraindicados en clase III-IV)	Farmacoterapia::Inmunosupresores, biológicos y vacunas
Efecto adverso grave de Anti-TNF (infliximab, adalimumab, etanercept, golimumab, certolizumab): LUPUS inducido por fármacos — ¿en qué consiste?	LUPUS inducido por fármacos	Farmacoterapia::Inmunosupresores, biológicos y vacunas
Efecto adverso grave de Anti-TNF (infliximab, adalimumab, etanercept, golimumab, certolizumab): PSORIASIS paradójica — ¿en qué consiste?	PSORIASIS paradójica: aparición de psoriasis en pacientes tratados por otra indicación	Farmacoterapia::Inmunosupresores, biológicos y vacunas
Efecto adverso grave de Anti-TNF (infliximab, adalimumab, etanercept, golimumab, certolizumab): Cáncer cutáneo no melanoma y linfoma — ¿en qué consiste?	Cáncer cutáneo no melanoma y linfoma (riesgo pequeño pero descrito)	Farmacoterapia::Inmunosupresores, biológicos y vacunas
Efecto adverso grave de Anti-TNF (infliximab, adalimumab, etanercept, golimumab, certolizumab): Citopenias — ¿en qué consiste?	Citopenias	Farmacoterapia::Inmunosupresores, biológicos y vacunas
¿Está contraindicado Anti-TNF (infliximab, adalimumab, etanercept, golimumab, certolizumab) en: TUBERCULOSIS activa o latente no tratada?	Sí — TUBERCULOSIS activa o latente no tratada	Farmacoterapia::Inmunosupresores, biológicos y vacunas
¿Está contraindicado Anti-TNF (infliximab, adalimumab, etanercept, golimumab, certolizumab) en: Infección activa grave, incluida la sepsis y el absceso no drenado?	Sí — Infección activa grave, incluida la sepsis y el absceso no drenado	Farmacoterapia::Inmunosupresores, biológicos y vacunas
¿Está contraindicado Anti-TNF (infliximab, adalimumab, etanercept, golimumab, certolizumab) en: INSUFICIENCIA CARDIACA en clase funcional III-IV de la NYHA?	Sí — INSUFICIENCIA CARDIACA en clase funcional III-IV de la NYHA	Farmacoterapia::Inmunosupresores, biológicos y vacunas
¿Está contraindicado Anti-TNF (infliximab, adalimumab, etanercept, golimumab, certolizumab) en: Enfermedad DESMIELINIZANTE?	Sí — Enfermedad DESMIELINIZANTE (esclerosis múltiple, neuritis óptica)	Farmacoterapia::Inmunosupresores, biológicos y vacunas
¿Está contraindicado Anti-TNF (infliximab, adalimumab, etanercept, golimumab, certolizumab) en: Vacunas vivas concomitantes?	Sí — Vacunas vivas concomitantes	Farmacoterapia::Inmunosupresores, biológicos y vacunas
¿Está contraindicado Anti-TNF (infliximab, adalimumab, etanercept, golimumab, certolizumab) en: Neoplasia reciente?	Sí — Neoplasia reciente (valoración individualizada)	Farmacoterapia::Inmunosupresores, biológicos y vacunas
Particularidad de Anti-TNF (infliximab, adalimumab, etanercept, golimumab, certolizumab) que hay que tener en cuenta:	La regla que resume la seguridad de toda la familia: el TNF mantiene el GRANULOMA, y sin granuloma la tuberculosis latente se libera. Por eso el cribado con Mantoux, IGRA y radiografía de tórax es OBLIGATORIO antes de la primera dosis, y por eso la tuberculosis en estos pacientes se presenta de forma atípica, extrapulmonar y diseminada, sin la imagen clásica que uno espera.	Farmacoterapia::Inmunosupresores, biológicos y vacunas
¿A qué clase farmacológica pertenece Cetirizina?	Antihistamínico H1 (Segunda generación, metabolito activo de la hidroxizina)	Farmacoterapia::Inmunosupresores, biológicos y vacunas
¿Cuál es el mecanismo de acción de Cetirizina?	Agonista inverso selectivo del receptor H1 periférico.	Farmacoterapia::Inmunosupresores, biológicos y vacunas
¿Qué distingue a Cetirizina de los demás fármacos de su clase (Antihistamínico H1)?	<b>El antiH1 de 2.ª generación de inicio más rápido</b> (1 h) y muy eficaz en urticaria.	Farmacoterapia::Inmunosupresores, biológicos y vacunas
¿Cuál es la dosis de Cetirizina en Rinitis alérgica y urticaria?	10 mg (niños 2-6 años: 2,5 mg/12 h; 6-12 años: 5 mg/12 h) — Cada 24 h, vía VO	Farmacoterapia::Inmunosupresores, biológicos y vacunas
¿Cuánto dura el tratamiento con Cetirizina?	Según síntomas.	Farmacoterapia::Inmunosupresores, biológicos y vacunas
¿Cómo se suspende Cetirizina?	—	Farmacoterapia::Inmunosupresores, biológicos y vacunas
¿Qué hay que monitorizar durante el tratamiento con Cetirizina?	Sedación.	Farmacoterapia::Inmunosupresores, biológicos y vacunas
¿Cuál es la vida media de Cetirizina?	8-10 h.	Farmacoterapia::Inmunosupresores, biológicos y vacunas
¿Requiere Cetirizina ajuste en insuficiencia renal?	FG 30-50: 5 mg/24 h; FG <30: 5 mg/48 h.	Farmacoterapia::Inmunosupresores, biológicos y vacunas
Efecto adverso grave de Cetirizina: Retención urinaria — ¿en qué consiste?	Retención urinaria (rara)	Farmacoterapia::Inmunosupresores, biológicos y vacunas
¿Está contraindicado Cetirizina en: ERC terminal?	Sí — ERC terminal	Farmacoterapia::Inmunosupresores, biológicos y vacunas
¿Está contraindicado Cetirizina en: Hipersensibilidad a hidroxizina?	Sí — Hipersensibilidad a hidroxizina	Farmacoterapia::Inmunosupresores, biológicos y vacunas
Particularidad de Cetirizina que hay que tener en cuenta:	Si seda, cambiar a bilastina o desloratadina antes de abandonar el antiH1.	Farmacoterapia::Inmunosupresores, biológicos y vacunas
¿A qué clase farmacológica pertenece Bilastina?	Antihistamínico H1 (Segunda generación no sedante, sin metabolismo)	Farmacoterapia::Inmunosupresores, biológicos y vacunas
¿Cuál es el mecanismo de acción de Bilastina?	Antagonista selectivo H1 periférico.	Farmacoterapia::Inmunosupresores, biológicos y vacunas
¿Qué distingue a Bilastina de los demás fármacos de su clase (Antihistamínico H1)?	<b>NO sedante</b> incluso a dosis altas (sustrato de la P-gp en la barrera): útil en conductores y profesiones de riesgo.	Farmacoterapia::Inmunosupresores, biológicos y vacunas
¿Cuál es la dosis de Bilastina en Rinitis alérgica y urticaria?	20 mg (niños 6-11 años: 10 mg) — Cada 24 h en ayunas, vía VO	Farmacoterapia::Inmunosupresores, biológicos y vacunas
¿Cuánto dura el tratamiento con Bilastina?	Según síntomas.	Farmacoterapia::Inmunosupresores, biológicos y vacunas
¿Cómo se suspende Bilastina?	—	Farmacoterapia::Inmunosupresores, biológicos y vacunas
¿Qué hay que monitorizar durante el tratamiento con Bilastina?	—	Farmacoterapia::Inmunosupresores, biológicos y vacunas
¿Cuál es la vida media de Bilastina?	14,5 h.	Farmacoterapia::Inmunosupresores, biológicos y vacunas
¿Requiere Bilastina ajuste en insuficiencia renal?	No precisa.	Farmacoterapia::Inmunosupresores, biológicos y vacunas
Efecto adverso grave de Bilastina: Muy raros — ¿en qué consiste?	Muy raros	Farmacoterapia::Inmunosupresores, biológicos y vacunas
¿Está contraindicado Bilastina en: Hipersensibilidad?	Sí — Hipersensibilidad	Farmacoterapia::Inmunosupresores, biológicos y vacunas
Particularidad de Bilastina que hay que tener en cuenta:	Si «no le hace efecto», comprobar que no la toma con el desayuno.	Farmacoterapia::Inmunosupresores, biológicos y vacunas
¿A qué clase farmacológica pertenece Desloratadina (y loratadina)?	Antihistamínico H1 (Segunda generación, metabolito activo de la loratadina)	Farmacoterapia::Inmunosupresores, biológicos y vacunas
¿Cuál es el mecanismo de acción de Desloratadina (y loratadina)?	Antagonista selectivo H1 periférico; la desloratadina es el metabolito activo de la loratadina.	Farmacoterapia::Inmunosupresores, biológicos y vacunas
¿Qué distingue a Desloratadina (y loratadina) de los demás fármacos de su clase (Antihistamínico H1)?	<b>No sedante</b> y con <b>jarabe pediátrico desde el año</b> (desloratadina) o los 2 años (loratadina).	Farmacoterapia::Inmunosupresores, biológicos y vacunas
¿Cuál es la dosis de Desloratadina (y loratadina) en Rinitis alérgica y urticaria?	5 mg (loratadina 10 mg) — Cada 24 h, vía VO	Farmacoterapia::Inmunosupresores, biológicos y vacunas
¿Cuánto dura el tratamiento con Desloratadina (y loratadina)?	Según síntomas.	Farmacoterapia::Inmunosupresores, biológicos y vacunas
¿Cómo se suspende Desloratadina (y loratadina)?	—	Farmacoterapia::Inmunosupresores, biológicos y vacunas
¿Qué hay que monitorizar durante el tratamiento con Desloratadina (y loratadina)?	—	Farmacoterapia::Inmunosupresores, biológicos y vacunas
¿Cuál es la vida media de Desloratadina (y loratadina)?	27 h.	Farmacoterapia::Inmunosupresores, biológicos y vacunas
¿Requiere Desloratadina (y loratadina) ajuste en insuficiencia renal?	Precaución en grave.	Farmacoterapia::Inmunosupresores, biológicos y vacunas
Efecto adverso grave de Desloratadina (y loratadina): Raros — ¿en qué consiste?	Raros	Farmacoterapia::Inmunosupresores, biológicos y vacunas
¿Está contraindicado Desloratadina (y loratadina) en: Hipersensibilidad?	Sí — Hipersensibilidad	Farmacoterapia::Inmunosupresores, biológicos y vacunas
Particularidad de Desloratadina (y loratadina) que hay que tener en cuenta:	Gestante con rinitis o urticaria: loratadina o cetirizina.	Farmacoterapia::Inmunosupresores, biológicos y vacunas
¿A qué clase farmacológica pertenece Dexclorfeniramina?	Antihistamínico H1 (Primera generación, SEDANTE, disponible por vía parenteral)	Farmacoterapia::Inmunosupresores, biológicos y vacunas
¿Cuál es el mecanismo de acción de Dexclorfeniramina?	Antagonista H1 con efecto central y antimuscarínico.	Farmacoterapia::Inmunosupresores, biológicos y vacunas
¿Qué distingue a Dexclorfeniramina de los demás fármacos de su clase (Antihistamínico H1)?	<b>Primera generación con forma IV/IM</b>: el antiH1 de las <b>reacciones alérgicas agudas en urgencias</b> (siempre DESPUÉS de la adrenalina en la anafilaxia).	Farmacoterapia::Inmunosupresores, biológicos y vacunas
¿Cuál es la dosis de Dexclorfeniramina en Reacción alérgica aguda, urticaria aguda extensa, coadyuvante en anafilaxia?	5 mg — Cada 6-8 h (máx. 20 mg/día), vía IV / IM	Farmacoterapia::Inmunosupresores, biológicos y vacunas
¿Cuál es la dosis de Dexclorfeniramina en Prurito nocturno?	2-6 mg — Por la noche, vía VO	Farmacoterapia::Inmunosupresores, biológicos y vacunas
¿Cuánto dura el tratamiento con Dexclorfeniramina?	24-72 h.	Farmacoterapia::Inmunosupresores, biológicos y vacunas
¿Cómo se suspende Dexclorfeniramina?	Pasar a antiH1 de 2.ª generación.	Farmacoterapia::Inmunosupresores, biológicos y vacunas
¿Qué hay que monitorizar durante el tratamiento con Dexclorfeniramina?	Sedación.	Farmacoterapia::Inmunosupresores, biológicos y vacunas
¿Cuál es la vida media de Dexclorfeniramina?	20 h.	Farmacoterapia::Inmunosupresores, biológicos y vacunas
¿Requiere Dexclorfeniramina ajuste en insuficiencia renal?	Precaución.	Farmacoterapia::Inmunosupresores, biológicos y vacunas
Efecto adverso grave de Dexclorfeniramina: Delirium en ancianos — ¿en qué consiste?	Delirium en ancianos	Farmacoterapia::Inmunosupresores, biológicos y vacunas
Efecto adverso grave de Dexclorfeniramina: Retención urinaria — ¿en qué consiste?	Retención urinaria	Farmacoterapia::Inmunosupresores, biológicos y vacunas
Efecto adverso grave de Dexclorfeniramina: Excitación paradójica en niños — ¿en qué consiste?	Excitación paradójica en niños	Farmacoterapia::Inmunosupresores, biológicos y vacunas
¿Está contraindicado Dexclorfeniramina en: Glaucoma de ángulo cerrado?	Sí — Glaucoma de ángulo cerrado	Farmacoterapia::Inmunosupresores, biológicos y vacunas
¿Está contraindicado Dexclorfeniramina en: Retención urinaria?	Sí — Retención urinaria	Farmacoterapia::Inmunosupresores, biológicos y vacunas
¿Está contraindicado Dexclorfeniramina en: Neonatos?	Sí — Neonatos	Farmacoterapia::Inmunosupresores, biológicos y vacunas
Particularidad de Dexclorfeniramina que hay que tener en cuenta:	Nunca sustituye a la adrenalina en la anafilaxia.	Farmacoterapia::Inmunosupresores, biológicos y vacunas
¿A qué clase farmacológica pertenece Hidroxizina?	Antihistamínico H1 (Primera generación sedante con efecto ansiolítico)	Farmacoterapia::Inmunosupresores, biológicos y vacunas
¿Cuál es el mecanismo de acción de Hidroxizina?	Antagonista H1 central y periférico con efecto ansiolítico por bloqueo 5-HT2 y H1 central.	Farmacoterapia::Inmunosupresores, biológicos y vacunas
¿Qué distingue a Hidroxizina de los demás fármacos de su clase (Antihistamínico H1)?	<b>Antipruriginoso potente y ANSIOLÍTICO</b> (sin dependencia de benzodiacepinas).	Farmacoterapia::Inmunosupresores, biológicos y vacunas
¿Cuál es la dosis de Hidroxizina en Prurito intenso (dermatitis atópica, urticaria)?	25 mg — Cada 8-24 h (preferentemente por la noche), vía VO	Farmacoterapia::Inmunosupresores, biológicos y vacunas
¿Cuál es la dosis de Hidroxizina en Ansiedad leve-moderada (alternativa a benzodiacepinas)?	25-50 mg — Cada 8-12 h, vía VO	Farmacoterapia::Inmunosupresores, biológicos y vacunas
¿Cuánto dura el tratamiento con Hidroxizina?	Corta.	Farmacoterapia::Inmunosupresores, biológicos y vacunas
¿Cómo se suspende Hidroxizina?	—	Farmacoterapia::Inmunosupresores, biológicos y vacunas
¿Qué hay que monitorizar durante el tratamiento con Hidroxizina?	ECG si riesgo de QT largo.	Farmacoterapia::Inmunosupresores, biológicos y vacunas
¿Cuál es la vida media de Hidroxizina?	14-20 h (más en ancianos).	Farmacoterapia::Inmunosupresores, biológicos y vacunas
¿Requiere Hidroxizina ajuste en insuficiencia renal?	Mitad de dosis.	Farmacoterapia::Inmunosupresores, biológicos y vacunas
Interacción crítica de Hidroxizina con Fármacos que prolongan el QT: ¿qué ocurre y qué se hace?	Torsade de pointes. Manejo: Evitar	Farmacoterapia::Inmunosupresores, biológicos y vacunas
Efecto adverso grave de Hidroxizina: <b>Prolongación del QT</b> — ¿en qué consiste?	<b>Prolongación del QT</b>	Farmacoterapia::Inmunosupresores, biológicos y vacunas
Efecto adverso grave de Hidroxizina: Confusión en ancianos — ¿en qué consiste?	Confusión en ancianos	Farmacoterapia::Inmunosupresores, biológicos y vacunas
¿Está contraindicado Hidroxizina en: QT largo?	Sí — QT largo	Farmacoterapia::Inmunosupresores, biológicos y vacunas
¿Está contraindicado Hidroxizina en: Embarazo?	Sí — Embarazo (1.er trimestre)	Farmacoterapia::Inmunosupresores, biológicos y vacunas
¿Está contraindicado Hidroxizina en: Porfiria?	Sí — Porfiria	Farmacoterapia::Inmunosupresores, biológicos y vacunas
Particularidad de Hidroxizina que hay que tener en cuenta:	Paciente con prurito que no duerme: hidroxizina nocturna + antiH1 no sedante por el día.	Farmacoterapia::Inmunosupresores, biológicos y vacunas
¿A qué clase farmacológica pertenece Inmunoglobulina anti-D?	Inmunoglobulina (Inmunoglobulina hiperinmune anti-RhD)	Farmacoterapia::Inmunosupresores, biológicos y vacunas
¿Cuál es el mecanismo de acción de Inmunoglobulina anti-D?	Anticuerpos anti-D que eliminan los hematíes fetales Rh+ de la circulación materna antes de que se genere una respuesta inmune.	Farmacoterapia::Inmunosupresores, biológicos y vacunas
¿Qué distingue a Inmunoglobulina anti-D de los demás fármacos de su clase (Inmunoglobulina)?	<b>Previene la ALOINMUNIZACIÓN Rh</b> de la madre Rh negativa (enfermedad hemolítica del recién nacido en embarazos posteriores).	Farmacoterapia::Inmunosupresores, biológicos y vacunas
¿Cuál es la dosis de Inmunoglobulina anti-D en Profilaxis en gestante Rh negativa no sensibilizada?	300 µg (1.500 UI) — Semana 28 y en las 72 h tras el parto de un recién nacido Rh+, vía IM	Farmacoterapia::Inmunosupresores, biológicos y vacunas
¿Cuál es la dosis de Inmunoglobulina anti-D en Eventos sensibilizantes (aborto, ectópico, amniocentesis, traumatismo, sangrado)?	50-300 µg según edad gestacional — Dosis única en 72 h, vía IM	Farmacoterapia::Inmunosupresores, biológicos y vacunas
¿Cuánto dura el tratamiento con Inmunoglobulina anti-D?	Dosis puntuales.	Farmacoterapia::Inmunosupresores, biológicos y vacunas
¿Cómo se suspende Inmunoglobulina anti-D?	—	Farmacoterapia::Inmunosupresores, biológicos y vacunas
¿Qué hay que monitorizar durante el tratamiento con Inmunoglobulina anti-D?	Coombs indirecto.	Farmacoterapia::Inmunosupresores, biológicos y vacunas
¿Cuál es la vida media de Inmunoglobulina anti-D?	3-4 semanas.	Farmacoterapia::Inmunosupresores, biológicos y vacunas
¿Requiere Inmunoglobulina anti-D ajuste en insuficiencia renal?	No precisa.	Farmacoterapia::Inmunosupresores, biológicos y vacunas
Efecto adverso grave de Inmunoglobulina anti-D: Anafilaxia — ¿en qué consiste?	Anafilaxia (rara)	Farmacoterapia::Inmunosupresores, biológicos y vacunas
Efecto adverso grave de Inmunoglobulina anti-D: Hemólisis — ¿en qué consiste?	Hemólisis (si se da a Rh+)	Farmacoterapia::Inmunosupresores, biológicos y vacunas
¿Está contraindicado Inmunoglobulina anti-D en: Madre Rh positiva?	Sí — Madre Rh positiva	Farmacoterapia::Inmunosupresores, biológicos y vacunas
¿Está contraindicado Inmunoglobulina anti-D en: Madre ya sensibilizada?	Sí — Madre ya sensibilizada	Farmacoterapia::Inmunosupresores, biológicos y vacunas
Particularidad de Inmunoglobulina anti-D que hay que tener en cuenta:	Toda gestante Rh negativa con sangrado vaginal necesita anti-D en 72 h.	Farmacoterapia::Inmunosupresores, biológicos y vacunas
¿A qué clase farmacológica pertenece Inmunoglobulinas hiperinmunes (antitetánica, anti-hepatitis B, antirrábica)?	Inmunoglobulina (Inmunoglobulinas hiperinmunes específicas (inmunización pasiva))	Farmacoterapia::Inmunosupresores, biológicos y vacunas
¿Cuál es el mecanismo de acción de Inmunoglobulinas hiperinmunes (antitetánica, anti-hepatitis B, antirrábica)?	Anticuerpos específicos que neutralizan la toxina o el virus antes de que se establezca la infección.	Farmacoterapia::Inmunosupresores, biológicos y vacunas
¿Qué distingue a Inmunoglobulinas hiperinmunes (antitetánica, anti-hepatitis B, antirrábica) de los demás fármacos de su clase (Inmunoglobulina)?	<b>Inmunización PASIVA inmediata</b> frente a una exposición concreta (tétanos, VHB, rabia), <b>junto con la vacuna</b> en lugares distintos.	Farmacoterapia::Inmunosupresores, biológicos y vacunas
¿Cuál es la dosis de Inmunoglobulinas hiperinmunes (antitetánica, anti-hepatitis B, antirrábica) en Herida tetanígena con vacunación incompleta (<3 dosis) o desconocida?	250 UI (500 UI si herida muy contaminada o >24 h) — Dosis única, vía IM	Farmacoterapia::Inmunosupresores, biológicos y vacunas
¿Cuál es la dosis de Inmunoglobulinas hiperinmunes (antitetánica, anti-hepatitis B, antirrábica) en Recién nacido de madre HBsAg positiva?	0,5 mL (100-200 UI) — Dosis única en las primeras 12 h, vía IM	Farmacoterapia::Inmunosupresores, biológicos y vacunas
¿Cuál es la dosis de Inmunoglobulinas hiperinmunes (antitetánica, anti-hepatitis B, antirrábica) en Profilaxis postexposición de la rabia (no vacunados)?	20 UI/kg — Dosis única, vía IM	Farmacoterapia::Inmunosupresores, biológicos y vacunas
¿Cuánto dura el tratamiento con Inmunoglobulinas hiperinmunes (antitetánica, anti-hepatitis B, antirrábica)?	Dosis única.	Farmacoterapia::Inmunosupresores, biológicos y vacunas
¿Cómo se suspende Inmunoglobulinas hiperinmunes (antitetánica, anti-hepatitis B, antirrábica)?	—	Farmacoterapia::Inmunosupresores, biológicos y vacunas
¿Qué hay que monitorizar durante el tratamiento con Inmunoglobulinas hiperinmunes (antitetánica, anti-hepatitis B, antirrábica)?	—	Farmacoterapia::Inmunosupresores, biológicos y vacunas
¿Cuál es la vida media de Inmunoglobulinas hiperinmunes (antitetánica, anti-hepatitis B, antirrábica)?	3-4 semanas.	Farmacoterapia::Inmunosupresores, biológicos y vacunas
¿Requiere Inmunoglobulinas hiperinmunes (antitetánica, anti-hepatitis B, antirrábica) ajuste en insuficiencia renal?	No precisa.	Farmacoterapia::Inmunosupresores, biológicos y vacunas
Efecto adverso grave de Inmunoglobulinas hiperinmunes (antitetánica, anti-hepatitis B, antirrábica): Anafilaxia — ¿en qué consiste?	Anafilaxia (rara)	Farmacoterapia::Inmunosupresores, biológicos y vacunas
¿Está contraindicado Inmunoglobulinas hiperinmunes (antitetánica, anti-hepatitis B, antirrábica) en: Hipersensibilidad?	Sí — Hipersensibilidad	Farmacoterapia::Inmunosupresores, biológicos y vacunas
¿Está contraindicado Inmunoglobulinas hiperinmunes (antitetánica, anti-hepatitis B, antirrábica) en: Trombocitopenia grave?	Sí — Trombocitopenia grave (vía IM)	Farmacoterapia::Inmunosupresores, biológicos y vacunas
Particularidad de Inmunoglobulinas hiperinmunes (antitetánica, anti-hepatitis B, antirrábica) que hay que tener en cuenta:	Herida tetanígena: la inmunoglobulina depende de la vacunación previa, no de la herida en sí.	Farmacoterapia::Inmunosupresores, biológicos y vacunas
¿A qué clase farmacológica pertenece Azatioprina (y mercaptopurina)?	Inmunosupresor (Antimetabolito tiopurínico)	Farmacoterapia::Inmunosupresores, biológicos y vacunas
¿Cuál es el mecanismo de acción de Azatioprina (y mercaptopurina)?	Es un profármaco que se convierte en 6-mercaptopurina y, a través de la vía de rescate de las purinas, en nucleótidos de TIOGUANINA que se incorporan al ADN y bloquean la síntesis de purinas. El linfocito, que carece de vía de síntesis de novo eficiente y depende de la de rescate, es especialmente vulnerable: de ahí la selectividad relativa sobre la inmunidad. El punto clave de toda su farmacología es la ENZIMA TPMT (tiopurina metiltransferasa), que deriva el fármaco hacia una vía inactiva: quien tiene poca actividad de TPMT canaliza todo hacia los metabolitos activos y sufre una MIELOSUPRESIÓN grave con dosis normales. Una segunda enzima, la NUDT15, cumple un papel equivalente y es la que más pesa en poblaciones asiáticas e hispanas. Es el ejemplo canónico de farmacogenética aplicada a la práctica diaria.	Farmacoterapia::Inmunosupresores, biológicos y vacunas
¿Qué distingue a Azatioprina (y mercaptopurina) de los demás fármacos de su clase (Inmunosupresor)?	<b>Antimetabolito purínico</b> usado como ahorrador de corticoides en EII, autoinmunes y trasplante.	Farmacoterapia::Inmunosupresores, biológicos y vacunas
¿Cuál es la dosis de Azatioprina (y mercaptopurina) en Enfermedad inflamatoria intestinal (Crohn y colitis ulcerosa) corticodependiente?	2-2,5 mg/kg al día de azatioprina (1-1,5 mg/kg de mercaptopurina) — Una toma al día, vía VO	Farmacoterapia::Inmunosupresores, biológicos y vacunas
¿A qué objetivo se ajusta la dosis de Azatioprina (y mercaptopurina) en Enfermedad inflamatoria intestinal (Crohn y colitis ulcerosa) corticodependiente?	Metabolito 6-TGN en rango terapéutico (235-450 pmol por 8x10⁸ hematíes) cuando se dispone de su determinación	Farmacoterapia::Inmunosupresores, biológicos y vacunas
¿Cuál es la dosis de Azatioprina (y mercaptopurina) en Mantenimiento del trasplante de órgano sólido?	1-3 mg/kg al día — Una toma al día, vía VO	Farmacoterapia::Inmunosupresores, biológicos y vacunas
¿Cuál es la dosis de Azatioprina (y mercaptopurina) en Lupus, vasculitis y miopatías inflamatorias, como ahorrador de corticoide?	1,5-2,5 mg/kg al día — Una toma al día, vía VO	Farmacoterapia::Inmunosupresores, biológicos y vacunas
¿Cuál es la dosis de Azatioprina (y mercaptopurina) en Hepatitis autoinmune, mantenimiento?	1-2 mg/kg al día, asociada a prednisona en descenso — Una toma al día, vía VO	Farmacoterapia::Inmunosupresores, biológicos y vacunas
¿Cuál es la dosis de Azatioprina (y mercaptopurina) en Miastenia gravis y esclerosis múltiple (uso restringido)?	2-3 mg/kg al día — Una toma al día, vía VO	Farmacoterapia::Inmunosupresores, biológicos y vacunas
¿Cuánto dura el tratamiento con Azatioprina (y mercaptopurina)?	PROLONGADA, de años. Retirarla antes de tiempo en la enfermedad inflamatoria intestinal se asocia a una tasa de recaída elevada.	Farmacoterapia::Inmunosupresores, biológicos y vacunas
¿Cómo se suspende Azatioprina (y mercaptopurina)?	Retirada solo en remisión mantenida prolongada, valorando el riesgo de recaída frente al riesgo acumulado de neoplasia. Suspender ante mielosupresión grave, pancreatitis o hepatotoxicidad.	Farmacoterapia::Inmunosupresores, biológicos y vacunas
¿Qué hay que monitorizar durante el tratamiento con Azatioprina (y mercaptopurina)?	Hemograma cada 1-2 semanas los dos primeros meses, después cada 1-3 meses DE POR VIDA. Transaminasas periódicas. Exploración cutánea anual y fotoprotección estricta.	Farmacoterapia::Inmunosupresores, biológicos y vacunas
¿Cuál es la vida media de Azatioprina (y mercaptopurina)?	Del fármaco, corta (unas 5 horas); del EFECTO, semanas, porque lo que cuenta son los nucleótidos incorporados al ADN.	Farmacoterapia::Inmunosupresores, biológicos y vacunas
¿Requiere Azatioprina (y mercaptopurina) ajuste en insuficiencia renal?	Reducir la dosis con filtrado menor de 50 mL/min.	Farmacoterapia::Inmunosupresores, biológicos y vacunas
Interacción crítica de Azatioprina (y mercaptopurina) con ALOPURINOL y FEBUXOSTAT: ¿qué ocurre y qué se hace?	Bloquean la xantina oxidasa y desvían todo el fármaco a la vía activa: MIELOSUPRESIÓN GRAVE y potencialmente mortal. Manejo: Es LA interacción de la azatioprina. Si la combinación es imprescindible, reducir la azatioprina al 25% de la dosis y vigilar el hemograma muy estrechamente. En la práctica, evitarla	Farmacoterapia::Inmunosupresores, biológicos y vacunas
Interacción crítica de Azatioprina (y mercaptopurina) con Cotrimoxazol y otros mielotóxicos: ¿qué ocurre y qué se hace?	Citopenias aditivas. Manejo: Evitar o vigilar estrechamente	Farmacoterapia::Inmunosupresores, biológicos y vacunas
Interacción crítica de Azatioprina (y mercaptopurina) con Ribavirina: ¿qué ocurre y qué se hace?	Inhibe la vía y aumenta la toxicidad medular. Manejo: Evitar la combinación	Farmacoterapia::Inmunosupresores, biológicos y vacunas
Efecto adverso grave de Azatioprina (y mercaptopurina): MIELOSUPRESIÓN grave, especialmente en el déficit de TPMT o NUDT15 — ¿en qué consiste?	MIELOSUPRESIÓN grave, especialmente en el déficit de TPMT o NUDT15	Farmacoterapia::Inmunosupresores, biológicos y vacunas
Efecto adverso grave de Azatioprina (y mercaptopurina): PANCREATITIS aguda, idiosincrásica, típica del primer mes y prácticamente exclusiva de la enfermedad de Crohn — ¿en qué consiste?	PANCREATITIS aguda, idiosincrásica, típica del primer mes y prácticamente exclusiva de la enfermedad de Crohn: obliga a suspender de forma DEFINITIVA	Farmacoterapia::Inmunosupresores, biológicos y vacunas
Efecto adverso grave de Azatioprina (y mercaptopurina): Hepatotoxicidad, incluida la hiperplasia nodular regenerativa y la hipertensión portal no cirrótica — ¿en qué consiste?	Hepatotoxicidad, incluida la hiperplasia nodular regenerativa y la hipertensión portal no cirrótica	Farmacoterapia::Inmunosupresores, biológicos y vacunas
Efecto adverso grave de Azatioprina (y mercaptopurina): CÁNCER DE PIEL NO MELANOMA, con riesgo claramente aumentado y dependiente de la exposición solar — ¿en qué consiste?	CÁNCER DE PIEL NO MELANOMA, con riesgo claramente aumentado y dependiente de la exposición solar	Farmacoterapia::Inmunosupresores, biológicos y vacunas
Efecto adverso grave de Azatioprina (y mercaptopurina): LINFOMA, incluido el linfoma hepatoesplénico de células T en varones jóvenes tratados a la vez con anti-TNF — ¿en qué consiste?	LINFOMA, incluido el linfoma hepatoesplénico de células T en varones jóvenes tratados a la vez con anti-TNF	Farmacoterapia::Inmunosupresores, biológicos y vacunas
Efecto adverso grave de Azatioprina (y mercaptopurina): Síndrome de hipersensibilidad con fiebre y exantema — ¿en qué consiste?	Síndrome de hipersensibilidad con fiebre y exantema	Farmacoterapia::Inmunosupresores, biológicos y vacunas
Efecto adverso grave de Azatioprina (y mercaptopurina): Infecciones oportunistas — ¿en qué consiste?	Infecciones oportunistas	Farmacoterapia::Inmunosupresores, biológicos y vacunas
¿Está contraindicado Azatioprina (y mercaptopurina) en: Déficit COMPLETO de TPMT o de NUDT15?	Sí — Déficit COMPLETO de TPMT o de NUDT15	Farmacoterapia::Inmunosupresores, biológicos y vacunas
¿Está contraindicado Azatioprina (y mercaptopurina) en: Uso concomitante de alopurinol sin ajuste drástico de dosis?	Sí — Uso concomitante de alopurinol sin ajuste drástico de dosis	Farmacoterapia::Inmunosupresores, biológicos y vacunas
¿Está contraindicado Azatioprina (y mercaptopurina) en: Antecedente de pancreatitis por tiopurinas?	Sí — Antecedente de pancreatitis por tiopurinas	Farmacoterapia::Inmunosupresores, biológicos y vacunas
¿Está contraindicado Azatioprina (y mercaptopurina) en: Infección activa grave y neoplasia activa?	Sí — Infección activa grave y neoplasia activa	Farmacoterapia::Inmunosupresores, biológicos y vacunas
¿Está contraindicado Azatioprina (y mercaptopurina) en: Hipersensibilidad conocida?	Sí — Hipersensibilidad conocida	Farmacoterapia::Inmunosupresores, biológicos y vacunas
Particularidad de Azatioprina (y mercaptopurina) que hay que tener en cuenta:	La interacción con el ALOPURINOL es la que hay que saber de memoria y la que más muertes ha causado: bloquea la vía de inactivación por xantina oxidasa y multiplica la exposición al metabolito activo, con aplasias medulares mortales. Es una combinación frecuente en la vida real, porque el paciente con Crohn también puede tener gota.	Farmacoterapia::Inmunosupresores, biológicos y vacunas
¿A qué clase farmacológica pertenece Micofenolato de mofetilo (y micofenolato sódico)?	Inmunosupresor (Inhibidor de la inosina monofosfato deshidrogenasa (IMPDH))	Farmacoterapia::Inmunosupresores, biológicos y vacunas
¿Cuál es el mecanismo de acción de Micofenolato de mofetilo (y micofenolato sódico)?	Su forma activa, el ácido micofenólico, inhibe de forma reversible y NO COMPETITIVA la INOSINA MONOFOSFATO DESHIDROGENASA, enzima limitante de la síntesis DE NOVO de nucleótidos de GUANINA. La selectividad procede de un hecho biológico concreto: los LINFOCITOS T y B dependen casi por completo de esa vía de novo, mientras que el resto de células del organismo pueden recurrir a la vía de RESCATE de las purinas. El resultado es un bloqueo bastante selectivo de la proliferación linfocitaria, con menos toxicidad medular global que la azatioprina y sin nefrotoxicidad, a diferencia de los anticalcineurínicos. Además inhibe la glucosilación de moléculas de adhesión y reduce el reclutamiento de leucocitos hacia el tejido inflamado.	Farmacoterapia::Inmunosupresores, biológicos y vacunas
¿Qué distingue a Micofenolato de mofetilo (y micofenolato sódico) de los demás fármacos de su clase (Inmunosupresor)?	<b>Antimetabolito más selectivo de los linfocitos</b> (vía de novo de purinas): de elección en la <b>nefritis lúpica</b> y en el trasplante.	Farmacoterapia::Inmunosupresores, biológicos y vacunas
¿Cuál es la dosis de Micofenolato de mofetilo (y micofenolato sódico) en Prevención del rechazo en el TRASPLANTE de órgano sólido?	1 g cada 12 horas (renal); 1-1,5 g cada 12 horas (cardiaco y hepático) — Cada 12 horas, vía VO	Farmacoterapia::Inmunosupresores, biológicos y vacunas
¿Cuál es la dosis de Micofenolato de mofetilo (y micofenolato sódico) en NEFRITIS LÚPICA, inducción y mantenimiento?	Inducción 2-3 g al día durante 6 meses; mantenimiento 1-2 g al día — Repartido en 2 tomas, vía VO	Farmacoterapia::Inmunosupresores, biológicos y vacunas
¿A qué objetivo se ajusta la dosis de Micofenolato de mofetilo (y micofenolato sódico) en NEFRITIS LÚPICA, inducción y mantenimiento?	Remisión de la proteinuria y estabilización del filtrado glomerular	Farmacoterapia::Inmunosupresores, biológicos y vacunas
¿Cuál es la dosis de Micofenolato de mofetilo (y micofenolato sódico) en Enfermedad pulmonar intersticial asociada a esclerosis sistémica y a otras conectivopatías?	1-1,5 g cada 12 horas — Cada 12 horas, vía VO	Farmacoterapia::Inmunosupresores, biológicos y vacunas
¿Cuál es la dosis de Micofenolato de mofetilo (y micofenolato sódico) en Vasculitis, miopatías inflamatorias y pénfigo, como ahorrador de corticoide?	1 g cada 12 horas — Cada 12 horas, vía VO	Farmacoterapia::Inmunosupresores, biológicos y vacunas
¿Cuánto dura el tratamiento con Micofenolato de mofetilo (y micofenolato sódico)?	Prolongada, de años, tanto en el trasplante como en la enfermedad autoinmune.	Farmacoterapia::Inmunosupresores, biológicos y vacunas
¿Cómo se suspende Micofenolato de mofetilo (y micofenolato sódico)?	Reducción progresiva tras años de remisión mantenida en la enfermedad autoinmune; indefinido en el trasplante. Suspensión inmediata si hay embarazo.	Farmacoterapia::Inmunosupresores, biológicos y vacunas
¿Qué hay que monitorizar durante el tratamiento con Micofenolato de mofetilo (y micofenolato sódico)?	Hemograma semanal el primer mes, quincenal el segundo y tercero, después mensual. Función renal, transaminasas y vigilancia de infecciones (CMV en el trasplantado). Prueba de embarazo periódica en la mujer en edad fértil.	Farmacoterapia::Inmunosupresores, biológicos y vacunas
¿Cuál es la vida media de Micofenolato de mofetilo (y micofenolato sódico)?	16-18 horas.	Farmacoterapia::Inmunosupresores, biológicos y vacunas
¿Requiere Micofenolato de mofetilo (y micofenolato sódico) ajuste en insuficiencia renal?	No superar 1 g cada 12 horas con filtrado menor de 25 mL/min fuera del periodo postrasplante inmediato.	Farmacoterapia::Inmunosupresores, biológicos y vacunas
Interacción crítica de Micofenolato de mofetilo (y micofenolato sódico) con Antiácidos, hierro oral y QUELANTES DEL FÓSFORO (sevelámero): ¿qué ocurre y qué se hace?	Reducen su absorción de forma significativa. Manejo: Interacción muy relevante en el trasplantado renal, que suele tomar quelantes: separar las tomas al menos 2 horas	Farmacoterapia::Inmunosupresores, biológicos y vacunas
Interacción crítica de Micofenolato de mofetilo (y micofenolato sódico) con Colestiramina y antibióticos de amplio espectro: ¿qué ocurre y qué se hace?	Interrumpen la CIRCULACIÓN ENTEROHEPÁTICA y reducen las concentraciones hasta un 40%. Manejo: Explica pérdidas de eficacia tras un ciclo antibiótico; vigilar signos de rechazo o de reactivación	Farmacoterapia::Inmunosupresores, biológicos y vacunas
Interacción crítica de Micofenolato de mofetilo (y micofenolato sódico) con Anticonceptivos orales: ¿qué ocurre y qué se hace?	Puede reducir sus concentraciones. Manejo: Se exigen DOS métodos anticonceptivos por el riesgo teratógeno	Farmacoterapia::Inmunosupresores, biológicos y vacunas
Efecto adverso grave de Micofenolato de mofetilo (y micofenolato sódico): TERATOGENIA — ¿en qué consiste?	TERATOGENIA: aborto en el primer trimestre y malformaciones características (microtia o ausencia del pabellón auricular, atresia del conducto auditivo, labio leporino y paladar hendido, malformaciones cardiacas)	Farmacoterapia::Inmunosupresores, biológicos y vacunas
Efecto adverso grave de Micofenolato de mofetilo (y micofenolato sódico): Mielosupresión con neutropenia grave — ¿en qué consiste?	Mielosupresión con neutropenia grave	Farmacoterapia::Inmunosupresores, biológicos y vacunas
Efecto adverso grave de Micofenolato de mofetilo (y micofenolato sódico): COLITIS por micofenolato, que imita histológicamente a la enfermedad injerto contra huésped y a la colitis isquémica — ¿en qué consiste?	COLITIS por micofenolato, que imita histológicamente a la enfermedad injerto contra huésped y a la colitis isquémica	Farmacoterapia::Inmunosupresores, biológicos y vacunas
Efecto adverso grave de Micofenolato de mofetilo (y micofenolato sódico): Infecciones oportunistas — ¿en qué consiste?	Infecciones oportunistas: CMV, Pneumocystis, BK virus	Farmacoterapia::Inmunosupresores, biológicos y vacunas
Efecto adverso grave de Micofenolato de mofetilo (y micofenolato sódico): LEUCOENCEFALOPATÍA MULTIFOCAL PROGRESIVA — ¿en qué consiste?	LEUCOENCEFALOPATÍA MULTIFOCAL PROGRESIVA (rara)	Farmacoterapia::Inmunosupresores, biológicos y vacunas
Efecto adverso grave de Micofenolato de mofetilo (y micofenolato sódico): Linfomas y cáncer cutáneo con el uso prolongado — ¿en qué consiste?	Linfomas y cáncer cutáneo con el uso prolongado	Farmacoterapia::Inmunosupresores, biológicos y vacunas
¿Está contraindicado Micofenolato de mofetilo (y micofenolato sódico) en: EMBARAZO y mujer en edad fértil sin anticoncepción eficaz?	Sí — EMBARAZO y mujer en edad fértil sin anticoncepción eficaz	Farmacoterapia::Inmunosupresores, biológicos y vacunas
¿Está contraindicado Micofenolato de mofetilo (y micofenolato sódico) en: Lactancia?	Sí — Lactancia	Farmacoterapia::Inmunosupresores, biológicos y vacunas
¿Está contraindicado Micofenolato de mofetilo (y micofenolato sódico) en: Hipersensibilidad conocida?	Sí — Hipersensibilidad conocida	Farmacoterapia::Inmunosupresores, biológicos y vacunas
¿Está contraindicado Micofenolato de mofetilo (y micofenolato sódico) en: Infección activa grave no controlada?	Sí — Infección activa grave no controlada	Farmacoterapia::Inmunosupresores, biológicos y vacunas
Particularidad de Micofenolato de mofetilo (y micofenolato sódico) que hay que tener en cuenta:	Es un TERATÓGENO de primer orden, con un patrón malformativo reconocible (oído externo ausente o malformado, hendiduras faciales, cardiopatía) y un riesgo de aborto del 45% en el primer trimestre. Exige prueba de embarazo negativa, DOS métodos anticonceptivos y consentimiento informado: es de los pocos fármacos no oncológicos con un programa formal de prevención de embarazos.	Farmacoterapia::Inmunosupresores, biológicos y vacunas
¿A qué clase farmacológica pertenece Inmunoglobulinas intravenosas?	Inmunoglobulina (Inmunoglobulina G policlonal humana obtenida de plasma de miles de donantes)	Farmacoterapia::Inmunosupresores, biológicos y vacunas
¿Cuál es el mecanismo de acción de Inmunoglobulinas intravenosas?	Tiene dos usos con mecanismos completamente distintos, y la dosis los separa. A dosis SUSTITUTIVA (400-600 mg/kg al mes) simplemente REPONE los anticuerpos que el paciente inmunodeficiente no fabrica: es terapia de reemplazo. A dosis INMUNOMODULADORA (2 g/kg por ciclo, es decir de tres a cinco veces más) actúa por mecanismos activos: SATURA el receptor Fc de los macrófagos del bazo (que es como frena la destrucción de plaquetas en la trombopenia inmune), induce el receptor inhibidor FcgammaRIIB, neutraliza autoanticuerpos mediante anticuerpos antiidiotipo, consume complemento activado y modula la red de citocinas. Que un mismo producto sirva para reponer y para inmunomodular según la dosis es una de las rarezas más útiles de la terapéutica.	Farmacoterapia::Inmunosupresores, biológicos y vacunas
¿Qué distingue a Inmunoglobulinas intravenosas de los demás fármacos de su clase (Inmunoglobulina)?	<b>Inmunoglobulina POLIVALENTE a dosis altas (IGIV)</b>: inmunomoduladora (PTI, Guillain-Barré, Kawasaki, miastenia) y sustitutiva en las inmunodeficiencias.	Farmacoterapia::Inmunosupresores, biológicos y vacunas
¿Cuál es la dosis de Inmunoglobulinas intravenosas en INMUNODEFICIENCIAS primarias y secundarias con hipogammaglobulinemia?	400-600 mg/kg cada 3-4 semanas — Mensual, vía IV	Farmacoterapia::Inmunosupresores, biológicos y vacunas
¿A qué objetivo se ajusta la dosis de Inmunoglobulinas intravenosas en INMUNODEFICIENCIAS primarias y secundarias con hipogammaglobulinemia?	Nivel VALLE de IgG superior a 600-800 mg/dL, ajustado para que el paciente deje de tener infecciones	Farmacoterapia::Inmunosupresores, biológicos y vacunas
¿Cuál es la dosis de Inmunoglobulinas intravenosas en SÍNDROME DE GUILLAIN-BARRÉ?	2 g/kg repartidos en 5 días (0,4 g/kg al día) — Ciclo de 5 días, vía IV	Farmacoterapia::Inmunosupresores, biológicos y vacunas
¿Cuál es la dosis de Inmunoglobulinas intravenosas en TROMBOPENIA INMUNE con sangrado o necesidad de subida rápida de plaquetas?	1 g/kg al día durante 1-2 días — Uno o dos días, vía IV	Farmacoterapia::Inmunosupresores, biológicos y vacunas
¿Cuál es la dosis de Inmunoglobulinas intravenosas en ENFERMEDAD DE KAWASAKI?	2 g/kg en dosis única en perfusión de 10-12 horas, con AAS — Dosis única, vía IV	Farmacoterapia::Inmunosupresores, biológicos y vacunas
¿A qué objetivo se ajusta la dosis de Inmunoglobulinas intravenosas en ENFERMEDAD DE KAWASAKI?	Desaparición de la fiebre y prevención de los aneurismas coronarios	Farmacoterapia::Inmunosupresores, biológicos y vacunas
¿Cuál es la dosis de Inmunoglobulinas intravenosas en Polineuropatía desmielinizante inflamatoria crónica y miastenia gravis en crisis?	2 g/kg por ciclo, con mantenimiento cada 3-6 semanas en la polineuropatía crónica — Ciclos repetidos, vía IV	Farmacoterapia::Inmunosupresores, biológicos y vacunas
¿Cuánto dura el tratamiento con Inmunoglobulinas intravenosas?	Indefinida y mensual en la inmunodeficiencia; ciclos puntuales o repetidos en las indicaciones inmunomoduladoras.	Farmacoterapia::Inmunosupresores, biológicos y vacunas
¿Cómo se suspende Inmunoglobulinas intravenosas?	En la sustitución no se retira. En la inmunomodulación, se espacian los ciclos según la respuesta.	Farmacoterapia::Inmunosupresores, biológicos y vacunas
¿Qué hay que monitorizar durante el tratamiento con Inmunoglobulinas intravenosas?	Función renal, hemograma (hemólisis), nivel valle de IgG en la sustitución, y vigilancia de cefalea intensa (meningitis aséptica) y de clínica trombótica.	Farmacoterapia::Inmunosupresores, biológicos y vacunas
¿Cuál es la vida media de Inmunoglobulinas intravenosas?	3-4 semanas, lo que determina el intervalo mensual de las pautas sustitutivas.	Farmacoterapia::Inmunosupresores, biológicos y vacunas
¿Requiere Inmunoglobulinas intravenosas ajuste en insuficiencia renal?	Precaución: las formulaciones con SACAROSA son nefrotóxicas. Elegir preparados sin sacarosa, hidratar bien e infundir despacio en el paciente con insuficiencia renal.	Farmacoterapia::Inmunosupresores, biológicos y vacunas
Interacción crítica de Inmunoglobulinas intravenosas con VACUNAS de virus VIVOS (triple vírica, varicela): ¿qué ocurre y qué se hace?	Los anticuerpos pasivos NEUTRALIZAN el virus vacunal e impiden la seroconversión. Manejo: Esperar de 8 a 11 MESES tras una dosis alta antes de vacunar, o revacunar después. Es un problema práctico frecuente en el niño tratado por Kawasaki	Farmacoterapia::Inmunosupresores, biológicos y vacunas
Efecto adverso grave de Inmunoglobulinas intravenosas: MENINGITIS ASÉPTICA, con cefalea intensa, fotofobia y rigidez de nuca en las 24-48 horas siguientes — ¿en qué consiste?	MENINGITIS ASÉPTICA, con cefalea intensa, fotofobia y rigidez de nuca en las 24-48 horas siguientes: alarma mucho y se resuelve sola	Farmacoterapia::Inmunosupresores, biológicos y vacunas
Efecto adverso grave de Inmunoglobulinas intravenosas: TROMBOSIS arterial y venosa, incluidos infarto e ictus, por aumento de la viscosidad plasmática, sobre todo en ancianos y con dosis altas — ¿en qué consiste?	TROMBOSIS arterial y venosa, incluidos infarto e ictus, por aumento de la viscosidad plasmática, sobre todo en ancianos y con dosis altas	Farmacoterapia::Inmunosupresores, biológicos y vacunas
Efecto adverso grave de Inmunoglobulinas intravenosas: INSUFICIENCIA RENAL AGUDA por nefrosis osmótica con los preparados que contienen SACAROSA — ¿en qué consiste?	INSUFICIENCIA RENAL AGUDA por nefrosis osmótica con los preparados que contienen SACAROSA	Farmacoterapia::Inmunosupresores, biológicos y vacunas
Efecto adverso grave de Inmunoglobulinas intravenosas: ANAFILAXIA en el paciente con déficit de IgA y anticuerpos ANTI-IgA — ¿en qué consiste?	ANAFILAXIA en el paciente con déficit de IgA y anticuerpos ANTI-IgA	Farmacoterapia::Inmunosupresores, biológicos y vacunas
Efecto adverso grave de Inmunoglobulinas intravenosas: HEMÓLISIS por isoaglutininas anti-A y anti-B presentes en el preparado — ¿en qué consiste?	HEMÓLISIS por isoaglutininas anti-A y anti-B presentes en el preparado	Farmacoterapia::Inmunosupresores, biológicos y vacunas
Efecto adverso grave de Inmunoglobulinas intravenosas: Lesión pulmonar aguda relacionada con la transfusión — ¿en qué consiste?	Lesión pulmonar aguda relacionada con la transfusión (TRALI)	Farmacoterapia::Inmunosupresores, biológicos y vacunas
¿Está contraindicado Inmunoglobulinas intravenosas en: DÉFICIT SELECTIVO DE IgA con anticuerpos anti-IgA demostrados?	Sí — DÉFICIT SELECTIVO DE IgA con anticuerpos anti-IgA demostrados	Farmacoterapia::Inmunosupresores, biológicos y vacunas
¿Está contraindicado Inmunoglobulinas intravenosas en: Hipersensibilidad conocida?	Sí — Hipersensibilidad conocida	Farmacoterapia::Inmunosupresores, biológicos y vacunas
¿Está contraindicado Inmunoglobulinas intravenosas en: Precaución máxima en el riesgo trombótico elevado, la insuficiencia renal y la insuficiencia cardiaca?	Sí — Precaución máxima en el riesgo trombótico elevado, la insuficiencia renal y la insuficiencia cardiaca (carga de volumen)	Farmacoterapia::Inmunosupresores, biológicos y vacunas
Particularidad de Inmunoglobulinas intravenosas que hay que tener en cuenta:	La DOSIS define el mecanismo: 400-600 mg/kg al mes es REPOSICIÓN de anticuerpos en el inmunodeficiente; 2 g/kg por ciclo es INMUNOMODULACIÓN. Confundirlas significa o dejar sin tratar una enfermedad autoinmune o exponer innecesariamente a un inmunodeficiente a los riesgos de la dosis alta.	Farmacoterapia::Inmunosupresores, biológicos y vacunas
¿A qué clase farmacológica pertenece Antihistamínicos H1 (cetirizina, loratadina, bilastina, dexclorfeniramina, hidroxizina)?	Visión de clase: antihistamínicos H1 (Agonistas inversos del receptor H1 de la histamina)	Farmacoterapia::Inmunosupresores, biológicos y vacunas
¿Cuál es el mecanismo de acción de Antihistamínicos H1 (cetirizina, loratadina, bilastina, dexclorfeniramina, hidroxizina)?	No son antagonistas simples sino AGONISTAS INVERSOS: estabilizan el receptor H1 en su conformación inactiva y reducen su actividad basal. Al bloquear H1 impiden los efectos de la histamina liberada por el mastocito: vasodilatación, aumento de la permeabilidad capilar (habón y edema), estimulación de las terminaciones nerviosas sensitivas (PRURITO y estornudo) y contracción del músculo liso. La división en generaciones es puramente farmacocinética y lo explica todo: los de PRIMERA generación son lipófilos, atraviesan la barrera hematoencefálica y bloquean además receptores muscarínicos, alfa-adrenérgicos y serotoninérgicos, de donde salen la sedación y los efectos anticolinérgicos; los de SEGUNDA generación son más hidrófilos y además sustrato de la glicoproteína P, que los expulsa activamente del cerebro, por lo que no sedan ni tienen efectos anticolinérgicos relevantes.	Farmacoterapia::Inmunosupresores, biológicos y vacunas
¿Cuál es la dosis de Antihistamínicos H1 (cetirizina, loratadina, bilastina, dexclorfeniramina, hidroxizina) en URTICARIA aguda y crónica espontánea?	Cetirizina 10 mg al día, bilastina 20 mg al día o desloratadina 5 mg al día, con posibilidad de subir hasta CUÁDRUPLE dosis en la urticaria crónica — Una toma al día, vía VO	Farmacoterapia::Inmunosupresores, biológicos y vacunas
¿A qué objetivo se ajusta la dosis de Antihistamínicos H1 (cetirizina, loratadina, bilastina, dexclorfeniramina, hidroxizina) en URTICARIA aguda y crónica espontánea?	Ausencia de habones y de prurito; es el criterio para subir o bajar la dosis	Farmacoterapia::Inmunosupresores, biológicos y vacunas
¿Cuál es la dosis de Antihistamínicos H1 (cetirizina, loratadina, bilastina, dexclorfeniramina, hidroxizina) en RINOCONJUNTIVITIS alérgica estacional y perenne?	Cetirizina 10 mg, loratadina 10 mg o bilastina 20 mg al día — Una toma al día, vía VO	Farmacoterapia::Inmunosupresores, biológicos y vacunas
¿Cuál es la dosis de Antihistamínicos H1 (cetirizina, loratadina, bilastina, dexclorfeniramina, hidroxizina) en ANAFILAXIA, como tratamiento COMPLEMENTARIO?	Dexclorfeniramina 5 mg IM o IV lenta — Dosis repetible cada 6-8 horas, vía IM	Farmacoterapia::Inmunosupresores, biológicos y vacunas
¿Cuál es la dosis de Antihistamínicos H1 (cetirizina, loratadina, bilastina, dexclorfeniramina, hidroxizina) en Prurito, prevención del mareo cinético y sedación puntual (primera generación)?	Hidroxizina 25 mg por la noche; dimenhidrinato 50 mg antes del viaje — Puntual o nocturna, vía VO	Farmacoterapia::Inmunosupresores, biológicos y vacunas
¿Cuál es la dosis de Antihistamínicos H1 (cetirizina, loratadina, bilastina, dexclorfeniramina, hidroxizina) en Premedicación de reacciones infusionales?	Dexclorfeniramina 5 mg IV antes de la infusión — Dosis única previa, vía IV	Farmacoterapia::Inmunosupresores, biológicos y vacunas
¿Cuánto dura el tratamiento con Antihistamínicos H1 (cetirizina, loratadina, bilastina, dexclorfeniramina, hidroxizina)?	Estacional en la rinitis; meses o años en la urticaria crónica, que suele remitir sola con el tiempo.	Farmacoterapia::Inmunosupresores, biológicos y vacunas
¿Cómo se suspende Antihistamínicos H1 (cetirizina, loratadina, bilastina, dexclorfeniramina, hidroxizina)?	En la urticaria crónica, descenso escalonado tras 3-6 meses sin síntomas.	Farmacoterapia::Inmunosupresores, biológicos y vacunas
¿Qué hay que monitorizar durante el tratamiento con Antihistamínicos H1 (cetirizina, loratadina, bilastina, dexclorfeniramina, hidroxizina)?	Clínica. En el anciano tratado con primera generación, vigilar confusión, retención urinaria y caídas.	Farmacoterapia::Inmunosupresores, biológicos y vacunas
¿Cuál es la vida media de Antihistamínicos H1 (cetirizina, loratadina, bilastina, dexclorfeniramina, hidroxizina)?	8-24 horas en los de segunda generación, lo que permite la toma única diaria.	Farmacoterapia::Inmunosupresores, biológicos y vacunas
¿Requiere Antihistamínicos H1 (cetirizina, loratadina, bilastina, dexclorfeniramina, hidroxizina) ajuste en insuficiencia renal?	Reducir la dosis de CETIRIZINA y de bilastina en la insuficiencia renal, ya que se eliminan sin metabolizar.	Farmacoterapia::Inmunosupresores, biológicos y vacunas
Interacción crítica de Antihistamínicos H1 (cetirizina, loratadina, bilastina, dexclorfeniramina, hidroxizina) con Alcohol, benzodiazepinas, opioides (primera generación): ¿qué ocurre y qué se hace?	Sedación y depresión del sistema nervioso central aditivas. Manejo: Evitar; advertir sobre la conducción	Farmacoterapia::Inmunosupresores, biológicos y vacunas
Interacción crítica de Antihistamínicos H1 (cetirizina, loratadina, bilastina, dexclorfeniramina, hidroxizina) con Otros ANTICOLINÉRGICOS (antidepresivos tricíclicos, antiparkinsonianos, antiespasmódicos): ¿qué ocurre y qué se hace?	CARGA ANTICOLINÉRGICA acumulada: confusión, retención urinaria, estreñimiento y caídas en el anciano. Manejo: Sumar toda la carga anticolinérgica de la lista del paciente; los de primera generación figuran en los criterios de Beers	Farmacoterapia::Inmunosupresores, biológicos y vacunas
Efecto adverso grave de Antihistamínicos H1 (cetirizina, loratadina, bilastina, dexclorfeniramina, hidroxizina): CONFUSIÓN, delirium, retención urinaria y CAÍDAS en el anciano con los de primera generación — ¿en qué consiste?	CONFUSIÓN, delirium, retención urinaria y CAÍDAS en el anciano con los de primera generación	Farmacoterapia::Inmunosupresores, biológicos y vacunas
Efecto adverso grave de Antihistamínicos H1 (cetirizina, loratadina, bilastina, dexclorfeniramina, hidroxizina): Convulsiones y arritmias en SOBREDOSIS de primera generación — ¿en qué consiste?	Convulsiones y arritmias en SOBREDOSIS de primera generación	Farmacoterapia::Inmunosupresores, biológicos y vacunas
Efecto adverso grave de Antihistamínicos H1 (cetirizina, loratadina, bilastina, dexclorfeniramina, hidroxizina): Glaucoma agudo de ángulo cerrado en el predispuesto — ¿en qué consiste?	Glaucoma agudo de ángulo cerrado en el predispuesto	Farmacoterapia::Inmunosupresores, biológicos y vacunas
Efecto adverso grave de Antihistamínicos H1 (cetirizina, loratadina, bilastina, dexclorfeniramina, hidroxizina): Prolongación del QT — ¿en qué consiste?	Prolongación del QT (histórica, con los retirados terfenadina y astemizol; los actuales son seguros)	Farmacoterapia::Inmunosupresores, biológicos y vacunas
Efecto adverso grave de Antihistamínicos H1 (cetirizina, loratadina, bilastina, dexclorfeniramina, hidroxizina): Depresión respiratoria en el LACTANTE, motivo por el que están contraindicados en el menor de 2 años — ¿en qué consiste?	Depresión respiratoria en el LACTANTE, motivo por el que están contraindicados en el menor de 2 años	Farmacoterapia::Inmunosupresores, biológicos y vacunas
¿Está contraindicado Antihistamínicos H1 (cetirizina, loratadina, bilastina, dexclorfeniramina, hidroxizina) en: Menores de 2 años para los de primera generación?	Sí — Menores de 2 años para los de primera generación	Farmacoterapia::Inmunosupresores, biológicos y vacunas
¿Está contraindicado Antihistamínicos H1 (cetirizina, loratadina, bilastina, dexclorfeniramina, hidroxizina) en: Glaucoma de ángulo cerrado, hipertrofia prostática con retención y obstrucción digestiva?	Sí — Glaucoma de ángulo cerrado, hipertrofia prostática con retención y obstrucción digestiva (primera generación)	Farmacoterapia::Inmunosupresores, biológicos y vacunas
¿Está contraindicado Antihistamínicos H1 (cetirizina, loratadina, bilastina, dexclorfeniramina, hidroxizina) en: Precaución en el anciano?	Sí — Precaución en el anciano: criterios de Beers	Farmacoterapia::Inmunosupresores, biológicos y vacunas
¿Está contraindicado Antihistamínicos H1 (cetirizina, loratadina, bilastina, dexclorfeniramina, hidroxizina) en: Hipersensibilidad conocida?	Sí — Hipersensibilidad conocida	Farmacoterapia::Inmunosupresores, biológicos y vacunas
Particularidad de Antihistamínicos H1 (cetirizina, loratadina, bilastina, dexclorfeniramina, hidroxizina) que hay que tener en cuenta:	El error que más daño causa con esta familia es usarlos como si trataran la ANAFILAXIA. No la tratan: no revierten el edema laríngeo ni la hipotensión, solo alivian el prurito y los habones. Administrarlos en lugar de la adrenalina, o antes que ella, es una de las causas descritas de muerte por anafilaxia.	Farmacoterapia::Inmunosupresores, biológicos y vacunas
¿A qué clase farmacológica pertenece Rituximab?	Inmunosupresor biológico (Anticuerpo monoclonal quimérico anti-CD20)	Farmacoterapia::Inmunosupresores, biológicos y vacunas
¿Cuál es el mecanismo de acción de Rituximab?	Se une al antígeno CD20 de la superficie del LINFOCITO B y lo destruye por tres vías: citotoxicidad dependiente de anticuerpo, citotoxicidad dependiente de complemento e inducción de apoptosis. El detalle que explica todo su perfil clínico es DÓNDE se expresa el CD20: está en el linfocito B desde el estadio pre-B hasta el B maduro, pero NO en la célula madre hematopoyética ni en la CÉLULA PLASMÁTICA. La consecuencia práctica es doble: la médula puede repoblar el compartimento B tras 6-12 meses, y las células plasmáticas de larga vida siguen produciendo anticuerpos, de modo que las inmunoglobulinas totales caen despacio y la memoria vacunal previa se conserva en buena medida. Su eficacia en enfermedades por autoanticuerpos se debe más a la eliminación del linfocito B como célula presentadora de antígeno y productora de citocinas que a la simple supresión de anticuerpos.	Farmacoterapia::Inmunosupresores, biológicos y vacunas
¿Qué distingue a Rituximab de los demás fármacos de su clase (Inmunosupresor biológico)?	<b>Anti-CD20: elimina los linfocitos B</b> (no los T). Linfomas B, artritis reumatoide seropositiva, vasculitis ANCA, nefropatía membranosa.	Farmacoterapia::Inmunosupresores, biológicos y vacunas
¿Cuál es la dosis de Rituximab en VASCULITIS ASOCIADA A ANCA (granulomatosis con poliangeítis y poliangeítis microscópica)?	375 mg/m² semanal durante 4 semanas, o 1 g en los días 1 y 15 — Ciclo de inducción y después mantenimiento cada 6 meses, vía IV	Farmacoterapia::Inmunosupresores, biológicos y vacunas
¿Cuál es la dosis de Rituximab en ARTRITIS REUMATOIDE con fracaso de anti-TNF?	1 g en los días 1 y 15, repetible cada 6-12 meses según la actividad — Dos infusiones separadas 15 días, en ciclos, vía IV	Farmacoterapia::Inmunosupresores, biológicos y vacunas
¿Cuál es la dosis de Rituximab en Linfoma no Hodgkin de células B y leucemia linfática crónica?	375 mg/m² por ciclo, asociado a quimioterapia (esquema R-CHOP) — Con cada ciclo de quimioterapia, vía IV	Farmacoterapia::Inmunosupresores, biológicos y vacunas
¿Cuál es la dosis de Rituximab en PÉNFIGO vulgar?	1 g en los días 1 y 15 — Ciclo repetible, vía IV	Farmacoterapia::Inmunosupresores, biológicos y vacunas
¿Cuál es la dosis de Rituximab en Esclerosis múltiple y neuromielitis óptica; nefropatía membranosa idiopática?	1 g en los días 1 y 15, con reciclado según recuento de linfocitos B — Ciclos semestrales o guiados por CD19, vía IV	Farmacoterapia::Inmunosupresores, biológicos y vacunas
¿A qué objetivo se ajusta la dosis de Rituximab en Esclerosis múltiple y neuromielitis óptica; nefropatía membranosa idiopática?	Depleción de linfocitos B CD19 en sangre periférica	Farmacoterapia::Inmunosupresores, biológicos y vacunas
¿Cuánto dura el tratamiento con Rituximab?	Ciclos repetidos durante años en la enfermedad autoinmune.	Farmacoterapia::Inmunosupresores, biológicos y vacunas
¿Cómo se suspende Rituximab?	Se espacian o se suspenden los ciclos en remisión mantenida. Hay que recordar que la depleción B persiste 6-12 meses después de la última dosis, y el riesgo infeccioso con ella.	Farmacoterapia::Inmunosupresores, biológicos y vacunas
¿Qué hay que monitorizar durante el tratamiento con Rituximab?	INMUNOGLOBULINAS antes de cada ciclo (la hipogammaglobulinemia es acumulativa), recuento de CD19, hemograma, y vigilancia de infecciones. Serología y carga viral de VHB en el portador.	Farmacoterapia::Inmunosupresores, biológicos y vacunas
¿Cuál es la vida media de Rituximab?	Unos 21 días, pero el EFECTO BIOLÓGICO (depleción de linfocitos B) dura de 6 a 12 meses, mucho más allá de la presencia del fármaco.	Farmacoterapia::Inmunosupresores, biológicos y vacunas
¿Requiere Rituximab ajuste en insuficiencia renal?	No requiere ajuste.	Farmacoterapia::Inmunosupresores, biológicos y vacunas
Interacción crítica de Rituximab con VACUNAS (vivas e inactivadas): ¿qué ocurre y qué se hace?	Las VIVAS están contraindicadas; las INACTIVADAS producen una respuesta muy pobre durante 6-12 meses. Manejo: Vacunar al menos 4 semanas ANTES del primer ciclo. Es una de las decisiones que más impacto tiene en la vida posterior del paciente	Farmacoterapia::Inmunosupresores, biológicos y vacunas
Interacción crítica de Rituximab con Otros inmunosupresores y biológicos: ¿qué ocurre y qué se hace?	Suma de riesgo infeccioso. Manejo: Vigilancia estrecha; evitar combinaciones no justificadas	Farmacoterapia::Inmunosupresores, biológicos y vacunas
Efecto adverso grave de Rituximab: REACTIVACIÓN DE HEPATITIS B, potencialmente FULMINANTE y mortal — ¿en qué consiste?	REACTIVACIÓN DE HEPATITIS B, potencialmente FULMINANTE y mortal: es la complicación más grave y la más evitable	Farmacoterapia::Inmunosupresores, biológicos y vacunas
Efecto adverso grave de Rituximab: HIPOGAMMAGLOBULINEMIA acumulativa con infecciones de repetición, que puede requerir inmunoglobulinas sustitutivas — ¿en qué consiste?	HIPOGAMMAGLOBULINEMIA acumulativa con infecciones de repetición, que puede requerir inmunoglobulinas sustitutivas	Farmacoterapia::Inmunosupresores, biológicos y vacunas
Efecto adverso grave de Rituximab: LEUCOENCEFALOPATÍA MULTIFOCAL PROGRESIVA por virus JC — ¿en qué consiste?	LEUCOENCEFALOPATÍA MULTIFOCAL PROGRESIVA por virus JC (rara pero casi siempre mortal)	Farmacoterapia::Inmunosupresores, biológicos y vacunas
Efecto adverso grave de Rituximab: Síndrome de LISIS TUMORAL en la enfermedad hematológica de alta carga — ¿en qué consiste?	Síndrome de LISIS TUMORAL en la enfermedad hematológica de alta carga	Farmacoterapia::Inmunosupresores, biológicos y vacunas
Efecto adverso grave de Rituximab: Reacciones mucocutáneas graves — ¿en qué consiste?	Reacciones mucocutáneas graves	Farmacoterapia::Inmunosupresores, biológicos y vacunas
Efecto adverso grave de Rituximab: Neutropenia de inicio tardío, meses después del ciclo — ¿en qué consiste?	Neutropenia de inicio tardío, meses después del ciclo	Farmacoterapia::Inmunosupresores, biológicos y vacunas
Efecto adverso grave de Rituximab: Perforación intestinal en pacientes con afectación digestiva — ¿en qué consiste?	Perforación intestinal en pacientes con afectación digestiva	Farmacoterapia::Inmunosupresores, biológicos y vacunas
¿Está contraindicado Rituximab en: HEPATITIS B activa o portador sin profilaxis antiviral?	Sí — HEPATITIS B activa o portador sin profilaxis antiviral	Farmacoterapia::Inmunosupresores, biológicos y vacunas
¿Está contraindicado Rituximab en: Infección activa grave?	Sí — Infección activa grave	Farmacoterapia::Inmunosupresores, biológicos y vacunas
¿Está contraindicado Rituximab en: Hipogammaglobulinemia grave preexistente?	Sí — Hipogammaglobulinemia grave preexistente	Farmacoterapia::Inmunosupresores, biológicos y vacunas
¿Está contraindicado Rituximab en: Insuficiencia cardiaca grave?	Sí — Insuficiencia cardiaca grave (por la carga de volumen de la infusión y las reacciones)	Farmacoterapia::Inmunosupresores, biológicos y vacunas
¿Está contraindicado Rituximab en: Vacunas vivas concomitantes?	Sí — Vacunas vivas concomitantes	Farmacoterapia::Inmunosupresores, biológicos y vacunas
Particularidad de Rituximab que hay que tener en cuenta:	La regla de oro antes de la primera dosis: CRIBAR HEPATITIS B, incluyendo el anti-HBc y no solo el HBsAg. El portador oculto puede sufrir una reactivación fulminante meses después, y es una de las complicaciones más evitables de toda la medicina: basta con profilaxis antiviral con entecavir o tenofovir.	Farmacoterapia::Inmunosupresores, biológicos y vacunas
¿A qué clase farmacológica pertenece Tocilizumab (y otros inhibidores de IL-6)?	Inmunosupresor biológico (Anticuerpo monoclonal frente al receptor de la interleucina 6)	Farmacoterapia::Inmunosupresores, biológicos y vacunas
¿Cuál es el mecanismo de acción de Tocilizumab (y otros inhibidores de IL-6)?	Bloquea el receptor de la INTERLEUCINA 6, tanto en su forma de membrana como soluble. La IL-6 es la citocina responsable de la mayor parte de la RESPUESTA DE FASE AGUDA: induce la síntesis hepática de proteína C reactiva, fibrinógeno y HEPCIDINA, produce fiebre, estimula la osteoclastogénesis y activa al linfocito T. Bloquearla tiene dos consecuencias clínicas que hay que anticipar. La primera es terapéutica: mejora la anemia de la inflamación crónica al bajar la hepcidina y liberar el hierro secuestrado en los macrófagos. La segunda es diagnóstica y peligrosa: al suprimir la fase aguda, la PROTEÍNA C REACTIVA y la FIEBRE dejan de subir aunque haya una infección grave, de modo que el paciente puede tener una perforación intestinal o una sepsis con una analítica engañosamente tranquila.	Farmacoterapia::Inmunosupresores, biológicos y vacunas
¿Qué distingue a Tocilizumab (y otros inhibidores de IL-6) de los demás fármacos de su clase (Inmunosupresor biológico)?	<b>Bloquea la IL-6</b>: <b>enmascara la fiebre y la PCR</b> (una infección grave puede cursar con PCR normal).	Farmacoterapia::Inmunosupresores, biológicos y vacunas
¿Cuál es la dosis de Tocilizumab (y otros inhibidores de IL-6) en ARTRITIS REUMATOIDE con fracaso de metotrexato o de anti-TNF?	8 mg/kg IV cada 4 semanas, o 162 mg SC semanal — Mensual IV o semanal SC, vía IV	Farmacoterapia::Inmunosupresores, biológicos y vacunas
¿Cuál es la dosis de Tocilizumab (y otros inhibidores de IL-6) en ARTERITIS DE CÉLULAS GIGANTES?	162 mg SC semanal — Semanal, vía SC	Farmacoterapia::Inmunosupresores, biológicos y vacunas
¿Cuál es la dosis de Tocilizumab (y otros inhibidores de IL-6) en Síndrome de LIBERACIÓN DE CITOCINAS por células CAR-T?	8 mg/kg IV, repetible hasta 4 dosis — Dosis repetible cada 8 horas si no hay respuesta, vía IV	Farmacoterapia::Inmunosupresores, biológicos y vacunas
¿Cuál es la dosis de Tocilizumab (y otros inhibidores de IL-6) en Artritis idiopática juvenil sistémica y poliarticular?	8-12 mg/kg IV cada 2 semanas según peso — Cada 2 semanas, vía IV	Farmacoterapia::Inmunosupresores, biológicos y vacunas
¿Cuál es la dosis de Tocilizumab (y otros inhibidores de IL-6) en COVID-19 grave con hiperinflamación?	8 mg/kg IV en dosis única — Dosis única, vía IV	Farmacoterapia::Inmunosupresores, biológicos y vacunas
¿Cuánto dura el tratamiento con Tocilizumab (y otros inhibidores de IL-6)?	Prolongada mientras mantenga eficacia y seguridad; dosis única o pocas dosis en el síndrome de liberación de citocinas.	Farmacoterapia::Inmunosupresores, biológicos y vacunas
¿Cómo se suspende Tocilizumab (y otros inhibidores de IL-6)?	Suspensión ante infección grave y antes de cirugía mayor, teniendo presente que la ausencia de fiebre y de proteína C reactiva no descarta complicaciones.	Farmacoterapia::Inmunosupresores, biológicos y vacunas
¿Qué hay que monitorizar durante el tratamiento con Tocilizumab (y otros inhibidores de IL-6)?	Hemograma, transaminasas y perfil LIPÍDICO a las 4-8 semanas y después periódicamente. Vigilancia CLÍNICA de infección, sin apoyarse en la proteína C reactiva.	Farmacoterapia::Inmunosupresores, biológicos y vacunas
¿Cuál es la vida media de Tocilizumab (y otros inhibidores de IL-6)?	Hasta 13 días, dependiente de la dosis.	Farmacoterapia::Inmunosupresores, biológicos y vacunas
¿Requiere Tocilizumab (y otros inhibidores de IL-6) ajuste en insuficiencia renal?	No requiere ajuste.	Farmacoterapia::Inmunosupresores, biológicos y vacunas
Interacción crítica de Tocilizumab (y otros inhibidores de IL-6) con Sustratos del CYP3A4, CYP2C9 y CYP1A2 (estatinas, anticonceptivos, WARFARINA, ciclosporina, teofilina, omeprazol): ¿qué ocurre y qué se hace?	La IL-6 INHIBE la expresión de los citocromos; al bloquearla, la actividad enzimática se NORMALIZA y las concentraciones de estos fármacos CAEN. Manejo: Es una interacción contraintuitiva y muy elegante: no es el fármaco el que induce el citocromo, es la desaparición de la inflamación la que lo desinhibe. Vigilar el INR (puede bajar) y los niveles de ciclosporina en las semanas siguientes	Farmacoterapia::Inmunosupresores, biológicos y vacunas
Interacción crítica de Tocilizumab (y otros inhibidores de IL-6) con Otros biológicos y anti-TNF: ¿qué ocurre y qué se hace?	Riesgo infeccioso aditivo sin ganancia. Manejo: Contraindicada la combinación	Farmacoterapia::Inmunosupresores, biológicos y vacunas
Interacción crítica de Tocilizumab (y otros inhibidores de IL-6) con Vacunas vivas: ¿qué ocurre y qué se hace?	Riesgo de infección vacunal. Manejo: Contraindicadas; administrarlas antes de iniciar	Farmacoterapia::Inmunosupresores, biológicos y vacunas
Efecto adverso grave de Tocilizumab (y otros inhibidores de IL-6): PERFORACIÓN INTESTINAL, sobre todo en pacientes con DIVERTICULOSIS o en tratamiento con corticoides — ¿en qué consiste?	PERFORACIÓN INTESTINAL, sobre todo en pacientes con DIVERTICULOSIS o en tratamiento con corticoides: es su complicación más característica y se presenta SIN fiebre ni elevación de reactantes	Farmacoterapia::Inmunosupresores, biológicos y vacunas
Efecto adverso grave de Tocilizumab (y otros inhibidores de IL-6): Infecciones graves y oportunistas, incluida la tuberculosis — ¿en qué consiste?	Infecciones graves y oportunistas, incluida la tuberculosis	Farmacoterapia::Inmunosupresores, biológicos y vacunas
Efecto adverso grave de Tocilizumab (y otros inhibidores de IL-6): Hepatotoxicidad grave — ¿en qué consiste?	Hepatotoxicidad grave	Farmacoterapia::Inmunosupresores, biológicos y vacunas
Efecto adverso grave de Tocilizumab (y otros inhibidores de IL-6): Reactivación de hepatitis B — ¿en qué consiste?	Reactivación de hepatitis B	Farmacoterapia::Inmunosupresores, biológicos y vacunas
Efecto adverso grave de Tocilizumab (y otros inhibidores de IL-6): Reacciones anafilácticas — ¿en qué consiste?	Reacciones anafilácticas	Farmacoterapia::Inmunosupresores, biológicos y vacunas
Efecto adverso grave de Tocilizumab (y otros inhibidores de IL-6): Neutropenia grave — ¿en qué consiste?	Neutropenia grave	Farmacoterapia::Inmunosupresores, biológicos y vacunas
¿Está contraindicado Tocilizumab (y otros inhibidores de IL-6) en: Infección activa grave?	Sí — Infección activa grave	Farmacoterapia::Inmunosupresores, biológicos y vacunas
¿Está contraindicado Tocilizumab (y otros inhibidores de IL-6) en: Neutropenia inferior a 500 o plaquetas inferiores a 50.000?	Sí — Neutropenia inferior a 500 o plaquetas inferiores a 50.000	Farmacoterapia::Inmunosupresores, biológicos y vacunas
¿Está contraindicado Tocilizumab (y otros inhibidores de IL-6) en: Transaminasas más de 5 veces el límite superior de la normalidad?	Sí — Transaminasas más de 5 veces el límite superior de la normalidad	Farmacoterapia::Inmunosupresores, biológicos y vacunas
¿Está contraindicado Tocilizumab (y otros inhibidores de IL-6) en: Antecedente de perforación intestinal o diverticulitis complicada?	Sí — Antecedente de perforación intestinal o diverticulitis complicada (precaución máxima)	Farmacoterapia::Inmunosupresores, biológicos y vacunas
¿Está contraindicado Tocilizumab (y otros inhibidores de IL-6) en: Vacunas vivas concomitantes?	Sí — Vacunas vivas concomitantes	Farmacoterapia::Inmunosupresores, biológicos y vacunas
Particularidad de Tocilizumab (y otros inhibidores de IL-6) que hay que tener en cuenta:	La advertencia que define el seguimiento de este fármaco: BORRA la PROTEÍNA C REACTIVA y la FIEBRE. Un paciente en tratamiento con tocilizumab puede tener una sepsis, un absceso o una perforación intestinal con una PCR normal y sin fiebre. Hay que diagnosticar por la clínica y por la imagen, y no dejarse tranquilizar por una analítica que el propio fármaco ha falsificado.	Farmacoterapia::Inmunosupresores, biológicos y vacunas
