¿A qué clase farmacológica pertenece Pioglitazona?	Antidiabético oral (sensibilizador y otros mecanismos) (Tiazolidinediona (glitazona), agonista PPAR-gamma)	Farmacoterapia::Endocrinología y metabolismo
¿Cuál es el mecanismo de acción de Pioglitazona?	Agonista del receptor nuclear PPAR-gamma: aumenta la transcripción de genes que mejoran la captación periférica de glucosa y redistribuye la grasa visceral.	Farmacoterapia::Endocrinología y metabolismo
¿Qué distingue a Pioglitazona de los demás fármacos de su clase (Antidiabético oral (sensibilizador y otros mecanismos))?	<b>SENSIBILIZADOR de la insulina en músculo y tejido adiposo</b> (la metformina actúa sobre todo en el hígado); sin hipoglucemia.	Farmacoterapia::Endocrinología y metabolismo
¿Cuál es la dosis de Pioglitazona en Diabetes tipo 2 (añadida, especialmente con esteatohepatitis o resistencia insulínica marcada)?	15-45 mg — Cada 24 h, vía VO	Farmacoterapia::Endocrinología y metabolismo
¿Cuánto dura el tratamiento con Pioglitazona?	Indefinida si eficaz.	Farmacoterapia::Endocrinología y metabolismo
¿Cómo se suspende Pioglitazona?	Suspender si edemas importantes, IC o hematuria.	Farmacoterapia::Endocrinología y metabolismo
¿Qué hay que monitorizar durante el tratamiento con Pioglitazona?	Peso, edemas, transaminasas, hematuria.	Farmacoterapia::Endocrinología y metabolismo
¿Cuál es la vida media de Pioglitazona?	3-7 h (metabolitos 16-24 h).	Farmacoterapia::Endocrinología y metabolismo
¿Requiere Pioglitazona ajuste en insuficiencia renal?	No precisa.	Farmacoterapia::Endocrinología y metabolismo
Interacción crítica de Pioglitazona con Insulina: ¿qué ocurre y qué se hace?	Más edema e insuficiencia cardiaca. Manejo: Evitar la combinación en riesgo de IC	Farmacoterapia::Endocrinología y metabolismo
Efecto adverso grave de Pioglitazona: <b>Insuficiencia cardiaca</b> — ¿en qué consiste?	<b>Insuficiencia cardiaca</b>	Farmacoterapia::Endocrinología y metabolismo
Efecto adverso grave de Pioglitazona: Fracturas — ¿en qué consiste?	Fracturas (extremidades distales, mujeres)	Farmacoterapia::Endocrinología y metabolismo
Efecto adverso grave de Pioglitazona: Cáncer de vejiga — ¿en qué consiste?	Cáncer de vejiga (asociación)	Farmacoterapia::Endocrinología y metabolismo
Efecto adverso grave de Pioglitazona: Edema macular — ¿en qué consiste?	Edema macular	Farmacoterapia::Endocrinología y metabolismo
¿Está contraindicado Pioglitazona en: **Insuficiencia cardiaca?	Sí — <b>Insuficiencia cardiaca (cualquier grado)</b>	Farmacoterapia::Endocrinología y metabolismo
¿Está contraindicado Pioglitazona en: Cáncer de vejiga o hematuria no estudiada?	Sí — Cáncer de vejiga o hematuria no estudiada	Farmacoterapia::Endocrinología y metabolismo
¿Está contraindicado Pioglitazona en: Hepatopatía activa?	Sí — Hepatopatía activa	Farmacoterapia::Endocrinología y metabolismo
¿Está contraindicado Pioglitazona en: Cetoacidosis?	Sí — Cetoacidosis	Farmacoterapia::Endocrinología y metabolismo
Particularidad de Pioglitazona que hay que tener en cuenta:	DM2 con hígado graso y fibrosis: pioglitazona y GLP-1 son las opciones con mejor efecto hepático.	Farmacoterapia::Endocrinología y metabolismo
¿A qué clase farmacológica pertenece Acarbosa?	Antidiabético oral (sensibilizador y otros mecanismos) (Inhibidor de las alfa-glucosidasas intestinales)	Farmacoterapia::Endocrinología y metabolismo
¿Cuál es el mecanismo de acción de Acarbosa?	Inhibe competitivamente las alfa-glucosidasas del borde en cepillo, retrasando la digestión de oligo y disacáridos.	Farmacoterapia::Endocrinología y metabolismo
¿Qué distingue a Acarbosa de los demás fármacos de su clase (Antidiabético oral (sensibilizador y otros mecanismos))?	<b>Retrasa la absorción de los hidratos de carbono</b>: reduce solo la glucemia POSPRANDIAL (descenso de HbA1c modesto, 0,5%).	Farmacoterapia::Endocrinología y metabolismo
¿Cuál es la dosis de Acarbosa en Diabetes tipo 2 con hiperglucemia posprandial (complementario)?	50 mg → 100 mg — Cada 8 h, con el primer bocado, vía VO	Farmacoterapia::Endocrinología y metabolismo
¿Cuánto dura el tratamiento con Acarbosa?	Indefinida si se tolera.	Farmacoterapia::Endocrinología y metabolismo
¿Cómo se suspende Acarbosa?	—	Farmacoterapia::Endocrinología y metabolismo
¿Qué hay que monitorizar durante el tratamiento con Acarbosa?	Tolerancia, transaminasas a dosis altas.	Farmacoterapia::Endocrinología y metabolismo
¿Cuál es la vida media de Acarbosa?	2 h.	Farmacoterapia::Endocrinología y metabolismo
¿Requiere Acarbosa ajuste en insuficiencia renal?	Evitar con FG <25.	Farmacoterapia::Endocrinología y metabolismo
Efecto adverso grave de Acarbosa: Elevación de transaminasas — ¿en qué consiste?	Elevación de transaminasas (dosis altas)	Farmacoterapia::Endocrinología y metabolismo
Efecto adverso grave de Acarbosa: Neumatosis intestinal — ¿en qué consiste?	Neumatosis intestinal (rara)	Farmacoterapia::Endocrinología y metabolismo
¿Está contraindicado Acarbosa en: Enfermedad inflamatoria intestinal?	Sí — Enfermedad inflamatoria intestinal	Farmacoterapia::Endocrinología y metabolismo
¿Está contraindicado Acarbosa en: Obstrucción intestinal?	Sí — Obstrucción intestinal	Farmacoterapia::Endocrinología y metabolismo
¿Está contraindicado Acarbosa en: FG <25?	Sí — FG <25	Farmacoterapia::Endocrinología y metabolismo
Particularidad de Acarbosa que hay que tener en cuenta:	Poco usada hoy; su ventaja es no producir hipoglucemia ni aumento de peso.	Farmacoterapia::Endocrinología y metabolismo
¿A qué clase farmacológica pertenece Gliclazida?	Secretagogo de insulina (sulfonilurea y glinida) (Sulfonilurea de segunda generación de liberación modificada)	Farmacoterapia::Endocrinología y metabolismo
¿Cuál es el mecanismo de acción de Gliclazida?	Cierra los canales de K-ATP de la célula beta, despolarizándola y liberando insulina con independencia de la glucemia.	Farmacoterapia::Endocrinología y metabolismo
¿Qué distingue a Gliclazida de los demás fármacos de su clase (Secretagogo de insulina (sulfonilurea y glinida))?	<b>La sulfonilurea con MENOS HIPOGLUCEMIAS</b> y la preferida si se usa una (liberación modificada, metabolitos inactivos).	Farmacoterapia::Endocrinología y metabolismo
¿Cuál es la dosis de Gliclazida en Diabetes tipo 2 (segunda línea, si no hay acceso o contraindicación a otros)?	30 mg → 120 mg (liberación modificada) — Cada 24 h con el desayuno, vía VO	Farmacoterapia::Endocrinología y metabolismo
¿Cuánto dura el tratamiento con Gliclazida?	Indefinida.	Farmacoterapia::Endocrinología y metabolismo
¿Cómo se suspende Gliclazida?	Reducir o suspender al añadir insulina o si hay hipoglucemias.	Farmacoterapia::Endocrinología y metabolismo
¿Qué hay que monitorizar durante el tratamiento con Gliclazida?	Glucemia capilar, HbA1c.	Farmacoterapia::Endocrinología y metabolismo
¿Cuál es la vida media de Gliclazida?	12-20 h.	Farmacoterapia::Endocrinología y metabolismo
¿Requiere Gliclazida ajuste en insuficiencia renal?	FG 30-60: precaución con dosis bajas; evitar con FG <30.	Farmacoterapia::Endocrinología y metabolismo
Interacción crítica de Gliclazida con Fluconazol, cotrimoxazol, claritromicina: ¿qué ocurre y qué se hace?	<b>Hipoglucemia grave</b>. Manejo: Reducir dosis y vigilar glucemia	Farmacoterapia::Endocrinología y metabolismo
Efecto adverso grave de Gliclazida: Hipoglucemia grave prolongada — ¿en qué consiste?	Hipoglucemia grave prolongada (ancianos, ERC)	Farmacoterapia::Endocrinología y metabolismo
Efecto adverso grave de Gliclazida: Hemólisis en déficit de G6PD — ¿en qué consiste?	Hemólisis en déficit de G6PD	Farmacoterapia::Endocrinología y metabolismo
¿Está contraindicado Gliclazida en: Diabetes tipo 1?	Sí — Diabetes tipo 1	Farmacoterapia::Endocrinología y metabolismo
¿Está contraindicado Gliclazida en: Cetoacidosis?	Sí — Cetoacidosis	Farmacoterapia::Endocrinología y metabolismo
¿Está contraindicado Gliclazida en: Insuficiencia renal o hepática grave?	Sí — Insuficiencia renal o hepática grave	Farmacoterapia::Endocrinología y metabolismo
¿Está contraindicado Gliclazida en: Embarazo?	Sí — Embarazo	Farmacoterapia::Endocrinología y metabolismo
Particularidad de Gliclazida que hay que tener en cuenta:	Si se usa una sulfonilurea en un anciano, que sea gliclazida a dosis baja.	Farmacoterapia::Endocrinología y metabolismo
¿A qué clase farmacológica pertenece Glimepirida?	Secretagogo de insulina (sulfonilurea y glinida) (Sulfonilurea de tercera generación)	Farmacoterapia::Endocrinología y metabolismo
¿Cuál es el mecanismo de acción de Glimepirida?	Cierre de los canales K-ATP de la célula beta.	Farmacoterapia::Endocrinología y metabolismo
¿Qué distingue a Glimepirida de los demás fármacos de su clase (Secretagogo de insulina (sulfonilurea y glinida))?	<b>Dosis ÚNICA diaria (1-4 mg)</b>, con hipoglucemia intermedia entre gliclazida (menor) y glibenclamida (mayor).	Farmacoterapia::Endocrinología y metabolismo
¿Cuál es la dosis de Glimepirida en Diabetes tipo 2 (segunda línea)?	1 mg → 4 mg (máx. 6 mg) — Cada 24 h con el desayuno, vía VO	Farmacoterapia::Endocrinología y metabolismo
¿Cuánto dura el tratamiento con Glimepirida?	Indefinida.	Farmacoterapia::Endocrinología y metabolismo
¿Cómo se suspende Glimepirida?	—	Farmacoterapia::Endocrinología y metabolismo
¿Qué hay que monitorizar durante el tratamiento con Glimepirida?	Glucemia, HbA1c, función renal.	Farmacoterapia::Endocrinología y metabolismo
¿Cuál es la vida media de Glimepirida?	5-9 h.	Farmacoterapia::Endocrinología y metabolismo
¿Requiere Glimepirida ajuste en insuficiencia renal?	FG <60: iniciar con 1 mg; evitar con FG <30.	Farmacoterapia::Endocrinología y metabolismo
Interacción crítica de Glimepirida con Fluconazol, cotrimoxazol, warfarina: ¿qué ocurre y qué se hace?	Hipoglucemia. Manejo: Reducir dosis	Farmacoterapia::Endocrinología y metabolismo
Efecto adverso grave de Glimepirida: Hipoglucemia grave prolongada — ¿en qué consiste?	Hipoglucemia grave prolongada	Farmacoterapia::Endocrinología y metabolismo
¿Está contraindicado Glimepirida en: Diabetes tipo 1?	Sí — Diabetes tipo 1	Farmacoterapia::Endocrinología y metabolismo
¿Está contraindicado Glimepirida en: Insuficiencia renal o hepática grave?	Sí — Insuficiencia renal o hepática grave	Farmacoterapia::Endocrinología y metabolismo
¿Está contraindicado Glimepirida en: Embarazo?	Sí — Embarazo	Farmacoterapia::Endocrinología y metabolismo
¿Está contraindicado Glimepirida en: Alergia a sulfonamidas?	Sí — Alergia a sulfonamidas (relativa)	Farmacoterapia::Endocrinología y metabolismo
Particularidad de Glimepirida que hay que tener en cuenta:	Hipoglucemia por sulfonilurea: puede recurrir durante 24-72 h → ingreso.	Farmacoterapia::Endocrinología y metabolismo
¿A qué clase farmacológica pertenece Repaglinida?	Secretagogo de insulina (sulfonilurea y glinida) (Glinida (meglitinida) de acción rápida y corta)	Farmacoterapia::Endocrinología y metabolismo
¿Cuál es el mecanismo de acción de Repaglinida?	Cierra los canales K-ATP en un sitio distinto al de las sulfonilureas, con unión breve: secreción de insulina prandial.	Farmacoterapia::Endocrinología y metabolismo
¿Qué distingue a Repaglinida de los demás fármacos de su clase (Secretagogo de insulina (sulfonilurea y glinida))?	<b>Acción RÁPIDA y CORTA: se toma con cada comida</b> y se omite si no se come (útil con horarios irregulares).	Farmacoterapia::Endocrinología y metabolismo
¿Cuál es la dosis de Repaglinida en Diabetes tipo 2, especialmente con ERC o comidas irregulares?	0,5 mg → 1-4 mg — 15 min antes de cada comida principal, vía VO	Farmacoterapia::Endocrinología y metabolismo
¿Cuánto dura el tratamiento con Repaglinida?	Indefinida.	Farmacoterapia::Endocrinología y metabolismo
¿Cómo se suspende Repaglinida?	—	Farmacoterapia::Endocrinología y metabolismo
¿Qué hay que monitorizar durante el tratamiento con Repaglinida?	Glucemias pre y posprandiales.	Farmacoterapia::Endocrinología y metabolismo
¿Cuál es la vida media de Repaglinida?	1 h.	Farmacoterapia::Endocrinología y metabolismo
¿Requiere Repaglinida ajuste en insuficiencia renal?	No precisa (precaución con FG <30 al iniciar).	Farmacoterapia::Endocrinología y metabolismo
Interacción crítica de Repaglinida con Gemfibrozilo, clopidogrel: ¿qué ocurre y qué se hace?	<b>Hipoglucemia grave</b> (inhiben CYP2C8). Manejo: Contraindicado / evitar	Farmacoterapia::Endocrinología y metabolismo
Efecto adverso grave de Repaglinida: Hipoglucemia grave con interacciones — ¿en qué consiste?	Hipoglucemia grave con interacciones	Farmacoterapia::Endocrinología y metabolismo
¿Está contraindicado Repaglinida en: Diabetes tipo 1?	Sí — Diabetes tipo 1	Farmacoterapia::Endocrinología y metabolismo
¿Está contraindicado Repaglinida en: Uso con gemfibrozilo o clopidogrel?	Sí — Uso con gemfibrozilo o clopidogrel	Farmacoterapia::Endocrinología y metabolismo
¿Está contraindicado Repaglinida en: Insuficiencia hepática grave?	Sí — Insuficiencia hepática grave	Farmacoterapia::Endocrinología y metabolismo
Particularidad de Repaglinida que hay que tener en cuenta:	Paciente con repaglinida que empieza clopidogrel tras un SCA: cambiar el antidiabético.	Farmacoterapia::Endocrinología y metabolismo
¿A qué clase farmacológica pertenece Sitagliptina?	Inhibidor de la DPP-4 (gliptina) (Gliptina de eliminación renal)	Farmacoterapia::Endocrinología y metabolismo
¿Cuál es el mecanismo de acción de Sitagliptina?	Inhibe la DPP-4 y prolonga la acción de GLP-1 y GIP endógenos: secreción de insulina dependiente de glucosa y menor glucagón.	Farmacoterapia::Endocrinología y metabolismo
¿Qué distingue a Sitagliptina de los demás fármacos de su clase (Inhibidor de la DPP-4 (gliptina))?	<b>La gliptina con MÁS evidencia y seguridad cardiovascular demostrada</b> (TECOS: neutra en IC).	Farmacoterapia::Endocrinología y metabolismo
¿Cuál es la dosis de Sitagliptina en Diabetes tipo 2 (especialmente ancianos, sin hipoglucemia ni efecto sobre el peso)?	100 mg (50 mg si FG 30-45; 25 mg si <30) — Cada 24 h, vía VO	Farmacoterapia::Endocrinología y metabolismo
¿Cuánto dura el tratamiento con Sitagliptina?	Indefinida.	Farmacoterapia::Endocrinología y metabolismo
¿Cómo se suspende Sitagliptina?	Suspender si pancreatitis o penfigoide.	Farmacoterapia::Endocrinología y metabolismo
¿Qué hay que monitorizar durante el tratamiento con Sitagliptina?	HbA1c, FG.	Farmacoterapia::Endocrinología y metabolismo
¿Cuál es la vida media de Sitagliptina?	12 h.	Farmacoterapia::Endocrinología y metabolismo
¿Requiere Sitagliptina ajuste en insuficiencia renal?	<b>Sí (por FG).</b>	Farmacoterapia::Endocrinología y metabolismo
Efecto adverso grave de Sitagliptina: Pancreatitis aguda — ¿en qué consiste?	Pancreatitis aguda	Farmacoterapia::Endocrinología y metabolismo
Efecto adverso grave de Sitagliptina: <b>Penfigoide ampolloso</b> — ¿en qué consiste?	<b>Penfigoide ampolloso</b>	Farmacoterapia::Endocrinología y metabolismo
Efecto adverso grave de Sitagliptina: Artralgias graves — ¿en qué consiste?	Artralgias graves	Farmacoterapia::Endocrinología y metabolismo
¿Está contraindicado Sitagliptina en: Antecedente de pancreatitis?	Sí — Antecedente de pancreatitis	Farmacoterapia::Endocrinología y metabolismo
¿Está contraindicado Sitagliptina en: Diabetes tipo 1?	Sí — Diabetes tipo 1	Farmacoterapia::Endocrinología y metabolismo
¿Está contraindicado Sitagliptina en: Combinación con agonistas GLP-1?	Sí — Combinación con agonistas GLP-1 (sin beneficio)	Farmacoterapia::Endocrinología y metabolismo
Particularidad de Sitagliptina que hay que tener en cuenta:	Gliptina + GLP-1: misma vía, no se suman; no combinarlos.	Farmacoterapia::Endocrinología y metabolismo
¿A qué clase farmacológica pertenece Linagliptina?	Inhibidor de la DPP-4 (gliptina) (Gliptina de eliminación biliar)	Farmacoterapia::Endocrinología y metabolismo
¿Cuál es el mecanismo de acción de Linagliptina?	Inhibición de la DPP-4 con unión de alta afinidad y eliminación no renal.	Farmacoterapia::Endocrinología y metabolismo
¿Qué distingue a Linagliptina de los demás fármacos de su clase (Inhibidor de la DPP-4 (gliptina))?	<b>Eliminación BILIAR: 5 mg en TODOS los pacientes, sin ajuste renal</b> (ideal en la ERC avanzada y en diálisis).	Farmacoterapia::Endocrinología y metabolismo
¿Cuál es la dosis de Linagliptina en Diabetes tipo 2, especialmente con ERC?	5 mg — Cada 24 h, vía VO	Farmacoterapia::Endocrinología y metabolismo
¿Cuánto dura el tratamiento con Linagliptina?	Indefinida.	Farmacoterapia::Endocrinología y metabolismo
¿Cómo se suspende Linagliptina?	—	Farmacoterapia::Endocrinología y metabolismo
¿Qué hay que monitorizar durante el tratamiento con Linagliptina?	HbA1c.	Farmacoterapia::Endocrinología y metabolismo
¿Cuál es la vida media de Linagliptina?	>100 h (terminal).	Farmacoterapia::Endocrinología y metabolismo
¿Requiere Linagliptina ajuste en insuficiencia renal?	<b>No precisa.</b>	Farmacoterapia::Endocrinología y metabolismo
Efecto adverso grave de Linagliptina: Pancreatitis — ¿en qué consiste?	Pancreatitis	Farmacoterapia::Endocrinología y metabolismo
Efecto adverso grave de Linagliptina: Penfigoide ampolloso — ¿en qué consiste?	Penfigoide ampolloso	Farmacoterapia::Endocrinología y metabolismo
¿Está contraindicado Linagliptina en: Antecedente de pancreatitis?	Sí — Antecedente de pancreatitis	Farmacoterapia::Endocrinología y metabolismo
¿Está contraindicado Linagliptina en: Diabetes tipo 1?	Sí — Diabetes tipo 1	Farmacoterapia::Endocrinología y metabolismo
Particularidad de Linagliptina que hay que tener en cuenta:	Diabético en hemodiálisis que necesita un antidiabético oral: linagliptina.	Farmacoterapia::Endocrinología y metabolismo
¿A qué clase farmacológica pertenece Vildagliptina?	Inhibidor de la DPP-4 (gliptina) (Gliptina de dos tomas diarias)	Farmacoterapia::Endocrinología y metabolismo
¿Cuál es el mecanismo de acción de Vildagliptina?	Inhibición de la DPP-4.	Farmacoterapia::Endocrinología y metabolismo
¿Qué distingue a Vildagliptina de los demás fármacos de su clase (Inhibidor de la DPP-4 (gliptina))?	<b>Dos tomas diarias (50 mg/12 h)</b> frente a la dosis única del resto.	Farmacoterapia::Endocrinología y metabolismo
¿Cuál es la dosis de Vildagliptina en Diabetes tipo 2?	50 mg — Cada 12 h (cada 24 h si FG <50 o con sulfonilurea), vía VO	Farmacoterapia::Endocrinología y metabolismo
¿Cuánto dura el tratamiento con Vildagliptina?	Indefinida.	Farmacoterapia::Endocrinología y metabolismo
¿Cómo se suspende Vildagliptina?	Suspender si transaminasas >3 veces.	Farmacoterapia::Endocrinología y metabolismo
¿Qué hay que monitorizar durante el tratamiento con Vildagliptina?	Transaminasas trimestrales el primer año.	Farmacoterapia::Endocrinología y metabolismo
¿Cuál es la vida media de Vildagliptina?	3 h.	Farmacoterapia::Endocrinología y metabolismo
¿Requiere Vildagliptina ajuste en insuficiencia renal?	FG <50: 50 mg/24 h.	Farmacoterapia::Endocrinología y metabolismo
Efecto adverso grave de Vildagliptina: <b>Hepatotoxicidad</b> — ¿en qué consiste?	<b>Hepatotoxicidad</b>	Farmacoterapia::Endocrinología y metabolismo
Efecto adverso grave de Vildagliptina: Pancreatitis — ¿en qué consiste?	Pancreatitis	Farmacoterapia::Endocrinología y metabolismo
Efecto adverso grave de Vildagliptina: Penfigoide — ¿en qué consiste?	Penfigoide	Farmacoterapia::Endocrinología y metabolismo
¿Está contraindicado Vildagliptina en: Hepatopatía?	Sí — Hepatopatía	Farmacoterapia::Endocrinología y metabolismo
¿Está contraindicado Vildagliptina en: Antecedente de pancreatitis?	Sí — Antecedente de pancreatitis	Farmacoterapia::Endocrinología y metabolismo
Particularidad de Vildagliptina que hay que tener en cuenta:	Si hay hepatopatía, elegir otra gliptina.	Farmacoterapia::Endocrinología y metabolismo
¿A qué clase farmacológica pertenece Insulina aspart (y faster aspart)?	Insulina prandial (de acción rápida) (Análogo ultrarrápido)	Farmacoterapia::Endocrinología y metabolismo
¿Cuál es el mecanismo de acción de Insulina aspart (y faster aspart)?	Sustitución de prolina por aspártico que reduce la formación de hexámeros: absorción subcutánea rápida.	Farmacoterapia::Endocrinología y metabolismo
¿Qué distingue a Insulina aspart (y faster aspart) de los demás fármacos de su clase (Insulina prandial (de acción rápida))?	<b>Análogo rápido</b>: inicio a los 10-15 min (la <b>faster aspart, a los 2-5 min</b>: puede ponerse justo al empezar a comer o hasta 20 min después).	Farmacoterapia::Endocrinología y metabolismo
¿Cuál es la dosis de Insulina aspart (y faster aspart) en Insulina prandial y de corrección (DM1, DM2 con basal-bolo)?	Según ratio insulina/raciones y factor de sensibilidad — 0-15 min antes de cada comida, vía SC	Farmacoterapia::Endocrinología y metabolismo
¿A qué objetivo se ajusta la dosis de Insulina aspart (y faster aspart) en Insulina prandial y de corrección (DM1, DM2 con basal-bolo)?	Glucemia posprandial <180 mg/dL	Farmacoterapia::Endocrinología y metabolismo
¿Cuánto dura el tratamiento con Insulina aspart (y faster aspart)?	Indefinida.	Farmacoterapia::Endocrinología y metabolismo
¿Cómo se suspende Insulina aspart (y faster aspart)?	—	Farmacoterapia::Endocrinología y metabolismo
¿Qué hay que monitorizar durante el tratamiento con Insulina aspart (y faster aspart)?	Glucemias capilares o MCG.	Farmacoterapia::Endocrinología y metabolismo
¿Cuál es la vida media de Insulina aspart (y faster aspart)?	Efecto 3-5 h.	Farmacoterapia::Endocrinología y metabolismo
¿Requiere Insulina aspart (y faster aspart) ajuste en insuficiencia renal?	Necesidades menores en ERC.	Farmacoterapia::Endocrinología y metabolismo
Efecto adverso grave de Insulina aspart (y faster aspart): Hipoglucemia grave — ¿en qué consiste?	Hipoglucemia grave	Farmacoterapia::Endocrinología y metabolismo
Efecto adverso grave de Insulina aspart (y faster aspart): Hipopotasemia — ¿en qué consiste?	Hipopotasemia	Farmacoterapia::Endocrinología y metabolismo
¿Está contraindicado Insulina aspart (y faster aspart) en: Hipoglucemia?	Sí — Hipoglucemia	Farmacoterapia::Endocrinología y metabolismo
Particularidad de Insulina aspart (y faster aspart) que hay que tener en cuenta:	Ponerla tarde (tras la comida) produce picos posprandiales y luego hipoglucemias.	Farmacoterapia::Endocrinología y metabolismo
¿A qué clase farmacológica pertenece Insulina lispro?	Insulina prandial (de acción rápida) (Análogo rápido)	Farmacoterapia::Endocrinología y metabolismo
¿Cuál es el mecanismo de acción de Insulina lispro?	Inversión Lys-Pro en la cadena B que impide la autoasociación en hexámeros.	Farmacoterapia::Endocrinología y metabolismo
¿Qué distingue a Insulina lispro de los demás fármacos de su clase (Insulina prandial (de acción rápida))?	<b>Primer análogo rápido</b> (inversión de lisina y prolina): inicio en 15 min, duración 3-5 h.	Farmacoterapia::Endocrinología y metabolismo
¿Cuál es la dosis de Insulina lispro en Insulina prandial y de corrección?	Según ratio y sensibilidad — 0-15 min antes de las comidas, vía SC	Farmacoterapia::Endocrinología y metabolismo
¿A qué objetivo se ajusta la dosis de Insulina lispro en Insulina prandial y de corrección?	Glucemia posprandial <180 mg/dL	Farmacoterapia::Endocrinología y metabolismo
¿Cuánto dura el tratamiento con Insulina lispro?	Indefinida.	Farmacoterapia::Endocrinología y metabolismo
¿Cómo se suspende Insulina lispro?	—	Farmacoterapia::Endocrinología y metabolismo
¿Qué hay que monitorizar durante el tratamiento con Insulina lispro?	Glucemias.	Farmacoterapia::Endocrinología y metabolismo
¿Cuál es la vida media de Insulina lispro?	Efecto 3-5 h.	Farmacoterapia::Endocrinología y metabolismo
¿Requiere Insulina lispro ajuste en insuficiencia renal?	Necesidades menores.	Farmacoterapia::Endocrinología y metabolismo
Efecto adverso grave de Insulina lispro: Hipoglucemia grave — ¿en qué consiste?	Hipoglucemia grave	Farmacoterapia::Endocrinología y metabolismo
¿Está contraindicado Insulina lispro en: Hipoglucemia?	Sí — Hipoglucemia	Farmacoterapia::Endocrinología y metabolismo
Particularidad de Insulina lispro que hay que tener en cuenta:	Las premezcladas exigen horarios y comidas regulares; si no, basal-bolo.	Farmacoterapia::Endocrinología y metabolismo
¿A qué clase farmacológica pertenece Insulina regular (humana, cristalina)?	Insulina prandial (de acción rápida) (Insulina humana de acción rápida)	Farmacoterapia::Endocrinología y metabolismo
¿Cuál es el mecanismo de acción de Insulina regular (humana, cristalina)?	Insulina humana idéntica a la endógena; forma hexámeros que se disocian lentamente en el subcutáneo.	Farmacoterapia::Endocrinología y metabolismo
¿Qué distingue a Insulina regular (humana, cristalina) de los demás fármacos de su clase (Insulina prandial (de acción rápida))?	<b>La insulina de las PERFUSIONES IV</b> (cetoacidosis, hiperpotasemia, control glucémico en UCI): por vía IV actúa en minutos.	Farmacoterapia::Endocrinología y metabolismo
¿Cuál es la dosis de Insulina regular (humana, cristalina) en Cetoacidosis diabética y estado hiperosmolar?	0,1 UI/kg/h (± bolo 0,1 UI/kg) — Perfusión continua, vía IV	Farmacoterapia::Endocrinología y metabolismo
¿Cuál es la dosis de Insulina regular (humana, cristalina) en Hiperpotasemia?	10 UI con 25-50 g de glucosa — Dosis única, repetible, vía IV	Farmacoterapia::Endocrinología y metabolismo
¿Cuál es la dosis de Insulina regular (humana, cristalina) en Insulina prandial (alternativa económica)?	Según necesidades — 30 min antes de las comidas, vía SC	Farmacoterapia::Endocrinología y metabolismo
¿A qué objetivo se ajusta la dosis de Insulina regular (humana, cristalina) en Insulina prandial (alternativa económica)?	Glucemia posprandial <180 mg/dL	Farmacoterapia::Endocrinología y metabolismo
¿Cuánto dura el tratamiento con Insulina regular (humana, cristalina)?	Según indicación.	Farmacoterapia::Endocrinología y metabolismo
¿Cómo se suspende Insulina regular (humana, cristalina)?	IV: solapar 1-2 h con la basal SC.	Farmacoterapia::Endocrinología y metabolismo
¿Qué hay que monitorizar durante el tratamiento con Insulina regular (humana, cristalina)?	Glucemia horaria y potasio (IV).	Farmacoterapia::Endocrinología y metabolismo
¿Cuál es la vida media de Insulina regular (humana, cristalina)?	IV: 5-10 min; efecto SC 6-8 h.	Farmacoterapia::Endocrinología y metabolismo
¿Requiere Insulina regular (humana, cristalina) ajuste en insuficiencia renal?	Necesidades menores.	Farmacoterapia::Endocrinología y metabolismo
Efecto adverso grave de Insulina regular (humana, cristalina): Hipoglucemia grave — ¿en qué consiste?	Hipoglucemia grave	Farmacoterapia::Endocrinología y metabolismo
Efecto adverso grave de Insulina regular (humana, cristalina): Hipopotasemia con arritmias — ¿en qué consiste?	Hipopotasemia con arritmias	Farmacoterapia::Endocrinología y metabolismo
¿Está contraindicado Insulina regular (humana, cristalina) en: Hipoglucemia?	Sí — Hipoglucemia	Farmacoterapia::Endocrinología y metabolismo
Particularidad de Insulina regular (humana, cristalina) que hay que tener en cuenta:	La perfusión de insulina IV se prepara con insulina regular (1 UI/mL en salino).	Farmacoterapia::Endocrinología y metabolismo
¿A qué clase farmacológica pertenece Desmopresina?	Fármaco del eje de la vasopresina (Análogo sintético de la vasopresina con selectividad V2)	Farmacoterapia::Endocrinología y metabolismo
¿Cuál es el mecanismo de acción de Desmopresina?	Es un análogo sintético de la vasopresina modificado en dos posiciones, y esas modificaciones consiguen tres cosas: SELECTIVIDAD por el receptor V2 (antidiurético) con pérdida casi total de la acción V1 (vasoconstrictora), lo que evita la hipertensión y la isquemia; una vida media mucho más larga; y resistencia a la degradación, permitiendo la vía oral y nasal. El receptor V2 del túbulo colector inserta acuaporinas 2 en la membrana luminal y permite reabsorber agua libre, concentrando la orina. Tiene además un segundo efecto que no tiene nada que ver con el riñón y que sorprende: la estimulación V2 del ENDOTELIO libera los depósitos preformados de FACTOR VIII y de FACTOR DE VON WILLEBRAND, multiplicando por dos o por cuatro sus concentraciones plasmáticas. De ahí su uso hemostático, y de ahí también su limitación: solo funciona si hay depósitos que liberar, y esos depósitos se AGOTAN (taquifilaxia) tras dos o tres dosis.	Farmacoterapia::Endocrinología y metabolismo
¿Qué distingue a Desmopresina de los demás fármacos de su clase (Fármaco del eje de la vasopresina)?	<b>Agonista V2 SELECTIVO</b>: efecto antidiurético sin vasoconstricción → <b>diabetes insípida central</b> y <b>enuresis nocturna</b>.	Farmacoterapia::Endocrinología y metabolismo
¿Cuál es la dosis de Desmopresina en DIABETES INSÍPIDA CENTRAL?	0,1-0,4 mg al día por vía oral repartidos en 2-3 tomas, o 10-40 microgramos al día por vía intranasal — Dos o tres tomas al día, vía VO	Farmacoterapia::Endocrinología y metabolismo
¿A qué objetivo se ajusta la dosis de Desmopresina en DIABETES INSÍPIDA CENTRAL?	Control de la poliuria y de la sed, permitiendo dormir de noche, con NATREMIA normal	Farmacoterapia::Endocrinología y metabolismo
¿Cuál es la dosis de Desmopresina en ENFERMEDAD DE VON WILLEBRAND tipo 1 y HEMOFILIA A leve?	0,3 microgramos/kg IV o SC en 30 minutos, o 300 microgramos por vía intranasal — Dosis única, repetible cada 12-24 horas un máximo de 2-3 veces, vía IV	Farmacoterapia::Endocrinología y metabolismo
¿A qué objetivo se ajusta la dosis de Desmopresina en ENFERMEDAD DE VON WILLEBRAND tipo 1 y HEMOFILIA A leve?	Factor VIII o de von Willebrand por encima del 50% antes de un procedimiento	Farmacoterapia::Endocrinología y metabolismo
¿Cuál es la dosis de Desmopresina en ENURESIS NOCTURNA primaria del niño mayor de 5 años?	0,2 mg por vía oral (comprimido o liofilizado sublingual) 1 hora antes de acostarse — Una toma nocturna, vía VO	Farmacoterapia::Endocrinología y metabolismo
¿A qué objetivo se ajusta la dosis de Desmopresina en ENURESIS NOCTURNA primaria del niño mayor de 5 años?	Noches secas, con RESTRICCIÓN de líquidos desde 1 hora antes hasta 8 horas después	Farmacoterapia::Endocrinología y metabolismo
¿Cuál es la dosis de Desmopresina en NICTURIA del adulto y poliuria nocturna?	25-50 microgramos sublinguales por la noche (dosis MENOR en la mujer que en el varón) — Una toma nocturna, vía SL	Farmacoterapia::Endocrinología y metabolismo
¿Cuál es la dosis de Desmopresina en Hemorragia urémica y reversión parcial de la disfunción plaquetaria?	0,3 microgramos/kg IV — Dosis única, vía IV	Farmacoterapia::Endocrinología y metabolismo
¿Cuánto dura el tratamiento con Desmopresina?	Indefinida en la diabetes insípida; puntual en las indicaciones hemostáticas; meses con reevaluación en la enuresis.	Farmacoterapia::Endocrinología y metabolismo
¿Cómo se suspende Desmopresina?	En la enuresis se hacen descansos periódicos para comprobar si ya no hace falta. En la diabetes insípida no se retira.	Farmacoterapia::Endocrinología y metabolismo
¿Qué hay que monitorizar durante el tratamiento con Desmopresina?	SODIO sérico: basal, a los 3-7 días, al mes y después periódicamente, sobre todo en el anciano. Balance hídrico y peso.	Farmacoterapia::Endocrinología y metabolismo
¿Cuál es la vida media de Desmopresina?	1,5-3 horas, con efecto antidiurético de 6-12 horas.	Farmacoterapia::Endocrinología y metabolismo
¿Requiere Desmopresina ajuste en insuficiencia renal?	Evitar con filtrado menor de 50 mL/min en las indicaciones de nicturia y enuresis por el riesgo de hiponatremia.	Farmacoterapia::Endocrinología y metabolismo
Interacción crítica de Desmopresina con AINE, ISRS, carbamazepina, tiazidas y clorpropamida: ¿qué ocurre y qué se hace?	Potencian el efecto antidiurético y multiplican el riesgo de HIPONATREMIA. Manejo: Combinaciones muy frecuentes en el anciano: revisar la lista antes de prescribirla	Farmacoterapia::Endocrinología y metabolismo
Interacción crítica de Desmopresina con Aporte excesivo de LÍQUIDOS: ¿qué ocurre y qué se hace?	INTOXICACIÓN HÍDRICA con hiponatremia, convulsiones y coma. Manejo: La restricción hídrica es parte del tratamiento, no un consejo. En el niño con enuresis, nada de beber desde 1 hora antes hasta 8 horas después	Farmacoterapia::Endocrinología y metabolismo
Efecto adverso grave de Desmopresina: HIPONATREMIA con convulsiones, edema cerebral y coma — ¿en qué consiste?	HIPONATREMIA con convulsiones, edema cerebral y coma: es SU riesgo, y es especialmente grave en el ANCIANO y en el NIÑO que bebe tras la dosis	Farmacoterapia::Endocrinología y metabolismo
Efecto adverso grave de Desmopresina: Intoxicación hídrica — ¿en qué consiste?	Intoxicación hídrica	Farmacoterapia::Endocrinología y metabolismo
Efecto adverso grave de Desmopresina: Trombosis arterial — ¿en qué consiste?	Trombosis arterial (descrita con dosis hemostáticas repetidas en pacientes de riesgo)	Farmacoterapia::Endocrinología y metabolismo
Efecto adverso grave de Desmopresina: TAQUIFILAXIA del efecto hemostático tras 2-3 dosis, por agotamiento de los depósitos endoteliales — ¿en qué consiste?	TAQUIFILAXIA del efecto hemostático tras 2-3 dosis, por agotamiento de los depósitos endoteliales	Farmacoterapia::Endocrinología y metabolismo
¿Está contraindicado Desmopresina en: HIPONATREMIA y SIADH?	Sí — HIPONATREMIA y SIADH	Farmacoterapia::Endocrinología y metabolismo
¿Está contraindicado Desmopresina en: Polidipsia primaria o psicógena?	Sí — Polidipsia primaria o psicógena (el problema es el exceso de ingesta, y la desmopresina lo convierte en hiponatremia)	Farmacoterapia::Endocrinología y metabolismo
¿Está contraindicado Desmopresina en: Insuficiencia cardiaca y situaciones que exijan tratamiento diurético?	Sí — Insuficiencia cardiaca y situaciones que exijan tratamiento diurético	Farmacoterapia::Endocrinología y metabolismo
¿Está contraindicado Desmopresina en: Insuficiencia renal moderada-grave para las indicaciones urológicas?	Sí — Insuficiencia renal moderada-grave para las indicaciones urológicas	Farmacoterapia::Endocrinología y metabolismo
¿Está contraindicado Desmopresina en: Enfermedad de von Willebrand tipo 2B?	Sí — Enfermedad de von Willebrand tipo 2B (puede agravar la trombopenia)	Farmacoterapia::Endocrinología y metabolismo
Particularidad de Desmopresina que hay que tener en cuenta:	Todo el manejo de este fármaco gira alrededor del AGUA: si el paciente sigue bebiendo mientras el riñón ha dejado de eliminar, hace una hiponatremia. La RESTRICCIÓN DE LÍQUIDOS no es un consejo higiénico, es parte de la prescripción, y explicarla mal ha causado convulsiones en niños tratados por enuresis.	Farmacoterapia::Endocrinología y metabolismo
¿A qué clase farmacológica pertenece Metformina?	Antidiabético oral (sensibilizador y otros mecanismos) (Sensibilizador de la acción de la insulina)	Farmacoterapia::Endocrinología y metabolismo
¿Cuál es el mecanismo de acción de Metformina?	Activa la AMPK hepática e inhibe el complejo I mitocondrial, con dos consecuencias: reduce la NEOGLUCOGÉNESIS HEPÁTICA (su efecto principal, responsable del descenso de la glucemia basal) y mejora la captación periférica de glucosa en el músculo. NO estimula la secreción de insulina, y esa es la clave de todo su perfil: por sí sola NO produce hipoglucemia ni aumento de peso.	Farmacoterapia::Endocrinología y metabolismo
¿Qué distingue a Metformina de los demás fármacos de su clase (Antidiabético oral (sensibilizador y otros mecanismos))?	<b>Primera línea de la DM2</b>: reduce la producción hepática de glucosa, <b>sin hipoglucemia y neutra o favorable en peso</b>, barata.	Farmacoterapia::Endocrinología y metabolismo
¿Cuál es la dosis de Metformina en Diabetes mellitus tipo 2?	Inicio 425-850 mg/24 h; mantenimiento 850-1000 mg/12 h (máximo 2550 mg/día) — Con las comidas, 1-2 veces al día, vía VO	Farmacoterapia::Endocrinología y metabolismo
¿Cuál es la dosis de Metformina en Prediabetes con alto riesgo de progresión?	850 mg/12 h — Cada 12 h con las comidas, vía VO	Farmacoterapia::Endocrinología y metabolismo
¿Cuál es la dosis de Metformina en Síndrome de ovario poliquístico con resistencia a la insulina?	850-1000 mg/12 h — Cada 12 h, vía VO	Farmacoterapia::Endocrinología y metabolismo
¿Cuál es la dosis de Metformina en Prevención del aumento de peso asociado a antipsicóticos?	500-1000 mg/12 h — Cada 12 h, vía VO	Farmacoterapia::Endocrinología y metabolismo
¿Cuánto dura el tratamiento con Metformina?	Indefinida mientras persista la indicación y la función renal lo permita. Es el fármaco que se mantiene al añadir otros.	Farmacoterapia::Endocrinología y metabolismo
¿Cómo se suspende Metformina?	Se suspende de forma TEMPORAL ante contraste yodado, cirugía mayor, sepsis, deshidratación, vómitos o diarrea intensos (las llamadas reglas de días de enfermedad), y de forma definitiva si el filtrado glomerular baja de 30.	Farmacoterapia::Endocrinología y metabolismo
¿Qué hay que monitorizar durante el tratamiento con Metformina?	HbA1c cada 3-6 meses; filtrado glomerular al menos anual (semestral si está entre 30 y 60); VITAMINA B12 cada 1-2 años en el tratamiento prolongado.	Farmacoterapia::Endocrinología y metabolismo
¿Cuál es la vida media de Metformina?	4-9 h (más prolongada en la insuficiencia renal).	Farmacoterapia::Endocrinología y metabolismo
¿Requiere Metformina ajuste en insuficiencia renal?	FG por encima de 60: dosis plena. FG 45-59: mantener con vigilancia. FG 30-44: reducir a la mitad (máximo 1000 mg/día) y no iniciar de novo. FG por debajo de 30: CONTRAINDICADA.	Farmacoterapia::Endocrinología y metabolismo
Interacción crítica de Metformina con CONTRASTES YODADOS intravenosos: ¿qué ocurre y qué se hace?	Nefropatía por contraste que puede desencadenar acumulación del fármaco y ACIDOSIS LÁCTICA. Manejo: Suspender el día de la prueba y reanudar a las 48 h tras comprobar que la función renal se mantiene	Farmacoterapia::Endocrinología y metabolismo
Interacción crítica de Metformina con Alcohol en consumo agudo intenso o crónico: ¿qué ocurre y qué se hace?	Inhibe la gluconeogénesis y el aclaramiento hepático de lactato, aumentando el riesgo de acidosis láctica. Manejo: Contraindicada en el alcoholismo activo; advertir del riesgo de las ingestas intensas	Farmacoterapia::Endocrinología y metabolismo
Interacción crítica de Metformina con Diuréticos, IECA, ARA-II y AINE en situación de deshidratación: ¿qué ocurre y qué se hace?	Deterioro agudo de la función renal con acumulación de metformina. Manejo: Regla de los días de enfermedad: suspender todos ellos ante vómitos, diarrea o fiebre con mala ingesta	Farmacoterapia::Endocrinología y metabolismo
Efecto adverso grave de Metformina: ACIDOSIS LÁCTICA — ¿en qué consiste?	ACIDOSIS LÁCTICA: rara (menos de 10 casos por 100 000 pacientes-año) pero con mortalidad elevada; prácticamente siempre en presencia de un factor precipitante como insuficiencia renal aguda, sepsis, hipoxia o alcoholismo	Farmacoterapia::Endocrinología y metabolismo
Efecto adverso grave de Metformina: Déficit sintomático de vitamina B12 con anemia megaloblástica y neuropatía periférica — ¿en qué consiste?	Déficit sintomático de vitamina B12 con anemia megaloblástica y neuropatía periférica	Farmacoterapia::Endocrinología y metabolismo
¿Está contraindicado Metformina en: Filtrado glomerular por debajo de 30 mL/min/1,73 m²?	Sí — Filtrado glomerular por debajo de 30 mL/min/1,73 m²	Farmacoterapia::Endocrinología y metabolismo
¿Está contraindicado Metformina en: Insuficiencia hepática grave y alcoholismo activo?	Sí — Insuficiencia hepática grave y alcoholismo activo	Farmacoterapia::Endocrinología y metabolismo
¿Está contraindicado Metformina en: Situaciones de hipoxia tisular?	Sí — Situaciones de hipoxia tisular: insuficiencia cardiaca descompensada, insuficiencia respiratoria, shock, infarto agudo	Farmacoterapia::Endocrinología y metabolismo
¿Está contraindicado Metformina en: Cetoacidosis diabética o estado hiperosmolar?	Sí — Cetoacidosis diabética o estado hiperosmolar	Farmacoterapia::Endocrinología y metabolismo
¿Está contraindicado Metformina en: Deshidratación, sepsis o cualquier cuadro agudo con riesgo de fracaso renal?	Sí — Deshidratación, sepsis o cualquier cuadro agudo con riesgo de fracaso renal	Farmacoterapia::Endocrinología y metabolismo
Particularidad de Metformina que hay que tener en cuenta:	Es el único antidiabético oral que NO produce hipoglucemia en monoterapia ni aumento de peso, y por eso sigue siendo el fármaco de primera línea a pesar de tener décadas de antigüedad. Si el paciente con metformina tiene hipoglucemias, la causa es otro fármaco de su lista, no la metformina.	Farmacoterapia::Endocrinología y metabolismo
¿A qué clase farmacológica pertenece Empagliflozina?	iSGLT2 (inhibidor del cotransportador sodio-glucosa tipo 2) (Fármaco cardio y nefroprotector con efecto glucosúrico)	Farmacoterapia::Endocrinología y metabolismo
¿Cuál es el mecanismo de acción de Empagliflozina?	Inhibe el SGLT2 del túbulo contorneado proximal, responsable de reabsorber el 90% de la glucosa filtrada: se produce GLUCOSURIA de 60-100 g al día, con descenso de la glucemia INDEPENDIENTE DE LA INSULINA (por eso no causa hipoglucemia por sí solo). Además restaura el FEEDBACK TUBULOGLOMERULAR al aumentar el sodio que llega a la mácula densa, lo que contrae la arteriola aferente y reduce la hiperfiltración glomerular: ese es el mecanismo de su nefroprotección. La natriuresis, la reducción de precarga y postcarga y el cambio a un metabolismo miocárdico más eficiente explican su beneficio en insuficiencia cardiaca.	Farmacoterapia::Endocrinología y metabolismo
¿Qué distingue a Empagliflozina de los demás fármacos de su clase (iSGLT2 (inhibidor del cotransportador sodio-glucosa tipo 2))?	<b>Primer fármaco hipoglucemiante que redujo la MORTALIDAD cardiovascular</b> (EMPA-REG OUTCOME).	Farmacoterapia::Endocrinología y metabolismo
¿Cuál es la dosis de Empagliflozina en Diabetes mellitus tipo 2 con enfermedad cardiovascular establecida o alto riesgo?	10 mg/24 h, aumentable a 25 mg/24 h — Una vez al día, por la mañana, vía VO	Farmacoterapia::Endocrinología y metabolismo
¿Cuál es la dosis de Empagliflozina en Insuficiencia cardiaca (con fracción de eyección reducida o preservada), CON O SIN diabetes?	10 mg/24 h — Una vez al día, vía VO	Farmacoterapia::Endocrinología y metabolismo
¿Cuál es la dosis de Empagliflozina en Enfermedad renal crónica con albuminuria, con o sin diabetes?	10 mg/24 h — Una vez al día, vía VO	Farmacoterapia::Endocrinología y metabolismo
¿Cuánto dura el tratamiento con Empagliflozina?	Indefinida.	Farmacoterapia::Endocrinología y metabolismo
¿Cómo se suspende Empagliflozina?	Suspender TEMPORALMENTE ante ayuno prolongado, cirugía (3 días antes), enfermedad aguda intercurrente, deshidratación o sospecha de cetoacidosis. No hay efecto rebote.	Farmacoterapia::Endocrinología y metabolismo
¿Qué hay que monitorizar durante el tratamiento con Empagliflozina?	Función renal a las 2-4 semanas (es normal un DESCENSO INICIAL del filtrado que después se estabiliza y es marcador de buen efecto), volemia y tensión arterial, HbA1c. Vigilar síntomas genitourinarios.	Farmacoterapia::Endocrinología y metabolismo
¿Cuál es la vida media de Empagliflozina?	12 h aproximadamente, suficiente para la dosis única diaria.	Farmacoterapia::Endocrinología y metabolismo
¿Requiere Empagliflozina ajuste en insuficiencia renal?	Su efecto GLUCOSÚRICO disminuye al bajar el filtrado, pero el beneficio cardiorrenal se mantiene: puede iniciarse hasta un FG de 20 y continuarse por debajo. Con FG bajo ya no sirve para controlar la glucemia, pero sigue protegiendo el corazón y el riñón.	Farmacoterapia::Endocrinología y metabolismo
Efecto adverso grave de Empagliflozina: CETOACIDOSIS DIABÉTICA EUGLUCÉMICA — ¿en qué consiste?	CETOACIDOSIS DIABÉTICA EUGLUCÉMICA: con glucemia normal o solo levemente elevada, lo que retrasa el diagnóstico	Farmacoterapia::Endocrinología y metabolismo
Efecto adverso grave de Empagliflozina: Gangrena de Fournier — ¿en qué consiste?	Gangrena de Fournier (fascitis necrosante del periné): muy rara pero potencialmente mortal	Farmacoterapia::Endocrinología y metabolismo
Efecto adverso grave de Empagliflozina: Infecciones urinarias complicadas y pielonefritis — ¿en qué consiste?	Infecciones urinarias complicadas y pielonefritis	Farmacoterapia::Endocrinología y metabolismo
Efecto adverso grave de Empagliflozina: Fracaso renal agudo en situación de depleción de volumen — ¿en qué consiste?	Fracaso renal agudo en situación de depleción de volumen	Farmacoterapia::Endocrinología y metabolismo
Efecto adverso grave de Empagliflozina: Amputaciones de extremidad inferior — ¿en qué consiste?	Amputaciones de extremidad inferior (señal descrita sobre todo con canagliflozina)	Farmacoterapia::Endocrinología y metabolismo
¿Está contraindicado Empagliflozina en: Hipersensibilidad al fármaco?	Sí — Hipersensibilidad al fármaco	Farmacoterapia::Endocrinología y metabolismo
¿Está contraindicado Empagliflozina en: Diabetes tipo 1?	Sí — Diabetes tipo 1 (fuera de indicación y con alto riesgo de cetoacidosis; solo en casos muy seleccionados y por especialista)	Farmacoterapia::Endocrinología y metabolismo
¿Está contraindicado Empagliflozina en: Cetoacidosis diabética?	Sí — Cetoacidosis diabética	Farmacoterapia::Endocrinología y metabolismo
¿Está contraindicado Empagliflozina en: Depleción de volumen no corregida?	Sí — Depleción de volumen no corregida	Farmacoterapia::Endocrinología y metabolismo
Particularidad de Empagliflozina que hay que tener en cuenta:	Nació como antidiabético y hoy su indicación principal ya no es la diabetes: se prescribe en insuficiencia cardiaca y en enfermedad renal crónica A PACIENTES SIN DIABETES. Es un caso poco habitual de fármaco cuyo beneficio real resultó ser distinto del que motivó su desarrollo.	Farmacoterapia::Endocrinología y metabolismo
¿A qué clase farmacológica pertenece Semaglutida?	Agonista del receptor de GLP-1 (incretinmimético) (Incretinmimético de acción prolongada (semanal u oral diario))	Farmacoterapia::Endocrinología y metabolismo
¿Cuál es el mecanismo de acción de Semaglutida?	Agonista del receptor del péptido similar al glucagón tipo 1. Produce cuatro efectos: estimula la secreción de insulina de forma DEPENDIENTE DE LA GLUCEMIA (solo cuando la glucosa está elevada, por eso no causa hipoglucemia en monoterapia), suprime la secreción de glucagón, ENLENTECE EL VACIAMIENTO GÁSTRICO y actúa sobre los centros hipotalámicos de la saciedad. Los dos últimos explican la pérdida de peso y también las náuseas.	Farmacoterapia::Endocrinología y metabolismo
¿Qué distingue a Semaglutida de los demás fármacos de su clase (Agonista del receptor de GLP-1 (incretinmimético))?	<b>El GLP-1 con MAYOR descenso de HbA1c y de peso</b> (solo superado por tirzepatida, que es dual).	Farmacoterapia::Endocrinología y metabolismo
¿Cuál es la dosis de Semaglutida en Diabetes mellitus tipo 2, especialmente con obesidad o enfermedad cardiovascular?	Subcutánea: 0,25 mg/semana 4 semanas, luego 0,5 mg/semana, hasta 1-2 mg/semana. Oral: 3 mg/24 h 30 días, luego 7-14 mg/24 h — Semanal (subcutánea) o diaria (oral), vía SC o VO	Farmacoterapia::Endocrinología y metabolismo
¿Cuál es la dosis de Semaglutida en Obesidad o sobrepeso con comorbilidad, con o sin diabetes?	Escalado hasta 2,4 mg/semana — Una vez por semana, vía SC	Farmacoterapia::Endocrinología y metabolismo
¿Cuál es la dosis de Semaglutida en Prevención cardiovascular secundaria en el diabético tipo 2?	1 mg/semana — Una vez por semana, vía SC	Farmacoterapia::Endocrinología y metabolismo
¿Cuánto dura el tratamiento con Semaglutida?	Indefinida. En la obesidad, la retirada se sigue de REGANANCIA de peso en la mayoría de los pacientes: es un tratamiento crónico, no un ciclo.	Farmacoterapia::Endocrinología y metabolismo
¿Cómo se suspende Semaglutida?	Suspender antes de cirugía programada o endoscopia con sedación por el riesgo de contenido gástrico retenido y broncoaspiración.	Farmacoterapia::Endocrinología y metabolismo
¿Qué hay que monitorizar durante el tratamiento con Semaglutida?	HbA1c, peso, tolerancia digestiva. Vigilar síntomas de pancreatitis y de colelitiasis. Retinopatía en el diabético con retinopatía previa al mejorar rápidamente el control.	Farmacoterapia::Endocrinología y metabolismo
¿Cuál es la vida media de Semaglutida?	Aproximadamente 1 SEMANA, lo que permite la administración semanal y explica que los efectos adversos tarden en desaparecer tras suspenderla.	Farmacoterapia::Endocrinología y metabolismo
¿Requiere Semaglutida ajuste en insuficiencia renal?	No precisa ajuste, ni siquiera en la enfermedad renal avanzada. Precaución si hay vómitos o diarrea intensos que provoquen deshidratación.	Farmacoterapia::Endocrinología y metabolismo
Interacción crítica de Semaglutida con Anestesia general y sedación para endoscopia: ¿qué ocurre y qué se hace?	Retención de contenido gástrico con riesgo de BRONCOASPIRACIÓN pese al ayuno correcto. Manejo: Informar al anestesista; suspender antes del procedimiento según el protocolo local y prolongar el ayuno	Farmacoterapia::Endocrinología y metabolismo
Efecto adverso grave de Semaglutida: PANCREATITIS AGUDA — ¿en qué consiste?	PANCREATITIS AGUDA (poco frecuente pero descrita: obliga a suspender definitivamente)	Farmacoterapia::Endocrinología y metabolismo
Efecto adverso grave de Semaglutida: COLELITIASIS y colecistitis, favorecidas por la pérdida rápida de peso — ¿en qué consiste?	COLELITIASIS y colecistitis, favorecidas por la pérdida rápida de peso	Farmacoterapia::Endocrinología y metabolismo
Efecto adverso grave de Semaglutida: Empeoramiento de una RETINOPATÍA DIABÉTICA preexistente al mejorar bruscamente el control glucémico — ¿en qué consiste?	Empeoramiento de una RETINOPATÍA DIABÉTICA preexistente al mejorar bruscamente el control glucémico	Farmacoterapia::Endocrinología y metabolismo
Efecto adverso grave de Semaglutida: Deshidratación y fracaso renal agudo por vómitos o diarrea intensos — ¿en qué consiste?	Deshidratación y fracaso renal agudo por vómitos o diarrea intensos	Farmacoterapia::Endocrinología y metabolismo
Efecto adverso grave de Semaglutida: Riesgo teórico de carcinoma medular de tiroides — ¿en qué consiste?	Riesgo teórico de carcinoma medular de tiroides (visto en roedores; no confirmado en humanos)	Farmacoterapia::Endocrinología y metabolismo
Efecto adverso grave de Semaglutida: Gastroparesia sintomática persistente — ¿en qué consiste?	Gastroparesia sintomática persistente	Farmacoterapia::Endocrinología y metabolismo
Efecto adverso grave de Semaglutida: Pérdida de MASA MUSCULAR junto con la pérdida de grasa, especialmente relevante en el anciano — ¿en qué consiste?	Pérdida de MASA MUSCULAR junto con la pérdida de grasa, especialmente relevante en el anciano	Farmacoterapia::Endocrinología y metabolismo
¿Está contraindicado Semaglutida en: Hipersensibilidad al fármaco?	Sí — Hipersensibilidad al fármaco	Farmacoterapia::Endocrinología y metabolismo
¿Está contraindicado Semaglutida en: Antecedente personal o familiar de CARCINOMA MEDULAR DE TIROIDES o neoplasia endocrina múltiple tipo 2?	Sí — Antecedente personal o familiar de CARCINOMA MEDULAR DE TIROIDES o neoplasia endocrina múltiple tipo 2	Farmacoterapia::Endocrinología y metabolismo
¿Está contraindicado Semaglutida en: Antecedente de pancreatitis?	Sí — Antecedente de pancreatitis (contraindicación relativa)	Farmacoterapia::Endocrinología y metabolismo
¿Está contraindicado Semaglutida en: Embarazo y lactancia?	Sí — Embarazo y lactancia	Farmacoterapia::Endocrinología y metabolismo
Particularidad de Semaglutida que hay que tener en cuenta:	Las NÁUSEAS no son una intolerancia caprichosa: son la expresión directa de su mecanismo (enlentecimiento gástrico), el mismo que produce la saciedad y la pérdida de peso. Por eso el escalado lento es obligatorio y por eso la respuesta correcta a las náuseas es MANTENER la dosis unas semanas más, no suspender el tratamiento.	Farmacoterapia::Endocrinología y metabolismo
¿A qué clase farmacológica pertenece Insulina glargina (insulina basal)?	Insulina basal (Análogo de acción prolongada)	Farmacoterapia::Endocrinología y metabolismo
¿Cuál es el mecanismo de acción de Insulina glargina (insulina basal)?	Análogo de insulina modificado para precipitar a pH neutro en el tejido subcutáneo, formando un microdepósito del que se libera lentamente. El resultado es un perfil SIN PICO y de 24 h de duración, que imita la secreción basal del páncreas y controla fundamentalmente la NEOGLUCOGÉNESIS HEPÁTICA NOCTURNA, es decir, la glucemia en ayunas. Actúa sobre el receptor de insulina, promoviendo la captación de glucosa y frenando la lipólisis y la proteólisis.	Farmacoterapia::Endocrinología y metabolismo
¿Qué distingue a Insulina glargina (insulina basal) de los demás fármacos de su clase (Insulina basal)?	<b>Análogo basal de 24 h sin pico pronunciado</b>: menos hipoglucemia nocturna que la NPH.	Farmacoterapia::Endocrinología y metabolismo
¿Cuál es la dosis de Insulina glargina (insulina basal) en Diabetes mellitus tipo 1 (componente basal del régimen bolo-basal)?	Aproximadamente el 50% de la dosis diaria total (0,4-0,6 UI/kg/día en total) — Una vez al día, a la misma hora, vía SC	Farmacoterapia::Endocrinología y metabolismo
¿Cuál es la dosis de Insulina glargina (insulina basal) en Diabetes mellitus tipo 2 con fracaso de los antidiabéticos orales?	Inicio 10 UI o 0,1-0,2 UI/kg/día, con titulación posterior — Una vez al día, habitualmente por la noche, vía SC	Farmacoterapia::Endocrinología y metabolismo
¿Cuál es la dosis de Insulina glargina (insulina basal) en Diabetes gestacional o pregestacional que no se controla con dieta?	Individualizada según controles — 1-2 veces al día, vía SC	Farmacoterapia::Endocrinología y metabolismo
¿A qué objetivo se ajusta la dosis de Insulina glargina (insulina basal) en Diabetes gestacional o pregestacional que no se controla con dieta?	Glucemia basal por debajo de 95 mg/dL y posprandial de 1 h por debajo de 140 mg/dL	Farmacoterapia::Endocrinología y metabolismo
¿Cuál es la dosis de Insulina glargina (insulina basal) en Hiperglucemia hospitalaria (pauta basal-bolo-corrección)?	0,2-0,3 UI/kg/día de basal, ajustada a diario — Una vez al día, vía SC	Farmacoterapia::Endocrinología y metabolismo
¿Cuánto dura el tratamiento con Insulina glargina (insulina basal)?	Indefinida en el tipo 1. En el tipo 2 puede ser transitoria si se corrige la glucotoxicidad o el factor precipitante.	Farmacoterapia::Endocrinología y metabolismo
¿Cómo se suspende Insulina glargina (insulina basal)?	En el tipo 1 NUNCA se suspende, ni siquiera en ayunas o en enfermedad aguda: retirarla precipita cetoacidosis. En el tipo 2 puede reducirse o retirarse si se logra el control con otros fármacos.	Farmacoterapia::Endocrinología y metabolismo
¿Qué hay que monitorizar durante el tratamiento con Insulina glargina (insulina basal)?	Glucemia capilar en ayunas para titular; monitorización continua de glucosa cuando esté disponible; HbA1c cada 3 meses; INSPECCIÓN de los puntos de inyección en cada revisión.	Farmacoterapia::Endocrinología y metabolismo
¿Cuál es la vida media de Insulina glargina (insulina basal)?	Duración de acción de 20-24 h (glargina U100), 24-36 h (glargina U300) y más de 42 h (degludec).	Farmacoterapia::Endocrinología y metabolismo
¿Requiere Insulina glargina (insulina basal) ajuste en insuficiencia renal?	REDUCIR la dosis: en torno al 25% con FG 10-50 y al 50% con FG por debajo de 10. La insuficiencia renal es una causa muy frecuente de hipoglucemias inexplicadas en el diabético de larga evolución.	Farmacoterapia::Endocrinología y metabolismo
Interacción crítica de Insulina glargina (insulina basal) con Betabloqueantes no cardioselectivos (propranolol): ¿qué ocurre y qué se hace?	ENMASCARAN los síntomas adrenérgicos de la hipoglucemia (temblor, palpitaciones) y prolongan la recuperación. Manejo: Preferir betabloqueantes cardioselectivos; advertir al paciente de que puede perder los síntomas de alarma	Farmacoterapia::Endocrinología y metabolismo
Interacción crítica de Insulina glargina (insulina basal) con Glucocorticoides: ¿qué ocurre y qué se hace?	Hiperglucemia marcada, sobre todo posprandial y vespertina. Manejo: Aumentar la insulina de forma anticipada al iniciar corticoides y reducirla al retirarlos, para evitar hipoglucemias	Farmacoterapia::Endocrinología y metabolismo
Interacción crítica de Insulina glargina (insulina basal) con Alcohol: ¿qué ocurre y qué se hace?	Inhibe la neoglucogénesis y produce hipoglucemia RETARDADA, hasta 12-24 h después. Manejo: Advertir de que hay que ingerir hidratos de carbono con el alcohol y controlar la glucemia esa noche	Farmacoterapia::Endocrinología y metabolismo
Efecto adverso grave de Insulina glargina (insulina basal): Hipoglucemia grave con alteración del nivel de conciencia, convulsiones o coma — ¿en qué consiste?	Hipoglucemia grave con alteración del nivel de conciencia, convulsiones o coma	Farmacoterapia::Endocrinología y metabolismo
Efecto adverso grave de Insulina glargina (insulina basal): Hipoglucemia INADVERTIDA por pérdida de los síntomas de alarma en el diabético de larga evolución — ¿en qué consiste?	Hipoglucemia INADVERTIDA por pérdida de los síntomas de alarma en el diabético de larga evolución	Farmacoterapia::Endocrinología y metabolismo
Efecto adverso grave de Insulina glargina (insulina basal): Edema insulínico y empeoramiento transitorio de la retinopatía al normalizar rápidamente glucemias muy altas — ¿en qué consiste?	Edema insulínico y empeoramiento transitorio de la retinopatía al normalizar rápidamente glucemias muy altas	Farmacoterapia::Endocrinología y metabolismo
Efecto adverso grave de Insulina glargina (insulina basal): Hipopotasemia por desplazamiento intracelular del potasio — ¿en qué consiste?	Hipopotasemia por desplazamiento intracelular del potasio (relevante en el tratamiento de la cetoacidosis)	Farmacoterapia::Endocrinología y metabolismo
¿Está contraindicado Insulina glargina (insulina basal) en: Hipoglucemia activa?	Sí — Hipoglucemia activa	Farmacoterapia::Endocrinología y metabolismo
¿Está contraindicado Insulina glargina (insulina basal) en: Hipersensibilidad al principio activo o a los excipientes?	Sí — Hipersensibilidad al principio activo o a los excipientes	Farmacoterapia::Endocrinología y metabolismo
Particularidad de Insulina glargina (insulina basal) que hay que tener en cuenta:	La regla que ordena toda la titulación: la BASAL se ajusta mirando la glucemia EN AYUNAS y nada más. Subir la basal para corregir hiperglucemias posprandiales es el error más común y lleva a sobredosificarla y a provocar hipoglucemias nocturnas.	Farmacoterapia::Endocrinología y metabolismo
¿A qué clase farmacológica pertenece Insulina rápida (análogos: aspart, lispro, glulisina)?	Visión de clase: insulinas rápidas (Insulina prandial y de corrección)	Farmacoterapia::Endocrinología y metabolismo
¿Cuál es el mecanismo de acción de Insulina rápida (análogos: aspart, lispro, glulisina)?	Análogos con la secuencia de aminoácidos modificada para que NO se agrupen en hexámeros en el tejido subcutáneo: al permanecer en forma monomérica se absorben con rapidez, con inicio en 10-20 minutos, pico a la hora y duración de 3-5 h. Ese perfil imita el pico prandial fisiológico y reduce las hipoglucemias tardías que produce la insulina regular humana, más lenta y más prolongada.	Farmacoterapia::Endocrinología y metabolismo
¿Cuál es la dosis de Insulina rápida (análogos: aspart, lispro, glulisina) en Diabetes tipo 1 y tipo 2 insulinizada: cobertura de las comidas?	Aproximadamente el 50% de la dosis diaria total, repartida entre las comidas según su contenido en hidratos — Antes de cada comida principal, vía SC	Farmacoterapia::Endocrinología y metabolismo
¿Cuál es la dosis de Insulina rápida (análogos: aspart, lispro, glulisina) en Corrección de hiperglucemia (bolo corrector)?	Según el factor de sensibilidad individual (regla de 1800 o 1500 dividido entre la dosis total diaria) — Puntual, respetando al menos 3-4 h entre correcciones, vía SC	Farmacoterapia::Endocrinología y metabolismo
¿A qué objetivo se ajusta la dosis de Insulina rápida (análogos: aspart, lispro, glulisina) en Corrección de hiperglucemia (bolo corrector)?	Glucemia objetivo 100-140 mg/dL, respetando 3-4 h entre correcciones	Farmacoterapia::Endocrinología y metabolismo
¿Cuál es la dosis de Insulina rápida (análogos: aspart, lispro, glulisina) en Cetoacidosis diabética y estado hiperosmolar?	Perfusión continua de 0,1 UI/kg/h (insulina regular) — Perfusión continua, vía IV	Farmacoterapia::Endocrinología y metabolismo
¿Cuál es la dosis de Insulina rápida (análogos: aspart, lispro, glulisina) en Hiperpotasemia grave con alteraciones del ECG?	10 UI de insulina regular IV junto con 25 g de glucosa — Dosis única, repetible, vía IV	Farmacoterapia::Endocrinología y metabolismo
¿Cuánto dura el tratamiento con Insulina rápida (análogos: aspart, lispro, glulisina)?	Indefinida en el tipo 1.	Farmacoterapia::Endocrinología y metabolismo
¿Cómo se suspende Insulina rápida (análogos: aspart, lispro, glulisina)?	Los bolos prandiales se omiten si el paciente no come; la insulina BASAL, en cambio, se mantiene siempre en el tipo 1.	Farmacoterapia::Endocrinología y metabolismo
¿Qué hay que monitorizar durante el tratamiento con Insulina rápida (análogos: aspart, lispro, glulisina)?	Glucemia preprandial y posprandial, o monitorización continua; cetonemia en la enfermedad intercurrente; potasio de forma estrecha en la perfusión intravenosa.	Farmacoterapia::Endocrinología y metabolismo
¿Cuál es la vida media de Insulina rápida (análogos: aspart, lispro, glulisina)?	Efecto de 3-5 h por vía subcutánea; de minutos por vía intravenosa, lo que obliga a administrarla en perfusión continua.	Farmacoterapia::Endocrinología y metabolismo
¿Requiere Insulina rápida (análogos: aspart, lispro, glulisina) ajuste en insuficiencia renal?	Reducir la dosis: aproximadamente un 25% con FG 10-50 y un 50% con FG por debajo de 10.	Farmacoterapia::Endocrinología y metabolismo
Interacción crítica de Insulina rápida (análogos: aspart, lispro, glulisina) con Betabloqueantes no cardioselectivos: ¿qué ocurre y qué se hace?	Enmascaran los síntomas de la hipoglucemia y retrasan la recuperación. Manejo: Preferir cardioselectivos y advertir al paciente	Farmacoterapia::Endocrinología y metabolismo
Interacción crítica de Insulina rápida (análogos: aspart, lispro, glulisina) con Glucocorticoides: ¿qué ocurre y qué se hace?	Hiperglucemia sobre todo posprandial y vespertina, que obliga a subir los bolos. Manejo: Aumentar los bolos de comida y reducirlos al retirar el corticoide	Farmacoterapia::Endocrinología y metabolismo
Interacción crítica de Insulina rápida (análogos: aspart, lispro, glulisina) con Alcohol: ¿qué ocurre y qué se hace?	Hipoglucemia retardada por bloqueo de la neoglucogénesis. Manejo: Ingerir hidratos con el alcohol y controlar la glucemia durante la noche	Farmacoterapia::Endocrinología y metabolismo
Efecto adverso grave de Insulina rápida (análogos: aspart, lispro, glulisina): Hipoglucemia grave con convulsiones o coma — ¿en qué consiste?	Hipoglucemia grave con convulsiones o coma	Farmacoterapia::Endocrinología y metabolismo
Efecto adverso grave de Insulina rápida (análogos: aspart, lispro, glulisina): HIPOPOTASEMIA grave durante la perfusión intravenosa en la cetoacidosis — ¿en qué consiste?	HIPOPOTASEMIA grave durante la perfusión intravenosa en la cetoacidosis	Farmacoterapia::Endocrinología y metabolismo
Efecto adverso grave de Insulina rápida (análogos: aspart, lispro, glulisina): Edema cerebral en la corrección demasiado rápida de la cetoacidosis, sobre todo en niños — ¿en qué consiste?	Edema cerebral en la corrección demasiado rápida de la cetoacidosis, sobre todo en niños	Farmacoterapia::Endocrinología y metabolismo
¿Está contraindicado Insulina rápida (análogos: aspart, lispro, glulisina) en: Hipoglucemia activa?	Sí — Hipoglucemia activa	Farmacoterapia::Endocrinología y metabolismo
¿Está contraindicado Insulina rápida (análogos: aspart, lispro, glulisina) en: Hipersensibilidad al principio activo o a los excipientes?	Sí — Hipersensibilidad al principio activo o a los excipientes	Farmacoterapia::Endocrinología y metabolismo
Particularidad de Insulina rápida (análogos: aspart, lispro, glulisina) que hay que tener en cuenta:	Es la ÚNICA insulina que puede administrarse por vía INTRAVENOSA: las insulinas basales nunca se ponen en vena. Confundirlo en el tratamiento de una cetoacidosis o de una hiperpotasemia es un error grave.	Farmacoterapia::Endocrinología y metabolismo
¿A qué clase farmacológica pertenece Dapagliflozina?	iSGLT2 (inhibidor del cotransportador sodio-glucosa tipo 2) (iSGLT2 con indicación cardiorrenal independiente de la diabetes)	Farmacoterapia::Endocrinología y metabolismo
¿Cuál es el mecanismo de acción de Dapagliflozina?	Inhibe el SGLT2 del túbulo contorneado proximal, que reabsorbe el 90% de la glucosa filtrada: <b>glucosuria (≈70 g/día, unas 280 kcal), natriuresis y diuresis osmótica</b>. Restaura el feedback tubuloglomerular (vasoconstricción de la arteriola aferente → menor hiperfiltración) y mejora el metabolismo energético miocárdico. <b>No produce hipoglucemia por sí solo</b> (efecto independiente de la insulina).	Farmacoterapia::Endocrinología y metabolismo
¿Qué distingue a Dapagliflozina de los demás fármacos de su clase (iSGLT2 (inhibidor del cotransportador sodio-glucosa tipo 2))?	<b>Primer iSGLT2 con beneficio demostrado en ERC SIN diabetes</b> (DAPA-CKD) y en insuficiencia cardiaca con cualquier FEVI (DAPA-HF y DELIVER): la misma dosis fija de <b>10 mg</b> para todas las indicaciones.	Farmacoterapia::Endocrinología y metabolismo
¿Cuál es la dosis de Dapagliflozina en Diabetes mellitus tipo 2 (especialmente con enfermedad cardiovascular, insuficiencia cardiaca o ERC)?	10 mg — Cada 24 h, vía VO	Farmacoterapia::Endocrinología y metabolismo
¿Cuál es la dosis de Dapagliflozina en Insuficiencia cardiaca (FEVI reducida, ligeramente reducida o preservada), con o sin diabetes?	10 mg — Cada 24 h, vía VO	Farmacoterapia::Endocrinología y metabolismo
¿Cuál es la dosis de Dapagliflozina en Enfermedad renal crónica con o sin diabetes (FG ≥25 y albuminuria)?	10 mg — Cada 24 h, vía VO	Farmacoterapia::Endocrinología y metabolismo
¿Cuánto dura el tratamiento con Dapagliflozina?	Indefinida.	Farmacoterapia::Endocrinología y metabolismo
¿Cómo se suspende Dapagliflozina?	<b>Suspender 3 días antes de cirugía mayor</b> y en enfermedad aguda con ingesta escasa, vómitos o deshidratación («días de enfermedad»), por riesgo de cetoacidosis euglucémica. Reiniciar al comer con normalidad.	Farmacoterapia::Endocrinología y metabolismo
¿Qué hay que monitorizar durante el tratamiento con Dapagliflozina?	FG a las 2-4 semanas y después según ERC; volemia; higiene genital.	Farmacoterapia::Endocrinología y metabolismo
¿Cuál es la vida media de Dapagliflozina?	13 h.	Farmacoterapia::Endocrinología y metabolismo
¿Requiere Dapagliflozina ajuste en insuficiencia renal?	Iniciar con FG ≥25 para indicación cardiorrenal; continuar hasta diálisis. Con FG <45 apenas baja la glucemia.	Farmacoterapia::Endocrinología y metabolismo
Efecto adverso grave de Dapagliflozina: <b>Cetoacidosis diabética EUGLUCÉMICA</b> — ¿en qué consiste?	<b>Cetoacidosis diabética EUGLUCÉMICA</b> (glucemia <250 mg/dL), sobre todo con ayuno, cirugía o reducción brusca de insulina	Farmacoterapia::Endocrinología y metabolismo
Efecto adverso grave de Dapagliflozina: Gangrena de Fournier — ¿en qué consiste?	Gangrena de Fournier (excepcional)	Farmacoterapia::Endocrinología y metabolismo
Efecto adverso grave de Dapagliflozina: Deshidratación con fracaso renal prerrenal — ¿en qué consiste?	Deshidratación con fracaso renal prerrenal	Farmacoterapia::Endocrinología y metabolismo
¿Está contraindicado Dapagliflozina en: Diabetes tipo 1?	Sí — Diabetes tipo 1 (fuera de ficha y con alto riesgo de cetoacidosis)	Farmacoterapia::Endocrinología y metabolismo
¿Está contraindicado Dapagliflozina en: Diálisis?	Sí — Diálisis	Farmacoterapia::Endocrinología y metabolismo
¿Está contraindicado Dapagliflozina en: Cetoacidosis previa con iSGLT2?	Sí — Cetoacidosis previa con iSGLT2	Farmacoterapia::Endocrinología y metabolismo
¿Está contraindicado Dapagliflozina en: Embarazo y lactancia?	Sí — Embarazo y lactancia	Farmacoterapia::Endocrinología y metabolismo
Particularidad de Dapagliflozina que hay que tener en cuenta:	<b>Cetoacidosis euglucémica</b>: un paciente con iSGLT2, vómitos y malestar con glucemia «normal» necesita gasometría y cetonemia.	Farmacoterapia::Endocrinología y metabolismo
¿A qué clase farmacológica pertenece Liraglutida?	Agonista del receptor de GLP-1 (incretinmimético) (Agonista GLP-1 de administración DIARIA)	Farmacoterapia::Endocrinología y metabolismo
¿Cuál es el mecanismo de acción de Liraglutida?	Análogo de GLP-1 con un ácido graso que lo une a la albúmina y prolonga su acción. Estimula la secreción de insulina <b>dependiente de glucosa</b> (sin hipoglucemia en monoterapia), inhibe el glucagón, <b>enlentece el vaciamiento gástrico</b> y actúa sobre el hipotálamo reduciendo el apetito.	Farmacoterapia::Endocrinología y metabolismo
¿Qué distingue a Liraglutida de los demás fármacos de su clase (Agonista del receptor de GLP-1 (incretinmimético))?	<b>Inyección DIARIA</b> (semaglutida, dulaglutida y tirzepatida son semanales).	Farmacoterapia::Endocrinología y metabolismo
¿Cuál es la dosis de Liraglutida en Diabetes mellitus tipo 2?	0,6 mg → 1,2 mg → 1,8 mg — Cada 24 h, vía SC	Farmacoterapia::Endocrinología y metabolismo
¿Cuál es la dosis de Liraglutida en Obesidad (IMC ≥30, o ≥27 con comorbilidad)?	0,6 mg → 3 mg — Cada 24 h, vía SC	Farmacoterapia::Endocrinología y metabolismo
¿Cuánto dura el tratamiento con Liraglutida?	Indefinida mientras sea eficaz; al suspenderla se recupera gran parte del peso.	Farmacoterapia::Endocrinología y metabolismo
¿Cómo se suspende Liraglutida?	Suspensión directa. Suspender ante pancreatitis.	Farmacoterapia::Endocrinología y metabolismo
¿Qué hay que monitorizar durante el tratamiento con Liraglutida?	HbA1c cada 3 meses, peso, síntomas digestivos y de pancreatitis o colelitiasis.	Farmacoterapia::Endocrinología y metabolismo
¿Cuál es la vida media de Liraglutida?	<b>13 h.</b>	Farmacoterapia::Endocrinología y metabolismo
¿Requiere Liraglutida ajuste en insuficiencia renal?	No precisa; no recomendada en enfermedad renal terminal.	Farmacoterapia::Endocrinología y metabolismo
Efecto adverso grave de Liraglutida: Pancreatitis aguda — ¿en qué consiste?	Pancreatitis aguda	Farmacoterapia::Endocrinología y metabolismo
Efecto adverso grave de Liraglutida: Colelitiasis y colecistitis — ¿en qué consiste?	Colelitiasis y colecistitis	Farmacoterapia::Endocrinología y metabolismo
Efecto adverso grave de Liraglutida: Deshidratación con fracaso renal por vómitos — ¿en qué consiste?	Deshidratación con fracaso renal por vómitos	Farmacoterapia::Endocrinología y metabolismo
Efecto adverso grave de Liraglutida: Tumores de células C tiroideas — ¿en qué consiste?	Tumores de células C tiroideas (en roedores; no demostrado en humanos)	Farmacoterapia::Endocrinología y metabolismo
¿Está contraindicado Liraglutida en: Antecedente personal o familiar de carcinoma medular de tiroides o MEN 2?	Sí — Antecedente personal o familiar de carcinoma medular de tiroides o MEN 2	Farmacoterapia::Endocrinología y metabolismo
¿Está contraindicado Liraglutida en: Antecedente de pancreatitis?	Sí — Antecedente de pancreatitis (relativa)	Farmacoterapia::Endocrinología y metabolismo
¿Está contraindicado Liraglutida en: Diabetes tipo 1?	Sí — Diabetes tipo 1	Farmacoterapia::Endocrinología y metabolismo
¿Está contraindicado Liraglutida en: Embarazo y lactancia?	Sí — Embarazo y lactancia	Farmacoterapia::Endocrinología y metabolismo
Particularidad de Liraglutida que hay que tener en cuenta:	<b>Es la opción de GLP-1 cuando interesa una vida media corta</b> (paciente con mala tolerancia digestiva o pendiente de cirugía).	Farmacoterapia::Endocrinología y metabolismo
¿A qué clase farmacológica pertenece Dulaglutida?	Agonista del receptor de GLP-1 (incretinmimético) (Agonista GLP-1 semanal unido a fragmento Fc)	Farmacoterapia::Endocrinología y metabolismo
¿Cuál es el mecanismo de acción de Dulaglutida?	Dos moléculas análogas de GLP-1 unidas a un fragmento Fc de inmunoglobulina, que impide su filtración renal y su degradación por DPP-4. Acción incretina dependiente de glucosa, inhibición del glucagón, retraso del vaciamiento gástrico y saciedad.	Farmacoterapia::Endocrinología y metabolismo
¿Qué distingue a Dulaglutida de los demás fármacos de su clase (Agonista del receptor de GLP-1 (incretinmimético))?	<b>Semanal, en pluma precargada de un solo uso sin necesidad de ajustar ni ver la aguja</b>: el más sencillo de administrar del grupo.	Farmacoterapia::Endocrinología y metabolismo
¿Cuál es la dosis de Dulaglutida en Diabetes mellitus tipo 2?	0,75-1,5 mg (hasta 3-4,5 mg) — Cada 7 días, el mismo día de la semana, vía SC	Farmacoterapia::Endocrinología y metabolismo
¿Cuánto dura el tratamiento con Dulaglutida?	Indefinida.	Farmacoterapia::Endocrinología y metabolismo
¿Cómo se suspende Dulaglutida?	Suspensión directa (el efecto persiste 1-2 semanas). Si se olvida una dosis, ponerla si faltan ≥72 h para la siguiente.	Farmacoterapia::Endocrinología y metabolismo
¿Qué hay que monitorizar durante el tratamiento con Dulaglutida?	HbA1c, peso, tolerancia digestiva.	Farmacoterapia::Endocrinología y metabolismo
¿Cuál es la vida media de Dulaglutida?	<b>≈5 días.</b>	Farmacoterapia::Endocrinología y metabolismo
¿Requiere Dulaglutida ajuste en insuficiencia renal?	No precisa; no recomendada en ERC terminal.	Farmacoterapia::Endocrinología y metabolismo
Efecto adverso grave de Dulaglutida: Pancreatitis aguda — ¿en qué consiste?	Pancreatitis aguda	Farmacoterapia::Endocrinología y metabolismo
Efecto adverso grave de Dulaglutida: Colelitiasis — ¿en qué consiste?	Colelitiasis	Farmacoterapia::Endocrinología y metabolismo
Efecto adverso grave de Dulaglutida: Fracaso renal por deshidratación — ¿en qué consiste?	Fracaso renal por deshidratación	Farmacoterapia::Endocrinología y metabolismo
¿Está contraindicado Dulaglutida en: Antecedente de carcinoma medular de tiroides o MEN 2?	Sí — Antecedente de carcinoma medular de tiroides o MEN 2	Farmacoterapia::Endocrinología y metabolismo
¿Está contraindicado Dulaglutida en: Diabetes tipo 1?	Sí — Diabetes tipo 1	Farmacoterapia::Endocrinología y metabolismo
¿Está contraindicado Dulaglutida en: Gastroparesia grave?	Sí — Gastroparesia grave	Farmacoterapia::Endocrinología y metabolismo
¿Está contraindicado Dulaglutida en: Embarazo y lactancia?	Sí — Embarazo y lactancia	Farmacoterapia::Endocrinología y metabolismo
Particularidad de Dulaglutida que hay que tener en cuenta:	<b>El paciente con dificultad para manipular plumas (anciano, temblor, baja visión) suele administrarse mejor la dulaglutida.</b>	Farmacoterapia::Endocrinología y metabolismo
¿A qué clase farmacológica pertenece Tirzepatida?	Agonista del receptor de GLP-1 (incretinmimético) (Agonista DUAL de los receptores de GIP y GLP-1, semanal)	Farmacoterapia::Endocrinología y metabolismo
¿Cuál es el mecanismo de acción de Tirzepatida?	Péptido que activa los receptores del polipéptido insulinotrópico dependiente de glucosa (GIP) y de GLP-1: aumenta la secreción de insulina dependiente de glucosa, mejora la sensibilidad a la insulina, reduce el glucagón, enlentece el vaciamiento gástrico y disminuye el apetito.	Farmacoterapia::Endocrinología y metabolismo
¿Qué distingue a Tirzepatida de los demás fármacos de su clase (Agonista del receptor de GLP-1 (incretinmimético))?	<b>Agonista DUAL GIP + GLP-1</b> («twincretina»): no es un GLP-1 puro.	Farmacoterapia::Endocrinología y metabolismo
¿Cuál es la dosis de Tirzepatida en Diabetes mellitus tipo 2?	2,5 mg → 5-15 mg — Cada 7 días, vía SC	Farmacoterapia::Endocrinología y metabolismo
¿Cuál es la dosis de Tirzepatida en Obesidad (IMC ≥30, o ≥27 con comorbilidad)?	2,5 mg → 5-15 mg — Cada 7 días, vía SC	Farmacoterapia::Endocrinología y metabolismo
¿Cuánto dura el tratamiento con Tirzepatida?	Indefinida; al suspenderla se recupera peso.	Farmacoterapia::Endocrinología y metabolismo
¿Cómo se suspende Tirzepatida?	Suspensión directa; pancreatitis obliga a retirarla definitivamente.	Farmacoterapia::Endocrinología y metabolismo
¿Qué hay que monitorizar durante el tratamiento con Tirzepatida?	HbA1c, peso, tolerancia digestiva, síntomas biliares.	Farmacoterapia::Endocrinología y metabolismo
¿Cuál es la vida media de Tirzepatida?	≈5 días.	Farmacoterapia::Endocrinología y metabolismo
¿Requiere Tirzepatida ajuste en insuficiencia renal?	No precisa.	Farmacoterapia::Endocrinología y metabolismo
Efecto adverso grave de Tirzepatida: Pancreatitis — ¿en qué consiste?	Pancreatitis	Farmacoterapia::Endocrinología y metabolismo
Efecto adverso grave de Tirzepatida: Colelitiasis — ¿en qué consiste?	Colelitiasis (asociada a la pérdida rápida de peso)	Farmacoterapia::Endocrinología y metabolismo
Efecto adverso grave de Tirzepatida: Deshidratación y fracaso renal — ¿en qué consiste?	Deshidratación y fracaso renal	Farmacoterapia::Endocrinología y metabolismo
¿Está contraindicado Tirzepatida en: Antecedente de carcinoma medular de tiroides o MEN 2?	Sí — Antecedente de carcinoma medular de tiroides o MEN 2	Farmacoterapia::Endocrinología y metabolismo
¿Está contraindicado Tirzepatida en: Diabetes tipo 1?	Sí — Diabetes tipo 1	Farmacoterapia::Endocrinología y metabolismo
¿Está contraindicado Tirzepatida en: Embarazo y lactancia?	Sí — Embarazo y lactancia	Farmacoterapia::Endocrinología y metabolismo
Particularidad de Tirzepatida que hay que tener en cuenta:	<b>La pérdida de peso incluye masa magra</b>: asociar dieta rica en proteínas y ejercicio de fuerza.	Farmacoterapia::Endocrinología y metabolismo
¿A qué clase farmacológica pertenece Insulina degludec?	Insulina basal (Análogo de acción ultraprolongada)	Farmacoterapia::Endocrinología y metabolismo
¿Cuál es el mecanismo de acción de Insulina degludec?	Tras la inyección forma multihexámeros solubles en el tejido subcutáneo que liberan monómeros de forma lenta y continua; además se une a la albúmina. Resultado: insulinemia basal sin pico, que suprime la producción hepática de glucosa entre comidas y por la noche.	Farmacoterapia::Endocrinología y metabolismo
¿Qué distingue a Insulina degludec de los demás fármacos de su clase (Insulina basal)?	<b>Duración >42 h y perfil completamente plano</b>: <b>menos hipoglucemias nocturnas</b> que glargina U100 (DEVOTE).	Farmacoterapia::Endocrinología y metabolismo
¿Cuál es la dosis de Insulina degludec en Diabetes tipo 1 (insulina basal del esquema basal-bolo)?	≈50% de la dosis total diaria (0,2-0,3 UI/kg) — Cada 24 h, vía SC	Farmacoterapia::Endocrinología y metabolismo
¿A qué objetivo se ajusta la dosis de Insulina degludec en Diabetes tipo 1 (insulina basal del esquema basal-bolo)?	Glucemia basal en ayunas 80-130 mg/dL sin hipoglucemias nocturnas	Farmacoterapia::Endocrinología y metabolismo
¿Cuál es la dosis de Insulina degludec en Diabetes tipo 2 que requiere insulinización?	10 UI o 0,1-0,2 UI/kg — Cada 24 h, vía SC	Farmacoterapia::Endocrinología y metabolismo
¿A qué objetivo se ajusta la dosis de Insulina degludec en Diabetes tipo 2 que requiere insulinización?	Glucemia basal 80-130 mg/dL	Farmacoterapia::Endocrinología y metabolismo
¿Cuánto dura el tratamiento con Insulina degludec?	Indefinida.	Farmacoterapia::Endocrinología y metabolismo
¿Cómo se suspende Insulina degludec?	No se suspende en la DM1. En la DM2 puede desescalarse si mejora el control con otros fármacos.	Farmacoterapia::Endocrinología y metabolismo
¿Qué hay que monitorizar durante el tratamiento con Insulina degludec?	Glucemias capilares o monitorización continua, HbA1c cada 3 meses.	Farmacoterapia::Endocrinología y metabolismo
¿Cuál es la vida media de Insulina degludec?	<b>25 h (duración >42 h).</b>	Farmacoterapia::Endocrinología y metabolismo
¿Requiere Insulina degludec ajuste en insuficiencia renal?	Necesidades menores en ERC avanzada: titulación prudente.	Farmacoterapia::Endocrinología y metabolismo
Efecto adverso grave de Insulina degludec: Hipoglucemia grave — ¿en qué consiste?	Hipoglucemia grave (más prolongada por su larga acción)	Farmacoterapia::Endocrinología y metabolismo
Efecto adverso grave de Insulina degludec: Hipopotasemia — ¿en qué consiste?	Hipopotasemia (dosis altas)	Farmacoterapia::Endocrinología y metabolismo
¿Está contraindicado Insulina degludec en: Hipoglucemia?	Sí — Hipoglucemia	Farmacoterapia::Endocrinología y metabolismo
¿Está contraindicado Insulina degludec en: No para administración IV ni en bomba de insulina?	Sí — No para administración IV ni en bomba de insulina	Farmacoterapia::Endocrinología y metabolismo
¿Está contraindicado Insulina degludec en: No apta para la cetoacidosis?	Sí — No apta para la cetoacidosis (se usa insulina rápida IV)	Farmacoterapia::Endocrinología y metabolismo
Particularidad de Insulina degludec que hay que tener en cuenta:	<b>Si hay hipoglucemia con degludec, su efecto persiste: vigilancia prolongada.</b>	Farmacoterapia::Endocrinología y metabolismo
¿A qué clase farmacológica pertenece Insulina NPH (isófana)?	Insulina basal (Insulina humana de acción intermedia)	Farmacoterapia::Endocrinología y metabolismo
¿Cuál es el mecanismo de acción de Insulina NPH (isófana)?	Insulina humana combinada con protamina, que forma cristales y retrasa su absorción subcutánea. Inicio a 1-2 h, pico a 4-8 h y duración de 12-16 h.	Farmacoterapia::Endocrinología y metabolismo
¿Qué distingue a Insulina NPH (isófana) de los demás fármacos de su clase (Insulina basal)?	<b>Acción INTERMEDIA con PICO a las 4-8 h</b> (los análogos basales no tienen pico): <b>más hipoglucemia nocturna</b> y suele necesitar <b>2 dosis al día</b>.	Farmacoterapia::Endocrinología y metabolismo
¿Cuál es la dosis de Insulina NPH (isófana) en Hiperglucemia inducida por glucocorticoides (dosis única matutina de prednisona)?	0,1 UI/kg por cada 10 mg de prednisona (máximo 0,4 UI/kg) — Una vez al día, por la mañana con el corticoide, vía SC	Farmacoterapia::Endocrinología y metabolismo
¿Cuál es la dosis de Insulina NPH (isófana) en Diabetes tipo 2 que requiere insulina basal (opción económica)?	10 UI o 0,1-0,2 UI/kg — Cada 24 h al acostarse, o repartida cada 12 h, vía SC	Farmacoterapia::Endocrinología y metabolismo
¿A qué objetivo se ajusta la dosis de Insulina NPH (isófana) en Diabetes tipo 2 que requiere insulina basal (opción económica)?	Glucemia basal 80-130 mg/dL	Farmacoterapia::Endocrinología y metabolismo
¿Cuál es la dosis de Insulina NPH (isófana) en Diabetes gestacional o pregestacional?	Dosis individualizada (inicio 0,1-0,2 UI/kg) — Cada 12 h (antes del desayuno y al acostarse), vía SC	Farmacoterapia::Endocrinología y metabolismo
¿A qué objetivo se ajusta la dosis de Insulina NPH (isófana) en Diabetes gestacional o pregestacional?	Glucemia basal <95 mg/dL	Farmacoterapia::Endocrinología y metabolismo
¿Cuánto dura el tratamiento con Insulina NPH (isófana)?	Indefinida en DM2; mientras dure el corticoide en la hiperglucemia esteroidea; hasta el parto en la gestacional.	Farmacoterapia::Endocrinología y metabolismo
¿Cómo se suspende Insulina NPH (isófana)?	En la gestacional se suspende tras el parto con control glucémico posterior. En la esteroidea, reducir proporcionalmente al corticoide.	Farmacoterapia::Endocrinología y metabolismo
¿Qué hay que monitorizar durante el tratamiento con Insulina NPH (isófana)?	Glucemias capilares, incluida alguna nocturna (3:00) si se pone al acostarse.	Farmacoterapia::Endocrinología y metabolismo
¿Cuál es la vida media de Insulina NPH (isófana)?	Efecto de 12-16 h.	Farmacoterapia::Endocrinología y metabolismo
¿Requiere Insulina NPH (isófana) ajuste en insuficiencia renal?	Reducir dosis en ERC avanzada.	Farmacoterapia::Endocrinología y metabolismo
Efecto adverso grave de Insulina NPH (isófana): Hipoglucemia grave — ¿en qué consiste?	Hipoglucemia grave	Farmacoterapia::Endocrinología y metabolismo
Efecto adverso grave de Insulina NPH (isófana): Alergia a la protamina — ¿en qué consiste?	Alergia a la protamina (rara; relevante si después se necesita protamina IV)	Farmacoterapia::Endocrinología y metabolismo
¿Está contraindicado Insulina NPH (isófana) en: Hipoglucemia?	Sí — Hipoglucemia	Farmacoterapia::Endocrinología y metabolismo
¿Está contraindicado Insulina NPH (isófana) en: <b>Administración IV</b>?	Sí — <b>Administración IV</b>	Farmacoterapia::Endocrinología y metabolismo
¿Está contraindicado Insulina NPH (isófana) en: Cetoacidosis?	Sí — Cetoacidosis (usar insulina rápida IV)	Farmacoterapia::Endocrinología y metabolismo
Particularidad de Insulina NPH (isófana) que hay que tener en cuenta:	<b>«Agitar la NPH» es una instrucción esencial</b>: sin homogeneizar, la primera mitad del vial es casi diluyente y la última, casi pura.	Farmacoterapia::Endocrinología y metabolismo
¿A qué clase farmacológica pertenece Propiltiouracilo?	Antitiroideo de síntesis (tionamida) (Tionamida con inhibición de la desyodación periférica)	Farmacoterapia::Endocrinología y metabolismo
¿Cuál es el mecanismo de acción de Propiltiouracilo?	Inhibe la peroxidasa tiroidea, bloqueando la organificación del yodo y el acoplamiento de yodotirosinas. <b>A diferencia del tiamazol, inhibe también la 5'-desyodasa tipo 1 periférica</b>, reduciendo rápidamente la T3 circulante. No actúa sobre la hormona ya almacenada (efecto clínico en 3-6 semanas).	Farmacoterapia::Endocrinología y metabolismo
¿Qué distingue a Propiltiouracilo de los demás fármacos de su clase (Antitiroideo de síntesis (tionamida))?	<b>De elección en el PRIMER TRIMESTRE del embarazo</b>: el tiamazol produce embriopatía (aplasia cutis, atresia de coanas o esófago). En el 2.º trimestre se vuelve a tiamazol.	Farmacoterapia::Endocrinología y metabolismo
¿Cuál es la dosis de Propiltiouracilo en Hipertiroidismo en el primer trimestre del embarazo (o en la mujer que planifica gestación)?	50-100 mg — Cada 8 h, vía VO	Farmacoterapia::Endocrinología y metabolismo
¿Cuál es la dosis de Propiltiouracilo en Crisis tirotóxica?	500-1.000 mg de carga, después 250 mg — Carga y luego cada 4 h, vía VO (o por sonda nasogástrica o vía rectal)	Farmacoterapia::Endocrinología y metabolismo
¿Cuál es la dosis de Propiltiouracilo en Hipertiroidismo con intolerancia o reacción no grave al tiamazol?	100 mg — Cada 8 h, vía VO	Farmacoterapia::Endocrinología y metabolismo
¿Cuánto dura el tratamiento con Propiltiouracilo?	Embarazo: hasta el 2.º trimestre (luego tiamazol). Crisis: días, hasta estabilizar.	Farmacoterapia::Endocrinología y metabolismo
¿Cómo se suspende Propiltiouracilo?	<b>Suspender inmediatamente ante fiebre u odinofagia (descartar agranulocitosis), ictericia, coluria o elevación de transaminasas.</b>	Farmacoterapia::Endocrinología y metabolismo
¿Qué hay que monitorizar durante el tratamiento con Propiltiouracilo?	Función tiroidea cada 4-6 semanas; <b>transaminasas periódicas</b>; hemograma si fiebre o dolor de garganta.	Farmacoterapia::Endocrinología y metabolismo
¿Cuál es la vida media de Propiltiouracilo?	<b>1-2 h</b> (se concentra en el tiroides y actúa más).	Farmacoterapia::Endocrinología y metabolismo
¿Requiere Propiltiouracilo ajuste en insuficiencia renal?	Reducir dosis en insuficiencia renal grave.	Farmacoterapia::Endocrinología y metabolismo
Efecto adverso grave de Propiltiouracilo: **Hepatotoxicidad grave — ¿en qué consiste?	<b>Hepatotoxicidad grave (necrosis hepática, trasplante, muerte)</b>	Farmacoterapia::Endocrinología y metabolismo
Efecto adverso grave de Propiltiouracilo: <b>Agranulocitosis</b> — ¿en qué consiste?	<b>Agranulocitosis</b> (0,2-0,5%, primeros 3 meses)	Farmacoterapia::Endocrinología y metabolismo
Efecto adverso grave de Propiltiouracilo: Vasculitis ANCA-positiva — ¿en qué consiste?	Vasculitis ANCA-positiva (más que con tiamazol)	Farmacoterapia::Endocrinología y metabolismo
¿Está contraindicado Propiltiouracilo en: Hepatopatía previa?	Sí — Hepatopatía previa	Farmacoterapia::Endocrinología y metabolismo
¿Está contraindicado Propiltiouracilo en: Antecedente de agranulocitosis por tionamidas?	Sí — Antecedente de agranulocitosis por tionamidas	Farmacoterapia::Endocrinología y metabolismo
¿Está contraindicado Propiltiouracilo en: Fuera del primer trimestre del embarazo y de la crisis tirotóxica?	Sí — Fuera del primer trimestre del embarazo y de la crisis tirotóxica: preferir tiamazol	Farmacoterapia::Endocrinología y metabolismo
Particularidad de Propiltiouracilo que hay que tener en cuenta:	<b>Regla: PTU en el 1.er trimestre y en la tormenta tiroidea; tiamazol en todo lo demás.</b>	Farmacoterapia::Endocrinología y metabolismo
¿A qué clase farmacológica pertenece Ácido zoledrónico?	Bisfosfonato (Bisfosfonato nitrogenado intravenoso de máxima potencia)	Farmacoterapia::Endocrinología y metabolismo
¿Cuál es el mecanismo de acción de Ácido zoledrónico?	Se fija a la hidroxiapatita en las zonas de remodelado; al ser fagocitado por el osteoclasto inhibe la farnesil pirofosfato sintasa, lo que altera la prenilación de proteínas y provoca la apoptosis del osteoclasto. Reduce la resorción ósea durante más de un año por su gran afinidad por el hueso.	Farmacoterapia::Endocrinología y metabolismo
¿Qué distingue a Ácido zoledrónico de los demás fármacos de su clase (Bisfosfonato)?	<b>Una sola infusión IV AL AÑO</b> en osteoporosis (5 mg): evita los problemas de adherencia y tolerancia digestiva de los orales.	Farmacoterapia::Endocrinología y metabolismo
¿Cuál es la dosis de Ácido zoledrónico en Osteoporosis posmenopáusica o masculina (incluida tras fractura de cadera)?	5 mg — Infusión de ≥15 min, una vez al año, vía IV	Farmacoterapia::Endocrinología y metabolismo
¿Cuál es la dosis de Ácido zoledrónico en Hipercalcemia tumoral?	4 mg — Dosis única en ≥15 min; repetir a los 7 días si no responde, vía IV	Farmacoterapia::Endocrinología y metabolismo
¿Cuál es la dosis de Ácido zoledrónico en Prevención de eventos óseos en metástasis óseas y mieloma?	4 mg — Cada 3-4 semanas (o cada 12 semanas), vía IV	Farmacoterapia::Endocrinología y metabolismo
¿Cuánto dura el tratamiento con Ácido zoledrónico?	Osteoporosis: 3 dosis anuales (6 en alto riesgo) y reevaluar.	Farmacoterapia::Endocrinología y metabolismo
¿Cómo se suspende Ácido zoledrónico?	Descanso terapéutico tras 3-6 años si el riesgo de fractura se ha reducido.	Farmacoterapia::Endocrinología y metabolismo
¿Qué hay que monitorizar durante el tratamiento con Ácido zoledrónico?	FG antes de cada infusión, calcio, densitometría a los 2-3 años.	Farmacoterapia::Endocrinología y metabolismo
¿Cuál es la vida media de Ácido zoledrónico?	Plasmática 146 h; ósea de años.	Farmacoterapia::Endocrinología y metabolismo
¿Requiere Ácido zoledrónico ajuste en insuficiencia renal?	<b>Osteoporosis: contraindicado con FG <35.</b> Oncología: reducir dosis según FG.	Farmacoterapia::Endocrinología y metabolismo
Efecto adverso grave de Ácido zoledrónico: Fracaso renal agudo — ¿en qué consiste?	Fracaso renal agudo	Farmacoterapia::Endocrinología y metabolismo
Efecto adverso grave de Ácido zoledrónico: <b>Osteonecrosis de mandíbula</b> — ¿en qué consiste?	<b>Osteonecrosis de mandíbula</b> (sobre todo en dosis oncológicas)	Farmacoterapia::Endocrinología y metabolismo
Efecto adverso grave de Ácido zoledrónico: Fractura atípica de fémur — ¿en qué consiste?	Fractura atípica de fémur (uso prolongado)	Farmacoterapia::Endocrinología y metabolismo
Efecto adverso grave de Ácido zoledrónico: Uveítis o escleritis — ¿en qué consiste?	Uveítis o escleritis	Farmacoterapia::Endocrinología y metabolismo
Efecto adverso grave de Ácido zoledrónico: Fibrilación auricular — ¿en qué consiste?	Fibrilación auricular	Farmacoterapia::Endocrinología y metabolismo
¿Está contraindicado Ácido zoledrónico en: FG <35 mL/min?	Sí — FG <35 mL/min (osteoporosis)	Farmacoterapia::Endocrinología y metabolismo
¿Está contraindicado Ácido zoledrónico en: Hipocalcemia no corregida?	Sí — Hipocalcemia no corregida	Farmacoterapia::Endocrinología y metabolismo
¿Está contraindicado Ácido zoledrónico en: Embarazo y lactancia?	Sí — Embarazo y lactancia	Farmacoterapia::Endocrinología y metabolismo
Particularidad de Ácido zoledrónico que hay que tener en cuenta:	<b>Dar paracetamol tras la infusión</b> reduce la reacción de fase aguda; avisar al paciente de que no es una infección.	Farmacoterapia::Endocrinología y metabolismo
¿A qué clase farmacológica pertenece Risedronato?	Bisfosfonato (Bisfosfonato nitrogenado oral, semanal o mensual)	Farmacoterapia::Endocrinología y metabolismo
¿Cuál es el mecanismo de acción de Risedronato?	Inhibe la farnesil pirofosfato sintasa del osteoclasto, reduciendo la resorción ósea. Como todos los bisfosfonatos orales, su absorción es mínima (<1%) y muy sensible a la comida y al calcio.	Farmacoterapia::Endocrinología y metabolismo
¿Qué distingue a Risedronato de los demás fármacos de su clase (Bisfosfonato)?	<b>Evidencia en reducción de fractura vertebral y de CADERA</b> (como alendronato) y en la <b>osteoporosis inducida por glucocorticoides</b>.	Farmacoterapia::Endocrinología y metabolismo
¿Cuál es la dosis de Risedronato en Osteoporosis posmenopáusica y masculina?	35 mg (semanal) o 75 mg dos días seguidos al mes, o 150 mg mensual — Cada 7 días (o mensual), vía VO	Farmacoterapia::Endocrinología y metabolismo
¿Cuál es la dosis de Risedronato en Prevención y tratamiento de la osteoporosis por glucocorticoides (≥7,5 mg/día de prednisona ≥3 meses)?	35 mg — Cada 7 días, vía VO	Farmacoterapia::Endocrinología y metabolismo
¿Cuál es la dosis de Risedronato en Enfermedad de Paget ósea?	30 mg — Cada 24 h durante 2 meses, vía VO	Farmacoterapia::Endocrinología y metabolismo
¿Cuánto dura el tratamiento con Risedronato?	5 años y reevaluar descanso terapéutico (10 si alto riesgo).	Farmacoterapia::Endocrinología y metabolismo
¿Cómo se suspende Risedronato?	Descanso terapéutico de 1-2 años si el riesgo de fractura es bajo.	Farmacoterapia::Endocrinología y metabolismo
¿Qué hay que monitorizar durante el tratamiento con Risedronato?	Densitometría a los 2-3 años, calcio y vitamina D.	Farmacoterapia::Endocrinología y metabolismo
¿Cuál es la vida media de Risedronato?	Ósea prolongada (menos que alendronato).	Farmacoterapia::Endocrinología y metabolismo
¿Requiere Risedronato ajuste en insuficiencia renal?	No usar con FG <30.	Farmacoterapia::Endocrinología y metabolismo
Efecto adverso grave de Risedronato: Esofagitis y úlcera esofágica — ¿en qué consiste?	Esofagitis y úlcera esofágica	Farmacoterapia::Endocrinología y metabolismo
Efecto adverso grave de Risedronato: Osteonecrosis de mandíbula — ¿en qué consiste?	Osteonecrosis de mandíbula (rara)	Farmacoterapia::Endocrinología y metabolismo
Efecto adverso grave de Risedronato: Fractura atípica de fémur — ¿en qué consiste?	Fractura atípica de fémur (uso prolongado)	Farmacoterapia::Endocrinología y metabolismo
Efecto adverso grave de Risedronato: Hipocalcemia — ¿en qué consiste?	Hipocalcemia	Farmacoterapia::Endocrinología y metabolismo
¿Está contraindicado Risedronato en: Alteraciones esofágicas que retrasan el vaciamiento?	Sí — Alteraciones esofágicas que retrasan el vaciamiento (acalasia, estenosis)	Farmacoterapia::Endocrinología y metabolismo
¿Está contraindicado Risedronato en: Imposibilidad de mantenerse erguido 30 min?	Sí — Imposibilidad de mantenerse erguido 30 min	Farmacoterapia::Endocrinología y metabolismo
¿Está contraindicado Risedronato en: Hipocalcemia?	Sí — Hipocalcemia	Farmacoterapia::Endocrinología y metabolismo
¿Está contraindicado Risedronato en: FG <30?	Sí — FG <30	Farmacoterapia::Endocrinología y metabolismo
¿Está contraindicado Risedronato en: Embarazo y lactancia?	Sí — Embarazo y lactancia	Farmacoterapia::Endocrinología y metabolismo
Particularidad de Risedronato que hay que tener en cuenta:	<b>Si el paciente no puede cumplir el ayuno estricto, la forma gastrorresistente de 35 mg se toma justo después del desayuno.</b>	Farmacoterapia::Endocrinología y metabolismo
¿A qué clase farmacológica pertenece Sulfonilureas (gliclazida, glimepirida, glibenclamida) y repaglinida?	Visión de clase: secretagogos de insulina (Secretagogos que actúan sobre el canal de potasio dependiente de ATP)	Farmacoterapia::Endocrinología y metabolismo
¿Cuál es el mecanismo de acción de Sulfonilureas (gliclazida, glimepirida, glibenclamida) y repaglinida?	Se unen al receptor SUR1 del canal de POTASIO DEPENDIENTE DE ATP de la célula beta pancreática y lo CIERRAN. Al cerrarse, la célula se despolariza, entra calcio y se libera INSULINA. La diferencia crucial con los secretagogos fisiológicos es que ese cierre ocurre CON INDEPENDENCIA DE LA GLUCEMIA: la insulina se secreta aunque el paciente esté en ayunas o hipoglucémico, y ahí reside el riesgo de HIPOGLUCEMIA, que es su gran problema y lo que las diferencia de la metformina, los iSGLT2 y los fármacos incretínicos, que solo actúan cuando hay glucosa. Al forzar la secreción también favorecen el aumento de peso. La REPAGLINIDA actúa sobre el mismo canal pero en un sitio distinto y con vida media muy corta, de modo que se toma antes de cada comida y produce menos hipoglucemia interprandial. Un dato práctico: la glibenclamida tiene metabolitos activos de eliminación renal y por eso es, con diferencia, la que más hipoglucemias graves causa en el anciano.	Farmacoterapia::Endocrinología y metabolismo
¿Cuál es la dosis de Sulfonilureas (gliclazida, glimepirida, glibenclamida) y repaglinida en DIABETES TIPO 2 con hemoglobina glucosilada no controlada pese a metformina?	Gliclazida de liberación modificada 30-120 mg al día, o glimepirida 1-4 mg al día — Una toma diaria con el desayuno, vía VO	Farmacoterapia::Endocrinología y metabolismo
¿A qué objetivo se ajusta la dosis de Sulfonilureas (gliclazida, glimepirida, glibenclamida) y repaglinida en DIABETES TIPO 2 con hemoglobina glucosilada no controlada pese a metformina?	Hemoglobina glucosilada individualizada (7% en el adulto joven; 8-8,5% en el anciano frágil)	Farmacoterapia::Endocrinología y metabolismo
¿Cuál es la dosis de Sulfonilureas (gliclazida, glimepirida, glibenclamida) y repaglinida en Diabetes tipo 2 con patrón de hiperglucemia POSPRANDIAL o con horarios de comida irregulares?	Repaglinida 0,5-4 mg antes de cada comida principal — Antes de cada comida; SIN comida, NO se toma, vía VO	Farmacoterapia::Endocrinología y metabolismo
¿Cuál es la dosis de Sulfonilureas (gliclazida, glimepirida, glibenclamida) y repaglinida en Diabetes MONOGÉNICA tipo MODY 3 (mutación HNF1A)?	Gliclazida 20-40 mg al día, muy inferior a la dosis habitual de la diabetes tipo 2 — Una toma diaria, vía VO	Farmacoterapia::Endocrinología y metabolismo
¿Cuál es la dosis de Sulfonilureas (gliclazida, glimepirida, glibenclamida) y repaglinida en Diabetes NEONATAL por mutación del canal KATP?	Glibenclamida 0,2-1 mg/kg/día, muy superior a la dosis del adulto — Diaria, vía VO	Farmacoterapia::Endocrinología y metabolismo
¿Cuánto dura el tratamiento con Sulfonilureas (gliclazida, glimepirida, glibenclamida) y repaglinida?	Prolongada, pero con pérdida progresiva de eficacia (fallo secundario) a medida que se agota la reserva de célula beta.	Farmacoterapia::Endocrinología y metabolismo
¿Cómo se suspende Sulfonilureas (gliclazida, glimepirida, glibenclamida) y repaglinida?	Se suspenden ante hipoglucemias repetidas, ayuno, enfermedad aguda o cirugía, y cuando se inicia insulina prandial.	Farmacoterapia::Endocrinología y metabolismo
¿Qué hay que monitorizar durante el tratamiento con Sulfonilureas (gliclazida, glimepirida, glibenclamida) y repaglinida?	Glucemia capilar, hemoglobina glucosilada, PESO y episodios de hipoglucemia, que hay que preguntar activamente porque el paciente no siempre los relaciona.	Farmacoterapia::Endocrinología y metabolismo
¿Cuál es la vida media de Sulfonilureas (gliclazida, glimepirida, glibenclamida) y repaglinida?	Gliclazida de liberación modificada, 12-20 horas; repaglinida, 1 hora.	Farmacoterapia::Endocrinología y metabolismo
¿Requiere Sulfonilureas (gliclazida, glimepirida, glibenclamida) y repaglinida ajuste en insuficiencia renal?	La GLIBENCLAMIDA está CONTRAINDICADA en la insuficiencia renal. La gliclazida y la repaglinida son las opciones más seguras. La repaglinida se puede usar incluso con filtrado bajo.	Farmacoterapia::Endocrinología y metabolismo
Interacción crítica de Sulfonilureas (gliclazida, glimepirida, glibenclamida) y repaglinida con BETABLOQUEANTES: ¿qué ocurre y qué se hace?	ENMASCARAN los síntomas adrenérgicos de la hipoglucemia (temblor, palpitaciones), de modo que el paciente no la percibe hasta que aparece la neuroglucopenia. Manejo: Combinación muy frecuente en el diabético cardiópata: hay que advertir de que la hipoglucemia se manifestará sobre todo por sudoración, que sí se conserva	Farmacoterapia::Endocrinología y metabolismo
Interacción crítica de Sulfonilureas (gliclazida, glimepirida, glibenclamida) y repaglinida con GEMFIBROZILO (con repaglinida): ¿qué ocurre y qué se hace?	Multiplica sus concentraciones por 8 con hipoglucemia grave. Manejo: CONTRAINDICADA la combinación	Farmacoterapia::Endocrinología y metabolismo
Interacción crítica de Sulfonilureas (gliclazida, glimepirida, glibenclamida) y repaglinida con Cotrimoxazol, fluconazol, claritromicina, fibratos, AINE y warfarina: ¿qué ocurre y qué se hace?	Potencian el efecto hipoglucemiante por inhibición del CYP2C9 o por desplazamiento proteico. Manejo: Vigilar la glucemia al añadir cualquiera de ellos	Farmacoterapia::Endocrinología y metabolismo
Interacción crítica de Sulfonilureas (gliclazida, glimepirida, glibenclamida) y repaglinida con ALCOHOL: ¿qué ocurre y qué se hace?	Hipoglucemia prolongada por inhibición de la gluconeogénesis; efecto antabús con algunas sulfonilureas. Manejo: Advertir expresamente, sobre todo del consumo nocturno sin comida	Farmacoterapia::Endocrinología y metabolismo
Efecto adverso grave de Sulfonilureas (gliclazida, glimepirida, glibenclamida) y repaglinida: HIPOGLUCEMIA GRAVE y PROLONGADA, especialmente con glibenclamida en el anciano con deterioro renal — ¿en qué consiste?	HIPOGLUCEMIA GRAVE y PROLONGADA, especialmente con glibenclamida en el anciano con deterioro renal: puede durar más de 24 horas y REAPARECER tras la corrección inicial, lo que obliga a OBSERVACIÓN HOSPITALARIA de al menos 24 horas	Farmacoterapia::Endocrinología y metabolismo
Efecto adverso grave de Sulfonilureas (gliclazida, glimepirida, glibenclamida) y repaglinida: Hipoglucemias inadvertidas por pérdida de los síntomas de alarma — ¿en qué consiste?	Hipoglucemias inadvertidas por pérdida de los síntomas de alarma	Farmacoterapia::Endocrinología y metabolismo
Efecto adverso grave de Sulfonilureas (gliclazida, glimepirida, glibenclamida) y repaglinida: Reacciones cutáneas graves y discrasias sanguíneas — ¿en qué consiste?	Reacciones cutáneas graves y discrasias sanguíneas (raras)	Farmacoterapia::Endocrinología y metabolismo
Efecto adverso grave de Sulfonilureas (gliclazida, glimepirida, glibenclamida) y repaglinida: Hiponatremia por SIADH — ¿en qué consiste?	Hiponatremia por SIADH (clorpropamida, ya en desuso)	Farmacoterapia::Endocrinología y metabolismo
Efecto adverso grave de Sulfonilureas (gliclazida, glimepirida, glibenclamida) y repaglinida: Colestasis — ¿en qué consiste?	Colestasis	Farmacoterapia::Endocrinología y metabolismo
¿Está contraindicado Sulfonilureas (gliclazida, glimepirida, glibenclamida) y repaglinida en: DIABETES TIPO 1 y cetoacidosis?	Sí — DIABETES TIPO 1 y cetoacidosis (no hay célula beta que estimular)	Farmacoterapia::Endocrinología y metabolismo
¿Está contraindicado Sulfonilureas (gliclazida, glimepirida, glibenclamida) y repaglinida en: GLIBENCLAMIDA en la insuficiencia renal?	Sí — GLIBENCLAMIDA en la insuficiencia renal	Farmacoterapia::Endocrinología y metabolismo
¿Está contraindicado Sulfonilureas (gliclazida, glimepirida, glibenclamida) y repaglinida en: Insuficiencia hepática grave?	Sí — Insuficiencia hepática grave	Farmacoterapia::Endocrinología y metabolismo
¿Está contraindicado Sulfonilureas (gliclazida, glimepirida, glibenclamida) y repaglinida en: Embarazo?	Sí — Embarazo (salvo gliburida en algunos protocolos de diabetes gestacional)	Farmacoterapia::Endocrinología y metabolismo
¿Está contraindicado Sulfonilureas (gliclazida, glimepirida, glibenclamida) y repaglinida en: Alergia a sulfamidas?	Sí — Alergia a sulfamidas (relativa)	Farmacoterapia::Endocrinología y metabolismo
Particularidad de Sulfonilureas (gliclazida, glimepirida, glibenclamida) y repaglinida que hay que tener en cuenta:	La diferencia conceptual con los fármacos modernos está en una palabra: son GLUCOSA-INDEPENDIENTES. Fuerzan la secreción de insulina esté o no esté alta la glucemia, y por eso producen hipoglucemia, mientras que la metformina, los iSGLT2 y los incretínicos no la producen en monoterapia. Entendido esto, se entiende por qué han pasado a segunda fila.	Farmacoterapia::Endocrinología y metabolismo
¿A qué clase farmacológica pertenece Inhibidores de la DPP-4 (sitagliptina, linagliptina, vildagliptina)?	Visión de clase: inhibidores de la DPP-4 (Inhibidores de la dipeptidil peptidasa 4)	Farmacoterapia::Endocrinología y metabolismo
¿Cuál es el mecanismo de acción de Inhibidores de la DPP-4 (sitagliptina, linagliptina, vildagliptina)?	Bloquean la DIPEPTIDIL PEPTIDASA 4, la enzima que degrada en pocos minutos las INCRETINAS endógenas (GLP-1 y GIP) liberadas por el intestino tras la comida. Al inhibirla, las incretinas propias duran más y ejercen su efecto: estimulan la secreción de insulina e inhiben la de glucagón, ambas cosas de forma DEPENDIENTE DE LA GLUCOSA. Esa dependencia de la glucosa es la clave de su perfil: cuando la glucemia baja, el estímulo desaparece, y por eso NO producen hipoglucemia en monoterapia. Como amplifican una señal fisiológica en lugar de forzarla, su potencia es MODESTA (bajan la hemoglobina glucosilada en torno a 0,5-0,8 puntos), y a cambio son extraordinariamente bien tolerados y neutros sobre el peso. Ese perfil (poca potencia, ninguna hipoglucemia, ningún efecto sobre el peso y muy buena tolerancia) define exactamente su lugar: el paciente ANCIANO y frágil.	Farmacoterapia::Endocrinología y metabolismo
¿Cuál es la dosis de Inhibidores de la DPP-4 (sitagliptina, linagliptina, vildagliptina) en DIABETES TIPO 2 en el paciente ANCIANO o FRÁGIL?	Sitagliptina 100 mg al día o linagliptina 5 mg al día — Una toma diaria, vía VO	Farmacoterapia::Endocrinología y metabolismo
¿A qué objetivo se ajusta la dosis de Inhibidores de la DPP-4 (sitagliptina, linagliptina, vildagliptina) en DIABETES TIPO 2 en el paciente ANCIANO o FRÁGIL?	Hemoglobina glucosilada de 7,5-8,5% en el anciano frágil, evitando por completo la hipoglucemia	Farmacoterapia::Endocrinología y metabolismo
¿Cuál es la dosis de Inhibidores de la DPP-4 (sitagliptina, linagliptina, vildagliptina) en Diabetes tipo 2 con INSUFICIENCIA RENAL avanzada?	LINAGLIPTINA 5 mg al día, SIN ajuste de dosis en ningún grado de insuficiencia renal, ni siquiera en diálisis — Una toma diaria, vía VO	Farmacoterapia::Endocrinología y metabolismo
¿A qué objetivo se ajusta la dosis de Inhibidores de la DPP-4 (sitagliptina, linagliptina, vildagliptina) en Diabetes tipo 2 con INSUFICIENCIA RENAL avanzada?	Control glucémico sin riesgo de acumulación	Farmacoterapia::Endocrinología y metabolismo
¿Cuál es la dosis de Inhibidores de la DPP-4 (sitagliptina, linagliptina, vildagliptina) en Diabetes tipo 2 en combinación con metformina?	Sitagliptina 100 mg al día asociada a metformina — Una toma diaria, vía VO	Farmacoterapia::Endocrinología y metabolismo
¿Cuál es la dosis de Inhibidores de la DPP-4 (sitagliptina, linagliptina, vildagliptina) en Paciente con intolerancia digestiva a otros antidiabéticos?	Sitagliptina 100 mg al día — Una toma diaria, vía VO	Farmacoterapia::Endocrinología y metabolismo
¿Cuánto dura el tratamiento con Inhibidores de la DPP-4 (sitagliptina, linagliptina, vildagliptina)?	Indefinida mientras aporte control.	Farmacoterapia::Endocrinología y metabolismo
¿Cómo se suspende Inhibidores de la DPP-4 (sitagliptina, linagliptina, vildagliptina)?	Se suspenden si aparece pancreatitis o si se sustituyen por un fármaco con beneficio cardiovascular demostrado.	Farmacoterapia::Endocrinología y metabolismo
¿Qué hay que monitorizar durante el tratamiento con Inhibidores de la DPP-4 (sitagliptina, linagliptina, vildagliptina)?	Hemoglobina glucosilada, función renal y vigilancia de dolor abdominal (pancreatitis) y de artralgias.	Farmacoterapia::Endocrinología y metabolismo
¿Cuál es la vida media de Inhibidores de la DPP-4 (sitagliptina, linagliptina, vildagliptina)?	12-24 horas.	Farmacoterapia::Endocrinología y metabolismo
¿Requiere Inhibidores de la DPP-4 (sitagliptina, linagliptina, vildagliptina) ajuste en insuficiencia renal?	Sitagliptina y vildagliptina requieren reducción de dosis según el filtrado. LINAGLIPTINA: sin ajuste en ningún grado.	Farmacoterapia::Endocrinología y metabolismo
Efecto adverso grave de Inhibidores de la DPP-4 (sitagliptina, linagliptina, vildagliptina): PANCREATITIS aguda — ¿en qué consiste?	PANCREATITIS aguda (señal de seguridad de clase, con riesgo absoluto bajo)	Farmacoterapia::Endocrinología y metabolismo
Efecto adverso grave de Inhibidores de la DPP-4 (sitagliptina, linagliptina, vildagliptina): ANGIOEDEMA, sobre todo asociado a IECA — ¿en qué consiste?	ANGIOEDEMA, sobre todo asociado a IECA	Farmacoterapia::Endocrinología y metabolismo
Efecto adverso grave de Inhibidores de la DPP-4 (sitagliptina, linagliptina, vildagliptina): PENFIGOIDE AMPOLLOSO, una asociación bien establecida y característica de esta clase — ¿en qué consiste?	PENFIGOIDE AMPOLLOSO, una asociación bien establecida y característica de esta clase	Farmacoterapia::Endocrinología y metabolismo
Efecto adverso grave de Inhibidores de la DPP-4 (sitagliptina, linagliptina, vildagliptina): Hepatotoxicidad — ¿en qué consiste?	Hepatotoxicidad (vildagliptina)	Farmacoterapia::Endocrinología y metabolismo
Efecto adverso grave de Inhibidores de la DPP-4 (sitagliptina, linagliptina, vildagliptina): Hospitalización por insuficiencia cardiaca — ¿en qué consiste?	Hospitalización por insuficiencia cardiaca (descrita con SAXAGLIPTINA en el ensayo SAVOR-TIMI, no con las demás)	Farmacoterapia::Endocrinología y metabolismo
¿Está contraindicado Inhibidores de la DPP-4 (sitagliptina, linagliptina, vildagliptina) en: Diabetes tipo 1 y cetoacidosis?	Sí — Diabetes tipo 1 y cetoacidosis	Farmacoterapia::Endocrinología y metabolismo
¿Está contraindicado Inhibidores de la DPP-4 (sitagliptina, linagliptina, vildagliptina) en: Antecedente de pancreatitis?	Sí — Antecedente de pancreatitis (relativa)	Farmacoterapia::Endocrinología y metabolismo
¿Está contraindicado Inhibidores de la DPP-4 (sitagliptina, linagliptina, vildagliptina) en: SAXAGLIPTINA en la insuficiencia cardiaca?	Sí — SAXAGLIPTINA en la insuficiencia cardiaca	Farmacoterapia::Endocrinología y metabolismo
¿Está contraindicado Inhibidores de la DPP-4 (sitagliptina, linagliptina, vildagliptina) en: Hipersensibilidad conocida?	Sí — Hipersensibilidad conocida	Farmacoterapia::Endocrinología y metabolismo
Particularidad de Inhibidores de la DPP-4 (sitagliptina, linagliptina, vildagliptina) que hay que tener en cuenta:	Su perfil se resume en cuatro rasgos que apuntan todos al mismo paciente: potencia MODESTA, NINGUNA hipoglucemia, peso NEUTRO y tolerancia excelente. Ese es exactamente el perfil que necesita el ANCIANO FRÁGIL, en quien una hipoglucemia produce caídas, fracturas y hospitalización, y en quien apurar la hemoglobina glucosilada no aporta nada.	Farmacoterapia::Endocrinología y metabolismo
¿A qué clase farmacológica pertenece Levotiroxina?	Fármaco tiroideo (hormona y yodo) (Tiroxina (T4) sódica)	Farmacoterapia::Endocrinología y metabolismo
¿Cuál es el mecanismo de acción de Levotiroxina?	Es T4 sintética idéntica a la endógena. Actúa como PROHORMONA: se desyoda en los tejidos periféricos a T3, que es la forma activa y que se une a receptores nucleares regulando la transcripción de genes del metabolismo basal, la termogénesis, el crecimiento y el desarrollo del sistema nervioso. Administrar T4 en lugar de T3 permite que sea el propio organismo el que module cuánta hormona activa genera en cada tejido, lo que da un efecto estable con una sola toma diaria.	Farmacoterapia::Endocrinología y metabolismo
¿Qué distingue a Levotiroxina de los demás fármacos de su clase (Fármaco tiroideo (hormona y yodo))?	<b>T4: tratamiento sustitutivo de elección</b> del hipotiroidismo; vida media de 7 días (una toma diaria y estado estable en 6 semanas).	Farmacoterapia::Endocrinología y metabolismo
¿Cuál es la dosis de Levotiroxina en Hipotiroidismo primario?	1,6 mcg/kg/día (dosis plena en el adulto joven sano); 25-50 mcg/día de inicio en el anciano o cardiópata — Una vez al día, en ayunas, vía VO	Farmacoterapia::Endocrinología y metabolismo
¿Cuál es la dosis de Levotiroxina en Hipotiroidismo subclínico con TSH mayor de 10 o con síntomas y anticuerpos positivos?	25-75 mcg/día — Una vez al día en ayunas, vía VO	Farmacoterapia::Endocrinología y metabolismo
¿Cuál es la dosis de Levotiroxina en Hipotiroidismo en el embarazo?	Aumentar un 25-30% la dosis previa en cuanto se confirme la gestación — Una vez al día en ayunas, vía VO	Farmacoterapia::Endocrinología y metabolismo
¿Cuál es la dosis de Levotiroxina en Supresión de TSH tras cáncer diferenciado de tiroides?	Dosis supresora, en general por encima de 2 mcg/kg/día — Una vez al día en ayunas, vía VO	Farmacoterapia::Endocrinología y metabolismo
¿Cuál es la dosis de Levotiroxina en Coma mixedematoso?	Carga de 200-400 mcg IV seguida de 50-100 mcg/24 h — Diaria, vía IV	Farmacoterapia::Endocrinología y metabolismo
¿Cuánto dura el tratamiento con Levotiroxina?	Habitualmente DE POR VIDA en el hipotiroidismo primario establecido.	Farmacoterapia::Endocrinología y metabolismo
¿Cómo se suspende Levotiroxina?	No se suspende. Tras una tiroiditis subaguda o posparto, en cambio, puede reevaluarse retirándola a los 6-12 meses para comprobar si la función se ha recuperado.	Farmacoterapia::Endocrinología y metabolismo
¿Qué hay que monitorizar durante el tratamiento con Levotiroxina?	TSH a las 6-8 semanas de cada cambio y después cada 6-12 meses. En el embarazo, cada 4 semanas. En el hipotiroidismo CENTRAL la TSH no sirve: se ajusta por T4 LIBRE.	Farmacoterapia::Endocrinología y metabolismo
¿Cuál es la vida media de Levotiroxina?	7 días, muy larga: sostiene la dosis única diaria, tolera bien un olvido puntual y obliga a esperar 6 semanas para valorar cualquier cambio.	Farmacoterapia::Endocrinología y metabolismo
¿Requiere Levotiroxina ajuste en insuficiencia renal?	No precisa ajuste.	Farmacoterapia::Endocrinología y metabolismo
Interacción crítica de Levotiroxina con HIERRO, CALCIO, magnesio, sales de aluminio, colestiramina, sucralfato, inhibidores de la bomba de protones: ¿qué ocurre y qué se hace?	QUELACIÓN o reducción de la absorción, con hipotiroidismo persistente pese a dosis correcta. Manejo: Separar al menos 4 HORAS. Es la causa más frecuente de aparente resistencia al tratamiento	Farmacoterapia::Endocrinología y metabolismo
Interacción crítica de Levotiroxina con Anticoagulantes antivitamina K: ¿qué ocurre y qué se hace?	Aumenta el catabolismo de los factores de la coagulación y potencia el efecto anticoagulante. Manejo: Controlar el INR estrechamente al iniciar o modificar la levotiroxina	Farmacoterapia::Endocrinología y metabolismo
Interacción crítica de Levotiroxina con Amiodarona: ¿qué ocurre y qué se hace?	Puede producir tanto hipotiroidismo como tirotoxicosis y bloquea la conversión de T4 a T3. Manejo: Controlar la función tiroidea antes y cada 6 meses durante el tratamiento con amiodarona	Farmacoterapia::Endocrinología y metabolismo
Efecto adverso grave de Levotiroxina: TIROTOXICOSIS IATROGÉNICA por exceso de dosis — ¿en qué consiste?	TIROTOXICOSIS IATROGÉNICA por exceso de dosis: palpitaciones, temblor, insomnio, pérdida de peso, intolerancia al calor	Farmacoterapia::Endocrinología y metabolismo
Efecto adverso grave de Levotiroxina: FIBRILACIÓN AURICULAR, sobre todo en mayores de 60 años, incluso con TSH solo discretamente suprimida — ¿en qué consiste?	FIBRILACIÓN AURICULAR, sobre todo en mayores de 60 años, incluso con TSH solo discretamente suprimida	Farmacoterapia::Endocrinología y metabolismo
Efecto adverso grave de Levotiroxina: OSTEOPOROSIS y aumento del riesgo de fractura por supresión mantenida de la TSH, en especial en la mujer posmenopáusica — ¿en qué consiste?	OSTEOPOROSIS y aumento del riesgo de fractura por supresión mantenida de la TSH, en especial en la mujer posmenopáusica	Farmacoterapia::Endocrinología y metabolismo
Efecto adverso grave de Levotiroxina: Angina o infarto al iniciar dosis altas en el cardiópata con hipotiroidismo de larga evolución — ¿en qué consiste?	Angina o infarto al iniciar dosis altas en el cardiópata con hipotiroidismo de larga evolución	Farmacoterapia::Endocrinología y metabolismo
Efecto adverso grave de Levotiroxina: Crisis suprarrenal si se administra a un paciente con insuficiencia suprarrenal no tratada — ¿en qué consiste?	Crisis suprarrenal si se administra a un paciente con insuficiencia suprarrenal no tratada	Farmacoterapia::Endocrinología y metabolismo
¿Está contraindicado Levotiroxina en: Tirotoxicosis no tratada?	Sí — Tirotoxicosis no tratada	Farmacoterapia::Endocrinología y metabolismo
¿Está contraindicado Levotiroxina en: Infarto agudo de miocardio reciente?	Sí — Infarto agudo de miocardio reciente (contraindicación relativa: iniciar con dosis muy bajas)	Farmacoterapia::Endocrinología y metabolismo
¿Está contraindicado Levotiroxina en: INSUFICIENCIA SUPRARRENAL no corregida?	Sí — INSUFICIENCIA SUPRARRENAL no corregida: hay que dar antes glucocorticoide	Farmacoterapia::Endocrinología y metabolismo
Particularidad de Levotiroxina que hay que tener en cuenta:	El orden importa y puede ser mortal: en un paciente con hipotiroidismo e insuficiencia suprarrenal (por ejemplo, en un síndrome poliglandular o en un panhipopituitarismo), administrar levotiroxina ANTES que el corticoide acelera el metabolismo del cortisol residual y precipita una CRISIS SUPRARRENAL. Primero hidrocortisona, después levotiroxina.	Farmacoterapia::Endocrinología y metabolismo
¿A qué clase farmacológica pertenece Tiamazol (metimazol)?	Antitiroideo de síntesis (tionamida) (Inhibidor de la peroxidasa tiroidea)	Farmacoterapia::Endocrinología y metabolismo
¿Cuál es el mecanismo de acción de Tiamazol (metimazol)?	Inhibe la PEROXIDASA TIROIDEA, bloqueando la organificación del yodo y el acoplamiento de yodotirosinas: impide la SÍNTESIS de hormona nueva, pero NO afecta a la hormona ya almacenada en el coloide. Por eso el efecto clínico tarda 2-6 semanas en aparecer, el tiempo que el tiroides tarda en agotar sus depósitos. El propiltiouracilo añade la inhibición de la conversión periférica de T4 a T3, motivo por el que se prefiere en la crisis tirotóxica.	Farmacoterapia::Endocrinología y metabolismo
¿Qué distingue a Tiamazol (metimazol) de los demás fármacos de su clase (Antitiroideo de síntesis (tionamida))?	<b>Antitiroideo de ELECCIÓN en todo salvo el 1.er trimestre del embarazo y la crisis tirotóxica</b> (ahí, propiltiouracilo).	Farmacoterapia::Endocrinología y metabolismo
¿Cuál es la dosis de Tiamazol (metimazol) en Hipertiroidismo por enfermedad de Graves-Basedow?	Inicio 15-30 mg/24 h (hasta 40 mg en formas graves); mantenimiento 5-10 mg/24 h — Una vez al día, vía VO	Farmacoterapia::Endocrinología y metabolismo
¿Cuál es la dosis de Tiamazol (metimazol) en Bocio multinodular tóxico y adenoma tóxico?	10-30 mg/24 h — Una vez al día, vía VO	Farmacoterapia::Endocrinología y metabolismo
¿Cuál es la dosis de Tiamazol (metimazol) en Preparación prequirúrgica o previa al yodo radiactivo?	15-30 mg/24 h hasta normalizar la función — Una vez al día, vía VO	Farmacoterapia::Endocrinología y metabolismo
¿Cuál es la dosis de Tiamazol (metimazol) en Crisis tirotóxica?	Tiamazol 20 mg/4-6 h, o propiltiouracilo 200 mg/4 h — Cada 4-6 h, vía VO o por sonda	Farmacoterapia::Endocrinología y metabolismo
¿Cuánto dura el tratamiento con Tiamazol (metimazol)?	12-18 MESES en la enfermedad de Graves, plazo tras el cual se retira para comprobar si hay remisión (que se logra en el 40-50%). En el bocio nodular tóxico no hay remisión: es un puente hacia el tratamiento definitivo.	Farmacoterapia::Endocrinología y metabolismo
¿Cómo se suspende Tiamazol (metimazol)?	Retirada progresiva tras 12-18 meses con función normal y anticuerpos antirreceptor de TSH negativos, seguida de controles periódicos por el riesgo de recidiva (mayor en bocios grandes, tabaquismo y anticuerpos persistentes).	Farmacoterapia::Endocrinología y metabolismo
¿Qué hay que monitorizar durante el tratamiento con Tiamazol (metimazol)?	T4 LIBRE y T3 cada 4-6 semanas al inicio (la TSH permanece suprimida durante meses y no sirve para ajustar). Hemograma y transaminasas basales y ante cualquier síntoma sospechoso.	Farmacoterapia::Endocrinología y metabolismo
¿Cuál es la vida media de Tiamazol (metimazol)?	4-6 h en plasma, pero con duración de acción intratiroidea superior a 24 h.	Farmacoterapia::Endocrinología y metabolismo
¿Requiere Tiamazol (metimazol) ajuste en insuficiencia renal?	No precisa ajuste significativo.	Farmacoterapia::Endocrinología y metabolismo
Interacción crítica de Tiamazol (metimazol) con Contrastes yodados y amiodarona: ¿qué ocurre y qué se hace?	La sobrecarga de yodo puede agravar o desencadenar el hipertiroidismo y reduce la eficacia del yodo radiactivo posterior. Manejo: Evitar el yodo antes de una gammagrafía o de un tratamiento con yodo radiactivo	Farmacoterapia::Endocrinología y metabolismo
Efecto adverso grave de Tiamazol (metimazol): AGRANULOCITOSIS — ¿en qué consiste?	AGRANULOCITOSIS: rara (0,2-0,5%) pero potencialmente mortal, de aparición típicamente en los primeros 3 meses y BRUSCA	Farmacoterapia::Endocrinología y metabolismo
Efecto adverso grave de Tiamazol (metimazol): HEPATOTOXICIDAD — ¿en qué consiste?	HEPATOTOXICIDAD: colestásica con tiamazol; NECROSIS HEPÁTICA FULMINANTE con propiltiouracilo, motivo por el que este ha dejado de ser de primera línea	Farmacoterapia::Endocrinología y metabolismo
Efecto adverso grave de Tiamazol (metimazol): Vasculitis asociada a ANCA — ¿en qué consiste?	Vasculitis asociada a ANCA (más frecuente con propiltiouracilo)	Farmacoterapia::Endocrinología y metabolismo
Efecto adverso grave de Tiamazol (metimazol): APLASIA CUTIS y embriopatía por metimazol — ¿en qué consiste?	APLASIA CUTIS y embriopatía por metimazol (atresia de coanas, atresia esofágica) si se usa en el primer trimestre del embarazo	Farmacoterapia::Endocrinología y metabolismo
Efecto adverso grave de Tiamazol (metimazol): Síndrome tipo lupus — ¿en qué consiste?	Síndrome tipo lupus	Farmacoterapia::Endocrinología y metabolismo
¿Está contraindicado Tiamazol (metimazol) en: Hipersensibilidad a las tionamidas?	Sí — Hipersensibilidad a las tionamidas	Farmacoterapia::Endocrinología y metabolismo
¿Está contraindicado Tiamazol (metimazol) en: Antecedente de agranulocitosis o de hepatotoxicidad grave por antitiroideos?	Sí — Antecedente de agranulocitosis o de hepatotoxicidad grave por antitiroideos	Farmacoterapia::Endocrinología y metabolismo
¿Está contraindicado Tiamazol (metimazol) en: Primer trimestre del embarazo?	Sí — Primer trimestre del embarazo (usar propiltiouracilo)	Farmacoterapia::Endocrinología y metabolismo
Particularidad de Tiamazol (metimazol) que hay que tener en cuenta:	La instrucción de seguridad que hay que dar SIEMPRE, por escrito, en la primera consulta: ante FIEBRE Y DOLOR DE GARGANTA, suspender el fármaco y acudir a hacerse un hemograma urgente. La agranulocitosis es brusca y no se detecta con hemogramas periódicos de rutina; se detecta educando al paciente.	Farmacoterapia::Endocrinología y metabolismo
¿A qué clase farmacológica pertenece Alendronato?	Bisfosfonato (Bisfosfonato nitrogenado oral semanal)	Farmacoterapia::Endocrinología y metabolismo
¿Cuál es el mecanismo de acción de Alendronato?	Se adsorbe con avidez a los cristales de hidroxiapatita de las superficies óseas en remodelado; cuando el OSTEOCLASTO reabsorbe esa zona, lo internaliza e inhibe la FARNESIL PIROFOSFATO SINTASA de la vía del mevalonato, impidiendo la prenilación de proteínas necesarias para su citoesqueleto y su supervivencia. El osteoclasto pierde su borde en cepillo y entra en apoptosis: se frena la resorción, el hueso gana densidad y disminuye el riesgo de fractura.	Farmacoterapia::Endocrinología y metabolismo
¿Qué distingue a Alendronato de los demás fármacos de su clase (Bisfosfonato)?	<b>El bisfosfonato oral con más evidencia y el más usado</b>: reduce fracturas vertebrales y de cadera (70 mg semanal).	Farmacoterapia::Endocrinología y metabolismo
¿Cuál es la dosis de Alendronato en Osteoporosis posmenopáusica con alto riesgo de fractura?	70 mg/semana o 10 mg/24 h — Semanal (preferida) o diaria, vía VO	Farmacoterapia::Endocrinología y metabolismo
¿Cuál es la dosis de Alendronato en Osteoporosis del varón?	70 mg/semana — Semanal, vía VO	Farmacoterapia::Endocrinología y metabolismo
¿Cuál es la dosis de Alendronato en Osteoporosis inducida por glucocorticoides?	70 mg/semana desde el inicio del corticoide — Semanal, vía VO	Farmacoterapia::Endocrinología y metabolismo
¿Cuál es la dosis de Alendronato en Enfermedad de Paget ósea sintomática?	40 mg/24 h durante 6 meses — Una vez al día, vía VO	Farmacoterapia::Endocrinología y metabolismo
¿Cuánto dura el tratamiento con Alendronato?	5 AÑOS por vía oral (3 años si es zoledrónico intravenoso), tras los cuales se reevalúa el riesgo.	Farmacoterapia::Endocrinología y metabolismo
¿Cómo se suspende Alendronato?	VACACIONES TERAPÉUTICAS: si el riesgo ha pasado a ser bajo o moderado, se suspende y se reevalúa a los 2-3 años. Si el riesgo sigue siendo alto (fractura previa, densitometría muy baja, corticoides), se prolonga hasta 10 años. El efecto persiste tras la retirada por su larga permanencia en el hueso.	Farmacoterapia::Endocrinología y metabolismo
¿Qué hay que monitorizar durante el tratamiento con Alendronato?	Densitometría cada 2 años; calcio, vitamina D y función renal; vigilancia de síntomas esofágicos, dolor en muslo o ingle y salud dental.	Farmacoterapia::Endocrinología y metabolismo
¿Cuál es la vida media de Alendronato?	Plasmática de horas, pero la vida media ÓSEA es de más de 10 AÑOS: esa retención es lo que permite las vacaciones terapéuticas y lo que explica que su efecto persista tras suspenderlo.	Farmacoterapia::Endocrinología y metabolismo
¿Requiere Alendronato ajuste en insuficiencia renal?	CONTRAINDICADO con filtrado glomerular por debajo de 30-35 mL/min.	Farmacoterapia::Endocrinología y metabolismo
Interacción crítica de Alendronato con Calcio, hierro, antiácidos, cualquier alimento o bebida distinta del agua: ¿qué ocurre y qué se hace?	Anulan la ya escasa absorción. Manejo: Tomarlo en ayunas solo con agua y esperar al menos 30 minutos antes de cualquier otra cosa	Farmacoterapia::Endocrinología y metabolismo
Efecto adverso grave de Alendronato: ÚLCERA y estenosis ESOFÁGICA — ¿en qué consiste?	ÚLCERA y estenosis ESOFÁGICA	Farmacoterapia::Endocrinología y metabolismo
Efecto adverso grave de Alendronato: OSTEONECROSIS DE MANDÍBULA — ¿en qué consiste?	OSTEONECROSIS DE MANDÍBULA: rara con las dosis de osteoporosis, mucho más frecuente con las dosis oncológicas intravenosas, y desencadenada típicamente por una extracción dental	Farmacoterapia::Endocrinología y metabolismo
Efecto adverso grave de Alendronato: FRACTURAS ATÍPICAS DE FÉMUR — ¿en qué consiste?	FRACTURAS ATÍPICAS DE FÉMUR (subtrocantéreas o diafisarias), asociadas al uso prolongado y precedidas de DOLOR EN MUSLO O INGLE de semanas de evolución	Farmacoterapia::Endocrinología y metabolismo
Efecto adverso grave de Alendronato: Hipocalcemia sintomática, sobre todo si hay déficit de vitamina D no corregido — ¿en qué consiste?	Hipocalcemia sintomática, sobre todo si hay déficit de vitamina D no corregido	Farmacoterapia::Endocrinología y metabolismo
Efecto adverso grave de Alendronato: Uveítis y escleritis — ¿en qué consiste?	Uveítis y escleritis (poco frecuentes)	Farmacoterapia::Endocrinología y metabolismo
¿Está contraindicado Alendronato en: Alteraciones esofágicas que retrasen el vaciamiento?	Sí — Alteraciones esofágicas que retrasen el vaciamiento: acalasia, estenosis, varices	Farmacoterapia::Endocrinología y metabolismo
¿Está contraindicado Alendronato en: INCAPACIDAD PARA PERMANECER INCORPORADO al menos 30 minutos?	Sí — INCAPACIDAD PARA PERMANECER INCORPORADO al menos 30 minutos	Farmacoterapia::Endocrinología y metabolismo
¿Está contraindicado Alendronato en: Hipocalcemia no corregida?	Sí — Hipocalcemia no corregida	Farmacoterapia::Endocrinología y metabolismo
¿Está contraindicado Alendronato en: Filtrado glomerular por debajo de 30-35 mL/min?	Sí — Filtrado glomerular por debajo de 30-35 mL/min	Farmacoterapia::Endocrinología y metabolismo
Particularidad de Alendronato que hay que tener en cuenta:	Todas sus instrucciones de administración derivan de un mismo hecho farmacocinético: se absorbe menos del 1% y solo con el estómago vacío y agua. Un café con leche anula la dosis por completo, y quedarse tumbado la deja en el esófago y produce esofagitis. Explicar bien la toma es literalmente la mitad del tratamiento.	Farmacoterapia::Endocrinología y metabolismo
¿A qué clase farmacológica pertenece Hidrocortisona (sustitución suprarrenal)?	Corticoide sistémico (gluco y mineralocorticoide) (Acción corta, potencia mineralocorticoide plena: tratamiento sustitutivo suprarrenal)	Farmacoterapia::Endocrinología y metabolismo
¿Cuál es el mecanismo de acción de Hidrocortisona (sustitución suprarrenal)?	Es CORTISOL idéntico al endógeno. Se une al receptor de glucocorticoides citoplasmático y el complejo migra al núcleo para regular la transcripción génica: mantiene la neoglucogénesis y la glucemia en el ayuno, la reactividad vascular a las catecolaminas (efecto permisivo, clave en el shock), el metabolismo proteico y lipídico y el tono del sistema inmunitario. A diferencia de la prednisona o la dexametasona, conserva una actividad MINERALOCORTICOIDE apreciable, lo que la hace idónea como sustitutivo fisiológico.	Farmacoterapia::Endocrinología y metabolismo
¿Qué distingue a Hidrocortisona (sustitución suprarrenal) de los demás fármacos de su clase (Corticoide sistémico (gluco y mineralocorticoide))?	<b>Es el cortisol: potencia mineralocorticoide plena</b>. El glucocorticoide de elección en la <b>insuficiencia suprarrenal</b> (sustitución y crisis addisoniana: 100 mg IV).	Farmacoterapia::Endocrinología y metabolismo
¿Cuál es la dosis de Hidrocortisona (sustitución suprarrenal) en Insuficiencia suprarrenal primaria (enfermedad de Addison): sustitución?	15-25 mg/día repartidos en 2-3 tomas (por ejemplo 10-5-5 mg) — Dosis mayor al despertar, imitando el ritmo circadiano, vía VO	Farmacoterapia::Endocrinología y metabolismo
¿Cuál es la dosis de Hidrocortisona (sustitución suprarrenal) en Insuficiencia suprarrenal secundaria (hipofisaria)?	15-20 mg/día en 2 tomas — Mayor por la mañana, vía VO	Farmacoterapia::Endocrinología y metabolismo
¿Cuál es la dosis de Hidrocortisona (sustitución suprarrenal) en Crisis suprarrenal (emergencia)?	100 mg IV en bolo, seguidos de 200 mg/24 h en perfusión o 50 mg/6 h — Cada 6 h o en perfusión continua, vía IV	Farmacoterapia::Endocrinología y metabolismo
¿Cuál es la dosis de Hidrocortisona (sustitución suprarrenal) en Cobertura de estrés en el paciente con insuficiencia suprarrenal?	Doblar o triplicar la dosis habitual en fiebre o enfermedad; 50-100 mg/8 h IV en cirugía mayor — Según la magnitud del estrés, vía VO o IV	Farmacoterapia::Endocrinología y metabolismo
¿Cuánto dura el tratamiento con Hidrocortisona (sustitución suprarrenal)?	DE POR VIDA en la insuficiencia suprarrenal establecida.	Farmacoterapia::Endocrinología y metabolismo
¿Cómo se suspende Hidrocortisona (sustitución suprarrenal)?	NO se suspende nunca en la insuficiencia establecida. En la insuficiencia secundaria a corticoterapia prolongada, la retirada es lenta y guiada por el cortisol matutino y, si procede, por prueba de estimulación.	Farmacoterapia::Endocrinología y metabolismo
¿Qué hay que monitorizar durante el tratamiento con Hidrocortisona (sustitución suprarrenal)?	Peso, tensión arterial con ortostatismo, iones (sodio y potasio), sensación de bienestar y energía. En la primaria, actividad de renina plasmática para ajustar la fludrocortisona.	Farmacoterapia::Endocrinología y metabolismo
¿Cuál es la vida media de Hidrocortisona (sustitución suprarrenal)?	Biológica de 8-12 h, corta: por eso hace falta fraccionar la dosis y por eso es la que mejor imita el ritmo fisiológico.	Farmacoterapia::Endocrinología y metabolismo
¿Requiere Hidrocortisona (sustitución suprarrenal) ajuste en insuficiencia renal?	No precisa ajuste.	Farmacoterapia::Endocrinología y metabolismo
Interacción crítica de Hidrocortisona (sustitución suprarrenal) con RIFAMPICINA, fenitoína, carbamazepina, fenobarbital: ¿qué ocurre y qué se hace?	Inducen el CYP3A4, aceleran su metabolismo y pueden PRECIPITAR UNA CRISIS SUPRARRENAL. Manejo: Aumentar la dosis sustitutiva (a menudo al doble) al iniciar un inductor potente	Farmacoterapia::Endocrinología y metabolismo
Interacción crítica de Hidrocortisona (sustitución suprarrenal) con LEVOTIROXINA: ¿qué ocurre y qué se hace?	Acelera el metabolismo del cortisol y puede desencadenar una crisis si se inicia antes de sustituir el corticoide. Manejo: En el paciente con ambos déficits, iniciar SIEMPRE el corticoide ANTES que la levotiroxina	Farmacoterapia::Endocrinología y metabolismo
Efecto adverso grave de Hidrocortisona (sustitución suprarrenal): Manifestaciones de SÍNDROME DE CUSHING por sobredosificación mantenida — ¿en qué consiste?	Manifestaciones de SÍNDROME DE CUSHING por sobredosificación mantenida: obesidad central, estrías, osteoporosis, diabetes, hipertensión, fragilidad cutánea	Farmacoterapia::Endocrinología y metabolismo
Efecto adverso grave de Hidrocortisona (sustitución suprarrenal): CRISIS SUPRARRENAL por dosis insuficiente ante estrés, vómitos o retirada brusca — ¿en qué consiste?	CRISIS SUPRARRENAL por dosis insuficiente ante estrés, vómitos o retirada brusca: hipotensión refractaria, hiponatremia, hiperpotasemia, hipoglucemia y shock	Farmacoterapia::Endocrinología y metabolismo
Efecto adverso grave de Hidrocortisona (sustitución suprarrenal): Con fludrocortisona en exceso — ¿en qué consiste?	Con fludrocortisona en exceso: hipertensión, edemas e hipopotasemia	Farmacoterapia::Endocrinología y metabolismo
Efecto adverso grave de Hidrocortisona (sustitución suprarrenal): Inmunosupresión y osteoporosis solo con dosis suprafisiológicas mantenidas — ¿en qué consiste?	Inmunosupresión y osteoporosis solo con dosis suprafisiológicas mantenidas	Farmacoterapia::Endocrinología y metabolismo
¿Está contraindicado Hidrocortisona (sustitución suprarrenal) en: No hay contraindicaciones absolutas cuando la indicación es SUSTITUTIVA?	Sí — No hay contraindicaciones absolutas cuando la indicación es SUSTITUTIVA: sin cortisol el paciente muere	Farmacoterapia::Endocrinología y metabolismo
¿Está contraindicado Hidrocortisona (sustitución suprarrenal) en: Precaución con las dosis suprafisiológicas en infección no controlada, úlcera péptica activa y diabetes descompensada?	Sí — Precaución con las dosis suprafisiológicas en infección no controlada, úlcera péptica activa y diabetes descompensada	Farmacoterapia::Endocrinología y metabolismo
Particularidad de Hidrocortisona (sustitución suprarrenal) que hay que tener en cuenta:	En la insuficiencia suprarrenal aguda NO SE ESPERA a la confirmación analítica: se extrae la muestra para cortisol y ACTH y se administra el corticoide de inmediato. Retrasar el tratamiento para completar el estudio es un error potencialmente mortal. La dexametasona, si se prefiere, no interfiere con la determinación de cortisol posterior.	Farmacoterapia::Endocrinología y metabolismo
¿A qué clase farmacológica pertenece Liotironina (T3)?	Fármaco tiroideo (hormona y yodo) (Triyodotironina sintética de acción rápida)	Farmacoterapia::Endocrinología y metabolismo
¿Cuál es el mecanismo de acción de Liotironina (T3)?	Se une al receptor nuclear de hormona tiroidea, regulando la transcripción de genes del metabolismo.	Farmacoterapia::Endocrinología y metabolismo
¿Qué distingue a Liotironina (T3) de los demás fármacos de su clase (Fármaco tiroideo (hormona y yodo))?	<b>Es la hormona ACTIVA (T3)</b>: inicio en horas y vida media de 1 día (la levotiroxina tarda semanas en estabilizarse).	Farmacoterapia::Endocrinología y metabolismo
¿Cuál es la dosis de Liotironina (T3) en Coma mixedematoso (con levotiroxina IV e hidrocortisona)?	5-20 µg de carga, después 2,5-10 µg — Cada 8 h, vía IV / VO	Farmacoterapia::Endocrinología y metabolismo
¿Cuál es la dosis de Liotironina (T3) en Potenciación de antidepresivos en depresión resistente?	25-50 µg — Cada 24 h, vía VO	Farmacoterapia::Endocrinología y metabolismo
¿Cuánto dura el tratamiento con Liotironina (T3)?	Según indicación.	Farmacoterapia::Endocrinología y metabolismo
¿Cómo se suspende Liotironina (T3)?	—	Farmacoterapia::Endocrinología y metabolismo
¿Qué hay que monitorizar durante el tratamiento con Liotironina (T3)?	FC, ECG, T3 libre.	Farmacoterapia::Endocrinología y metabolismo
¿Cuál es la vida media de Liotironina (T3)?	<b>1 día.</b>	Farmacoterapia::Endocrinología y metabolismo
¿Requiere Liotironina (T3) ajuste en insuficiencia renal?	No precisa.	Farmacoterapia::Endocrinología y metabolismo
Efecto adverso grave de Liotironina (T3): Arritmias, angina — ¿en qué consiste?	Arritmias, angina	Farmacoterapia::Endocrinología y metabolismo
Efecto adverso grave de Liotironina (T3): Tirotoxicosis iatrogénica — ¿en qué consiste?	Tirotoxicosis iatrogénica	Farmacoterapia::Endocrinología y metabolismo
¿Está contraindicado Liotironina (T3) en: Insuficiencia suprarrenal no tratada?	Sí — Insuficiencia suprarrenal no tratada	Farmacoterapia::Endocrinología y metabolismo
¿Está contraindicado Liotironina (T3) en: Tirotoxicosis?	Sí — Tirotoxicosis	Farmacoterapia::Endocrinología y metabolismo
Particularidad de Liotironina (T3) que hay que tener en cuenta:	En el anciano cardiópata, una T3 a dosis plena puede precipitar un infarto.	Farmacoterapia::Endocrinología y metabolismo
¿A qué clase farmacológica pertenece Yoduro potásico (solución de Lugol)?	Fármaco tiroideo (hormona y yodo) (Yodo inorgánico a dosis farmacológicas)	Farmacoterapia::Endocrinología y metabolismo
¿Cuál es el mecanismo de acción de Yoduro potásico (solución de Lugol)?	El exceso de yoduro inhibe la organificación y, sobre todo, la proteólisis de la tiroglobulina y la liberación de T4/T3; efecto transitorio (escape en 10-14 días).	Farmacoterapia::Endocrinología y metabolismo
¿Qué distingue a Yoduro potásico (solución de Lugol) de los demás fármacos de su clase (Fármaco tiroideo (hormona y yodo))?	<b>A dosis altas BLOQUEA la liberación de hormona tiroidea en horas (efecto Wolff-Chaikoff)</b>: crisis tirotóxica y preparación prequirúrgica de Graves (reduce la vascularización).	Farmacoterapia::Endocrinología y metabolismo
¿Cuál es la dosis de Yoduro potásico (solución de Lugol) en Crisis tirotóxica?	5-10 gotas de Lugol (≈250 mg de yodo) — Cada 6-8 h, vía VO	Farmacoterapia::Endocrinología y metabolismo
¿Cuál es la dosis de Yoduro potásico (solución de Lugol) en Preparación para tiroidectomía en enfermedad de Graves?	5-7 gotas — Cada 8 h, vía VO	Farmacoterapia::Endocrinología y metabolismo
¿Cuál es la dosis de Yoduro potásico (solución de Lugol) en Bloqueo tiroideo ante exposición a yodo radiactivo?	130 mg (adulto) — Dosis única diaria mientras dure la exposición, vía VO	Farmacoterapia::Endocrinología y metabolismo
¿Cuánto dura el tratamiento con Yoduro potásico (solución de Lugol)?	Días (escape en 2 semanas).	Farmacoterapia::Endocrinología y metabolismo
¿Cómo se suspende Yoduro potásico (solución de Lugol)?	—	Farmacoterapia::Endocrinología y metabolismo
¿Qué hay que monitorizar durante el tratamiento con Yoduro potásico (solución de Lugol)?	Función tiroidea, sialoadenitis.	Farmacoterapia::Endocrinología y metabolismo
¿Cuál es la vida media de Yoduro potásico (solución de Lugol)?	—	Farmacoterapia::Endocrinología y metabolismo
¿Requiere Yoduro potásico (solución de Lugol) ajuste en insuficiencia renal?	Precaución.	Farmacoterapia::Endocrinología y metabolismo
Efecto adverso grave de Yoduro potásico (solución de Lugol): Hipotiroidismo o hipertiroidismo inducido por yodo — ¿en qué consiste?	Hipotiroidismo o hipertiroidismo inducido por yodo (Jod-Basedow)	Farmacoterapia::Endocrinología y metabolismo
Efecto adverso grave de Yoduro potásico (solución de Lugol): Angioedema — ¿en qué consiste?	Angioedema	Farmacoterapia::Endocrinología y metabolismo
¿Está contraindicado Yoduro potásico (solución de Lugol) en: Hipersensibilidad al yodo?	Sí — Hipersensibilidad al yodo	Farmacoterapia::Endocrinología y metabolismo
¿Está contraindicado Yoduro potásico (solución de Lugol) en: Bocio multinodular tóxico sin tionamida?	Sí — Bocio multinodular tóxico sin tionamida (Jod-Basedow)	Farmacoterapia::Endocrinología y metabolismo
Particularidad de Yoduro potásico (solución de Lugol) que hay que tener en cuenta:	Orden en la tormenta tiroidea: betabloqueante + tionamida → 1 h → yodo + hidrocortisona.	Farmacoterapia::Endocrinología y metabolismo
¿A qué clase farmacológica pertenece Carbimazol?	Antitiroideo de síntesis (tionamida) (Profármaco del tiamazol)	Farmacoterapia::Endocrinología y metabolismo
¿Cuál es el mecanismo de acción de Carbimazol?	Tras su conversión a tiamazol, inhibe la peroxidasa tiroidea.	Farmacoterapia::Endocrinología y metabolismo
¿Qué distingue a Carbimazol de los demás fármacos de su clase (Antitiroideo de síntesis (tionamida))?	<b>PROFÁRMACO del tiamazol</b>: se convierte en él (10 mg de carbimazol ≈ 6 mg de tiamazol).	Farmacoterapia::Endocrinología y metabolismo
¿Cuál es la dosis de Carbimazol en Hipertiroidismo (Graves, bocio tóxico)?	15-40 mg (inicio), mantenimiento 5-15 mg — Cada 24 h, vía VO	Farmacoterapia::Endocrinología y metabolismo
¿Cuánto dura el tratamiento con Carbimazol?	12-18 meses.	Farmacoterapia::Endocrinología y metabolismo
¿Cómo se suspende Carbimazol?	Suspender ante fiebre/odinofagia (hemograma).	Farmacoterapia::Endocrinología y metabolismo
¿Qué hay que monitorizar durante el tratamiento con Carbimazol?	Función tiroidea, hemograma si síntomas.	Farmacoterapia::Endocrinología y metabolismo
¿Cuál es la vida media de Carbimazol?	Tiamazol 6 h (efecto 24 h).	Farmacoterapia::Endocrinología y metabolismo
¿Requiere Carbimazol ajuste en insuficiencia renal?	No precisa.	Farmacoterapia::Endocrinología y metabolismo
Efecto adverso grave de Carbimazol: <b>Agranulocitosis</b> — ¿en qué consiste?	<b>Agranulocitosis</b>	Farmacoterapia::Endocrinología y metabolismo
Efecto adverso grave de Carbimazol: Hepatitis colestásica — ¿en qué consiste?	Hepatitis colestásica	Farmacoterapia::Endocrinología y metabolismo
Efecto adverso grave de Carbimazol: Pancreatitis aguda — ¿en qué consiste?	Pancreatitis aguda (rara)	Farmacoterapia::Endocrinología y metabolismo
¿Está contraindicado Carbimazol en: 1.er trimestre del embarazo?	Sí — 1.er trimestre del embarazo	Farmacoterapia::Endocrinología y metabolismo
¿Está contraindicado Carbimazol en: Agranulocitosis previa?	Sí — Agranulocitosis previa	Farmacoterapia::Endocrinología y metabolismo
Particularidad de Carbimazol que hay que tener en cuenta:	Educar: fiebre o dolor de garganta = consultar el mismo día.	Farmacoterapia::Endocrinología y metabolismo
¿A qué clase farmacológica pertenece Teriparatida?	Osteoformador y antirresortivo no bisfosfonato (Análogo de PTH (anabólico óseo))	Farmacoterapia::Endocrinología y metabolismo
¿Cuál es el mecanismo de acción de Teriparatida?	Fragmento 1-34 de la PTH que, en administración intermitente, estimula más los osteoblastos que los osteoclastos.	Farmacoterapia::Endocrinología y metabolismo
¿Qué distingue a Teriparatida de los demás fármacos de su clase (Osteoformador y antirresortivo no bisfosfonato)?	<b>ANABÓLICO: FORMA hueso nuevo</b> (los demás frenan su destrucción); de elección en <b>osteoporosis grave con fracturas vertebrales múltiples</b> y en la inducida por corticoides.	Farmacoterapia::Endocrinología y metabolismo
¿Cuál es la dosis de Teriparatida en Osteoporosis con riesgo muy alto de fractura (fracturas vertebrales múltiples, T-score ≤-3)?	20 µg — Cada 24 h, vía SC	Farmacoterapia::Endocrinología y metabolismo
¿Cuánto dura el tratamiento con Teriparatida?	<b>Máximo 24 meses.</b>	Farmacoterapia::Endocrinología y metabolismo
¿Cómo se suspende Teriparatida?	Secuenciar a antirresortivo.	Farmacoterapia::Endocrinología y metabolismo
¿Qué hay que monitorizar durante el tratamiento con Teriparatida?	Calcemia, densitometría.	Farmacoterapia::Endocrinología y metabolismo
¿Cuál es la vida media de Teriparatida?	1 h.	Farmacoterapia::Endocrinología y metabolismo
¿Requiere Teriparatida ajuste en insuficiencia renal?	Contraindicada con FG <30.	Farmacoterapia::Endocrinología y metabolismo
Efecto adverso grave de Teriparatida: Osteosarcoma — ¿en qué consiste?	Osteosarcoma (animales)	Farmacoterapia::Endocrinología y metabolismo
Efecto adverso grave de Teriparatida: Hipercalciuria — ¿en qué consiste?	Hipercalciuria	Farmacoterapia::Endocrinología y metabolismo
¿Está contraindicado Teriparatida en: Enfermedad de Paget, radioterapia ósea previa, tumores óseos?	Sí — Enfermedad de Paget, radioterapia ósea previa, tumores óseos	Farmacoterapia::Endocrinología y metabolismo
¿Está contraindicado Teriparatida en: Hipercalcemia, hiperparatiroidismo?	Sí — Hipercalcemia, hiperparatiroidismo	Farmacoterapia::Endocrinología y metabolismo
¿Está contraindicado Teriparatida en: FG <30?	Sí — FG <30	Farmacoterapia::Endocrinología y metabolismo
¿Está contraindicado Teriparatida en: Epífisis abiertas?	Sí — Epífisis abiertas	Farmacoterapia::Endocrinología y metabolismo
Particularidad de Teriparatida que hay que tener en cuenta:	Secuencia ideal en riesgo muy alto: anabólico primero, antirresortivo después.	Farmacoterapia::Endocrinología y metabolismo
¿A qué clase farmacológica pertenece Romosozumab?	Osteoformador y antirresortivo no bisfosfonato (Anticuerpo anti-esclerostina (doble efecto))	Farmacoterapia::Endocrinología y metabolismo
¿Cuál es el mecanismo de acción de Romosozumab?	Anticuerpo frente a la esclerostina, inhibidor de la vía Wnt: aumenta la formación ósea y reduce la resorción.	Farmacoterapia::Endocrinología y metabolismo
¿Qué distingue a Romosozumab de los demás fármacos de su clase (Osteoformador y antirresortivo no bisfosfonato)?	<b>DOBLE efecto: forma hueso y frena la resorción</b> (bloquea la esclerostina): la mayor ganancia de densidad en 12 meses.	Farmacoterapia::Endocrinología y metabolismo
¿Cuál es la dosis de Romosozumab en Osteoporosis posmenopáusica grave con riesgo muy alto de fractura?	210 mg (2 inyecciones de 105 mg) — Mensual, vía SC	Farmacoterapia::Endocrinología y metabolismo
¿Cuánto dura el tratamiento con Romosozumab?	12 meses.	Farmacoterapia::Endocrinología y metabolismo
¿Cómo se suspende Romosozumab?	Pasar a bisfosfonato o denosumab.	Farmacoterapia::Endocrinología y metabolismo
¿Qué hay que monitorizar durante el tratamiento con Romosozumab?	Calcio, eventos cardiovasculares.	Farmacoterapia::Endocrinología y metabolismo
¿Cuál es la vida media de Romosozumab?	12,8 días.	Farmacoterapia::Endocrinología y metabolismo
¿Requiere Romosozumab ajuste en insuficiencia renal?	No precisa (vigilar calcio).	Farmacoterapia::Endocrinología y metabolismo
Efecto adverso grave de Romosozumab: <b>Infarto e ictus</b> — ¿en qué consiste?	<b>Infarto e ictus</b>	Farmacoterapia::Endocrinología y metabolismo
Efecto adverso grave de Romosozumab: Hipocalcemia — ¿en qué consiste?	Hipocalcemia	Farmacoterapia::Endocrinología y metabolismo
Efecto adverso grave de Romosozumab: Osteonecrosis de mandíbula — ¿en qué consiste?	Osteonecrosis de mandíbula (rara)	Farmacoterapia::Endocrinología y metabolismo
¿Está contraindicado Romosozumab en: Antecedente de infarto o ictus?	Sí — Antecedente de infarto o ictus	Farmacoterapia::Endocrinología y metabolismo
¿Está contraindicado Romosozumab en: Hipocalcemia?	Sí — Hipocalcemia	Farmacoterapia::Endocrinología y metabolismo
Particularidad de Romosozumab que hay que tener en cuenta:	La elección entre teriparatida y romosozumab depende sobre todo del riesgo cardiovascular.	Farmacoterapia::Endocrinología y metabolismo
¿A qué clase farmacológica pertenece Colecalciferol (vitamina D3)?	Vitamina D y metabolitos (Vitamina D nativa (requiere hidroxilación hepática y renal))	Farmacoterapia::Endocrinología y metabolismo
¿Cuál es el mecanismo de acción de Colecalciferol (vitamina D3)?	Precursor que, tras hidroxilarse a 25-OH-D (hígado) y a 1,25-(OH)2-D (riñón), aumenta la absorción intestinal de calcio y fósforo.	Farmacoterapia::Endocrinología y metabolismo
¿Qué distingue a Colecalciferol (vitamina D3) de los demás fármacos de su clase (Vitamina D y metabolitos)?	<b>Forma NATIVA: necesita la 25-hidroxilación hepática y la 1-alfa renal</b>; es la de elección para corregir el déficit y en la prevención.	Farmacoterapia::Endocrinología y metabolismo
¿Cuál es la dosis de Colecalciferol (vitamina D3) en Déficit de vitamina D (25-OH-D <20 ng/mL)?	25.000 UI semanales (o 50.000 UI) o 1.000-4.000 UI diarias — Semanal o diaria, vía VO	Farmacoterapia::Endocrinología y metabolismo
¿Cuál es la dosis de Colecalciferol (vitamina D3) en Prevención en osteoporosis o ancianos institucionalizados?	800-1.000 UI/día — Cada 24 h (o equivalente semanal/mensual), vía VO	Farmacoterapia::Endocrinología y metabolismo
¿Cuánto dura el tratamiento con Colecalciferol (vitamina D3)?	Mientras persista el riesgo.	Farmacoterapia::Endocrinología y metabolismo
¿Cómo se suspende Colecalciferol (vitamina D3)?	—	Farmacoterapia::Endocrinología y metabolismo
¿Qué hay que monitorizar durante el tratamiento con Colecalciferol (vitamina D3)?	25-OH-D (objetivo >30 ng/mL), calcemia.	Farmacoterapia::Endocrinología y metabolismo
¿Cuál es la vida media de Colecalciferol (vitamina D3)?	Semanas (25-OH-D: 2-3 semanas).	Farmacoterapia::Endocrinología y metabolismo
¿Requiere Colecalciferol (vitamina D3) ajuste en insuficiencia renal?	No corrige el déficit de 1-alfa hidroxilación en ERC avanzada.	Farmacoterapia::Endocrinología y metabolismo
Efecto adverso grave de Colecalciferol (vitamina D3): Hipercalcemia e hipercalciuria por sobredosis — ¿en qué consiste?	Hipercalcemia e hipercalciuria por sobredosis	Farmacoterapia::Endocrinología y metabolismo
Efecto adverso grave de Colecalciferol (vitamina D3): Nefrolitiasis — ¿en qué consiste?	Nefrolitiasis	Farmacoterapia::Endocrinología y metabolismo
¿Está contraindicado Colecalciferol (vitamina D3) en: Hipercalcemia?	Sí — Hipercalcemia	Farmacoterapia::Endocrinología y metabolismo
¿Está contraindicado Colecalciferol (vitamina D3) en: Sarcoidosis y granulomatosis?	Sí — Sarcoidosis y granulomatosis (relativa)	Farmacoterapia::Endocrinología y metabolismo
Particularidad de Colecalciferol (vitamina D3) que hay que tener en cuenta:	Dosis anuales masivas (300.000-500.000 UI) aumentan las caídas: mejor diaria o semanal.	Farmacoterapia::Endocrinología y metabolismo
¿A qué clase farmacológica pertenece Calcifediol (25-hidroxivitamina D)?	Vitamina D y metabolitos (Metabolito 25-hidroxilado)	Farmacoterapia::Endocrinología y metabolismo
¿Cuál es el mecanismo de acción de Calcifediol (25-hidroxivitamina D)?	Precursor directo del calcitriol (solo requiere la 1-alfa hidroxilación renal).	Farmacoterapia::Endocrinología y metabolismo
¿Qué distingue a Calcifediol (25-hidroxivitamina D) de los demás fármacos de su clase (Vitamina D y metabolitos)?	<b>Ya hidroxilado en 25: no depende del hígado</b> → útil en <b>hepatopatía y malabsorción</b>; sube los niveles más rápido que el colecalciferol.	Farmacoterapia::Endocrinología y metabolismo
¿Cuál es la dosis de Calcifediol (25-hidroxivitamina D) en Déficit de vitamina D, especialmente con hepatopatía o malabsorción?	0,266 mg (1 cápsula) — Cada 15-30 días, vía VO	Farmacoterapia::Endocrinología y metabolismo
¿Cuánto dura el tratamiento con Calcifediol (25-hidroxivitamina D)?	Mientras persista el riesgo.	Farmacoterapia::Endocrinología y metabolismo
¿Cómo se suspende Calcifediol (25-hidroxivitamina D)?	—	Farmacoterapia::Endocrinología y metabolismo
¿Qué hay que monitorizar durante el tratamiento con Calcifediol (25-hidroxivitamina D)?	<b>25-OH-D y calcio</b> (evitar >100 ng/mL).	Farmacoterapia::Endocrinología y metabolismo
¿Cuál es la vida media de Calcifediol (25-hidroxivitamina D)?	2-3 semanas.	Farmacoterapia::Endocrinología y metabolismo
¿Requiere Calcifediol (25-hidroxivitamina D) ajuste en insuficiencia renal?	No sustituye al calcitriol en ERC avanzada.	Farmacoterapia::Endocrinología y metabolismo
Efecto adverso grave de Calcifediol (25-hidroxivitamina D): <b>Hipercalcemia por sobredosificación</b> — ¿en qué consiste?	<b>Hipercalcemia por sobredosificación</b>	Farmacoterapia::Endocrinología y metabolismo
Efecto adverso grave de Calcifediol (25-hidroxivitamina D): Nefrocalcinosis — ¿en qué consiste?	Nefrocalcinosis	Farmacoterapia::Endocrinología y metabolismo
¿Está contraindicado Calcifediol (25-hidroxivitamina D) en: Hipercalcemia?	Sí — Hipercalcemia	Farmacoterapia::Endocrinología y metabolismo
¿Está contraindicado Calcifediol (25-hidroxivitamina D) en: Hipervitaminosis D?	Sí — Hipervitaminosis D	Farmacoterapia::Endocrinología y metabolismo
Particularidad de Calcifediol (25-hidroxivitamina D) que hay que tener en cuenta:	La intoxicación por vitamina D en España suele deberse a calcifediol mal dosificado (ampollas semanales en lugar de mensuales).	Farmacoterapia::Endocrinología y metabolismo
¿A qué clase farmacológica pertenece Calcitriol (1,25-dihidroxivitamina D)?	Vitamina D y metabolitos (Forma hormonal activa)	Farmacoterapia::Endocrinología y metabolismo
¿Cuál es el mecanismo de acción de Calcitriol (1,25-dihidroxivitamina D)?	Agonista del receptor nuclear de vitamina D: aumenta la absorción intestinal de calcio y fósforo y suprime la PTH.	Farmacoterapia::Endocrinología y metabolismo
¿Qué distingue a Calcitriol (1,25-dihidroxivitamina D) de los demás fármacos de su clase (Vitamina D y metabolitos)?	<b>La forma ACTIVA: no necesita hidroxilaciones</b> → <b>hipoparatiroidismo</b> y <b>ERC avanzada</b> con hiperparatiroidismo secundario.	Farmacoterapia::Endocrinología y metabolismo
¿Cuál es la dosis de Calcitriol (1,25-dihidroxivitamina D) en Hipoparatiroidismo (con calcio)?	0,25-1 µg — Cada 12-24 h, vía VO	Farmacoterapia::Endocrinología y metabolismo
¿Cuál es la dosis de Calcitriol (1,25-dihidroxivitamina D) en Hiperparatiroidismo secundario de la ERC?	0,25-0,5 µg — Cada 24 h o a días alternos, vía VO	Farmacoterapia::Endocrinología y metabolismo
¿Cuánto dura el tratamiento con Calcitriol (1,25-dihidroxivitamina D)?	Indefinida.	Farmacoterapia::Endocrinología y metabolismo
¿Cómo se suspende Calcitriol (1,25-dihidroxivitamina D)?	—	Farmacoterapia::Endocrinología y metabolismo
¿Qué hay que monitorizar durante el tratamiento con Calcitriol (1,25-dihidroxivitamina D)?	<b>Calcio y fósforo semanales al inicio</b>, PTH, calciuria.	Farmacoterapia::Endocrinología y metabolismo
¿Cuál es la vida media de Calcitriol (1,25-dihidroxivitamina D)?	5-8 h.	Farmacoterapia::Endocrinología y metabolismo
¿Requiere Calcitriol (1,25-dihidroxivitamina D) ajuste en insuficiencia renal?	Uso específico en ERC.	Farmacoterapia::Endocrinología y metabolismo
Interacción crítica de Calcitriol (1,25-dihidroxivitamina D) con Tiazidas, suplementos de calcio: ¿qué ocurre y qué se hace?	Hipercalcemia. Manejo: Vigilar	Farmacoterapia::Endocrinología y metabolismo
Efecto adverso grave de Calcitriol (1,25-dihidroxivitamina D): <b>Hipercalcemia grave</b> — ¿en qué consiste?	<b>Hipercalcemia grave</b>	Farmacoterapia::Endocrinología y metabolismo
Efecto adverso grave de Calcitriol (1,25-dihidroxivitamina D): Calcificaciones vasculares — ¿en qué consiste?	Calcificaciones vasculares	Farmacoterapia::Endocrinología y metabolismo
Efecto adverso grave de Calcitriol (1,25-dihidroxivitamina D): Nefrocalcinosis — ¿en qué consiste?	Nefrocalcinosis	Farmacoterapia::Endocrinología y metabolismo
¿Está contraindicado Calcitriol (1,25-dihidroxivitamina D) en: Hipercalcemia?	Sí — Hipercalcemia	Farmacoterapia::Endocrinología y metabolismo
¿Está contraindicado Calcitriol (1,25-dihidroxivitamina D) en: Hipervitaminosis D?	Sí — Hipervitaminosis D	Farmacoterapia::Endocrinología y metabolismo
Particularidad de Calcitriol (1,25-dihidroxivitamina D) que hay que tener en cuenta:	Hipoparatiroidismo tras tiroidectomía: calcio + calcitriol, no colecalciferol solo.	Farmacoterapia::Endocrinología y metabolismo
¿A qué clase farmacológica pertenece Fludrocortisona?	Corticoide sistémico (gluco y mineralocorticoide) (Mineralocorticoide puro (a dosis terapéuticas))	Farmacoterapia::Endocrinología y metabolismo
¿Cuál es el mecanismo de acción de Fludrocortisona?	Agonista del receptor mineralocorticoide: reabsorción de sodio y excreción de potasio en el túbulo colector.	Farmacoterapia::Endocrinología y metabolismo
¿Qué distingue a Fludrocortisona de los demás fármacos de su clase (Corticoide sistémico (gluco y mineralocorticoide))?	<b>MINERALOCORTICOIDE</b>: sustituye a la aldosterona en la <b>insuficiencia suprarrenal PRIMARIA</b> (con hidrocortisona).	Farmacoterapia::Endocrinología y metabolismo
¿Cuál es la dosis de Fludrocortisona en Insuficiencia suprarrenal primaria (enfermedad de Addison)?	0,05-0,2 mg — Cada 24 h por la mañana, vía VO	Farmacoterapia::Endocrinología y metabolismo
¿Cuál es la dosis de Fludrocortisona en Hipotensión ortostática neurogénica?	0,1-0,2 mg — Cada 24 h, vía VO	Farmacoterapia::Endocrinología y metabolismo
¿Cuánto dura el tratamiento con Fludrocortisona?	Indefinida.	Farmacoterapia::Endocrinología y metabolismo
¿Cómo se suspende Fludrocortisona?	—	Farmacoterapia::Endocrinología y metabolismo
¿Qué hay que monitorizar durante el tratamiento con Fludrocortisona?	PA (tumbado y de pie), potasio, edemas, renina.	Farmacoterapia::Endocrinología y metabolismo
¿Cuál es la vida media de Fludrocortisona?	3,5 h (efecto 1-2 días).	Farmacoterapia::Endocrinología y metabolismo
¿Requiere Fludrocortisona ajuste en insuficiencia renal?	Precaución.	Farmacoterapia::Endocrinología y metabolismo
Efecto adverso grave de Fludrocortisona: <b>Hipopotasemia</b> — ¿en qué consiste?	<b>Hipopotasemia</b>	Farmacoterapia::Endocrinología y metabolismo
Efecto adverso grave de Fludrocortisona: Insuficiencia cardiaca — ¿en qué consiste?	Insuficiencia cardiaca	Farmacoterapia::Endocrinología y metabolismo
¿Está contraindicado Fludrocortisona en: Insuficiencia cardiaca?	Sí — Insuficiencia cardiaca	Farmacoterapia::Endocrinología y metabolismo
¿Está contraindicado Fludrocortisona en: Hipertensión no controlada?	Sí — Hipertensión no controlada	Farmacoterapia::Endocrinología y metabolismo
Particularidad de Fludrocortisona que hay que tener en cuenta:	Con hidrocortisona ≥50 mg/día no hace falta: ya aporta efecto mineralocorticoide.	Farmacoterapia::Endocrinología y metabolismo
¿A qué clase farmacológica pertenece Vitamina D y calcio?	Visión de clase: vitamina D y calcio (Vitamina liposoluble prohormonal y sal de calcio)	Farmacoterapia::Endocrinología y metabolismo
¿Cuál es el mecanismo de acción de Vitamina D y calcio?	La vitamina D no es realmente una vitamina sino una PROHORMONA que requiere dos hidroxilaciones sucesivas: el COLECALCIFEROL (D3) se hidroxila en el HÍGADO a calcifediol (25-OH-vitamina D), que es la forma que se mide en sangre porque refleja los depósitos, y después en el RIÑÓN a CALCITRIOL (1,25-dihidroxivitamina D), que es la forma activa. Esa segunda hidroxilación está regulada por la PTH y por el fósforo, y es el paso que FALLA en la insuficiencia renal: por eso el paciente renal necesita calcitriol o sus análogos y no colecalciferol. El calcitriol aumenta la absorción intestinal de calcio y fósforo, favorece la mineralización ósea y frena la secreción de PTH. Sin vitamina D suficiente, el calcio ingerido no se absorbe y el organismo lo obtiene del hueso a costa de elevar la PTH, produciendo hiperparatiroidismo secundario y osteomalacia.	Farmacoterapia::Endocrinología y metabolismo
¿Cuál es la dosis de Vitamina D y calcio en DÉFICIT de vitamina D y prevención en el anciano institucionalizado?	Colecalciferol 800-2000 UI al día, o 25.000 UI mensuales; en el déficit grave, 50.000 UI semanales durante 6-8 semanas — Diaria, semanal o mensual, vía VO	Farmacoterapia::Endocrinología y metabolismo
¿A qué objetivo se ajusta la dosis de Vitamina D y calcio en DÉFICIT de vitamina D y prevención en el anciano institucionalizado?	Concentración de 25-OH-vitamina D superior a 30 ng/mL (75 nmol/L)	Farmacoterapia::Endocrinología y metabolismo
¿Cuál es la dosis de Vitamina D y calcio en OSTEOPOROSIS, como base de cualquier tratamiento específico?	Calcio 1000-1200 mg al día (contando la DIETA) y vitamina D 800 UI al día — Repartido en 2 tomas de calcio de no más de 500 mg, vía VO	Farmacoterapia::Endocrinología y metabolismo
¿A qué objetivo se ajusta la dosis de Vitamina D y calcio en OSTEOPOROSIS, como base de cualquier tratamiento específico?	Aporte total de calcio de 1000-1200 mg al día sumando dieta y suplemento	Farmacoterapia::Endocrinología y metabolismo
¿Cuál es la dosis de Vitamina D y calcio en Prevención del RAQUITISMO en el LACTANTE?	400 UI al día durante el primer año de vida, en TODOS los lactantes — Una toma diaria, vía VO	Farmacoterapia::Endocrinología y metabolismo
¿Cuál es la dosis de Vitamina D y calcio en Enfermedad renal crónica e hipoparatiroidismo (CALCITRIOL)?	Calcitriol 0,25-1 microgramo al día, o paricalcitol según PTH — Una toma diaria, vía VO	Farmacoterapia::Endocrinología y metabolismo
¿A qué objetivo se ajusta la dosis de Vitamina D y calcio en Enfermedad renal crónica e hipoparatiroidismo (CALCITRIOL)?	PTH dentro del rango recomendado para el estadio de enfermedad renal, con calcio y fósforo normales	Farmacoterapia::Endocrinología y metabolismo
¿Cuál es la dosis de Vitamina D y calcio en Prevención de caídas y fracturas en el anciano?	800 UI al día de colecalciferol — Diaria, vía VO	Farmacoterapia::Endocrinología y metabolismo
¿Cuánto dura el tratamiento con Vitamina D y calcio?	Prolongada en el anciano y en el paciente con osteoporosis.	Farmacoterapia::Endocrinología y metabolismo
¿Cómo se suspende Vitamina D y calcio?	Se revisa la necesidad periódicamente; en el paciente con exposición solar y dieta adecuadas puede no hacer falta.	Farmacoterapia::Endocrinología y metabolismo
¿Qué hay que monitorizar durante el tratamiento con Vitamina D y calcio?	Calcio sérico, función renal y 25-OH-vitamina D a los 3 meses. En tratamiento con calcitriol, calcio y fósforo mucho más frecuentes.	Farmacoterapia::Endocrinología y metabolismo
¿Cuál es la vida media de Vitamina D y calcio?	Calcifediol 2-3 SEMANAS (permite pautas semanales o mensuales); calcitriol 5-8 horas.	Farmacoterapia::Endocrinología y metabolismo
¿Requiere Vitamina D y calcio ajuste en insuficiencia renal?	En la insuficiencia renal hay que usar CALCITRIOL o paricalcitol: el colecalciferol no puede activarse.	Farmacoterapia::Endocrinología y metabolismo
Interacción crítica de Vitamina D y calcio con LEVOTIROXINA, hierro oral, QUINOLONAS, tetraciclinas y bisfosfonatos: ¿qué ocurre y qué se hace?	El CALCIO forma quelatos e IMPIDE su absorción. Manejo: Separar al menos 2-4 horas. Es una de las interacciones más frecuentes y más olvidadas de la prescripción crónica	Farmacoterapia::Endocrinología y metabolismo
Interacción crítica de Vitamina D y calcio con Inductores enzimáticos (fenitoína, carbamazepina, rifampicina) y corticoides: ¿qué ocurre y qué se hace?	Aceleran su catabolismo y producen OSTEOMALACIA con el uso prolongado. Manejo: Suplementar de forma sistemática en el paciente con antiepilépticos inductores o corticoterapia crónica	Farmacoterapia::Endocrinología y metabolismo
Interacción crítica de Vitamina D y calcio con DIGOXINA: ¿qué ocurre y qué se hace?	La hipercalcemia potencia la toxicidad digitálica. Manejo: Vigilar la calcemia	Farmacoterapia::Endocrinología y metabolismo
Efecto adverso grave de Vitamina D y calcio: HIPERCALCEMIA e HIPERCALCIURIA por sobredosificación, sobre todo con calcitriol o con megadosis de vitamina D — ¿en qué consiste?	HIPERCALCEMIA e HIPERCALCIURIA por sobredosificación, sobre todo con calcitriol o con megadosis de vitamina D	Farmacoterapia::Endocrinología y metabolismo
Efecto adverso grave de Vitamina D y calcio: LITIASIS renal y nefrocalcinosis — ¿en qué consiste?	LITIASIS renal y nefrocalcinosis	Farmacoterapia::Endocrinología y metabolismo
Efecto adverso grave de Vitamina D y calcio: AUMENTO DE CAÍDAS Y FRACTURAS con dosis ANUALES muy altas — ¿en qué consiste?	AUMENTO DE CAÍDAS Y FRACTURAS con dosis ANUALES muy altas (500.000 UI), un hallazgo contraintuitivo y bien documentado	Farmacoterapia::Endocrinología y metabolismo
Efecto adverso grave de Vitamina D y calcio: Intoxicación por vitamina D con confusión, poliuria, deshidratación y fracaso renal — ¿en qué consiste?	Intoxicación por vitamina D con confusión, poliuria, deshidratación y fracaso renal	Farmacoterapia::Endocrinología y metabolismo
Efecto adverso grave de Vitamina D y calcio: Posible aumento de eventos cardiovasculares con suplementos de calcio a dosis altas SIN vitamina D — ¿en qué consiste?	Posible aumento de eventos cardiovasculares con suplementos de calcio a dosis altas SIN vitamina D (debatido)	Farmacoterapia::Endocrinología y metabolismo
¿Está contraindicado Vitamina D y calcio en: HIPERCALCEMIA e hipercalciuria?	Sí — HIPERCALCEMIA e hipercalciuria	Farmacoterapia::Endocrinología y metabolismo
¿Está contraindicado Vitamina D y calcio en: Litiasis cálcica recidivante?	Sí — Litiasis cálcica recidivante	Farmacoterapia::Endocrinología y metabolismo
¿Está contraindicado Vitamina D y calcio en: Sarcoidosis y otras enfermedades granulomatosas?	Sí — Sarcoidosis y otras enfermedades granulomatosas (producen calcitriol de forma no regulada)	Farmacoterapia::Endocrinología y metabolismo
¿Está contraindicado Vitamina D y calcio en: Hiperparatiroidismo primario no tratado?	Sí — Hiperparatiroidismo primario no tratado	Farmacoterapia::Endocrinología y metabolismo
¿Está contraindicado Vitamina D y calcio en: Metástasis óseas con hipercalcemia?	Sí — Metástasis óseas con hipercalcemia	Farmacoterapia::Endocrinología y metabolismo
Particularidad de Vitamina D y calcio que hay que tener en cuenta:	La determinación de vitamina D es una de las pruebas MÁS SOBREUTILIZADAS del laboratorio. Pedirla a población sana asintomática genera un enorme volumen de resultados bajos sin significado clínico, tratamientos innecesarios y ansiedad. Se pide cuando hay una razón: osteoporosis, malabsorción, enfermedad renal, fármacos que la alteran o clínica compatible.	Farmacoterapia::Endocrinología y metabolismo
¿A qué clase farmacológica pertenece Denosumab?	Osteoformador y antirresortivo no bisfosfonato (Anticuerpo monoclonal frente al ligando de RANK)	Farmacoterapia::Endocrinología y metabolismo
¿Cuál es el mecanismo de acción de Denosumab?	Es un anticuerpo monoclonal contra el RANKL, la citocina que el osteoblasto y las células del estroma producen para reclutar, diferenciar y activar al OSTEOCLASTO. Al secuestrar el RANKL, el osteoclasto no se forma ni se activa, y la resorción ósea se detiene de forma rápida y profunda. La diferencia esencial con los BISFOSFONATOS es que estos se INCORPORAN al hueso y permanecen allí durante años, de modo que su efecto persiste tras suspenderlos, mientras que el denosumab es un anticuerpo circulante que NO se deposita en el hueso: cuando desaparece, el efecto desaparece por completo y de golpe. Ese detalle farmacológico tiene una consecuencia clínica decisiva y peligrosa: al suspenderlo se produce un REBOTE de resorción con pérdida acelerada de masa ósea y FRACTURAS VERTEBRALES MÚLTIPLES en pocos meses.	Farmacoterapia::Endocrinología y metabolismo
¿Qué distingue a Denosumab de los demás fármacos de su clase (Osteoformador y antirresortivo no bisfosfonato)?	<b>Antirresortivo potente SC cada 6 meses, sin ajuste renal</b> (útil con FG <35 donde los bisfosfonatos no se usan).	Farmacoterapia::Endocrinología y metabolismo
¿Cuál es la dosis de Denosumab en OSTEOPOROSIS posmenopáusica y del varón con alto riesgo de fractura?	60 mg por vía subcutánea cada 6 MESES — Una inyección cada 6 meses, vía SC	Farmacoterapia::Endocrinología y metabolismo
¿A qué objetivo se ajusta la dosis de Denosumab en OSTEOPOROSIS posmenopáusica y del varón con alto riesgo de fractura?	Aumento de la densidad mineral ósea y reducción de fracturas vertebrales, no vertebrales y de cadera	Farmacoterapia::Endocrinología y metabolismo
¿Cuál es la dosis de Denosumab en Osteoporosis inducida por CORTICOIDES?	60 mg SC cada 6 meses — Cada 6 meses, vía SC	Farmacoterapia::Endocrinología y metabolismo
¿Cuál es la dosis de Denosumab en Pérdida ósea por terapia hormonal en el cáncer de próstata o de mama?	60 mg SC cada 6 meses — Cada 6 meses, vía SC	Farmacoterapia::Endocrinología y metabolismo
¿Cuál es la dosis de Denosumab en Prevención de eventos óseos en METÁSTASIS óseas (dosis oncológica)?	120 mg SC cada 4 semanas — Mensual, vía SC	Farmacoterapia::Endocrinología y metabolismo
¿A qué objetivo se ajusta la dosis de Denosumab en Prevención de eventos óseos en METÁSTASIS óseas (dosis oncológica)?	Reducción de fracturas patológicas, compresión medular y necesidad de radioterapia	Farmacoterapia::Endocrinología y metabolismo
¿Cuánto dura el tratamiento con Denosumab?	Prolongada, pero con una salida PLANIFICADA desde el principio.	Farmacoterapia::Endocrinología y metabolismo
¿Cómo se suspende Denosumab?	Este es el punto crítico: NO se suspende sin más. Al retirarlo hay que administrar un BISFOSFONATO (zoledronato o alendronato) para consolidar el hueso y evitar el rebote. Y no se debe RETRASAR una dosis: pasados 7 meses desde la última, el riesgo de fracturas vertebrales múltiples se dispara.	Farmacoterapia::Endocrinología y metabolismo
¿Qué hay que monitorizar durante el tratamiento con Denosumab?	CALCIO sérico antes de cada dosis (y a las 2 semanas en el paciente renal), vitamina D, y revisión odontológica periódica.	Farmacoterapia::Endocrinología y metabolismo
¿Cuál es la vida media de Denosumab?	26 días, con efecto que se agota entre los 6 y los 9 meses tras la última dosis.	Farmacoterapia::Endocrinología y metabolismo
¿Requiere Denosumab ajuste en insuficiencia renal?	NO requiere ajuste y es de elección en la insuficiencia renal, pero el riesgo de HIPOCALCEMIA GRAVE aumenta mucho con filtrado bajo: hay que vigilar el calcio estrechamente.	Farmacoterapia::Endocrinología y metabolismo
Interacción crítica de Denosumab con Déficit de VITAMINA D no corregido: ¿qué ocurre y qué se hace?	HIPOCALCEMIA GRAVE y sintomática tras la inyección. Manejo: Corregir SIEMPRE antes de la primera dosis: es la precaución más importante	Farmacoterapia::Endocrinología y metabolismo
Efecto adverso grave de Denosumab: FRACTURAS VERTEBRALES MÚLTIPLES POR REBOTE al suspenderlo o al retrasar una dosis — ¿en qué consiste?	FRACTURAS VERTEBRALES MÚLTIPLES POR REBOTE al suspenderlo o al retrasar una dosis: es su complicación más característica y más peligrosa, y ocurre en pacientes que dejaron el tratamiento creyendo que ya no lo necesitaban	Farmacoterapia::Endocrinología y metabolismo
Efecto adverso grave de Denosumab: HIPOCALCEMIA GRAVE, sobre todo en la insuficiencia renal y con déficit de vitamina D no corregido — ¿en qué consiste?	HIPOCALCEMIA GRAVE, sobre todo en la insuficiencia renal y con déficit de vitamina D no corregido	Farmacoterapia::Endocrinología y metabolismo
Efecto adverso grave de Denosumab: OSTEONECROSIS DE LA MANDÍBULA, muy poco frecuente con la dosis de osteoporosis y bastante más con la dosis oncológica — ¿en qué consiste?	OSTEONECROSIS DE LA MANDÍBULA, muy poco frecuente con la dosis de osteoporosis y bastante más con la dosis oncológica	Farmacoterapia::Endocrinología y metabolismo
Efecto adverso grave de Denosumab: FRACTURA FEMORAL ATÍPICA subtrocantérea con el uso prolongado — ¿en qué consiste?	FRACTURA FEMORAL ATÍPICA subtrocantérea con el uso prolongado	Farmacoterapia::Endocrinología y metabolismo
Efecto adverso grave de Denosumab: Infecciones graves — ¿en qué consiste?	Infecciones graves (celulitis, endocarditis, diverticulitis)	Farmacoterapia::Endocrinología y metabolismo
Efecto adverso grave de Denosumab: Reacciones de hipersensibilidad — ¿en qué consiste?	Reacciones de hipersensibilidad	Farmacoterapia::Endocrinología y metabolismo
¿Está contraindicado Denosumab en: HIPOCALCEMIA no corregida?	Sí — HIPOCALCEMIA no corregida	Farmacoterapia::Endocrinología y metabolismo
¿Está contraindicado Denosumab en: Embarazo?	Sí — Embarazo	Farmacoterapia::Endocrinología y metabolismo
¿Está contraindicado Denosumab en: Hipersensibilidad conocida?	Sí — Hipersensibilidad conocida	Farmacoterapia::Endocrinología y metabolismo
¿Está contraindicado Denosumab en: Precaución en la insuficiencia renal grave por el riesgo de hipocalcemia?	Sí — Precaución en la insuficiencia renal grave por el riesgo de hipocalcemia	Farmacoterapia::Endocrinología y metabolismo
Particularidad de Denosumab que hay que tener en cuenta:	El REBOTE al suspenderlo es la característica que hay que conocer antes de prescribirlo. A diferencia de los bisfosfonatos, no se deposita en el hueso: cuando desaparece del plasma, el efecto se pierde de golpe y se produce una oleada de resorción con fracturas vertebrales MÚLTIPLES en pocos meses, a veces en pacientes que nunca habían tenido ninguna.	Farmacoterapia::Endocrinología y metabolismo
