¿A qué clase farmacológica pertenece Ciclobenzaprina?	Relajante muscular de acción central (Relajante de estructura tricíclica)	Farmacoterapia::Reumatología, analgesia y antiinflamatorios
¿Cuál es el mecanismo de acción de Ciclobenzaprina?	Actúa en el tronco del encéfalo reduciendo la actividad motora tónica somática; no actúa directamente sobre el músculo.	Farmacoterapia::Reumatología, analgesia y antiinflamatorios
¿Qué distingue a Ciclobenzaprina de los demás fármacos de su clase (Relajante muscular de acción central)?	<b>Estructura TRICÍCLICA</b> (pariente de la amitriptilina): <b>sedación y efectos ANTICOLINÉRGICOS</b> marcados.	Farmacoterapia::Reumatología, analgesia y antiinflamatorios
¿Cuál es la dosis de Ciclobenzaprina en Espasmo muscular de la lumbalgia o cervicalgia aguda?	5-10 mg — Cada 8 h (o solo por la noche), vía VO	Farmacoterapia::Reumatología, analgesia y antiinflamatorios
¿Cuánto dura el tratamiento con Ciclobenzaprina?	≤2-3 semanas.	Farmacoterapia::Reumatología, analgesia y antiinflamatorios
¿Cómo se suspende Ciclobenzaprina?	—	Farmacoterapia::Reumatología, analgesia y antiinflamatorios
¿Qué hay que monitorizar durante el tratamiento con Ciclobenzaprina?	Somnolencia, retención urinaria.	Farmacoterapia::Reumatología, analgesia y antiinflamatorios
¿Cuál es la vida media de Ciclobenzaprina?	18 h.	Farmacoterapia::Reumatología, analgesia y antiinflamatorios
¿Requiere Ciclobenzaprina ajuste en insuficiencia renal?	No precisa.	Farmacoterapia::Reumatología, analgesia y antiinflamatorios
Interacción crítica de Ciclobenzaprina con IMAO, ISRS, tramadol: ¿qué ocurre y qué se hace?	Síndrome serotoninérgico. Manejo: Evitar la combinación	Farmacoterapia::Reumatología, analgesia y antiinflamatorios
Efecto adverso grave de Ciclobenzaprina: Arritmias, prolongación del QT — ¿en qué consiste?	Arritmias, prolongación del QT	Farmacoterapia::Reumatología, analgesia y antiinflamatorios
Efecto adverso grave de Ciclobenzaprina: Retención urinaria, glaucoma agudo — ¿en qué consiste?	Retención urinaria, glaucoma agudo	Farmacoterapia::Reumatología, analgesia y antiinflamatorios
¿Está contraindicado Ciclobenzaprina en: IAM reciente, arritmias, insuficiencia cardiaca?	Sí — IAM reciente, arritmias, insuficiencia cardiaca	Farmacoterapia::Reumatología, analgesia y antiinflamatorios
¿Está contraindicado Ciclobenzaprina en: Hipertiroidismo?	Sí — Hipertiroidismo	Farmacoterapia::Reumatología, analgesia y antiinflamatorios
¿Está contraindicado Ciclobenzaprina en: IMAO en los 14 días previos?	Sí — IMAO en los 14 días previos	Farmacoterapia::Reumatología, analgesia y antiinflamatorios
Particularidad de Ciclobenzaprina que hay que tener en cuenta:	Darlo solo por la noche aprovecha la sedación y reduce la somnolencia diurna.	Farmacoterapia::Reumatología, analgesia y antiinflamatorios
¿A qué clase farmacológica pertenece Metocarbamol?	Relajante muscular de acción central (Carbamato)	Farmacoterapia::Reumatología, analgesia y antiinflamatorios
¿Cuál es el mecanismo de acción de Metocarbamol?	Depresor del SNC que inhibe reflejos polisinápticos medulares.	Farmacoterapia::Reumatología, analgesia y antiinflamatorios
¿Qué distingue a Metocarbamol de los demás fármacos de su clase (Relajante muscular de acción central)?	<b>MENOS SEDANTE</b> que la ciclobenzaprina y sin efectos anticolinérgicos.	Farmacoterapia::Reumatología, analgesia y antiinflamatorios
¿Cuál es la dosis de Metocarbamol en Espasmo muscular agudo (lumbalgia, contractura)?	1500 mg los 2-3 primeros días; después 750-1000 mg — Cada 6-8 h, vía VO	Farmacoterapia::Reumatología, analgesia y antiinflamatorios
¿Cuánto dura el tratamiento con Metocarbamol?	≤2-3 semanas.	Farmacoterapia::Reumatología, analgesia y antiinflamatorios
¿Cómo se suspende Metocarbamol?	—	Farmacoterapia::Reumatología, analgesia y antiinflamatorios
¿Qué hay que monitorizar durante el tratamiento con Metocarbamol?	Somnolencia.	Farmacoterapia::Reumatología, analgesia y antiinflamatorios
¿Cuál es la vida media de Metocarbamol?	1-2 h.	Farmacoterapia::Reumatología, analgesia y antiinflamatorios
¿Requiere Metocarbamol ajuste en insuficiencia renal?	Evitar la forma IV (excipiente polietilenglicol).	Farmacoterapia::Reumatología, analgesia y antiinflamatorios
Efecto adverso grave de Metocarbamol: Reacciones alérgicas — ¿en qué consiste?	Reacciones alérgicas	Farmacoterapia::Reumatología, analgesia y antiinflamatorios
Efecto adverso grave de Metocarbamol: Bradicardia — ¿en qué consiste?	Bradicardia (IV)	Farmacoterapia::Reumatología, analgesia y antiinflamatorios
¿Está contraindicado Metocarbamol en: Miastenia gravis?	Sí — Miastenia gravis	Farmacoterapia::Reumatología, analgesia y antiinflamatorios
¿Está contraindicado Metocarbamol en: Coma o depresión del SNC?	Sí — Coma o depresión del SNC	Farmacoterapia::Reumatología, analgesia y antiinflamatorios
Particularidad de Metocarbamol que hay que tener en cuenta:	Avisar del color de la orina para evitar consultas innecesarias.	Farmacoterapia::Reumatología, analgesia y antiinflamatorios
¿A qué clase farmacológica pertenece Tizanidina?	Relajante muscular de acción central (Agonista alfa-2 adrenérgico central)	Farmacoterapia::Reumatología, analgesia y antiinflamatorios
¿Cuál es el mecanismo de acción de Tizanidina?	Estimula los receptores alfa-2 presinápticos medulares y reduce la liberación de aminoácidos excitadores en las interneuronas.	Farmacoterapia::Reumatología, analgesia y antiinflamatorios
¿Qué distingue a Tizanidina de los demás fármacos de su clase (Relajante muscular de acción central)?	<b>Agonista ALFA-2</b> (pariente de la clonidina): útil en la <b>ESPASTICIDAD</b> (esclerosis múltiple, lesión medular, ictus) y en el espasmo musculoesquelético.	Farmacoterapia::Reumatología, analgesia y antiinflamatorios
¿Cuál es la dosis de Tizanidina en Espasticidad?	2 mg al inicio; mantenimiento 12-24 mg/día (máximo 36 mg) — Cada 6-8 h, vía VO	Farmacoterapia::Reumatología, analgesia y antiinflamatorios
¿Cuánto dura el tratamiento con Tizanidina?	Crónica en la espasticidad.	Farmacoterapia::Reumatología, analgesia y antiinflamatorios
¿Cómo se suspende Tizanidina?	<b>Retirada GRADUAL</b> (rebote de HTA y taquicardia).	Farmacoterapia::Reumatología, analgesia y antiinflamatorios
¿Qué hay que monitorizar durante el tratamiento con Tizanidina?	PA, transaminasas a los 1, 3 y 6 meses.	Farmacoterapia::Reumatología, analgesia y antiinflamatorios
¿Cuál es la vida media de Tizanidina?	2,5 h.	Farmacoterapia::Reumatología, analgesia y antiinflamatorios
¿Requiere Tizanidina ajuste en insuficiencia renal?	FG <25: reducir dosis.	Farmacoterapia::Reumatología, analgesia y antiinflamatorios
Interacción crítica de Tizanidina con Fluvoxamina, ciprofloxacino: ¿qué ocurre y qué se hace?	Niveles 10-30 veces mayores: hipotensión y sedación graves. Manejo: Contraindicado	Farmacoterapia::Reumatología, analgesia y antiinflamatorios
Efecto adverso grave de Tizanidina: <b>Hepatotoxicidad</b> — ¿en qué consiste?	<b>Hepatotoxicidad</b>	Farmacoterapia::Reumatología, analgesia y antiinflamatorios
Efecto adverso grave de Tizanidina: Bradicardia — ¿en qué consiste?	Bradicardia	Farmacoterapia::Reumatología, analgesia y antiinflamatorios
Efecto adverso grave de Tizanidina: HTA de rebote al suspender — ¿en qué consiste?	HTA de rebote al suspender	Farmacoterapia::Reumatología, analgesia y antiinflamatorios
¿Está contraindicado Tizanidina en: Insuficiencia hepática?	Sí — Insuficiencia hepática	Farmacoterapia::Reumatología, analgesia y antiinflamatorios
¿Está contraindicado Tizanidina en: Tratamiento con fluvoxamina o ciprofloxacino?	Sí — Tratamiento con fluvoxamina o ciprofloxacino	Farmacoterapia::Reumatología, analgesia y antiinflamatorios
Particularidad de Tizanidina que hay que tener en cuenta:	Antes de pautar ciprofloxacino a un paciente con espasticidad, revisar si toma tizanidina.	Farmacoterapia::Reumatología, analgesia y antiinflamatorios
¿A qué clase farmacológica pertenece Diclofenaco tópico (gel)?	AINE no selectivo (AINE tópico)	Farmacoterapia::Reumatología, analgesia y antiinflamatorios
¿Cuál es el mecanismo de acción de Diclofenaco tópico (gel)?	Inhibición local de COX-1 y COX-2 en los tejidos periarticulares.	Farmacoterapia::Reumatología, analgesia y antiinflamatorios
¿Qué distingue a Diclofenaco tópico (gel) de los demás fármacos de su clase (AINE no selectivo)?	<b>De primera línea en la ARTROSIS de RODILLA y MANO</b> (articulaciones superficiales), sobre todo en <b>ancianos</b>.	Farmacoterapia::Reumatología, analgesia y antiinflamatorios
¿Cuál es la dosis de Diclofenaco tópico (gel) en Artrosis de rodilla o mano, dolor musculoesquelético localizado?	2-4 g de gel al 1% (o 2 g al 2,32%) — Cada 6-8 h (cada 12 h la forma al 2,32%), vía tópica	Farmacoterapia::Reumatología, analgesia y antiinflamatorios
¿Cuánto dura el tratamiento con Diclofenaco tópico (gel)?	Continuo o a demanda; reevaluar a las 2-4 semanas.	Farmacoterapia::Reumatología, analgesia y antiinflamatorios
¿Cómo se suspende Diclofenaco tópico (gel)?	—	Farmacoterapia::Reumatología, analgesia y antiinflamatorios
¿Qué hay que monitorizar durante el tratamiento con Diclofenaco tópico (gel)?	Irritación local.	Farmacoterapia::Reumatología, analgesia y antiinflamatorios
¿Cuál es la vida media de Diclofenaco tópico (gel)?	—	Farmacoterapia::Reumatología, analgesia y antiinflamatorios
¿Requiere Diclofenaco tópico (gel) ajuste en insuficiencia renal?	Precaución en grandes superficies.	Farmacoterapia::Reumatología, analgesia y antiinflamatorios
Efecto adverso grave de Diclofenaco tópico (gel): Excepcionales — ¿en qué consiste?	Excepcionales (sistémicos)	Farmacoterapia::Reumatología, analgesia y antiinflamatorios
¿Está contraindicado Diclofenaco tópico (gel) en: Piel lesionada?	Sí — Piel lesionada	Farmacoterapia::Reumatología, analgesia y antiinflamatorios
¿Está contraindicado Diclofenaco tópico (gel) en: Alergia a AINE o asma inducida por AAS?	Sí — Alergia a AINE o asma inducida por AAS	Farmacoterapia::Reumatología, analgesia y antiinflamatorios
¿Está contraindicado Diclofenaco tópico (gel) en: Tercer trimestre del embarazo?	Sí — Tercer trimestre del embarazo	Farmacoterapia::Reumatología, analgesia y antiinflamatorios
Particularidad de Diclofenaco tópico (gel) que hay que tener en cuenta:	En el anciano con artrosis de rodilla, antes que un AINE oral, gel de diclofenaco.	Farmacoterapia::Reumatología, analgesia y antiinflamatorios
¿A qué clase farmacológica pertenece Tofacitinib?	Inhibidor de JAK (Inhibidor de JAK1 y JAK3 (pan-JAK))	Farmacoterapia::Reumatología, analgesia y antiinflamatorios
¿Cuál es el mecanismo de acción de Tofacitinib?	Inhibe las Janus quinasas y bloquea la señalización de múltiples citocinas (IL-6, IL-2, interferones).	Farmacoterapia::Reumatología, analgesia y antiinflamatorios
¿Qué distingue a Tofacitinib de los demás fármacos de su clase (Inhibidor de JAK)?	<b>El primero de la clase</b>: artritis reumatoide, artritis psoriásica, espondiloartritis y <b>colitis ulcerosa</b>.	Farmacoterapia::Reumatología, analgesia y antiinflamatorios
¿Cuál es la dosis de Tofacitinib en Artritis reumatoide y psoriásica con fracaso de FAME?	5 mg — Cada 12 h (o 11 mg de liberación prolongada cada 24 h), vía VO	Farmacoterapia::Reumatología, analgesia y antiinflamatorios
¿Cuál es la dosis de Tofacitinib en Colitis ulcerosa moderada-grave?	10 mg en inducción; 5 mg en mantenimiento — Cada 12 h, vía VO	Farmacoterapia::Reumatología, analgesia y antiinflamatorios
¿Cuánto dura el tratamiento con Tofacitinib?	Indefinida mientras responda.	Farmacoterapia::Reumatología, analgesia y antiinflamatorios
¿Cómo se suspende Tofacitinib?	—	Farmacoterapia::Reumatología, analgesia y antiinflamatorios
¿Qué hay que monitorizar durante el tratamiento con Tofacitinib?	Linfocitos, neutrófilos, Hb, lípidos y transaminasas a las 4-8 semanas y después cada 3 meses.	Farmacoterapia::Reumatología, analgesia y antiinflamatorios
¿Cuál es la vida media de Tofacitinib?	3 h.	Farmacoterapia::Reumatología, analgesia y antiinflamatorios
¿Requiere Tofacitinib ajuste en insuficiencia renal?	FG <30: 5 mg cada 24 h.	Farmacoterapia::Reumatología, analgesia y antiinflamatorios
Interacción crítica de Tofacitinib con Biológicos, azatioprina, ciclosporina: ¿qué ocurre y qué se hace?	Inmunosupresión excesiva. Manejo: No combinar	Farmacoterapia::Reumatología, analgesia y antiinflamatorios
Efecto adverso grave de Tofacitinib: <b>Trombosis venosa y TEP</b> — ¿en qué consiste?	<b>Trombosis venosa y TEP</b>	Farmacoterapia::Reumatología, analgesia y antiinflamatorios
Efecto adverso grave de Tofacitinib: <b>Eventos cardiovasculares mayores</b> — ¿en qué consiste?	<b>Eventos cardiovasculares mayores</b>	Farmacoterapia::Reumatología, analgesia y antiinflamatorios
Efecto adverso grave de Tofacitinib: Neoplasias, infecciones graves — ¿en qué consiste?	Neoplasias, infecciones graves	Farmacoterapia::Reumatología, analgesia y antiinflamatorios
Efecto adverso grave de Tofacitinib: Perforación intestinal — ¿en qué consiste?	Perforación intestinal	Farmacoterapia::Reumatología, analgesia y antiinflamatorios
¿Está contraindicado Tofacitinib en: Tuberculosis o infección activa?	Sí — Tuberculosis o infección activa	Farmacoterapia::Reumatología, analgesia y antiinflamatorios
¿Está contraindicado Tofacitinib en: Embarazo?	Sí — Embarazo	Farmacoterapia::Reumatología, analgesia y antiinflamatorios
¿Está contraindicado Tofacitinib en: Alto riesgo trombótico?	Sí — Alto riesgo trombótico (relativa)	Farmacoterapia::Reumatología, analgesia y antiinflamatorios
Particularidad de Tofacitinib que hay que tener en cuenta:	Paciente ≥65 años, fumador o con antecedentes CV: preferir un biológico a un inhibidor de JAK.	Farmacoterapia::Reumatología, analgesia y antiinflamatorios
¿A qué clase farmacológica pertenece Baricitinib?	Inhibidor de JAK (Inhibidor de JAK1 y JAK2)	Farmacoterapia::Reumatología, analgesia y antiinflamatorios
¿Cuál es el mecanismo de acción de Baricitinib?	Inhibición de JAK1 y JAK2.	Farmacoterapia::Reumatología, analgesia y antiinflamatorios
¿Qué distingue a Baricitinib de los demás fármacos de su clase (Inhibidor de JAK)?	<b>JAK1/JAK2</b>, <b>una toma al día</b>: artritis reumatoide, <b>dermatitis atópica</b> grave, <b>alopecia areata</b>, y <b>COVID-19 grave</b> hospitalizada.	Farmacoterapia::Reumatología, analgesia y antiinflamatorios
¿Cuál es la dosis de Baricitinib en Artritis reumatoide, dermatitis atópica, alopecia areata?	4 mg (2 mg en ≥75 años o FG 30-60) — Cada 24 h, vía VO	Farmacoterapia::Reumatología, analgesia y antiinflamatorios
¿Cuál es la dosis de Baricitinib en COVID-19 hospitalizado con oxígeno y marcadores inflamatorios?	4 mg — Cada 24 h, vía VO	Farmacoterapia::Reumatología, analgesia y antiinflamatorios
¿Cuánto dura el tratamiento con Baricitinib?	Indefinida mientras responda.	Farmacoterapia::Reumatología, analgesia y antiinflamatorios
¿Cómo se suspende Baricitinib?	—	Farmacoterapia::Reumatología, analgesia y antiinflamatorios
¿Qué hay que monitorizar durante el tratamiento con Baricitinib?	Hemograma, lípidos, transaminasas, creatinina.	Farmacoterapia::Reumatología, analgesia y antiinflamatorios
¿Cuál es la vida media de Baricitinib?	12 h.	Farmacoterapia::Reumatología, analgesia y antiinflamatorios
¿Requiere Baricitinib ajuste en insuficiencia renal?	FG 30-60: 2 mg; FG <30: no recomendado.	Farmacoterapia::Reumatología, analgesia y antiinflamatorios
Efecto adverso grave de Baricitinib: <b>Trombosis venosa y TEP</b> — ¿en qué consiste?	<b>Trombosis venosa y TEP</b>	Farmacoterapia::Reumatología, analgesia y antiinflamatorios
Efecto adverso grave de Baricitinib: Eventos CV mayores — ¿en qué consiste?	Eventos CV mayores	Farmacoterapia::Reumatología, analgesia y antiinflamatorios
Efecto adverso grave de Baricitinib: Infecciones graves — ¿en qué consiste?	Infecciones graves	Farmacoterapia::Reumatología, analgesia y antiinflamatorios
¿Está contraindicado Baricitinib en: Infección activa?	Sí — Infección activa	Farmacoterapia::Reumatología, analgesia y antiinflamatorios
¿Está contraindicado Baricitinib en: Embarazo?	Sí — Embarazo	Farmacoterapia::Reumatología, analgesia y antiinflamatorios
¿Está contraindicado Baricitinib en: FG <30?	Sí — FG <30	Farmacoterapia::Reumatología, analgesia y antiinflamatorios
Particularidad de Baricitinib que hay que tener en cuenta:	En COVID-19 grave, baricitinib y tocilizumab son las dos opciones de inmunomodulación añadidas a la dexametasona.	Farmacoterapia::Reumatología, analgesia y antiinflamatorios
¿A qué clase farmacológica pertenece Upadacitinib?	Inhibidor de JAK (Inhibidor selectivo de JAK1)	Farmacoterapia::Reumatología, analgesia y antiinflamatorios
¿Cuál es el mecanismo de acción de Upadacitinib?	Inhibición preferente de JAK1.	Farmacoterapia::Reumatología, analgesia y antiinflamatorios
¿Qué distingue a Upadacitinib de los demás fármacos de su clase (Inhibidor de JAK)?	<b>JAK1 SELECTIVO</b>, liberación prolongada <b>una vez al día</b>: el de <b>más indicaciones</b> (AR, artritis psoriásica, espondiloartritis, dermatitis atópica, colitis ulcerosa y <b>Crohn</b>).	Farmacoterapia::Reumatología, analgesia y antiinflamatorios
¿Cuál es la dosis de Upadacitinib en Artritis reumatoide, artritis psoriásica, espondiloartritis?	15 mg — Cada 24 h, vía VO	Farmacoterapia::Reumatología, analgesia y antiinflamatorios
¿Cuál es la dosis de Upadacitinib en Colitis ulcerosa y enfermedad de Crohn?	45 mg en inducción; 15-30 mg en mantenimiento — Cada 24 h, vía VO	Farmacoterapia::Reumatología, analgesia y antiinflamatorios
¿Cuánto dura el tratamiento con Upadacitinib?	Indefinida mientras responda.	Farmacoterapia::Reumatología, analgesia y antiinflamatorios
¿Cómo se suspende Upadacitinib?	—	Farmacoterapia::Reumatología, analgesia y antiinflamatorios
¿Qué hay que monitorizar durante el tratamiento con Upadacitinib?	Hemograma, lípidos, transaminasas.	Farmacoterapia::Reumatología, analgesia y antiinflamatorios
¿Cuál es la vida media de Upadacitinib?	8-14 h.	Farmacoterapia::Reumatología, analgesia y antiinflamatorios
¿Requiere Upadacitinib ajuste en insuficiencia renal?	FG <30: dosis bajas.	Farmacoterapia::Reumatología, analgesia y antiinflamatorios
Efecto adverso grave de Upadacitinib: <b>Trombosis venosa</b> — ¿en qué consiste?	<b>Trombosis venosa</b>	Farmacoterapia::Reumatología, analgesia y antiinflamatorios
Efecto adverso grave de Upadacitinib: Eventos CV mayores — ¿en qué consiste?	Eventos CV mayores	Farmacoterapia::Reumatología, analgesia y antiinflamatorios
Efecto adverso grave de Upadacitinib: Perforación intestinal — ¿en qué consiste?	Perforación intestinal	Farmacoterapia::Reumatología, analgesia y antiinflamatorios
¿Está contraindicado Upadacitinib en: Infección activa?	Sí — Infección activa	Farmacoterapia::Reumatología, analgesia y antiinflamatorios
¿Está contraindicado Upadacitinib en: Embarazo?	Sí — Embarazo (teratógeno en animales)	Farmacoterapia::Reumatología, analgesia y antiinflamatorios
¿Está contraindicado Upadacitinib en: Insuficiencia hepática grave?	Sí — Insuficiencia hepática grave	Farmacoterapia::Reumatología, analgesia y antiinflamatorios
Particularidad de Upadacitinib que hay que tener en cuenta:	Anticoncepción eficaz durante el tratamiento y 4 semanas después.	Farmacoterapia::Reumatología, analgesia y antiinflamatorios
¿A qué clase farmacológica pertenece Paracetamol?	Analgésico y antipirético no opioide (Sin actividad antiinflamatoria ni antiagregante)	Farmacoterapia::Reumatología, analgesia y antiinflamatorios
¿Cuál es el mecanismo de acción de Paracetamol?	Inhibe la síntesis de prostaglandinas preferentemente a nivel CENTRAL (inhibición de la COX en el SNC, posiblemente de una variante COX-3, y modulación de la vía endocannabinoide y serotoninérgica descendente). Su acción periférica es escasa porque la COX periférica está inhibida por los peróxidos presentes en el foco inflamatorio: eso explica que sea analgésico y antipirético potente pero NO antiinflamatorio ni antiagregante, y que no comparta la toxicidad gástrica ni renal de los AINE.	Farmacoterapia::Reumatología, analgesia y antiinflamatorios
¿Qué distingue a Paracetamol de los demás fármacos de su clase (Analgésico y antipirético no opioide)?	<b>Sin efecto antiinflamatorio ni gastrolesivo ni antiagregante</b>: el analgésico-antipirético más seguro en ancianos, embarazo y pacientes anticoagulados.	Farmacoterapia::Reumatología, analgesia y antiinflamatorios
¿Cuál es la dosis de Paracetamol en Dolor leve-moderado de cualquier origen (primer escalón de la OMS)?	500-1000 mg/6-8 h (máximo 4 g/día; 3 g/día en ancianos, hepatópatas o bajo peso) — Cada 6-8 h, vía VO	Farmacoterapia::Reumatología, analgesia y antiinflamatorios
¿Cuál es la dosis de Paracetamol en Fiebre?	500-1000 mg/6-8 h — Cada 6-8 h, vía VO, IV o rectal	Farmacoterapia::Reumatología, analgesia y antiinflamatorios
¿Cuál es la dosis de Paracetamol en Artrosis?	1 g/8 h — Cada 8 h, vía VO	Farmacoterapia::Reumatología, analgesia y antiinflamatorios
¿Cuál es la dosis de Paracetamol en Dolor agudo hospitalario (analgesia multimodal)?	1 g/6-8 h — Cada 6-8 h, vía IV	Farmacoterapia::Reumatología, analgesia y antiinflamatorios
¿Cuánto dura el tratamiento con Paracetamol?	Días en el dolor agudo; puede usarse de forma crónica en el dolor persistente, respetando el techo diario y reduciendo a 3 g/día en el paciente de riesgo.	Farmacoterapia::Reumatología, analgesia y antiinflamatorios
¿Cómo se suspende Paracetamol?	Suspensión brusca sin problema: no produce dependencia, tolerancia ni efecto rebote.	Farmacoterapia::Reumatología, analgesia y antiinflamatorios
¿Qué hay que monitorizar durante el tratamiento con Paracetamol?	Ninguna de rutina. En uso crónico a dosis altas o en el hepatópata, transaminasas periódicas.	Farmacoterapia::Reumatología, analgesia y antiinflamatorios
¿Cuál es la vida media de Paracetamol?	2-3 h (se prolonga en la hepatopatía y en la sobredosis).	Farmacoterapia::Reumatología, analgesia y antiinflamatorios
¿Requiere Paracetamol ajuste en insuficiencia renal?	FG <30: espaciar a cada 8 h. No está contraindicado: es el analgésico de elección en la insuficiencia renal, muy por delante de los AINE.	Farmacoterapia::Reumatología, analgesia y antiinflamatorios
Interacción crítica de Paracetamol con Alcohol crónico y ayuno prolongado: ¿qué ocurre y qué se hace?	Inducen el CYP2E1 y depletan el glutatión: la hepatotoxicidad puede producirse con dosis terapéuticas o poco superiores. Manejo: Limitar a 2 g/día en el bebedor crónico y en el desnutrido	Farmacoterapia::Reumatología, analgesia y antiinflamatorios
Interacción crítica de Paracetamol con Otros preparados que contienen paracetamol (antigripales, combinaciones con codeína o tramadol): ¿qué ocurre y qué se hace?	SOBREDOSIS INADVERTIDA por acumulación de fuentes. Manejo: Revisar sistemáticamente toda la medicación del paciente: es la causa más frecuente de sobredosis no intencionada	Farmacoterapia::Reumatología, analgesia y antiinflamatorios
Efecto adverso grave de Paracetamol: HEPATOTOXICIDAD por sobredosis — ¿en qué consiste?	HEPATOTOXICIDAD por sobredosis: necrosis hepática centrolobulillar, insuficiencia hepática fulminante y muerte. Es la primera causa de fallo hepático agudo en muchos países occidentales	Farmacoterapia::Reumatología, analgesia y antiinflamatorios
Efecto adverso grave de Paracetamol: Reacciones cutáneas graves — ¿en qué consiste?	Reacciones cutáneas graves (Stevens-Johnson, necrólisis epidérmica tóxica), muy raras	Farmacoterapia::Reumatología, analgesia y antiinflamatorios
Efecto adverso grave de Paracetamol: Hipotensión con la administración IV rápida — ¿en qué consiste?	Hipotensión con la administración IV rápida	Farmacoterapia::Reumatología, analgesia y antiinflamatorios
Efecto adverso grave de Paracetamol: Trombocitopenia y agranulocitosis — ¿en qué consiste?	Trombocitopenia y agranulocitosis (excepcionales)	Farmacoterapia::Reumatología, analgesia y antiinflamatorios
¿Está contraindicado Paracetamol en: Hipersensibilidad al paracetamol?	Sí — Hipersensibilidad al paracetamol	Farmacoterapia::Reumatología, analgesia y antiinflamatorios
¿Está contraindicado Paracetamol en: Insuficiencia hepática grave descompensada?	Sí — Insuficiencia hepática grave descompensada (contraindicación relativa: se reduce la dosis, no se prohíbe)	Farmacoterapia::Reumatología, analgesia y antiinflamatorios
Particularidad de Paracetamol que hay que tener en cuenta:	El intervalo entre la dosis terapéutica y la tóxica es más estrecho de lo que la gente cree: la dosis hepatotóxica en el adulto sano es de 150 mg/kg o unos 7,5-10 g, pero en el alcohólico crónico o el desnutrido puede bastar con poco más de la dosis máxima diaria.	Farmacoterapia::Reumatología, analgesia y antiinflamatorios
¿A qué clase farmacológica pertenece Ibuprofeno?	AINE no selectivo (Inhibidor no selectivo de COX-1 y COX-2, derivado del ácido propiónico)	Farmacoterapia::Reumatología, analgesia y antiinflamatorios
¿Cuál es el mecanismo de acción de Ibuprofeno?	Inhibe de forma reversible y no selectiva la ciclooxigenasa, bloqueando la síntesis de prostaglandinas y tromboxanos. La inhibición de la COX-2 inducible en el foco inflamatorio explica el efecto analgésico, antiinflamatorio y antipirético; la inhibición de la COX-1 CONSTITUTIVA explica casi toda su toxicidad: pérdida de la protección de la mucosa gástrica (prostaglandinas citoprotectoras), pérdida de la vasodilatación de la arteriola aferente renal (fracaso renal en el paciente hipoperfundido) y alteración de la agregación plaquetaria (tromboxano A2).	Farmacoterapia::Reumatología, analgesia y antiinflamatorios
¿Qué distingue a Ibuprofeno de los demás fármacos de su clase (AINE no selectivo)?	<b>El AINE con MENOR riesgo gastrointestinal</b> a dosis bajas (≤1.200 mg/día) y el de elección en <b>niños</b>.	Farmacoterapia::Reumatología, analgesia y antiinflamatorios
¿Cuál es la dosis de Ibuprofeno en Dolor agudo leve-moderado con componente inflamatorio (traumatismo, dolor dental, cefalea)?	400-600 mg/6-8 h (máximo 2400 mg/día) — Cada 6-8 h, con alimento, vía VO	Farmacoterapia::Reumatología, analgesia y antiinflamatorios
¿Cuál es la dosis de Ibuprofeno en Dismenorrea primaria?	400-600 mg/6-8 h — Cada 6-8 h, vía VO	Farmacoterapia::Reumatología, analgesia y antiinflamatorios
¿Cuál es la dosis de Ibuprofeno en Brote de artritis inflamatoria o crisis de gota aguda?	600-800 mg/8 h — Cada 8 h, vía VO	Farmacoterapia::Reumatología, analgesia y antiinflamatorios
¿Cuál es la dosis de Ibuprofeno en Cólico nefrítico?	600 mg/8 h (o dexketoprofeno 50 mg IV) — Cada 8 h, vía VO o IV	Farmacoterapia::Reumatología, analgesia y antiinflamatorios
¿Cuál es la dosis de Ibuprofeno en Cierre del ductus arterioso persistente en el prematuro?	10 mg/kg inicial y luego 5 mg/kg/24 h, 2 dosis — Cada 24 h, vía IV	Farmacoterapia::Reumatología, analgesia y antiinflamatorios
¿Cuánto dura el tratamiento con Ibuprofeno?	3-5 días en el dolor agudo. En la enfermedad reumática crónica, la duración se individualiza y siempre con gastroprotección si hay factores de riesgo.	Farmacoterapia::Reumatología, analgesia y antiinflamatorios
¿Cómo se suspende Ibuprofeno?	Suspensión brusca sin problemas. Retirada inmediata ante hemorragia digestiva, deterioro renal, hipertensión no controlada o insuficiencia cardiaca descompensada.	Farmacoterapia::Reumatología, analgesia y antiinflamatorios
¿Qué hay que monitorizar durante el tratamiento con Ibuprofeno?	En uso crónico: presión arterial, función renal, hemograma y transaminasas cada 3-6 meses. Vigilar signos de sangrado digestivo.	Farmacoterapia::Reumatología, analgesia y antiinflamatorios
¿Cuál es la vida media de Ibuprofeno?	2-4 h (naproxeno 12-17 h, lo que permite dosificarlo cada 12 h).	Farmacoterapia::Reumatología, analgesia y antiinflamatorios
¿Requiere Ibuprofeno ajuste en insuficiencia renal?	EVITAR si FG <30. Con FG 30-60, usar solo si es imprescindible, a dosis baja y durante pocos días, con control de creatinina.	Farmacoterapia::Reumatología, analgesia y antiinflamatorios
Interacción crítica de Ibuprofeno con IECA/ARA-II + diurético: ¿qué ocurre y qué se hace?	«TRIPLE WHAMMY»: fracaso renal agudo por bloqueo simultáneo de los tres mecanismos que mantienen el filtrado glomerular. Manejo: Evitar la triple asociación, sobre todo en ancianos y en situaciones de deshidratación (gastroenteritis, calor, ayuno)	Farmacoterapia::Reumatología, analgesia y antiinflamatorios
Interacción crítica de Ibuprofeno con ÁCIDO ACETILSALICÍLICO a dosis antiagregante: ¿qué ocurre y qué se hace?	El ibuprofeno compite por el mismo sitio de la COX-1 plaquetaria y ANULA el efecto cardioprotector irreversible de la aspirina. Manejo: Tomar la aspirina al menos 30 min ANTES o 8 h DESPUÉS del ibuprofeno. El naproxeno y el diclofenaco no comparten esta interacción de la misma forma	Farmacoterapia::Reumatología, analgesia y antiinflamatorios
Interacción crítica de Ibuprofeno con Anticoagulantes y antiagregantes: ¿qué ocurre y qué se hace?	Riesgo hemorrágico digestivo multiplicado (efecto antiagregante propio + lesión de la mucosa). Manejo: Evitar; si es imprescindible, asociar SIEMPRE un inhibidor de la bomba de protones	Farmacoterapia::Reumatología, analgesia y antiinflamatorios
Interacción crítica de Ibuprofeno con Corticoides: ¿qué ocurre y qué se hace?	Multiplican el riesgo de úlcera y hemorragia digestiva. Manejo: Asociar gastroprotección	Farmacoterapia::Reumatología, analgesia y antiinflamatorios
Interacción crítica de Ibuprofeno con Litio: ¿qué ocurre y qué se hace?	Reduce su excreción renal y eleva la litemia hasta la intoxicación. Manejo: Evitar o monitorizar litemia estrechamente	Farmacoterapia::Reumatología, analgesia y antiinflamatorios
Interacción crítica de Ibuprofeno con Metotrexato: ¿qué ocurre y qué se hace?	Reduce su aclaramiento renal y aumenta su toxicidad hematológica. Manejo: Precaución con metotrexato a dosis altas	Farmacoterapia::Reumatología, analgesia y antiinflamatorios
Efecto adverso grave de Ibuprofeno: ÚLCERA PÉPTICA y HEMORRAGIA DIGESTIVA, que puede ser la primera manifestación sin dispepsia previa — ¿en qué consiste?	ÚLCERA PÉPTICA y HEMORRAGIA DIGESTIVA, que puede ser la primera manifestación sin dispepsia previa (los AINE tienen efecto analgésico que enmascara el dolor ulceroso)	Farmacoterapia::Reumatología, analgesia y antiinflamatorios
Efecto adverso grave de Ibuprofeno: FRACASO RENAL AGUDO por vasoconstricción de la arteriola aferente, y nefritis intersticial aguda — ¿en qué consiste?	FRACASO RENAL AGUDO por vasoconstricción de la arteriola aferente, y nefritis intersticial aguda	Farmacoterapia::Reumatología, analgesia y antiinflamatorios
Efecto adverso grave de Ibuprofeno: Descompensación de insuficiencia cardiaca y aumento del riesgo de infarto e ictus — ¿en qué consiste?	Descompensación de insuficiencia cardiaca y aumento del riesgo de infarto e ictus (efecto de clase, mayor con diclofenaco y con los coxib, menor con naproxeno)	Farmacoterapia::Reumatología, analgesia y antiinflamatorios
Efecto adverso grave de Ibuprofeno: Broncoespasmo en la enfermedad respiratoria exacerbada por AINE — ¿en qué consiste?	Broncoespasmo en la enfermedad respiratoria exacerbada por AINE (EREA: asma + poliposis nasal + intolerancia a AINE)	Farmacoterapia::Reumatología, analgesia y antiinflamatorios
Efecto adverso grave de Ibuprofeno: Reacciones cutáneas graves y meningitis aséptica — ¿en qué consiste?	Reacciones cutáneas graves y meningitis aséptica (esta última especialmente en el lupus)	Farmacoterapia::Reumatología, analgesia y antiinflamatorios
Efecto adverso grave de Ibuprofeno: Hiperpotasemia por hipoaldosteronismo hiporreninémico — ¿en qué consiste?	Hiperpotasemia por hipoaldosteronismo hiporreninémico	Farmacoterapia::Reumatología, analgesia y antiinflamatorios
¿Está contraindicado Ibuprofeno en: Úlcera péptica activa o hemorragia digestiva?	Sí — Úlcera péptica activa o hemorragia digestiva	Farmacoterapia::Reumatología, analgesia y antiinflamatorios
¿Está contraindicado Ibuprofeno en: Insuficiencia renal con FG <30?	Sí — Insuficiencia renal con FG <30	Farmacoterapia::Reumatología, analgesia y antiinflamatorios
¿Está contraindicado Ibuprofeno en: Insuficiencia cardiaca grave?	Sí — Insuficiencia cardiaca grave	Farmacoterapia::Reumatología, analgesia y antiinflamatorios
¿Está contraindicado Ibuprofeno en: TERCER TRIMESTRE del embarazo?	Sí — TERCER TRIMESTRE del embarazo (cierre prematuro del ductus arterioso y oligoamnios)	Farmacoterapia::Reumatología, analgesia y antiinflamatorios
¿Está contraindicado Ibuprofeno en: Enfermedad respiratoria exacerbada por AINE?	Sí — Enfermedad respiratoria exacerbada por AINE	Farmacoterapia::Reumatología, analgesia y antiinflamatorios
¿Está contraindicado Ibuprofeno en: Cirugía de revascularización coronaria?	Sí — Cirugía de revascularización coronaria (periodo perioperatorio)	Farmacoterapia::Reumatología, analgesia y antiinflamatorios
¿Está contraindicado Ibuprofeno en: Hepatopatía avanzada?	Sí — Hepatopatía avanzada	Farmacoterapia::Reumatología, analgesia y antiinflamatorios
Particularidad de Ibuprofeno que hay que tener en cuenta:	El «triple whammy» (AINE + IECA/ARA-II + diurético) es una de las causas evitables más frecuentes de fracaso renal agudo en atención primaria: el riesgo se dispara si el paciente además se deshidrata por una gastroenteritis o por calor. Merece la pena explicárselo al paciente para que suspenda el AINE en esas situaciones.	Farmacoterapia::Reumatología, analgesia y antiinflamatorios
¿A qué clase farmacológica pertenece Prednisona?	Corticoide sistémico (gluco y mineralocorticoide) (Acción intermedia, potencia mineralocorticoide baja)	Farmacoterapia::Reumatología, analgesia y antiinflamatorios
¿Cuál es el mecanismo de acción de Prednisona?	Atraviesa la membrana y se une a un receptor citosólico; el complejo migra al núcleo y modifica la transcripción génica: induce proteínas antiinflamatorias (lipocortina-1, que inhibe la fosfolipasa A2 y bloquea TODA la cascada del ácido araquidónico, tanto prostaglandinas como leucotrienos) y reprime factores de transcripción proinflamatorios (NF-κB, AP-1). Su efecto es más amplio y más profundo que el de los AINE, que solo bloquean la rama de la ciclooxigenasa. La acción genómica explica que el efecto tarde HORAS en aparecer.	Farmacoterapia::Reumatología, analgesia y antiinflamatorios
¿Qué distingue a Prednisona de los demás fármacos de su clase (Corticoide sistémico (gluco y mineralocorticoide))?	<b>El glucocorticoide ORAL de referencia</b> para tratamientos antiinflamatorios e inmunosupresores (5 mg = unidad de equivalencia).	Farmacoterapia::Reumatología, analgesia y antiinflamatorios
¿Cuál es la dosis de Prednisona en Exacerbación de asma o EPOC?	40-50 mg/24 h — Cada 24 h por la mañana, 5 días, vía VO	Farmacoterapia::Reumatología, analgesia y antiinflamatorios
¿Cuál es la dosis de Prednisona en Brote de enfermedad inflamatoria (artritis reumatoide, polimialgia reumática, vasculitis)?	Polimialgia reumática 15-20 mg/24 h; arteritis de células gigantes 40-60 mg/24 h — Cada 24 h por la mañana, vía VO	Farmacoterapia::Reumatología, analgesia y antiinflamatorios
¿Cuál es la dosis de Prednisona en Reacción alérgica grave, angioedema y urticaria?	0,5-1 mg/kg/24 h — Cada 24 h, 3-5 días, vía VO	Farmacoterapia::Reumatología, analgesia y antiinflamatorios
¿Cuál es la dosis de Prednisona en Neumonía por Pneumocystis moderada-grave?	40 mg/12 h 5 días, luego 40 mg/24 h 5 días, luego 20 mg/24 h — Según pauta descendente, 21 días, vía VO	Farmacoterapia::Reumatología, analgesia y antiinflamatorios
¿Cuál es la dosis de Prednisona en Inmunosupresión de mantenimiento (trasplante, enfermedad autoinmune)?	5-10 mg/24 h — Cada 24 h, vía VO	Farmacoterapia::Reumatología, analgesia y antiinflamatorios
¿Cuánto dura el tratamiento con Prednisona?	Desde 3-5 días (ciclo corto) hasta años (enfermedades autoinmunes). La duración determina el riesgo de supresión suprarrenal.	Farmacoterapia::Reumatología, analgesia y antiinflamatorios
¿Cómo se suspende Prednisona?	REGLA CLAVE: los ciclos de MENOS DE 2-3 SEMANAS pueden suspenderse de forma BRUSCA sin pauta descendente, porque no suprimen el eje de forma significativa. Por encima de 3 semanas, o con dosis altas mantenidas, la retirada debe ser GRADUAL para evitar una insuficiencia suprarrenal aguda: reducciones del 10-20% cada 1-2 semanas, más lentas por debajo de 7,5 mg/día. Ante una situación de estrés (cirugía, infección, traumatismo) en un paciente corticodependiente hay que AUMENTAR la dosis, no mantenerla.	Farmacoterapia::Reumatología, analgesia y antiinflamatorios
¿Qué hay que monitorizar durante el tratamiento con Prednisona?	Glucemia, presión arterial y peso periódicos. En tratamiento prolongado: densitometría ósea, perfil lipídico, potasio y exploración oftalmológica (catarata y glaucoma).	Farmacoterapia::Reumatología, analgesia y antiinflamatorios
¿Cuál es la vida media de Prednisona?	Plasmática 2-3 h, pero la vida media BIOLÓGICA (duración del efecto genómico) es de 18-36 h, lo que permite la dosis única diaria. La dexametasona tiene una vida media biológica de 36-54 h y por eso suprime más el eje.	Farmacoterapia::Reumatología, analgesia y antiinflamatorios
¿Requiere Prednisona ajuste en insuficiencia renal?	No precisa ajuste.	Farmacoterapia::Reumatología, analgesia y antiinflamatorios
Interacción crítica de Prednisona con AINE: ¿qué ocurre y qué se hace?	Multiplican el riesgo de úlcera y hemorragia digestiva. Manejo: Asociar inhibidor de la bomba de protones si se combinan	Farmacoterapia::Reumatología, analgesia y antiinflamatorios
Interacción crítica de Prednisona con Inductores del CYP3A4 (rifampicina, fenitoína, carbamazepina): ¿qué ocurre y qué se hace?	Reducen sus concentraciones y pueden provocar un brote de la enfermedad de base o una crisis suprarrenal. Manejo: Aumentar la dosis de corticoide (habitualmente al doble)	Farmacoterapia::Reumatología, analgesia y antiinflamatorios
Interacción crítica de Prednisona con Inhibidores del CYP3A4 (ritonavir, itraconazol, claritromicina): ¿qué ocurre y qué se hace?	Elevan sus concentraciones con síndrome de Cushing iatrogénico. Manejo: Reducir dosis y vigilar	Farmacoterapia::Reumatología, analgesia y antiinflamatorios
Interacción crítica de Prednisona con Antidiabéticos: ¿qué ocurre y qué se hace?	Hiperglucemia; el corticoide eleva sobre todo la glucemia POSPRANDIAL y vespertina, con glucemias basales relativamente conservadas. Manejo: Reforzar autocontroles y ajustar la insulina, preferentemente la de la comida del mediodía	Farmacoterapia::Reumatología, analgesia y antiinflamatorios
Interacción crítica de Prednisona con Vacunas de virus VIVOS: ¿qué ocurre y qué se hace?	Riesgo de enfermedad vacunal en el inmunodeprimido. Manejo: Contraindicadas con dosis ≥20 mg/día de prednisona durante más de 2 semanas	Farmacoterapia::Reumatología, analgesia y antiinflamatorios
Efecto adverso grave de Prednisona: SUPRESIÓN DEL EJE hipotálamo-hipófiso-suprarrenal con crisis addisoniana ante la retirada brusca o el estrés — ¿en qué consiste?	SUPRESIÓN DEL EJE hipotálamo-hipófiso-suprarrenal con crisis addisoniana ante la retirada brusca o el estrés	Farmacoterapia::Reumatología, analgesia y antiinflamatorios
Efecto adverso grave de Prednisona: OSTEOPOROSIS y fracturas por fragilidad — ¿en qué consiste?	OSTEOPOROSIS y fracturas por fragilidad (la pérdida ósea es máxima en los primeros 6 meses)	Farmacoterapia::Reumatología, analgesia y antiinflamatorios
Efecto adverso grave de Prednisona: NECROSIS AVASCULAR de la cabeza femoral — ¿en qué consiste?	NECROSIS AVASCULAR de la cabeza femoral	Farmacoterapia::Reumatología, analgesia y antiinflamatorios
Efecto adverso grave de Prednisona: Infecciones oportunistas — ¿en qué consiste?	Infecciones oportunistas: reactivación de tuberculosis, hiperinfestación por Strongyloides, Pneumocystis, candidiasis	Farmacoterapia::Reumatología, analgesia y antiinflamatorios
Efecto adverso grave de Prednisona: Miopatía esteroidea proximal — ¿en qué consiste?	Miopatía esteroidea proximal	Farmacoterapia::Reumatología, analgesia y antiinflamatorios
Efecto adverso grave de Prednisona: Catarata subcapsular posterior y glaucoma — ¿en qué consiste?	Catarata subcapsular posterior y glaucoma	Farmacoterapia::Reumatología, analgesia y antiinflamatorios
Efecto adverso grave de Prednisona: Psicosis esteroidea — ¿en qué consiste?	Psicosis esteroidea	Farmacoterapia::Reumatología, analgesia y antiinflamatorios
Efecto adverso grave de Prednisona: Úlcera péptica y perforación intestinal — ¿en qué consiste?	Úlcera péptica y perforación intestinal (con enmascaramiento de los signos peritoneales)	Farmacoterapia::Reumatología, analgesia y antiinflamatorios
Efecto adverso grave de Prednisona: Síndrome de Cushing iatrogénico — ¿en qué consiste?	Síndrome de Cushing iatrogénico	Farmacoterapia::Reumatología, analgesia y antiinflamatorios
¿Está contraindicado Prednisona en: Infección sistémica no controlada sin tratamiento antimicrobiano concomitante?	Sí — Infección sistémica no controlada sin tratamiento antimicrobiano concomitante	Farmacoterapia::Reumatología, analgesia y antiinflamatorios
¿Está contraindicado Prednisona en: Vacunación con virus vivos a dosis inmunosupresoras?	Sí — Vacunación con virus vivos a dosis inmunosupresoras	Farmacoterapia::Reumatología, analgesia y antiinflamatorios
¿Está contraindicado Prednisona en: Úlcera péptica activa?	Sí — Úlcera péptica activa (contraindicación relativa)	Farmacoterapia::Reumatología, analgesia y antiinflamatorios
¿Está contraindicado Prednisona en: Psicosis previa por corticoides?	Sí — Psicosis previa por corticoides	Farmacoterapia::Reumatología, analgesia y antiinflamatorios
Particularidad de Prednisona que hay que tener en cuenta:	La regla operativa más útil: menos de 3 semanas, se puede parar en seco; más de 3 semanas, retirada gradual. Aplicarla evita tanto pautas descendentes innecesarias como crisis suprarrenales.	Farmacoterapia::Reumatología, analgesia y antiinflamatorios
¿A qué clase farmacológica pertenece Morfina?	Opioide mayor (3.er escalón) (Agonista puro del receptor mu, patrón de referencia de los opioides)	Farmacoterapia::Reumatología, analgesia y antiinflamatorios
¿Cuál es el mecanismo de acción de Morfina?	Agonista de los receptores opioides MU (µ) en el asta posterior de la médula, el tronco encefálico y las estructuras límbicas: inhibe la liberación de neurotransmisores excitadores presinápticos e hiperpolariza la neurona postsináptica, bloqueando la transmisión nociceptiva y modificando la respuesta emocional al dolor. Los mismos receptores mu en otras localizaciones explican sus efectos adversos: depresión respiratoria (centro respiratorio bulbar, con pérdida de la respuesta al CO2), estreñimiento (plexo mientérico), miosis (núcleo de Edinger-Westphal) y euforia (sistema de recompensa).	Farmacoterapia::Reumatología, analgesia y antiinflamatorios
¿Qué distingue a Morfina de los demás fármacos de su clase (Opioide mayor (3.er escalón))?	<b>El opioide de REFERENCIA del 3.er escalón</b> y del <b>dolor oncológico</b> y la <b>disnea</b> en paliativos.	Farmacoterapia::Reumatología, analgesia y antiinflamatorios
¿Cuál es la dosis de Morfina en Dolor agudo intenso (tercer escalón de la OMS)?	2-5 mg IV lentos, repetibles cada 5-10 min según respuesta; 5-10 mg SC/IM — Titulación según respuesta, vía IV, SC o IM	Farmacoterapia::Reumatología, analgesia y antiinflamatorios
¿Cuál es la dosis de Morfina en Dolor oncológico?	Inicio 5-10 mg/4 h de liberación inmediata; tras estabilizar, pasar a liberación retardada cada 12 h — Cada 4 h (inmediata) o cada 12 h (retardada), vía VO	Farmacoterapia::Reumatología, analgesia y antiinflamatorios
¿Cuál es la dosis de Morfina en Disnea refractaria en cuidados paliativos?	2,5-5 mg/4 h — Cada 4 h, vía VO o SC	Farmacoterapia::Reumatología, analgesia y antiinflamatorios
¿Cuál es la dosis de Morfina en Edema agudo de pulmón con ansiedad extrema?	2-4 mg IV lentos — Dosis única, repetible, vía IV	Farmacoterapia::Reumatología, analgesia y antiinflamatorios
¿Cuánto dura el tratamiento con Morfina?	Días en el dolor agudo postoperatorio o traumático; indefinida en el dolor oncológico y en cuidados paliativos.	Farmacoterapia::Reumatología, analgesia y antiinflamatorios
¿Cómo se suspende Morfina?	Tras más de 1-2 semanas de uso, la retirada debe ser GRADUAL (reducción del 10-25% cada pocos días) para evitar el síndrome de abstinencia. La abstinencia opioide es intensamente desagradable pero NO es letal, a diferencia de la abstinencia de alcohol o benzodiacepinas.	Farmacoterapia::Reumatología, analgesia y antiinflamatorios
¿Qué hay que monitorizar durante el tratamiento con Morfina?	Nivel de CONSCIENCIA y frecuencia respiratoria (la sedación PRECEDE siempre a la depresión respiratoria: un paciente somnoliento es la señal de alarma, no uno bradipneico). Escala de dolor, tránsito intestinal.	Farmacoterapia::Reumatología, analgesia y antiinflamatorios
¿Cuál es la vida media de Morfina?	2-4 h (mucho más larga la de sus metabolitos en la insuficiencia renal).	Farmacoterapia::Reumatología, analgesia y antiinflamatorios
¿Requiere Morfina ajuste en insuficiencia renal?	IMPRESCINDIBLE. FG <30: reducir dosis y espaciar intervalos, o mejor CAMBIAR a fentanilo, buprenorfina o metadona, que no tienen metabolitos activos de eliminación renal. La morfina es mal opioide en el paciente nefrópata.	Farmacoterapia::Reumatología, analgesia y antiinflamatorios
Interacción crítica de Morfina con BENZODIACEPINAS y otros depresores del SNC (alcohol, gabapentinoides, antihistamínicos sedantes): ¿qué ocurre y qué se hace?	DEPRESIÓN RESPIRATORIA aditiva: es la combinación responsable de la mayoría de las muertes por opioides. Manejo: Evitar la asociación; si es inevitable, reducir ambas dosis y vigilar estrechamente	Farmacoterapia::Reumatología, analgesia y antiinflamatorios
Interacción crítica de Morfina con IMAO: ¿qué ocurre y qué se hace?	Riesgo de síndrome serotoninérgico e hipertermia (mayor con meperidina y tramadol que con morfina). Manejo: Evitar	Farmacoterapia::Reumatología, analgesia y antiinflamatorios
Interacción crítica de Morfina con Agonistas-antagonistas (pentazocina, buprenorfina, nalbufina): ¿qué ocurre y qué se hace?	Pueden DESPLAZAR a la morfina del receptor y desencadenar abstinencia aguda y reaparición del dolor. Manejo: No mezclar clases de opioides con distinto perfil de receptor	Farmacoterapia::Reumatología, analgesia y antiinflamatorios
Efecto adverso grave de Morfina: DEPRESIÓN RESPIRATORIA con hipercapnia y parada respiratoria — ¿en qué consiste?	DEPRESIÓN RESPIRATORIA con hipercapnia y parada respiratoria	Farmacoterapia::Reumatología, analgesia y antiinflamatorios
Efecto adverso grave de Morfina: Sedación profunda y coma — ¿en qué consiste?	Sedación profunda y coma	Farmacoterapia::Reumatología, analgesia y antiinflamatorios
Efecto adverso grave de Morfina: Hipotensión por liberación de histamina y vasodilatación — ¿en qué consiste?	Hipotensión por liberación de histamina y vasodilatación	Farmacoterapia::Reumatología, analgesia y antiinflamatorios
Efecto adverso grave de Morfina: Neurotoxicidad inducida por opioides — ¿en qué consiste?	Neurotoxicidad inducida por opioides: mioclonías, hiperalgesia paradójica y delirium, sobre todo por acumulación de metabolitos en la insuficiencia renal	Farmacoterapia::Reumatología, analgesia y antiinflamatorios
Efecto adverso grave de Morfina: Dependencia física y trastorno por uso de opioides — ¿en qué consiste?	Dependencia física y trastorno por uso de opioides	Farmacoterapia::Reumatología, analgesia y antiinflamatorios
Efecto adverso grave de Morfina: Íleo paralítico — ¿en qué consiste?	Íleo paralítico	Farmacoterapia::Reumatología, analgesia y antiinflamatorios
¿Está contraindicado Morfina en: Depresión respiratoria aguda no monitorizada?	Sí — Depresión respiratoria aguda no monitorizada	Farmacoterapia::Reumatología, analgesia y antiinflamatorios
¿Está contraindicado Morfina en: Íleo paralítico?	Sí — Íleo paralítico	Farmacoterapia::Reumatología, analgesia y antiinflamatorios
¿Está contraindicado Morfina en: Traumatismo craneoencefálico con hipertensión intracraneal?	Sí — Traumatismo craneoencefálico con hipertensión intracraneal (la hipercapnia aumenta la presión intracraneal y la miosis interfiere con la valoración pupilar)	Farmacoterapia::Reumatología, analgesia y antiinflamatorios
¿Está contraindicado Morfina en: Alergia verdadera?	Sí — Alergia verdadera (excepcional)	Farmacoterapia::Reumatología, analgesia y antiinflamatorios
¿Está contraindicado Morfina en: Uso concomitante de IMAO en las 2 semanas previas?	Sí — Uso concomitante de IMAO en las 2 semanas previas	Farmacoterapia::Reumatología, analgesia y antiinflamatorios
Particularidad de Morfina que hay que tener en cuenta:	La SEDACIÓN precede SIEMPRE a la depresión respiratoria: la vigilancia correcta es el nivel de consciencia, no la frecuencia respiratoria. Un paciente que se duerme y cuesta despertar necesita que se reduzca la dosis, aunque respire a 14 por minuto.	Farmacoterapia::Reumatología, analgesia y antiinflamatorios
¿A qué clase farmacológica pertenece Alopurinol?	Hipouricemiante (Análogo de purina (hipoxantina))	Farmacoterapia::Reumatología, analgesia y antiinflamatorios
¿Cuál es el mecanismo de acción de Alopurinol?	Análogo estructural de la hipoxantina que inhibe la XANTINA OXIDASA, la enzima que convierte la hipoxantina en xantina y esta en ácido úrico. Reduce así la producción de urato y aumenta la excreción de los precursores, mucho más solubles. Su metabolito OXIPURINOL es también un inhibidor potente y de vida media larga, responsable de la mayor parte del efecto y de la posología en dosis única diaria.	Farmacoterapia::Reumatología, analgesia y antiinflamatorios
¿Qué distingue a Alopurinol de los demás fármacos de su clase (Hipouricemiante)?	<b>Hipouricemiante de PRIMERA línea</b> (tolerado y barato) y <b>seguro en cardiópatas</b> (a diferencia del febuxostat).	Farmacoterapia::Reumatología, analgesia y antiinflamatorios
¿Cuál es la dosis de Alopurinol en Gota con crisis recurrentes, tofos o artropatía crónica?	Inicio 100 mg/24 h; titular hasta 300-600 mg/24 h (máx. 900 mg) — Cada 24 h, vía VO	Farmacoterapia::Reumatología, analgesia y antiinflamatorios
¿Cuál es la dosis de Alopurinol en Nefrolitiasis por ácido úrico o por oxalato cálcico con hiperuricosuria?	300 mg/24 h — Cada 24 h, vía VO	Farmacoterapia::Reumatología, analgesia y antiinflamatorios
¿Cuál es la dosis de Alopurinol en Prevención del síndrome de lisis tumoral?	300-600 mg/24 h — Cada 24 h, iniciado 24-48 h antes de la quimioterapia, vía VO	Farmacoterapia::Reumatología, analgesia y antiinflamatorios
¿Cuál es la dosis de Alopurinol en Hiperuricemia secundaria a diuréticos o a enfermedad mieloproliferativa?	100-300 mg/24 h — Cada 24 h, vía VO	Farmacoterapia::Reumatología, analgesia y antiinflamatorios
¿Cuánto dura el tratamiento con Alopurinol?	INDEFINIDA, de por vida: la gota es una enfermedad por depósito y la suspensión devuelve la uricemia a su valor basal en semanas, con reaparición de las crisis.	Farmacoterapia::Reumatología, analgesia y antiinflamatorios
¿Cómo se suspende Alopurinol?	No se suspende al normalizar la uricemia ni al desaparecer las crisis: la normalidad se debe al fármaco. Solo se retira ante toxicidad grave.	Farmacoterapia::Reumatología, analgesia y antiinflamatorios
¿Qué hay que monitorizar durante el tratamiento con Alopurinol?	Uricemia cada 2-4 semanas durante la titulación y luego cada 6-12 meses. Función renal, hemograma y transaminasas. Vigilancia estrecha de cualquier ERUPCIÓN CUTÁNEA en los primeros meses.	Farmacoterapia::Reumatología, analgesia y antiinflamatorios
¿Cuál es la vida media de Alopurinol?	1-2 h el alopurinol; 15-30 h el oxipurinol (de ahí la dosis única diaria).	Farmacoterapia::Reumatología, analgesia y antiinflamatorios
¿Requiere Alopurinol ajuste en insuficiencia renal?	Reducir la dosis inicial y titular más lentamente (50 mg/día si FG <30). La acumulación de oxipurinol en la insuficiencia renal es el principal factor de riesgo del síndrome de hipersensibilidad.	Farmacoterapia::Reumatología, analgesia y antiinflamatorios
Interacción crítica de Alopurinol con AZATIOPRINA y 6-MERCAPTOPURINA: ¿qué ocurre y qué se hace?	La xantina oxidasa es la vía principal de inactivación de estos fármacos: el alopurinol multiplica sus concentraciones y provoca APLASIA MEDULAR potencialmente MORTAL. Manejo: Combinación clásicamente CONTRAINDICADA. Si es imprescindible, reducir la azatioprina al 25% de la dosis con control hematológico estrecho, o usar otro hipouricemiante	Farmacoterapia::Reumatología, analgesia y antiinflamatorios
Efecto adverso grave de Alopurinol: SÍNDROME DE HIPERSENSIBILIDAD AL ALOPURINOL — ¿en qué consiste?	SÍNDROME DE HIPERSENSIBILIDAD AL ALOPURINOL (DRESS): exantema extenso, fiebre, eosinofilia, hepatitis y fracaso renal, con mortalidad del 20-25%. Factores de riesgo: insuficiencia renal, uso de diuréticos, dosis inicial alta y el alelo HLA-B*5801	Farmacoterapia::Reumatología, analgesia y antiinflamatorios
Efecto adverso grave de Alopurinol: Síndrome de Stevens-Johnson y necrólisis epidérmica tóxica — ¿en qué consiste?	Síndrome de Stevens-Johnson y necrólisis epidérmica tóxica	Farmacoterapia::Reumatología, analgesia y antiinflamatorios
Efecto adverso grave de Alopurinol: Aplasia medular por interacción con azatioprina — ¿en qué consiste?	Aplasia medular por interacción con azatioprina	Farmacoterapia::Reumatología, analgesia y antiinflamatorios
Efecto adverso grave de Alopurinol: Hepatitis granulomatosa — ¿en qué consiste?	Hepatitis granulomatosa	Farmacoterapia::Reumatología, analgesia y antiinflamatorios
Efecto adverso grave de Alopurinol: Nefritis intersticial — ¿en qué consiste?	Nefritis intersticial	Farmacoterapia::Reumatología, analgesia y antiinflamatorios
¿Está contraindicado Alopurinol en: Hipersensibilidad previa al alopurinol?	Sí — Hipersensibilidad previa al alopurinol	Farmacoterapia::Reumatología, analgesia y antiinflamatorios
¿Está contraindicado Alopurinol en: Uso concomitante con azatioprina o mercaptopurina?	Sí — Uso concomitante con azatioprina o mercaptopurina (contraindicación relativa muy fuerte)	Farmacoterapia::Reumatología, analgesia y antiinflamatorios
¿Está contraindicado Alopurinol en: Crisis aguda de gota no tratada como momento de INICIO?	Sí — Crisis aguda de gota no tratada como momento de INICIO (no es contraindicación del fármaco, sino del momento)	Farmacoterapia::Reumatología, analgesia y antiinflamatorios
Particularidad de Alopurinol que hay que tener en cuenta:	Iniciar alopurinol SIN profilaxis con colchicina es el error más frecuente y la causa habitual de que el paciente abandone el tratamiento: al bajar la uricemia se movilizan los cristales de los depósitos y se desencadena una crisis, que el paciente interpreta como que «el fármaco le sienta mal».	Farmacoterapia::Reumatología, analgesia y antiinflamatorios
¿A qué clase farmacológica pertenece Naproxeno?	AINE no selectivo (Derivado propiónico de vida media larga)	Farmacoterapia::Reumatología, analgesia y antiinflamatorios
¿Cuál es el mecanismo de acción de Naproxeno?	Inhibición no selectiva de COX-1 y COX-2; efecto antiagregante reversible más prolongado que el ibuprofeno.	Farmacoterapia::Reumatología, analgesia y antiinflamatorios
¿Qué distingue a Naproxeno de los demás fármacos de su clase (AINE no selectivo)?	<b>El AINE con MENOR riesgo CARDIOVASCULAR</b>: de elección si un paciente con riesgo cardiovascular necesita un AINE.	Farmacoterapia::Reumatología, analgesia y antiinflamatorios
¿Cuál es la dosis de Naproxeno en Crisis de gota, artritis inflamatoria, dolor musculoesquelético?	500 mg (550 mg sódico) — Cada 12 h, vía VO	Farmacoterapia::Reumatología, analgesia y antiinflamatorios
¿Cuál es la dosis de Naproxeno en Dismenorrea y migraña?	550 mg — Al inicio, después cada 12 h, vía VO	Farmacoterapia::Reumatología, analgesia y antiinflamatorios
¿Cuánto dura el tratamiento con Naproxeno?	Lo más corta posible.	Farmacoterapia::Reumatología, analgesia y antiinflamatorios
¿Cómo se suspende Naproxeno?	Suspensión directa.	Farmacoterapia::Reumatología, analgesia y antiinflamatorios
¿Qué hay que monitorizar durante el tratamiento con Naproxeno?	PA, función renal en tratamientos largos.	Farmacoterapia::Reumatología, analgesia y antiinflamatorios
¿Cuál es la vida media de Naproxeno?	<b>12-17 h.</b>	Farmacoterapia::Reumatología, analgesia y antiinflamatorios
¿Requiere Naproxeno ajuste en insuficiencia renal?	Evitar con FG <30.	Farmacoterapia::Reumatología, analgesia y antiinflamatorios
Interacción crítica de Naproxeno con Anticoagulantes, ISRS, corticoides: ¿qué ocurre y qué se hace?	Hemorragia digestiva. Manejo: Evitar o IBP	Farmacoterapia::Reumatología, analgesia y antiinflamatorios
Interacción crítica de Naproxeno con IECA/ARA-II + diurético: ¿qué ocurre y qué se hace?	Fracaso renal. Manejo: Evitar	Farmacoterapia::Reumatología, analgesia y antiinflamatorios
Interacción crítica de Naproxeno con Litio, metotrexato: ¿qué ocurre y qué se hace?	Toxicidad. Manejo: Evitar	Farmacoterapia::Reumatología, analgesia y antiinflamatorios
Efecto adverso grave de Naproxeno: Úlcera y hemorragia digestiva — ¿en qué consiste?	Úlcera y hemorragia digestiva	Farmacoterapia::Reumatología, analgesia y antiinflamatorios
Efecto adverso grave de Naproxeno: Fracaso renal agudo — ¿en qué consiste?	Fracaso renal agudo	Farmacoterapia::Reumatología, analgesia y antiinflamatorios
Efecto adverso grave de Naproxeno: Broncoespasmo en asma por AINE — ¿en qué consiste?	Broncoespasmo en asma por AINE	Farmacoterapia::Reumatología, analgesia y antiinflamatorios
¿Está contraindicado Naproxeno en: Úlcera activa?	Sí — Úlcera activa	Farmacoterapia::Reumatología, analgesia y antiinflamatorios
¿Está contraindicado Naproxeno en: IC grave, FG <30?	Sí — IC grave, FG <30	Farmacoterapia::Reumatología, analgesia y antiinflamatorios
¿Está contraindicado Naproxeno en: 3.er trimestre del embarazo?	Sí — 3.er trimestre del embarazo	Farmacoterapia::Reumatología, analgesia y antiinflamatorios
¿Está contraindicado Naproxeno en: Asma por AINE?	Sí — Asma por AINE	Farmacoterapia::Reumatología, analgesia y antiinflamatorios
Particularidad de Naproxeno que hay que tener en cuenta:	Entre los AINE, naproxeno para el cardiópata y ibuprofeno a dosis baja para el riesgo digestivo.	Farmacoterapia::Reumatología, analgesia y antiinflamatorios
¿A qué clase farmacológica pertenece Diclofenaco?	AINE no selectivo (Derivado acético con selectividad COX-2 relativa)	Farmacoterapia::Reumatología, analgesia y antiinflamatorios
¿Cuál es el mecanismo de acción de Diclofenaco?	Inhibición de COX con preferencia por COX-2.	Farmacoterapia::Reumatología, analgesia y antiinflamatorios
¿Qué distingue a Diclofenaco de los demás fármacos de su clase (AINE no selectivo)?	<b>Riesgo CARDIOVASCULAR ALTO</b> (similar a los coxib): contraindicado en cardiopatía isquémica, ictus, arteriopatía e IC.	Farmacoterapia::Reumatología, analgesia y antiinflamatorios
¿Cuál es la dosis de Diclofenaco en Dolor musculoesquelético y artrosis?	50 mg (o gel al 1-2%) — Cada 8-12 h (gel cada 6-12 h), vía VO / tópica	Farmacoterapia::Reumatología, analgesia y antiinflamatorios
¿Cuál es la dosis de Diclofenaco en Cólico renal?	75 mg — Dosis única, repetible a las 12 h, vía IM	Farmacoterapia::Reumatología, analgesia y antiinflamatorios
¿Cuánto dura el tratamiento con Diclofenaco?	Corta.	Farmacoterapia::Reumatología, analgesia y antiinflamatorios
¿Cómo se suspende Diclofenaco?	—	Farmacoterapia::Reumatología, analgesia y antiinflamatorios
¿Qué hay que monitorizar durante el tratamiento con Diclofenaco?	Transaminasas si uso prolongado, PA, función renal.	Farmacoterapia::Reumatología, analgesia y antiinflamatorios
¿Cuál es la vida media de Diclofenaco?	1-2 h.	Farmacoterapia::Reumatología, analgesia y antiinflamatorios
¿Requiere Diclofenaco ajuste en insuficiencia renal?	Evitar con FG <30.	Farmacoterapia::Reumatología, analgesia y antiinflamatorios
Interacción crítica de Diclofenaco con Anticoagulantes, ISRS: ¿qué ocurre y qué se hace?	Hemorragia. Manejo: Evitar	Farmacoterapia::Reumatología, analgesia y antiinflamatorios
Interacción crítica de Diclofenaco con IECA/ARA-II + diurético: ¿qué ocurre y qué se hace?	Fracaso renal. Manejo: Evitar	Farmacoterapia::Reumatología, analgesia y antiinflamatorios
Efecto adverso grave de Diclofenaco: <b>Infarto e ictus</b> — ¿en qué consiste?	<b>Infarto e ictus</b>	Farmacoterapia::Reumatología, analgesia y antiinflamatorios
Efecto adverso grave de Diclofenaco: <b>Hepatotoxicidad</b> — ¿en qué consiste?	<b>Hepatotoxicidad</b>	Farmacoterapia::Reumatología, analgesia y antiinflamatorios
Efecto adverso grave de Diclofenaco: Hemorragia digestiva — ¿en qué consiste?	Hemorragia digestiva	Farmacoterapia::Reumatología, analgesia y antiinflamatorios
Efecto adverso grave de Diclofenaco: Fracaso renal — ¿en qué consiste?	Fracaso renal	Farmacoterapia::Reumatología, analgesia y antiinflamatorios
¿Está contraindicado Diclofenaco en: Cardiopatía isquémica, enfermedad cerebrovascular o arterial periférica, IC NYHA II-IV?	Sí — Cardiopatía isquémica, enfermedad cerebrovascular o arterial periférica, IC NYHA II-IV	Farmacoterapia::Reumatología, analgesia y antiinflamatorios
¿Está contraindicado Diclofenaco en: Úlcera activa?	Sí — Úlcera activa	Farmacoterapia::Reumatología, analgesia y antiinflamatorios
¿Está contraindicado Diclofenaco en: 3.er trimestre del embarazo?	Sí — 3.er trimestre del embarazo	Farmacoterapia::Reumatología, analgesia y antiinflamatorios
Particularidad de Diclofenaco que hay que tener en cuenta:	En la artrosis de rodilla del anciano, el diclofenaco en gel antes que cualquier AINE oral.	Farmacoterapia::Reumatología, analgesia y antiinflamatorios
¿A qué clase farmacológica pertenece Ketorolaco?	AINE no selectivo (AINE de potencia analgésica alta, uso parenteral breve)	Farmacoterapia::Reumatología, analgesia y antiinflamatorios
¿Cuál es el mecanismo de acción de Ketorolaco?	Inhibición no selectiva potente de COX-1 y COX-2.	Farmacoterapia::Reumatología, analgesia y antiinflamatorios
¿Qué distingue a Ketorolaco de los demás fármacos de su clase (AINE no selectivo)?	<b>El AINE MÁS ANALGÉSICO</b> (30 mg ≈ 10 mg de morfina en dolor moderado-intenso).	Farmacoterapia::Reumatología, analgesia y antiinflamatorios
¿Cuál es la dosis de Ketorolaco en Dolor agudo moderado-intenso (posoperatorio, cólico renal)?	10-30 mg (15 mg si >65 años, <50 kg o ERC leve) — Cada 6-8 h (máx. 90 mg/día; 60 en ancianos), vía IV / IM	Farmacoterapia::Reumatología, analgesia y antiinflamatorios
¿Cuánto dura el tratamiento con Ketorolaco?	<b>Máximo 5 días.</b>	Farmacoterapia::Reumatología, analgesia y antiinflamatorios
¿Cómo se suspende Ketorolaco?	—	Farmacoterapia::Reumatología, analgesia y antiinflamatorios
¿Qué hay que monitorizar durante el tratamiento con Ketorolaco?	Función renal, signos de sangrado.	Farmacoterapia::Reumatología, analgesia y antiinflamatorios
¿Cuál es la vida media de Ketorolaco?	5 h.	Farmacoterapia::Reumatología, analgesia y antiinflamatorios
¿Requiere Ketorolaco ajuste en insuficiencia renal?	Contraindicado con FG <30.	Farmacoterapia::Reumatología, analgesia y antiinflamatorios
Interacción crítica de Ketorolaco con Anticoagulantes, otros AINE, AAS: ¿qué ocurre y qué se hace?	Hemorragia. Manejo: Contraindicado	Farmacoterapia::Reumatología, analgesia y antiinflamatorios
Interacción crítica de Ketorolaco con Probenecid, pentoxifilina: ¿qué ocurre y qué se hace?	Aumento de niveles. Manejo: Contraindicado	Farmacoterapia::Reumatología, analgesia y antiinflamatorios
Efecto adverso grave de Ketorolaco: <b>Hemorragia digestiva</b> — ¿en qué consiste?	<b>Hemorragia digestiva</b>	Farmacoterapia::Reumatología, analgesia y antiinflamatorios
Efecto adverso grave de Ketorolaco: <b>Fracaso renal agudo</b> — ¿en qué consiste?	<b>Fracaso renal agudo</b>	Farmacoterapia::Reumatología, analgesia y antiinflamatorios
Efecto adverso grave de Ketorolaco: Sangrado posoperatorio — ¿en qué consiste?	Sangrado posoperatorio	Farmacoterapia::Reumatología, analgesia y antiinflamatorios
¿Está contraindicado Ketorolaco en: Úlcera o hemorragia previa?	Sí — Úlcera o hemorragia previa	Farmacoterapia::Reumatología, analgesia y antiinflamatorios
¿Está contraindicado Ketorolaco en: Riesgo hemorrágico, anticoagulación?	Sí — Riesgo hemorrágico, anticoagulación	Farmacoterapia::Reumatología, analgesia y antiinflamatorios
¿Está contraindicado Ketorolaco en: FG <30, hipovolemia?	Sí — FG <30, hipovolemia	Farmacoterapia::Reumatología, analgesia y antiinflamatorios
¿Está contraindicado Ketorolaco en: Parto y lactancia?	Sí — Parto y lactancia	Farmacoterapia::Reumatología, analgesia y antiinflamatorios
Particularidad de Ketorolaco que hay que tener en cuenta:	Su potencia invita a alargarlo: el límite de 5 días no es negociable.	Farmacoterapia::Reumatología, analgesia y antiinflamatorios
¿A qué clase farmacológica pertenece Celecoxib?	Inhibidor selectivo de la COX-2 (coxib) (Coxib de vida media intermedia)	Farmacoterapia::Reumatología, analgesia y antiinflamatorios
¿Cuál es el mecanismo de acción de Celecoxib?	Inhibición selectiva de la COX-2 (inducible en la inflamación), respetando la COX-1 gástrica y plaquetaria.	Farmacoterapia::Reumatología, analgesia y antiinflamatorios
¿Qué distingue a Celecoxib de los demás fármacos de su clase (Inhibidor selectivo de la COX-2 (coxib))?	<b>MENOS gastrolesivo</b> que los AINE clásicos (similar a AINE + IBP) y <b>sin efecto antiagregante</b>.	Farmacoterapia::Reumatología, analgesia y antiinflamatorios
¿Cuál es la dosis de Celecoxib en Artrosis, artritis reumatoide, espondiloartritis?	100-200 mg — Cada 12-24 h, vía VO	Farmacoterapia::Reumatología, analgesia y antiinflamatorios
¿Cuál es la dosis de Celecoxib en Dolor agudo en paciente con alto riesgo gastrointestinal?	200 mg — Cada 12 h, vía VO	Farmacoterapia::Reumatología, analgesia y antiinflamatorios
¿Cuánto dura el tratamiento con Celecoxib?	Mínima necesaria.	Farmacoterapia::Reumatología, analgesia y antiinflamatorios
¿Cómo se suspende Celecoxib?	—	Farmacoterapia::Reumatología, analgesia y antiinflamatorios
¿Qué hay que monitorizar durante el tratamiento con Celecoxib?	PA, función renal.	Farmacoterapia::Reumatología, analgesia y antiinflamatorios
¿Cuál es la vida media de Celecoxib?	11 h.	Farmacoterapia::Reumatología, analgesia y antiinflamatorios
¿Requiere Celecoxib ajuste en insuficiencia renal?	Evitar con FG <30.	Farmacoterapia::Reumatología, analgesia y antiinflamatorios
Efecto adverso grave de Celecoxib: Eventos cardiovasculares trombóticos — ¿en qué consiste?	Eventos cardiovasculares trombóticos	Farmacoterapia::Reumatología, analgesia y antiinflamatorios
Efecto adverso grave de Celecoxib: Fracaso renal — ¿en qué consiste?	Fracaso renal	Farmacoterapia::Reumatología, analgesia y antiinflamatorios
Efecto adverso grave de Celecoxib: Reacciones cutáneas graves — ¿en qué consiste?	Reacciones cutáneas graves	Farmacoterapia::Reumatología, analgesia y antiinflamatorios
¿Está contraindicado Celecoxib en: Cardiopatía isquémica, ictus, IC NYHA II-IV?	Sí — Cardiopatía isquémica, ictus, IC NYHA II-IV	Farmacoterapia::Reumatología, analgesia y antiinflamatorios
¿Está contraindicado Celecoxib en: Alergia a sulfonamidas?	Sí — Alergia a sulfonamidas	Farmacoterapia::Reumatología, analgesia y antiinflamatorios
¿Está contraindicado Celecoxib en: Asma por AINE?	Sí — Asma por AINE	Farmacoterapia::Reumatología, analgesia y antiinflamatorios
¿Está contraindicado Celecoxib en: FG <30?	Sí — FG <30	Farmacoterapia::Reumatología, analgesia y antiinflamatorios
Particularidad de Celecoxib que hay que tener en cuenta:	Si toma AAS a dosis baja, el coxib pierde parte de su ventaja gástrica: añadir IBP igualmente.	Farmacoterapia::Reumatología, analgesia y antiinflamatorios
¿A qué clase farmacológica pertenece Etoricoxib?	Inhibidor selectivo de la COX-2 (coxib) (Coxib de vida media larga, dosis única)	Farmacoterapia::Reumatología, analgesia y antiinflamatorios
¿Cuál es el mecanismo de acción de Etoricoxib?	Inhibición altamente selectiva de COX-2.	Farmacoterapia::Reumatología, analgesia y antiinflamatorios
¿Qué distingue a Etoricoxib de los demás fármacos de su clase (Inhibidor selectivo de la COX-2 (coxib))?	<b>Dosis única diaria y el coxib más SELECTIVO</b>: muy usado en <b>crisis de gota</b> (120 mg) y espondiloartritis.	Farmacoterapia::Reumatología, analgesia y antiinflamatorios
¿Cuál es la dosis de Etoricoxib en Crisis aguda de gota?	120 mg — Cada 24 h, vía VO	Farmacoterapia::Reumatología, analgesia y antiinflamatorios
¿Cuál es la dosis de Etoricoxib en Artrosis, artritis reumatoide, espondilitis anquilosante?	30-90 mg — Cada 24 h, vía VO	Farmacoterapia::Reumatología, analgesia y antiinflamatorios
¿Cuánto dura el tratamiento con Etoricoxib?	Según indicación.	Farmacoterapia::Reumatología, analgesia y antiinflamatorios
¿Cómo se suspende Etoricoxib?	—	Farmacoterapia::Reumatología, analgesia y antiinflamatorios
¿Qué hay que monitorizar durante el tratamiento con Etoricoxib?	<b>PA a las 2 semanas.</b>	Farmacoterapia::Reumatología, analgesia y antiinflamatorios
¿Cuál es la vida media de Etoricoxib?	22 h.	Farmacoterapia::Reumatología, analgesia y antiinflamatorios
¿Requiere Etoricoxib ajuste en insuficiencia renal?	Evitar con FG <30.	Farmacoterapia::Reumatología, analgesia y antiinflamatorios
Efecto adverso grave de Etoricoxib: Eventos cardiovasculares — ¿en qué consiste?	Eventos cardiovasculares	Farmacoterapia::Reumatología, analgesia y antiinflamatorios
Efecto adverso grave de Etoricoxib: Fracaso renal — ¿en qué consiste?	Fracaso renal	Farmacoterapia::Reumatología, analgesia y antiinflamatorios
¿Está contraindicado Etoricoxib en: HTA no controlada?	Sí — HTA no controlada	Farmacoterapia::Reumatología, analgesia y antiinflamatorios
¿Está contraindicado Etoricoxib en: Cardiopatía isquémica, ictus, IC NYHA II-IV?	Sí — Cardiopatía isquémica, ictus, IC NYHA II-IV	Farmacoterapia::Reumatología, analgesia y antiinflamatorios
¿Está contraindicado Etoricoxib en: FG <30?	Sí — FG <30	Farmacoterapia::Reumatología, analgesia y antiinflamatorios
Particularidad de Etoricoxib que hay que tener en cuenta:	Antes de pautarlo, medir la PA: es el coxib de la hipertensión.	Farmacoterapia::Reumatología, analgesia y antiinflamatorios
¿A qué clase farmacológica pertenece Parecoxib?	Inhibidor selectivo de la COX-2 (coxib) (Coxib PARENTERAL (profármaco del valdecoxib))	Farmacoterapia::Reumatología, analgesia y antiinflamatorios
¿Cuál es el mecanismo de acción de Parecoxib?	Profármaco hidrolizado a valdecoxib, inhibidor selectivo de COX-2.	Farmacoterapia::Reumatología, analgesia y antiinflamatorios
¿Qué distingue a Parecoxib de los demás fármacos de su clase (Inhibidor selectivo de la COX-2 (coxib))?	<b>El único coxib IV/IM</b>: analgesia posoperatoria sin efecto antiagregante (no aumenta el sangrado quirúrgico).	Farmacoterapia::Reumatología, analgesia y antiinflamatorios
¿Cuál es la dosis de Parecoxib en Dolor posoperatorio moderado-intenso?	40 mg, después 20-40 mg — Cada 6-12 h (máx. 80 mg/día), vía IV / IM	Farmacoterapia::Reumatología, analgesia y antiinflamatorios
¿Cuánto dura el tratamiento con Parecoxib?	≤3 días.	Farmacoterapia::Reumatología, analgesia y antiinflamatorios
¿Cómo se suspende Parecoxib?	Paso a VO.	Farmacoterapia::Reumatología, analgesia y antiinflamatorios
¿Qué hay que monitorizar durante el tratamiento con Parecoxib?	Función renal, PA.	Farmacoterapia::Reumatología, analgesia y antiinflamatorios
¿Cuál es la vida media de Parecoxib?	8 h (valdecoxib).	Farmacoterapia::Reumatología, analgesia y antiinflamatorios
¿Requiere Parecoxib ajuste en insuficiencia renal?	Precaución.	Farmacoterapia::Reumatología, analgesia y antiinflamatorios
Efecto adverso grave de Parecoxib: Eventos cardiovasculares — ¿en qué consiste?	Eventos cardiovasculares (tras bypass)	Farmacoterapia::Reumatología, analgesia y antiinflamatorios
Efecto adverso grave de Parecoxib: Reacciones cutáneas graves — ¿en qué consiste?	Reacciones cutáneas graves	Farmacoterapia::Reumatología, analgesia y antiinflamatorios
¿Está contraindicado Parecoxib en: Posoperatorio de bypass coronario?	Sí — Posoperatorio de bypass coronario	Farmacoterapia::Reumatología, analgesia y antiinflamatorios
¿Está contraindicado Parecoxib en: Cardiopatía isquémica, IC?	Sí — Cardiopatía isquémica, IC	Farmacoterapia::Reumatología, analgesia y antiinflamatorios
¿Está contraindicado Parecoxib en: Alergia a sulfonamidas?	Sí — Alergia a sulfonamidas	Farmacoterapia::Reumatología, analgesia y antiinflamatorios
Particularidad de Parecoxib que hay que tener en cuenta:	Posoperatorio con riesgo de sangrado: un coxib IV no altera la agregación.	Farmacoterapia::Reumatología, analgesia y antiinflamatorios
¿A qué clase farmacológica pertenece Nefopam?	Analgésico y antipirético no opioide (Analgésico central no opioide (inhibidor de la recaptación de monoaminas))	Farmacoterapia::Reumatología, analgesia y antiinflamatorios
¿Cuál es el mecanismo de acción de Nefopam?	Inhibe la recaptación de serotonina, noradrenalina y dopamina y modula canales de sodio y calcio a nivel central.	Farmacoterapia::Reumatología, analgesia y antiinflamatorios
¿Qué distingue a Nefopam de los demás fármacos de su clase (Analgésico y antipirético no opioide)?	<b>Analgésico central NO opioide y NO AINE</b>: sin depresión respiratoria, sin gastrolesión ni efecto antiagregante.	Farmacoterapia::Reumatología, analgesia y antiinflamatorios
¿Cuál es la dosis de Nefopam en Dolor agudo moderado (posoperatorio), como ahorrador de opioides?	20 mg — Cada 4-6 h (máx. 120 mg/día), vía IV / IM	Farmacoterapia::Reumatología, analgesia y antiinflamatorios
¿Cuánto dura el tratamiento con Nefopam?	Corta.	Farmacoterapia::Reumatología, analgesia y antiinflamatorios
¿Cómo se suspende Nefopam?	—	Farmacoterapia::Reumatología, analgesia y antiinflamatorios
¿Qué hay que monitorizar durante el tratamiento con Nefopam?	FC, retención urinaria.	Farmacoterapia::Reumatología, analgesia y antiinflamatorios
¿Cuál es la vida media de Nefopam?	4-8 h.	Farmacoterapia::Reumatología, analgesia y antiinflamatorios
¿Requiere Nefopam ajuste en insuficiencia renal?	Reducir.	Farmacoterapia::Reumatología, analgesia y antiinflamatorios
Efecto adverso grave de Nefopam: Convulsiones — ¿en qué consiste?	Convulsiones	Farmacoterapia::Reumatología, analgesia y antiinflamatorios
Efecto adverso grave de Nefopam: Retención urinaria — ¿en qué consiste?	Retención urinaria	Farmacoterapia::Reumatología, analgesia y antiinflamatorios
Efecto adverso grave de Nefopam: Arritmias — ¿en qué consiste?	Arritmias	Farmacoterapia::Reumatología, analgesia y antiinflamatorios
¿Está contraindicado Nefopam en: Epilepsia?	Sí — Epilepsia	Farmacoterapia::Reumatología, analgesia y antiinflamatorios
¿Está contraindicado Nefopam en: Cardiopatía isquémica?	Sí — Cardiopatía isquémica	Farmacoterapia::Reumatología, analgesia y antiinflamatorios
¿Está contraindicado Nefopam en: Glaucoma de ángulo cerrado?	Sí — Glaucoma de ángulo cerrado	Farmacoterapia::Reumatología, analgesia y antiinflamatorios
¿Está contraindicado Nefopam en: Retención urinaria?	Sí — Retención urinaria	Farmacoterapia::Reumatología, analgesia y antiinflamatorios
Particularidad de Nefopam que hay que tener en cuenta:	Su papel es ahorrar opioides en el posoperatorio cuando los AINE están contraindicados.	Farmacoterapia::Reumatología, analgesia y antiinflamatorios
¿A qué clase farmacológica pertenece Dihidrocodeína?	Opioide menor (2.º escalón) (Opioide débil semisintético)	Farmacoterapia::Reumatología, analgesia y antiinflamatorios
¿Cuál es el mecanismo de acción de Dihidrocodeína?	Agonista mu débil.	Farmacoterapia::Reumatología, analgesia y antiinflamatorios
¿Qué distingue a Dihidrocodeína de los demás fármacos de su clase (Opioide menor (2.º escalón))?	<b>Opioide débil ACTIVO por sí mismo</b> (menos dependiente del CYP2D6 que la codeína).	Farmacoterapia::Reumatología, analgesia y antiinflamatorios
¿Cuál es la dosis de Dihidrocodeína en Dolor moderado?	60-120 mg (retard) — Cada 12 h, vía VO	Farmacoterapia::Reumatología, analgesia y antiinflamatorios
¿Cuál es la dosis de Dihidrocodeína en Tos seca refractaria?	10-30 mg — Cada 8-12 h, vía VO	Farmacoterapia::Reumatología, analgesia y antiinflamatorios
¿Cuánto dura el tratamiento con Dihidrocodeína?	Corta.	Farmacoterapia::Reumatología, analgesia y antiinflamatorios
¿Cómo se suspende Dihidrocodeína?	Retirada gradual si >2 semanas.	Farmacoterapia::Reumatología, analgesia y antiinflamatorios
¿Qué hay que monitorizar durante el tratamiento con Dihidrocodeína?	Sedación, estreñimiento.	Farmacoterapia::Reumatología, analgesia y antiinflamatorios
¿Cuál es la vida media de Dihidrocodeína?	4 h.	Farmacoterapia::Reumatología, analgesia y antiinflamatorios
¿Requiere Dihidrocodeína ajuste en insuficiencia renal?	Reducir; evitar en ERC grave.	Farmacoterapia::Reumatología, analgesia y antiinflamatorios
Interacción crítica de Dihidrocodeína con Benzodiacepinas, alcohol: ¿qué ocurre y qué se hace?	Depresión respiratoria. Manejo: Evitar	Farmacoterapia::Reumatología, analgesia y antiinflamatorios
Efecto adverso grave de Dihidrocodeína: Depresión respiratoria — ¿en qué consiste?	Depresión respiratoria	Farmacoterapia::Reumatología, analgesia y antiinflamatorios
Efecto adverso grave de Dihidrocodeína: Dependencia — ¿en qué consiste?	Dependencia	Farmacoterapia::Reumatología, analgesia y antiinflamatorios
¿Está contraindicado Dihidrocodeína en: <12 años?	Sí — <12 años	Farmacoterapia::Reumatología, analgesia y antiinflamatorios
¿Está contraindicado Dihidrocodeína en: Insuficiencia respiratoria grave?	Sí — Insuficiencia respiratoria grave	Farmacoterapia::Reumatología, analgesia y antiinflamatorios
¿Está contraindicado Dihidrocodeína en: Lactancia?	Sí — Lactancia	Farmacoterapia::Reumatología, analgesia y antiinflamatorios
Particularidad de Dihidrocodeína que hay que tener en cuenta:	Alternativa a la codeína cuando se sospecha metabolizador lento.	Farmacoterapia::Reumatología, analgesia y antiinflamatorios
¿A qué clase farmacológica pertenece Hidromorfona?	Opioide mayor (3.er escalón) (Agonista mu potente (5 veces la morfina))	Farmacoterapia::Reumatología, analgesia y antiinflamatorios
¿Cuál es el mecanismo de acción de Hidromorfona?	Agonista puro del receptor mu.	Farmacoterapia::Reumatología, analgesia y antiinflamatorios
¿Qué distingue a Hidromorfona de los demás fármacos de su clase (Opioide mayor (3.er escalón))?	<b>5 veces más potente que la morfina</b> y <b>sin metabolitos activos relevantes por vía renal</b>: alternativa en <b>insuficiencia renal moderada</b>.	Farmacoterapia::Reumatología, analgesia y antiinflamatorios
¿Cuál es la dosis de Hidromorfona en Dolor crónico intenso (oncológico)?	4-8 mg (OROS) y titular — Cada 24 h, vía VO	Farmacoterapia::Reumatología, analgesia y antiinflamatorios
¿Cuánto dura el tratamiento con Hidromorfona?	Según evolución.	Farmacoterapia::Reumatología, analgesia y antiinflamatorios
¿Cómo se suspende Hidromorfona?	Retirada gradual.	Farmacoterapia::Reumatología, analgesia y antiinflamatorios
¿Qué hay que monitorizar durante el tratamiento con Hidromorfona?	Dolor, sedación, estreñimiento.	Farmacoterapia::Reumatología, analgesia y antiinflamatorios
¿Cuál es la vida media de Hidromorfona?	2-3 h.	Farmacoterapia::Reumatología, analgesia y antiinflamatorios
¿Requiere Hidromorfona ajuste en insuficiencia renal?	Reducir dosis.	Farmacoterapia::Reumatología, analgesia y antiinflamatorios
Interacción crítica de Hidromorfona con Benzodiacepinas, alcohol, gabapentinoides: ¿qué ocurre y qué se hace?	Depresión respiratoria. Manejo: Evitar	Farmacoterapia::Reumatología, analgesia y antiinflamatorios
Efecto adverso grave de Hidromorfona: Depresión respiratoria — ¿en qué consiste?	Depresión respiratoria	Farmacoterapia::Reumatología, analgesia y antiinflamatorios
Efecto adverso grave de Hidromorfona: Neurotoxicidad — ¿en qué consiste?	Neurotoxicidad (mioclonías) a dosis altas	Farmacoterapia::Reumatología, analgesia y antiinflamatorios
¿Está contraindicado Hidromorfona en: Insuficiencia respiratoria grave?	Sí — Insuficiencia respiratoria grave	Farmacoterapia::Reumatología, analgesia y antiinflamatorios
¿Está contraindicado Hidromorfona en: Íleo paralítico?	Sí — Íleo paralítico	Farmacoterapia::Reumatología, analgesia y antiinflamatorios
Particularidad de Hidromorfona que hay que tener en cuenta:	Al rotar de morfina: 5 mg de morfina ≈ 1 mg de hidromorfona; reducir un 25-50% por tolerancia cruzada incompleta.	Farmacoterapia::Reumatología, analgesia y antiinflamatorios
¿A qué clase farmacológica pertenece Metadona?	Opioide mayor (3.er escalón) (Agonista mu con antagonismo NMDA, de vida media larga y variable)	Farmacoterapia::Reumatología, analgesia y antiinflamatorios
¿Cuál es el mecanismo de acción de Metadona?	Agonista mu, antagonista NMDA e inhibidor de la recaptación de monoaminas.	Farmacoterapia::Reumatología, analgesia y antiinflamatorios
¿Qué distingue a Metadona de los demás fármacos de su clase (Opioide mayor (3.er escalón))?	<b>Tratamiento de mantenimiento de la DEPENDENCIA de opioides</b> (una toma diaria).	Farmacoterapia::Reumatología, analgesia y antiinflamatorios
¿Cuál es la dosis de Metadona en Tratamiento de mantenimiento con agonistas en la dependencia de opioides?	20-30 mg → 60-120 mg — Cada 24 h, vía VO	Farmacoterapia::Reumatología, analgesia y antiinflamatorios
¿Cuál es la dosis de Metadona en Dolor oncológico refractario (equipos especializados)?	2,5-5 mg — Cada 8-12 h, vía VO	Farmacoterapia::Reumatología, analgesia y antiinflamatorios
¿Cuánto dura el tratamiento con Metadona?	Prolongada.	Farmacoterapia::Reumatología, analgesia y antiinflamatorios
¿Cómo se suspende Metadona?	Retirada muy gradual.	Farmacoterapia::Reumatología, analgesia y antiinflamatorios
¿Qué hay que monitorizar durante el tratamiento con Metadona?	<b>QT</b>, sedación, interacciones.	Farmacoterapia::Reumatología, analgesia y antiinflamatorios
¿Cuál es la vida media de Metadona?	<b>15-60 h.</b>	Farmacoterapia::Reumatología, analgesia y antiinflamatorios
¿Requiere Metadona ajuste en insuficiencia renal?	Utilizable con precaución.	Farmacoterapia::Reumatología, analgesia y antiinflamatorios
Interacción crítica de Metadona con Rifampicina, antirretrovirales inductores, carbamazepina: ¿qué ocurre y qué se hace?	Abstinencia por caída de niveles. Manejo: Aumentar dosis	Farmacoterapia::Reumatología, analgesia y antiinflamatorios
Interacción crítica de Metadona con Fármacos que prolongan el QT, inhibidores del CYP3A4: ¿qué ocurre y qué se hace?	Torsade de pointes, sobredosis. Manejo: Evitar o ECG	Farmacoterapia::Reumatología, analgesia y antiinflamatorios
Interacción crítica de Metadona con Benzodiacepinas: ¿qué ocurre y qué se hace?	Depresión respiratoria. Manejo: Evitar	Farmacoterapia::Reumatología, analgesia y antiinflamatorios
Efecto adverso grave de Metadona: <b>QT largo y torsade de pointes</b> — ¿en qué consiste?	<b>QT largo y torsade de pointes</b>	Farmacoterapia::Reumatología, analgesia y antiinflamatorios
Efecto adverso grave de Metadona: Depresión respiratoria por acumulación — ¿en qué consiste?	Depresión respiratoria por acumulación	Farmacoterapia::Reumatología, analgesia y antiinflamatorios
Efecto adverso grave de Metadona: Hipoglucemia — ¿en qué consiste?	Hipoglucemia	Farmacoterapia::Reumatología, analgesia y antiinflamatorios
¿Está contraindicado Metadona en: QT largo?	Sí — QT largo	Farmacoterapia::Reumatología, analgesia y antiinflamatorios
¿Está contraindicado Metadona en: Insuficiencia respiratoria grave?	Sí — Insuficiencia respiratoria grave	Farmacoterapia::Reumatología, analgesia y antiinflamatorios
Particularidad de Metadona que hay que tener en cuenta:	La sobredosis aparece típicamente en los días 3-7 tras iniciar o subir la dosis.	Farmacoterapia::Reumatología, analgesia y antiinflamatorios
¿A qué clase farmacológica pertenece Tapentadol?	Opioide mayor (3.er escalón) (Agonista mu e inhibidor de la recaptación de noradrenalina)	Farmacoterapia::Reumatología, analgesia y antiinflamatorios
¿Cuál es el mecanismo de acción de Tapentadol?	Agonista mu e inhibidor de la recaptación de noradrenalina (vía inhibitoria descendente).	Farmacoterapia::Reumatología, analgesia y antiinflamatorios
¿Qué distingue a Tapentadol de los demás fármacos de su clase (Opioide mayor (3.er escalón))?	<b>Doble mecanismo (mu + noradrenérgico)</b>: útil en el <b>dolor mixto con componente NEUROPÁTICO</b>.	Farmacoterapia::Reumatología, analgesia y antiinflamatorios
¿Cuál es la dosis de Tapentadol en Dolor crónico intenso, especialmente mixto o neuropático?	50 mg → 100-250 mg (retard) — Cada 12 h, vía VO	Farmacoterapia::Reumatología, analgesia y antiinflamatorios
¿Cuánto dura el tratamiento con Tapentadol?	Según evolución.	Farmacoterapia::Reumatología, analgesia y antiinflamatorios
¿Cómo se suspende Tapentadol?	Retirada gradual.	Farmacoterapia::Reumatología, analgesia y antiinflamatorios
¿Qué hay que monitorizar durante el tratamiento con Tapentadol?	Dolor, sedación.	Farmacoterapia::Reumatología, analgesia y antiinflamatorios
¿Cuál es la vida media de Tapentadol?	4-5 h.	Farmacoterapia::Reumatología, analgesia y antiinflamatorios
¿Requiere Tapentadol ajuste en insuficiencia renal?	Evitar con FG <30.	Farmacoterapia::Reumatología, analgesia y antiinflamatorios
Interacción crítica de Tapentadol con IMAO: ¿qué ocurre y qué se hace?	Crisis hipertensiva. Manejo: Contraindicado	Farmacoterapia::Reumatología, analgesia y antiinflamatorios
Interacción crítica de Tapentadol con Benzodiacepinas, alcohol: ¿qué ocurre y qué se hace?	Depresión respiratoria. Manejo: Evitar	Farmacoterapia::Reumatología, analgesia y antiinflamatorios
Efecto adverso grave de Tapentadol: Depresión respiratoria — ¿en qué consiste?	Depresión respiratoria	Farmacoterapia::Reumatología, analgesia y antiinflamatorios
Efecto adverso grave de Tapentadol: Convulsiones — ¿en qué consiste?	Convulsiones	Farmacoterapia::Reumatología, analgesia y antiinflamatorios
Efecto adverso grave de Tapentadol: Síndrome serotoninérgico — ¿en qué consiste?	Síndrome serotoninérgico (raro)	Farmacoterapia::Reumatología, analgesia y antiinflamatorios
¿Está contraindicado Tapentadol en: Uso de IMAO?	Sí — Uso de IMAO	Farmacoterapia::Reumatología, analgesia y antiinflamatorios
¿Está contraindicado Tapentadol en: Insuficiencia respiratoria grave?	Sí — Insuficiencia respiratoria grave	Farmacoterapia::Reumatología, analgesia y antiinflamatorios
¿Está contraindicado Tapentadol en: Epilepsia mal controlada?	Sí — Epilepsia mal controlada	Farmacoterapia::Reumatología, analgesia y antiinflamatorios
Particularidad de Tapentadol que hay que tener en cuenta:	Lumbociatalgia crónica intensa: el tapentadol cubre el componente nociceptivo y el neuropático.	Farmacoterapia::Reumatología, analgesia y antiinflamatorios
¿A qué clase farmacológica pertenece Benzbromarona?	Hipouricemiante (Uricosúrico (inhibidor de URAT1))	Farmacoterapia::Reumatología, analgesia y antiinflamatorios
¿Cuál es el mecanismo de acción de Benzbromarona?	Inhibe el transportador URAT1 del túbulo proximal, reduciendo la reabsorción de urato.	Farmacoterapia::Reumatología, analgesia y antiinflamatorios
¿Qué distingue a Benzbromarona de los demás fármacos de su clase (Hipouricemiante)?	<b>URICOSÚRICO: aumenta la eliminación renal de ácido úrico</b> (los inhibidores de la xantina oxidasa reducen su producción).	Farmacoterapia::Reumatología, analgesia y antiinflamatorios
¿Cuál es la dosis de Benzbromarona en Gota con intolerancia o respuesta insuficiente a alopurinol y febuxostat?	50-100 mg — Cada 24 h, vía VO	Farmacoterapia::Reumatología, analgesia y antiinflamatorios
¿A qué objetivo se ajusta la dosis de Benzbromarona en Gota con intolerancia o respuesta insuficiente a alopurinol y febuxostat?	Uricemia <6 mg/dL	Farmacoterapia::Reumatología, analgesia y antiinflamatorios
¿Cuánto dura el tratamiento con Benzbromarona?	Indefinida.	Farmacoterapia::Reumatología, analgesia y antiinflamatorios
¿Cómo se suspende Benzbromarona?	Suspender ante elevación de transaminasas.	Farmacoterapia::Reumatología, analgesia y antiinflamatorios
¿Qué hay que monitorizar durante el tratamiento con Benzbromarona?	<b>Transaminasas mensuales los primeros 6 meses</b>, uricemia.	Farmacoterapia::Reumatología, analgesia y antiinflamatorios
¿Cuál es la vida media de Benzbromarona?	3 h (metabolitos más largos).	Farmacoterapia::Reumatología, analgesia y antiinflamatorios
¿Requiere Benzbromarona ajuste en insuficiencia renal?	Útil hasta FG 30.	Farmacoterapia::Reumatología, analgesia y antiinflamatorios
Interacción crítica de Benzbromarona con Warfarina: ¿qué ocurre y qué se hace?	Aumento del INR. Manejo: Control estrecho	Farmacoterapia::Reumatología, analgesia y antiinflamatorios
Efecto adverso grave de Benzbromarona: <b>Hepatitis fulminante</b> — ¿en qué consiste?	<b>Hepatitis fulminante</b>	Farmacoterapia::Reumatología, analgesia y antiinflamatorios
Efecto adverso grave de Benzbromarona: Litiasis úrica — ¿en qué consiste?	Litiasis úrica	Farmacoterapia::Reumatología, analgesia y antiinflamatorios
¿Está contraindicado Benzbromarona en: Hepatopatía?	Sí — Hepatopatía	Farmacoterapia::Reumatología, analgesia y antiinflamatorios
¿Está contraindicado Benzbromarona en: Litiasis úrica o hiperuricosuria?	Sí — Litiasis úrica o hiperuricosuria	Farmacoterapia::Reumatología, analgesia y antiinflamatorios
¿Está contraindicado Benzbromarona en: FG <30?	Sí — FG <30	Farmacoterapia::Reumatología, analgesia y antiinflamatorios
Particularidad de Benzbromarona que hay que tener en cuenta:	Antes de un uricosúrico, medir el ácido úrico en orina de 24 h: si ya es alto, no está indicado.	Farmacoterapia::Reumatología, analgesia y antiinflamatorios
¿A qué clase farmacológica pertenece Dexketoprofeno?	AINE no selectivo (Derivado del ácido propiónico, enantiómero activo del ketoprofeno)	Farmacoterapia::Reumatología, analgesia y antiinflamatorios
¿Cuál es el mecanismo de acción de Dexketoprofeno?	Inhibe de forma no selectiva COX-1 y COX-2, reduciendo la síntesis de prostaglandinas que sensibilizan los nociceptores. <b>Es el enantiómero S (activo) del ketoprofeno</b>, lo que permite la mitad de dosis con igual eficacia.	Farmacoterapia::Reumatología, analgesia y antiinflamatorios
¿Qué distingue a Dexketoprofeno de los demás fármacos de su clase (AINE no selectivo)?	<b>AINE de perfil fundamentalmente ANALGÉSICO y de inicio rápido</b> (30 min): muy usado en dolor agudo (cólico renal, dolor dental, posoperatorio, dismenorrea).	Farmacoterapia::Reumatología, analgesia y antiinflamatorios
¿Cuál es la dosis de Dexketoprofeno en Dolor agudo leve-moderado (musculoesquelético, dental, dismenorrea)?	25 mg — Cada 8 h (máximo 75 mg/día), vía VO	Farmacoterapia::Reumatología, analgesia y antiinflamatorios
¿Cuál es la dosis de Dexketoprofeno en Cólico renal y dolor agudo moderado-intenso?	50 mg — Cada 8-12 h (máximo 150 mg/día), vía IV / IM	Farmacoterapia::Reumatología, analgesia y antiinflamatorios
¿Cuánto dura el tratamiento con Dexketoprofeno?	<b>Lo más corta posible (3-5 días).</b>	Farmacoterapia::Reumatología, analgesia y antiinflamatorios
¿Cómo se suspende Dexketoprofeno?	Suspensión directa.	Farmacoterapia::Reumatología, analgesia y antiinflamatorios
¿Qué hay que monitorizar durante el tratamiento con Dexketoprofeno?	Función renal y PA si hay factores de riesgo.	Farmacoterapia::Reumatología, analgesia y antiinflamatorios
¿Cuál es la vida media de Dexketoprofeno?	1,6 h.	Farmacoterapia::Reumatología, analgesia y antiinflamatorios
¿Requiere Dexketoprofeno ajuste en insuficiencia renal?	FG 60-89: máximo 50 mg/día. Contraindicado si FG <60 en uso continuado.	Farmacoterapia::Reumatología, analgesia y antiinflamatorios
Interacción crítica de Dexketoprofeno con Anticoagulantes, antiagregantes, ISRS: ¿qué ocurre y qué se hace?	Hemorragia digestiva. Manejo: Evitar o asociar IBP	Farmacoterapia::Reumatología, analgesia y antiinflamatorios
Interacción crítica de Dexketoprofeno con IECA/ARA-II + diurético: ¿qué ocurre y qué se hace?	Fracaso renal agudo («triple whammy»). Manejo: Evitar	Farmacoterapia::Reumatología, analgesia y antiinflamatorios
Interacción crítica de Dexketoprofeno con Metotrexato, litio: ¿qué ocurre y qué se hace?	Aumentan sus niveles. Manejo: Evitar o monitorizar	Farmacoterapia::Reumatología, analgesia y antiinflamatorios
Efecto adverso grave de Dexketoprofeno: Úlcera y hemorragia digestiva — ¿en qué consiste?	Úlcera y hemorragia digestiva	Farmacoterapia::Reumatología, analgesia y antiinflamatorios
Efecto adverso grave de Dexketoprofeno: Fracaso renal agudo — ¿en qué consiste?	Fracaso renal agudo	Farmacoterapia::Reumatología, analgesia y antiinflamatorios
Efecto adverso grave de Dexketoprofeno: Broncoespasmo en asma con intolerancia a AINE — ¿en qué consiste?	Broncoespasmo en asma con intolerancia a AINE	Farmacoterapia::Reumatología, analgesia y antiinflamatorios
Efecto adverso grave de Dexketoprofeno: Eventos cardiovasculares trombóticos — ¿en qué consiste?	Eventos cardiovasculares trombóticos	Farmacoterapia::Reumatología, analgesia y antiinflamatorios
¿Está contraindicado Dexketoprofeno en: Úlcera o hemorragia digestiva activa?	Sí — Úlcera o hemorragia digestiva activa	Farmacoterapia::Reumatología, analgesia y antiinflamatorios
¿Está contraindicado Dexketoprofeno en: Insuficiencia cardiaca grave, renal o hepática grave?	Sí — Insuficiencia cardiaca grave, renal o hepática grave	Farmacoterapia::Reumatología, analgesia y antiinflamatorios
¿Está contraindicado Dexketoprofeno en: Asma con intolerancia a AINE?	Sí — Asma con intolerancia a AINE	Farmacoterapia::Reumatología, analgesia y antiinflamatorios
¿Está contraindicado Dexketoprofeno en: Tercer trimestre del embarazo?	Sí — Tercer trimestre del embarazo	Farmacoterapia::Reumatología, analgesia y antiinflamatorios
Particularidad de Dexketoprofeno que hay que tener en cuenta:	<b>En el cólico renal, el AINE IV es más eficaz que el opioide</b> y reduce la presión intrapiélica.	Farmacoterapia::Reumatología, analgesia y antiinflamatorios
¿A qué clase farmacológica pertenece Metamizol?	Analgésico y antipirético no opioide (Pirazolona con efecto espasmolítico)	Farmacoterapia::Reumatología, analgesia y antiinflamatorios
¿Cuál es el mecanismo de acción de Metamizol?	Inhibición de la COX predominantemente central y activación de vías analgésicas descendentes (sistema cannabinoide y opioide endógeno). Débil efecto antiinflamatorio. Relaja la musculatura lisa visceral.	Farmacoterapia::Reumatología, analgesia y antiinflamatorios
¿Qué distingue a Metamizol de los demás fármacos de su clase (Analgésico y antipirético no opioide)?	<b>MÁS POTENTE como analgésico que el paracetamol</b> y con <b>efecto ESPASMOLÍTICO</b> sobre la musculatura lisa (útil en cólico renal y biliar).	Farmacoterapia::Reumatología, analgesia y antiinflamatorios
¿Cuál es la dosis de Metamizol en Dolor agudo moderado (posoperatorio, cólico renal o biliar)?	575 mg-2 g — Cada 6-8 h (máximo 6 g/día), vía VO / IV	Farmacoterapia::Reumatología, analgesia y antiinflamatorios
¿Cuál es la dosis de Metamizol en Fiebre refractaria a otros antipiréticos?	575 mg — Cada 8 h, vía VO	Farmacoterapia::Reumatología, analgesia y antiinflamatorios
¿Cuánto dura el tratamiento con Metamizol?	<b>Lo más corta posible (idealmente ≤7 días).</b>	Farmacoterapia::Reumatología, analgesia y antiinflamatorios
¿Cómo se suspende Metamizol?	<b>Suspender inmediatamente ante fiebre o dolor de garganta</b> y pedir hemograma.	Farmacoterapia::Reumatología, analgesia y antiinflamatorios
¿Qué hay que monitorizar durante el tratamiento con Metamizol?	<b>Hemograma si el tratamiento se prolonga más de 7 días</b> o ante síntomas de infección.	Farmacoterapia::Reumatología, analgesia y antiinflamatorios
¿Cuál es la vida media de Metamizol?	2,5-3,5 h (metabolito activo).	Farmacoterapia::Reumatología, analgesia y antiinflamatorios
¿Requiere Metamizol ajuste en insuficiencia renal?	Evitar dosis altas en insuficiencia renal.	Farmacoterapia::Reumatología, analgesia y antiinflamatorios
Interacción crítica de Metamizol con Metotrexato y otros mielotóxicos (clozapina, azatioprina): ¿qué ocurre y qué se hace?	Mielotoxicidad aditiva. Manejo: Evitar la combinación	Farmacoterapia::Reumatología, analgesia y antiinflamatorios
Efecto adverso grave de Metamizol: <b>AGRANULOCITOSIS</b> — ¿en qué consiste?	<b>AGRANULOCITOSIS</b> (fiebre, odinofagia, úlceras orales), con mayor riesgo en ciertas poblaciones y con tratamientos largos	Farmacoterapia::Reumatología, analgesia y antiinflamatorios
Efecto adverso grave de Metamizol: Shock anafiláctico — ¿en qué consiste?	Shock anafiláctico	Farmacoterapia::Reumatología, analgesia y antiinflamatorios
Efecto adverso grave de Metamizol: Reacciones cutáneas graves — ¿en qué consiste?	Reacciones cutáneas graves (Stevens-Johnson, NET)	Farmacoterapia::Reumatología, analgesia y antiinflamatorios
Efecto adverso grave de Metamizol: Hepatotoxicidad — ¿en qué consiste?	Hepatotoxicidad (rara)	Farmacoterapia::Reumatología, analgesia y antiinflamatorios
¿Está contraindicado Metamizol en: Antecedente de agranulocitosis o alergia a pirazolonas?	Sí — Antecedente de agranulocitosis o alergia a pirazolonas	Farmacoterapia::Reumatología, analgesia y antiinflamatorios
¿Está contraindicado Metamizol en: Alteración de la médula ósea?	Sí — Alteración de la médula ósea	Farmacoterapia::Reumatología, analgesia y antiinflamatorios
¿Está contraindicado Metamizol en: Porfiria aguda intermitente?	Sí — Porfiria aguda intermitente	Farmacoterapia::Reumatología, analgesia y antiinflamatorios
¿Está contraindicado Metamizol en: Déficit de G6PD?	Sí — Déficit de G6PD	Farmacoterapia::Reumatología, analgesia y antiinflamatorios
¿Está contraindicado Metamizol en: Tercer trimestre del embarazo?	Sí — Tercer trimestre del embarazo	Farmacoterapia::Reumatología, analgesia y antiinflamatorios
Particularidad de Metamizol que hay que tener en cuenta:	<b>Educar al paciente</b>: fiebre o dolor de garganta con metamizol = consultar ese mismo día.	Farmacoterapia::Reumatología, analgesia y antiinflamatorios
¿A qué clase farmacológica pertenece Codeína?	Opioide menor (2.º escalón) (Opioide débil, profármaco de la morfina)	Farmacoterapia::Reumatología, analgesia y antiinflamatorios
¿Cuál es el mecanismo de acción de Codeína?	Agonista débil del receptor mu. El 5-10% se O-desmetila a morfina por CYP2D6, responsable de la analgesia. Deprime el centro de la tos del bulbo.	Farmacoterapia::Reumatología, analgesia y antiinflamatorios
¿Qué distingue a Codeína de los demás fármacos de su clase (Opioide menor (2.º escalón))?	<b>PROFÁRMACO: su efecto depende de la conversión a MORFINA por el CYP2D6</b>. Los metabolizadores lentos (5-10% caucásicos) no notan efecto; los <b>ultrarrápidos</b> pueden intoxicarse (depresión respiratoria) a dosis normales.	Farmacoterapia::Reumatología, analgesia y antiinflamatorios
¿Cuál es la dosis de Codeína en Dolor moderado (2.º escalón), en combinación con paracetamol?	30 mg (con paracetamol 500 mg) — Cada 6 h (máximo 240 mg/día de codeína), vía VO	Farmacoterapia::Reumatología, analgesia y antiinflamatorios
¿Cuál es la dosis de Codeína en Tos seca improductiva intensa?	10-20 mg — Cada 6-8 h, vía VO	Farmacoterapia::Reumatología, analgesia y antiinflamatorios
¿Cuánto dura el tratamiento con Codeína?	Corta (días).	Farmacoterapia::Reumatología, analgesia y antiinflamatorios
¿Cómo se suspende Codeína?	Tras >1-2 semanas, retirada gradual.	Farmacoterapia::Reumatología, analgesia y antiinflamatorios
¿Qué hay que monitorizar durante el tratamiento con Codeína?	Eficacia, sedación, estreñimiento.	Farmacoterapia::Reumatología, analgesia y antiinflamatorios
¿Cuál es la vida media de Codeína?	3 h.	Farmacoterapia::Reumatología, analgesia y antiinflamatorios
¿Requiere Codeína ajuste en insuficiencia renal?	Evitar en insuficiencia renal grave (acumulación de metabolitos de morfina).	Farmacoterapia::Reumatología, analgesia y antiinflamatorios
Interacción crítica de Codeína con Benzodiacepinas, alcohol, gabapentinoides: ¿qué ocurre y qué se hace?	Depresión respiratoria. Manejo: Evitar la combinación	Farmacoterapia::Reumatología, analgesia y antiinflamatorios
Efecto adverso grave de Codeína: <b>Depresión respiratoria en metabolizadores ultrarrápidos</b> — ¿en qué consiste?	<b>Depresión respiratoria en metabolizadores ultrarrápidos</b>	Farmacoterapia::Reumatología, analgesia y antiinflamatorios
Efecto adverso grave de Codeína: Dependencia y abuso — ¿en qué consiste?	Dependencia y abuso (jarabes)	Farmacoterapia::Reumatología, analgesia y antiinflamatorios
¿Está contraindicado Codeína en: <b>Menores de 12 años</b>; menores de 18 tras amigdalectomía o adenoidectomía por apnea?	Sí — <b>Menores de 12 años</b>; menores de 18 tras amigdalectomía o adenoidectomía por apnea	Farmacoterapia::Reumatología, analgesia y antiinflamatorios
¿Está contraindicado Codeína en: <b>Lactancia</b>?	Sí — <b>Lactancia</b>	Farmacoterapia::Reumatología, analgesia y antiinflamatorios
¿Está contraindicado Codeína en: Metabolizadores ultrarrápidos conocidos del CYP2D6?	Sí — Metabolizadores ultrarrápidos conocidos del CYP2D6	Farmacoterapia::Reumatología, analgesia y antiinflamatorios
¿Está contraindicado Codeína en: Insuficiencia respiratoria grave?	Sí — Insuficiencia respiratoria grave	Farmacoterapia::Reumatología, analgesia y antiinflamatorios
Particularidad de Codeína que hay que tener en cuenta:	<b>«No noto la codeína»</b> puede ser un metabolizador lento o un paciente con fluoxetina/paroxetina.	Farmacoterapia::Reumatología, analgesia y antiinflamatorios
¿A qué clase farmacológica pertenece Buprenorfina?	Opioide mayor (3.er escalón) (Agonista PARCIAL mu y antagonista kappa, de alta afinidad)	Farmacoterapia::Reumatología, analgesia y antiinflamatorios
¿Cuál es el mecanismo de acción de Buprenorfina?	Agonista parcial de alta afinidad y disociación lenta del receptor mu y antagonista kappa. Produce analgesia con un techo en la depresión respiratoria y la euforia. Su ocupación prolongada del receptor bloquea el efecto de otros opioides.	Farmacoterapia::Reumatología, analgesia y antiinflamatorios
¿Qué distingue a Buprenorfina de los demás fármacos de su clase (Opioide mayor (3.er escalón))?	<b>AGONISTA PARCIAL con «efecto techo» para la depresión respiratoria</b>: el opioide más seguro en este sentido (salvo combinado con benzodiacepinas o alcohol).	Farmacoterapia::Reumatología, analgesia y antiinflamatorios
¿Cuál es la dosis de Buprenorfina en Dolor crónico moderado-intenso (oncológico y no oncológico)?	5-20 µg/h (parches de 7 días) o 35-70 µg/h (parches de 3-4 días) — Cambio de parche cada 7 días o cada 3-4 días según presentación, vía transdérmica	Farmacoterapia::Reumatología, analgesia y antiinflamatorios
¿Cuál es la dosis de Buprenorfina en Tratamiento de mantenimiento de la dependencia de opioides?	2-4 mg inicial; mantenimiento 8-24 mg — Cada 24 h, vía SL	Farmacoterapia::Reumatología, analgesia y antiinflamatorios
¿Cuánto dura el tratamiento con Buprenorfina?	Según la indicación (crónica).	Farmacoterapia::Reumatología, analgesia y antiinflamatorios
¿Cómo se suspende Buprenorfina?	<b>Retirada gradual</b>; la abstinencia es más leve y tardía que con agonistas puros.	Farmacoterapia::Reumatología, analgesia y antiinflamatorios
¿Qué hay que monitorizar durante el tratamiento con Buprenorfina?	Dolor, sedación, estreñimiento, irritación local; rotar zona del parche.	Farmacoterapia::Reumatología, analgesia y antiinflamatorios
¿Cuál es la vida media de Buprenorfina?	24-37 h (SL); el parche mantiene niveles estables.	Farmacoterapia::Reumatología, analgesia y antiinflamatorios
¿Requiere Buprenorfina ajuste en insuficiencia renal?	<b>No precisa.</b>	Farmacoterapia::Reumatología, analgesia y antiinflamatorios
Interacción crítica de Buprenorfina con Benzodiacepinas, alcohol, otros depresores: ¿qué ocurre y qué se hace?	<b>Depresión respiratoria grave (el techo se pierde)</b>. Manejo: Evitar la combinación	Farmacoterapia::Reumatología, analgesia y antiinflamatorios
Efecto adverso grave de Buprenorfina: Depresión respiratoria combinada con otros depresores — ¿en qué consiste?	Depresión respiratoria combinada con otros depresores	Farmacoterapia::Reumatología, analgesia y antiinflamatorios
Efecto adverso grave de Buprenorfina: Abstinencia precipitada — ¿en qué consiste?	Abstinencia precipitada	Farmacoterapia::Reumatología, analgesia y antiinflamatorios
Efecto adverso grave de Buprenorfina: Hepatotoxicidad — ¿en qué consiste?	Hepatotoxicidad (vía SL en usuarios de drogas)	Farmacoterapia::Reumatología, analgesia y antiinflamatorios
¿Está contraindicado Buprenorfina en: Insuficiencia respiratoria grave?	Sí — Insuficiencia respiratoria grave	Farmacoterapia::Reumatología, analgesia y antiinflamatorios
¿Está contraindicado Buprenorfina en: Dependencia de opioides en tratamiento con agonistas puros?	Sí — Dependencia de opioides en tratamiento con agonistas puros (salvo transición planificada)	Farmacoterapia::Reumatología, analgesia y antiinflamatorios
¿Está contraindicado Buprenorfina en: Insuficiencia hepática grave?	Sí — Insuficiencia hepática grave	Farmacoterapia::Reumatología, analgesia y antiinflamatorios
Particularidad de Buprenorfina que hay que tener en cuenta:	<b>La sobredosis de buprenorfina responde mal a la naloxona</b>: dosis altas (2-4 mg) y perfusión.	Farmacoterapia::Reumatología, analgesia y antiinflamatorios
¿A qué clase farmacológica pertenece Febuxostat?	Hipouricemiante (Inhibidor NO purínico selectivo)	Farmacoterapia::Reumatología, analgesia y antiinflamatorios
¿Cuál es el mecanismo de acción de Febuxostat?	Inhibe de forma selectiva y potente la xantina oxidasa (formas oxidada y reducida), bloqueando la conversión de hipoxantina en xantina y de xantina en ácido úrico.	Farmacoterapia::Reumatología, analgesia y antiinflamatorios
¿Qué distingue a Febuxostat de los demás fármacos de su clase (Hipouricemiante)?	<b>NO es análogo de purinas</b>: <b>no causa el síndrome de hipersensibilidad del alopurinol (DRESS/HLA-B*5801)</b> — alternativa cuando el alopurinol no se tolera.	Farmacoterapia::Reumatología, analgesia y antiinflamatorios
¿Cuál es la dosis de Febuxostat en Hiperuricemia con gota (tofos, crisis recurrentes, artropatía) con intolerancia o contraindicación al alopurinol?	80 mg (hasta 120 mg) — Cada 24 h, vía VO	Farmacoterapia::Reumatología, analgesia y antiinflamatorios
¿A qué objetivo se ajusta la dosis de Febuxostat en Hiperuricemia con gota (tofos, crisis recurrentes, artropatía) con intolerancia o contraindicación al alopurinol?	Uricemia <6 mg/dL (<5 si hay tofos)	Farmacoterapia::Reumatología, analgesia y antiinflamatorios
¿Cuál es la dosis de Febuxostat en Prevención de la hiperuricemia en el síndrome de lisis tumoral (riesgo intermedio-alto)?	120 mg — Cada 24 h, vía VO	Farmacoterapia::Reumatología, analgesia y antiinflamatorios
¿Cuánto dura el tratamiento con Febuxostat?	Indefinida en gota.	Farmacoterapia::Reumatología, analgesia y antiinflamatorios
¿Cómo se suspende Febuxostat?	No suspender durante una crisis.	Farmacoterapia::Reumatología, analgesia y antiinflamatorios
¿Qué hay que monitorizar durante el tratamiento con Febuxostat?	Uricemia cada 3-6 meses hasta objetivo; transaminasas.	Farmacoterapia::Reumatología, analgesia y antiinflamatorios
¿Cuál es la vida media de Febuxostat?	5-8 h.	Farmacoterapia::Reumatología, analgesia y antiinflamatorios
¿Requiere Febuxostat ajuste en insuficiencia renal?	No precisa en leve-moderada; datos limitados con FG <30.	Farmacoterapia::Reumatología, analgesia y antiinflamatorios
Interacción crítica de Febuxostat con Azatioprina y mercaptopurina: ¿qué ocurre y qué se hace?	<b>Acumulación y mielotoxicidad grave</b> (xantina oxidasa). Manejo: <b>Contraindicado</b>	Farmacoterapia::Reumatología, analgesia y antiinflamatorios
Efecto adverso grave de Febuxostat: <b>Muerte cardiovascular aumentada en cardiopatía previa</b> — ¿en qué consiste?	<b>Muerte cardiovascular aumentada en cardiopatía previa</b>	Farmacoterapia::Reumatología, analgesia y antiinflamatorios
Efecto adverso grave de Febuxostat: Hepatotoxicidad — ¿en qué consiste?	Hepatotoxicidad	Farmacoterapia::Reumatología, analgesia y antiinflamatorios
Efecto adverso grave de Febuxostat: Reacciones cutáneas graves — ¿en qué consiste?	Reacciones cutáneas graves (raras)	Farmacoterapia::Reumatología, analgesia y antiinflamatorios
¿Está contraindicado Febuxostat en: Tratamiento con azatioprina o mercaptopurina?	Sí — Tratamiento con azatioprina o mercaptopurina	Farmacoterapia::Reumatología, analgesia y antiinflamatorios
¿Está contraindicado Febuxostat en: Cardiopatía isquémica o insuficiencia cardiaca congestiva?	Sí — Cardiopatía isquémica o insuficiencia cardiaca congestiva (relativa: evitar)	Farmacoterapia::Reumatología, analgesia y antiinflamatorios
¿Está contraindicado Febuxostat en: Hiperuricemia asintomática?	Sí — Hiperuricemia asintomática	Farmacoterapia::Reumatología, analgesia y antiinflamatorios
Particularidad de Febuxostat que hay que tener en cuenta:	<b>Orden práctico: alopurinol primero; febuxostat si no se tolera o no basta, y evitarlo en el cardiópata.</b>	Farmacoterapia::Reumatología, analgesia y antiinflamatorios
¿A qué clase farmacológica pertenece Leflunomida?	FAME sintético convencional (antirreumático modificador de la enfermedad) (Inhibidor de la dihidroorotato deshidrogenasa (síntesis de pirimidinas))	Farmacoterapia::Reumatología, analgesia y antiinflamatorios
¿Cuál es el mecanismo de acción de Leflunomida?	Su metabolito activo (teriflunomida) inhibe la dihidroorotato deshidrogenasa, enzima clave de la síntesis de novo de pirimidinas. Los linfocitos T activados, que dependen de esta vía, detienen su proliferación en G1.	Farmacoterapia::Reumatología, analgesia y antiinflamatorios
¿Qué distingue a Leflunomida de los demás fármacos de su clase (FAME sintético convencional (antirreumático modificador de la enfermedad))?	<b>Alternativa al metotrexato en la artritis reumatoide</b> cuando este está contraindicado o no se tolera.	Farmacoterapia::Reumatología, analgesia y antiinflamatorios
¿Cuál es la dosis de Leflunomida en Artritis reumatoide activa?	20 mg — Cada 24 h, vía VO	Farmacoterapia::Reumatología, analgesia y antiinflamatorios
¿Cuál es la dosis de Leflunomida en Artritis psoriásica activa?	20 mg — Cada 24 h, vía VO	Farmacoterapia::Reumatología, analgesia y antiinflamatorios
¿Cuánto dura el tratamiento con Leflunomida?	Indefinida mientras sea eficaz.	Farmacoterapia::Reumatología, analgesia y antiinflamatorios
¿Cómo se suspende Leflunomida?	Suspensión con <b>procedimiento de lavado (colestiramina)</b> si hay toxicidad grave o deseo de embarazo.	Farmacoterapia::Reumatología, analgesia y antiinflamatorios
¿Qué hay que monitorizar durante el tratamiento con Leflunomida?	<b>Hemograma y transaminasas cada 2 semanas los primeros 6 meses y después cada 8 semanas; PA en cada visita.</b>	Farmacoterapia::Reumatología, analgesia y antiinflamatorios
¿Cuál es la vida media de Leflunomida?	<b>≈2 semanas.</b>	Farmacoterapia::Reumatología, analgesia y antiinflamatorios
¿Requiere Leflunomida ajuste en insuficiencia renal?	No recomendada en insuficiencia renal moderada-grave.	Farmacoterapia::Reumatología, analgesia y antiinflamatorios
Interacción crítica de Leflunomida con Metotrexato y otros hepatotóxicos (alcohol): ¿qué ocurre y qué se hace?	Hepatotoxicidad aditiva. Manejo: Monitorización estrecha si se combinan; evitar alcohol	Farmacoterapia::Reumatología, analgesia y antiinflamatorios
Interacción crítica de Leflunomida con Vacunas vivas: ¿qué ocurre y qué se hace?	Riesgo de infección vacunal. Manejo: Contraindicadas	Farmacoterapia::Reumatología, analgesia y antiinflamatorios
Efecto adverso grave de Leflunomida: Hepatotoxicidad grave — ¿en qué consiste?	Hepatotoxicidad grave	Farmacoterapia::Reumatología, analgesia y antiinflamatorios
Efecto adverso grave de Leflunomida: Citopenias e infecciones — ¿en qué consiste?	Citopenias e infecciones	Farmacoterapia::Reumatología, analgesia y antiinflamatorios
Efecto adverso grave de Leflunomida: Neumopatía intersticial — ¿en qué consiste?	Neumopatía intersticial	Farmacoterapia::Reumatología, analgesia y antiinflamatorios
Efecto adverso grave de Leflunomida: Neuropatía periférica — ¿en qué consiste?	Neuropatía periférica	Farmacoterapia::Reumatología, analgesia y antiinflamatorios
Efecto adverso grave de Leflunomida: Teratogenicidad — ¿en qué consiste?	Teratogenicidad	Farmacoterapia::Reumatología, analgesia y antiinflamatorios
¿Está contraindicado Leflunomida en: <b>Embarazo</b> y deseo gestacional sin lavado previo?	Sí — <b>Embarazo</b> y deseo gestacional sin lavado previo	Farmacoterapia::Reumatología, analgesia y antiinflamatorios
¿Está contraindicado Leflunomida en: Hepatopatía?	Sí — Hepatopatía	Farmacoterapia::Reumatología, analgesia y antiinflamatorios
¿Está contraindicado Leflunomida en: Inmunodeficiencia grave o infección activa?	Sí — Inmunodeficiencia grave o infección activa	Farmacoterapia::Reumatología, analgesia y antiinflamatorios
¿Está contraindicado Leflunomida en: Citopenias significativas?	Sí — Citopenias significativas	Farmacoterapia::Reumatología, analgesia y antiinflamatorios
¿Está contraindicado Leflunomida en: Lactancia?	Sí — Lactancia	Farmacoterapia::Reumatología, analgesia y antiinflamatorios
Particularidad de Leflunomida que hay que tener en cuenta:	<b>Paciente con leflunomida que desea embarazo: colestiramina y medir teriflunomida (<0,02 mg/L en dos determinaciones separadas 14 días).</b>	Farmacoterapia::Reumatología, analgesia y antiinflamatorios
¿A qué clase farmacológica pertenece Colchicina?	Antiinflamatorio de la gota y la pericarditis (colchicina) (Inhibidor de la polimerización de los microtúbulos)	Farmacoterapia::Reumatología, analgesia y antiinflamatorios
¿Cuál es el mecanismo de acción de Colchicina?	Se une a la tubulina e impide la formación de los microtúbulos. El neutrófilo depende de ellos para todo lo que hace en la crisis gotosa: migrar hacia la articulación, fagocitar los cristales de urato y desgranularse. Además bloquea el ENSAMBLAJE DEL INFLAMASOMA NLRP3, que es el sensor que reconoce los cristales de urato y libera interleucina 1 beta, el mediador central del ataque. No modifica en absoluto la uricemia: no es un hipouricemiante, es un antiinflamatorio dirigido a la vía concreta que activan los cristales. Ese mismo mecanismo antiinflamatorio explica su papel en la pericarditis y en la fiebre mediterránea familiar.	Farmacoterapia::Reumatología, analgesia y antiinflamatorios
¿Qué distingue a Colchicina de los demás fármacos de su clase (Antiinflamatorio de la gota y la pericarditis (colchicina))?	<b>Inhibe la polimerización de MICROTÚBULOS</b> del neutrófilo: antiinflamatorio sin efecto analgésico general.	Farmacoterapia::Reumatología, analgesia y antiinflamatorios
¿Cuál es la dosis de Colchicina en Crisis aguda de GOTA?	1 mg de entrada y 0,5 mg una hora después; máximo 2 mg el primer día, seguidos de 0,5 mg cada 12-24 horas — Pauta de dosis baja el primer día y mantenimiento, vía VO	Farmacoterapia::Reumatología, analgesia y antiinflamatorios
¿Cuál es la dosis de Colchicina en Profilaxis de la crisis al iniciar alopurinol o febuxostat?	0,5 mg una o dos veces al día — Diaria durante 3-6 meses, vía VO	Farmacoterapia::Reumatología, analgesia y antiinflamatorios
¿Cuál es la dosis de Colchicina en PERICARDITIS aguda y recurrente?	0,5 mg cada 12 horas (0,5 mg al día si pesa menos de 70 kg) — Cada 12 o cada 24 horas, vía VO	Farmacoterapia::Reumatología, analgesia y antiinflamatorios
¿Cuál es la dosis de Colchicina en Fiebre mediterránea familiar?	1-2 mg al día — Diaria, indefinida, vía VO	Farmacoterapia::Reumatología, analgesia y antiinflamatorios
¿Cuál es la dosis de Colchicina en Pseudogota (condrocalcinosis)?	0,5 mg cada 12 horas — Cada 12 horas, vía VO	Farmacoterapia::Reumatología, analgesia y antiinflamatorios
¿Cuánto dura el tratamiento con Colchicina?	Días en la crisis. De 3 a 6 meses en la profilaxis al iniciar hipouricemiante y en la pericarditis. Indefinida en la fiebre mediterránea familiar.	Farmacoterapia::Reumatología, analgesia y antiinflamatorios
¿Cómo se suspende Colchicina?	Suspensión sin pauta descendente. En la pericarditis conviene completar el ciclo previsto aunque el paciente ya esté asintomático, porque acortarlo aumenta las recurrencias.	Farmacoterapia::Reumatología, analgesia y antiinflamatorios
¿Qué hay que monitorizar durante el tratamiento con Colchicina?	Función renal, hemograma y transaminasas en el tratamiento prolongado; síntomas digestivos y debilidad muscular en cualquier caso.	Farmacoterapia::Reumatología, analgesia y antiinflamatorios
¿Cuál es la vida media de Colchicina?	20-40 horas, prolongada en la insuficiencia renal.	Farmacoterapia::Reumatología, analgesia y antiinflamatorios
¿Requiere Colchicina ajuste en insuficiencia renal?	Reducir la dosis con filtrado menor de 50 mL/min; evitar por debajo de 30 mL/min y en diálisis (no se dializa).	Farmacoterapia::Reumatología, analgesia y antiinflamatorios
Interacción crítica de Colchicina con CLARITROMICINA y otros inhibidores potentes del CYP3A4 (ketoconazol, ritonavir): ¿qué ocurre y qué se hace?	Intoxicación colchicínica MORTAL, con pancitopenia y fracaso multiorgánico. Manejo: Contraindicada la combinación en el paciente con insuficiencia renal o hepática. Es una interacción con muertes documentadas y perfectamente evitable	Farmacoterapia::Reumatología, analgesia y antiinflamatorios
Interacción crítica de Colchicina con Inhibidores de la glicoproteína P (ciclosporina, verapamilo, amiodarona): ¿qué ocurre y qué se hace?	Aumento importante de las concentraciones y de la toxicidad. Manejo: Reducir la dosis o evitar la asociación	Farmacoterapia::Reumatología, analgesia y antiinflamatorios
Efecto adverso grave de Colchicina: MIELOSUPRESIÓN con pancitopenia — ¿en qué consiste?	MIELOSUPRESIÓN con pancitopenia	Farmacoterapia::Reumatología, analgesia y antiinflamatorios
Efecto adverso grave de Colchicina: MIOPATÍA y neuropatía, sobre todo en la insuficiencia renal y asociada a estatinas — ¿en qué consiste?	MIOPATÍA y neuropatía, sobre todo en la insuficiencia renal y asociada a estatinas	Farmacoterapia::Reumatología, analgesia y antiinflamatorios
Efecto adverso grave de Colchicina: Rabdomiólisis — ¿en qué consiste?	Rabdomiólisis	Farmacoterapia::Reumatología, analgesia y antiinflamatorios
Efecto adverso grave de Colchicina: Alopecia con el uso prolongado — ¿en qué consiste?	Alopecia con el uso prolongado	Farmacoterapia::Reumatología, analgesia y antiinflamatorios
Efecto adverso grave de Colchicina: SOBREDOSIS potencialmente MORTAL, sin antídoto y con curso trifásico — ¿en qué consiste?	SOBREDOSIS potencialmente MORTAL, sin antídoto y con curso trifásico: fase digestiva, fracaso multiorgánico y, si sobrevive, recuperación con alopecia	Farmacoterapia::Reumatología, analgesia y antiinflamatorios
¿Está contraindicado Colchicina en: Insuficiencia renal grave?	Sí — Insuficiencia renal grave (filtrado menor de 30 mL/min) combinada con insuficiencia hepática	Farmacoterapia::Reumatología, analgesia y antiinflamatorios
¿Está contraindicado Colchicina en: Uso concomitante de inhibidores potentes del CYP3A4 o de la glicoproteína P en el paciente con insuficiencia renal o hepática?	Sí — Uso concomitante de inhibidores potentes del CYP3A4 o de la glicoproteína P en el paciente con insuficiencia renal o hepática	Farmacoterapia::Reumatología, analgesia y antiinflamatorios
¿Está contraindicado Colchicina en: Discrasias sanguíneas?	Sí — Discrasias sanguíneas	Farmacoterapia::Reumatología, analgesia y antiinflamatorios
¿Está contraindicado Colchicina en: Embarazo, salvo en la fiebre mediterránea familiar?	Sí — Embarazo, salvo en la fiebre mediterránea familiar	Farmacoterapia::Reumatología, analgesia y antiinflamatorios
Particularidad de Colchicina que hay que tener en cuenta:	El MARGEN TERAPÉUTICO es estrechísimo y no hay antídoto. La sobredosis, sea accidental o intencionada, tiene una mortalidad alta y un curso trifásico característico. Por eso importa tanto la dosis prescrita como cuántos comprimidos hay en casa.	Farmacoterapia::Reumatología, analgesia y antiinflamatorios
¿A qué clase farmacológica pertenece Metotrexato?	FAME sintético convencional (antirreumático modificador de la enfermedad) (Antimetabolito antifolato)	Farmacoterapia::Reumatología, analgesia y antiinflamatorios
¿Cuál es el mecanismo de acción de Metotrexato?	Inhibe la dihidrofolato reductasa y bloquea la síntesis de folato reducido, necesario para fabricar purinas y timidilato. A las dosis ONCOLÓGICAS ese bloqueo detiene la síntesis de ADN y mata las células en división. Pero a las dosis REUMATOLÓGICAS, mil veces menores y semanales, el mecanismo principal es otro: la inhibición de la AICAR transformilasa aumenta la ADENOSINA extracelular, que es potentemente antiinflamatoria. Esa diferencia de mecanismo explica por qué a dosis bajas es un inmunomodulador y no un citotóxico, y por qué su efecto tarda semanas en aparecer.	Farmacoterapia::Reumatología, analgesia y antiinflamatorios
¿Qué distingue a Metotrexato de los demás fármacos de su clase (FAME sintético convencional (antirreumático modificador de la enfermedad))?	<b>El FAME ANCLA de la artritis reumatoide</b> (y de la psoriasis y la artritis psoriásica).	Farmacoterapia::Reumatología, analgesia y antiinflamatorios
¿Cuál es la dosis de Metotrexato en Artritis reumatoide?	10-15 mg SEMANALES de inicio, con ascenso hasta 20-25 mg semanales — Una vez a la SEMANA, siempre el mismo día, vía VO	Farmacoterapia::Reumatología, analgesia y antiinflamatorios
¿Cuál es la dosis de Metotrexato en Psoriasis y artritis psoriásica?	7,5-25 mg semanales — Una vez a la semana, vía VO	Farmacoterapia::Reumatología, analgesia y antiinflamatorios
¿Cuál es la dosis de Metotrexato en Artritis idiopática juvenil?	10-15 mg/m² semanales — Una vez a la semana, vía SC	Farmacoterapia::Reumatología, analgesia y antiinflamatorios
¿Cuál es la dosis de Metotrexato en Embarazo ECTÓPICO no complicado y enfermedad trofoblástica?	50 mg/m² IM en dosis única — Dosis única, repetible según la evolución de la beta-HCG, vía IM	Farmacoterapia::Reumatología, analgesia y antiinflamatorios
¿A qué objetivo se ajusta la dosis de Metotrexato en Embarazo ECTÓPICO no complicado y enfermedad trofoblástica?	Descenso de la beta-HCG mayor del 15% entre los días 4 y 7	Farmacoterapia::Reumatología, analgesia y antiinflamatorios
¿Cuál es la dosis de Metotrexato en Corticodependencia en enfermedades inflamatorias (Crohn, arteritis de células gigantes, sarcoidosis)?	15-25 mg semanales — Una vez a la semana, vía SC	Farmacoterapia::Reumatología, analgesia y antiinflamatorios
¿Cuánto dura el tratamiento con Metotrexato?	Prolongada, de años, mientras mantenga eficacia y tolerancia. El efecto clínico no se ve hasta las 6-12 semanas.	Farmacoterapia::Reumatología, analgesia y antiinflamatorios
¿Cómo se suspende Metotrexato?	Retirada solo en remisión mantenida y de forma gradual. Suspender ante toxicidad hematológica, hepática o pulmonar, y transitoriamente ante infección grave o cirugía mayor.	Farmacoterapia::Reumatología, analgesia y antiinflamatorios
¿Qué hay que monitorizar durante el tratamiento con Metotrexato?	Hemograma, transaminasas y función renal cada 2-4 semanas al inicio y cada 3 meses después. Vigilar tos y disnea de nueva aparición.	Farmacoterapia::Reumatología, analgesia y antiinflamatorios
¿Cuál es la vida media de Metotrexato?	3-10 horas a dosis bajas; mucho más prolongada a dosis altas.	Farmacoterapia::Reumatología, analgesia y antiinflamatorios
¿Requiere Metotrexato ajuste en insuficiencia renal?	Reducir con filtrado menor de 50 mL/min y CONTRAINDICADO por debajo de 30 mL/min: la toxicidad grave del metotrexato es, casi siempre, un problema de eliminación renal.	Farmacoterapia::Reumatología, analgesia y antiinflamatorios
Interacción crítica de Metotrexato con TRIMETOPRIM-SULFAMETOXAZOL: ¿qué ocurre y qué se hace?	PANCITOPENIA grave por doble bloqueo del folato y desplazamiento de la unión a proteínas. Manejo: Combinación a evitar. Es la interacción con más casos mortales descritos	Farmacoterapia::Reumatología, analgesia y antiinflamatorios
Interacción crítica de Metotrexato con ALCOHOL: ¿qué ocurre y qué se hace?	Multiplica el riesgo de hepatotoxicidad y fibrosis. Manejo: Limitar drásticamente el consumo; es una condición para prescribirlo	Farmacoterapia::Reumatología, analgesia y antiinflamatorios
Efecto adverso grave de Metotrexato: MIELOSUPRESIÓN con pancitopenia — ¿en qué consiste?	MIELOSUPRESIÓN con pancitopenia	Farmacoterapia::Reumatología, analgesia y antiinflamatorios
Efecto adverso grave de Metotrexato: NEUMONITIS por metotrexato, que aparece con cualquier dosis y en cualquier momento del tratamiento — ¿en qué consiste?	NEUMONITIS por metotrexato, que aparece con cualquier dosis y en cualquier momento del tratamiento	Farmacoterapia::Reumatología, analgesia y antiinflamatorios
Efecto adverso grave de Metotrexato: Fibrosis y cirrosis hepáticas en el uso prolongado — ¿en qué consiste?	Fibrosis y cirrosis hepáticas en el uso prolongado	Farmacoterapia::Reumatología, analgesia y antiinflamatorios
Efecto adverso grave de Metotrexato: Infecciones oportunistas — ¿en qué consiste?	Infecciones oportunistas	Farmacoterapia::Reumatología, analgesia y antiinflamatorios
Efecto adverso grave de Metotrexato: Insuficiencia renal aguda por precipitación tubular — ¿en qué consiste?	Insuficiencia renal aguda por precipitación tubular (a dosis altas)	Farmacoterapia::Reumatología, analgesia y antiinflamatorios
Efecto adverso grave de Metotrexato: SOBREDOSIS POR ERROR DE FRECUENCIA — ¿en qué consiste?	SOBREDOSIS POR ERROR DE FRECUENCIA: tomarlo a diario en vez de semanalmente causa mucositis, aplasia medular y muerte	Farmacoterapia::Reumatología, analgesia y antiinflamatorios
¿Está contraindicado Metotrexato en: EMBARAZO?	Sí — EMBARAZO (es teratógeno y abortivo) y lactancia	Farmacoterapia::Reumatología, analgesia y antiinflamatorios
¿Está contraindicado Metotrexato en: Insuficiencia renal grave?	Sí — Insuficiencia renal grave	Farmacoterapia::Reumatología, analgesia y antiinflamatorios
¿Está contraindicado Metotrexato en: Hepatopatía crónica activa y consumo elevado de alcohol?	Sí — Hepatopatía crónica activa y consumo elevado de alcohol	Farmacoterapia::Reumatología, analgesia y antiinflamatorios
¿Está contraindicado Metotrexato en: Discrasias sanguíneas e inmunodeficiencia?	Sí — Discrasias sanguíneas e inmunodeficiencia	Farmacoterapia::Reumatología, analgesia y antiinflamatorios
¿Está contraindicado Metotrexato en: Infección activa grave?	Sí — Infección activa grave	Farmacoterapia::Reumatología, analgesia y antiinflamatorios
¿Está contraindicado Metotrexato en: Derrame pleural o ascitis significativos?	Sí — Derrame pleural o ascitis significativos	Farmacoterapia::Reumatología, analgesia y antiinflamatorios
Particularidad de Metotrexato que hay que tener en cuenta:	El error que más muertes causa con este fármaco no es farmacológico sino de PRESCRIPCIÓN: escribirlo como diario en vez de semanal. Ha ocurrido en recetas, en informes de alta y en cajas de pastilleros. Se previene escribiendo la frecuencia con palabras, señalando el día concreto de la semana y explicándoselo al paciente y a su familia.	Farmacoterapia::Reumatología, analgesia y antiinflamatorios
¿A qué clase farmacológica pertenece Dexametasona?	Corticoide sistémico (gluco y mineralocorticoide) (Acción prolongada, sin efecto mineralocorticoide)	Farmacoterapia::Reumatología, analgesia y antiinflamatorios
¿Cuál es el mecanismo de acción de Dexametasona?	Se une al receptor citosólico de glucocorticoides y modifica la transcripción génica: inhibe NF-κB y la síntesis de citocinas, prostaglandinas y leucotrienos, reduce la migración leucocitaria y la permeabilidad capilar. <b>Su estructura fluorada elimina el efecto mineralocorticoide y prolonga la vida media biológica.</b>	Farmacoterapia::Reumatología, analgesia y antiinflamatorios
¿Qué distingue a Dexametasona de los demás fármacos de su clase (Corticoide sistémico (gluco y mineralocorticoide))?	<b>El glucocorticoide más POTENTE (25-30 veces la hidrocortisona; 0,75 mg ≈ 5 mg de prednisona) y de acción más LARGA (36-72 h).</b>	Farmacoterapia::Reumatología, analgesia y antiinflamatorios
¿Cuál es la dosis de Dexametasona en Edema cerebral vasogénico (tumor cerebral, metástasis)?	10 mg de carga, después 4 mg — Carga y luego cada 6 h, vía IV / VO	Farmacoterapia::Reumatología, analgesia y antiinflamatorios
¿Cuál es la dosis de Dexametasona en Meningitis bacteriana aguda (sospecha neumocócica)?	10 mg (0,15 mg/kg en niños) — Cada 6 h durante 4 días, vía IV	Farmacoterapia::Reumatología, analgesia y antiinflamatorios
¿Cuál es la dosis de Dexametasona en COVID-19 con necesidad de oxígeno?	6 mg — Cada 24 h hasta 10 días, vía VO / IV	Farmacoterapia::Reumatología, analgesia y antiinflamatorios
¿Cuál es la dosis de Dexametasona en Maduración pulmonar fetal (24-34 semanas con riesgo de parto pretérmino)?	6 mg — Cada 12 h, 4 dosis, vía IM	Farmacoterapia::Reumatología, analgesia y antiinflamatorios
¿Cuál es la dosis de Dexametasona en Náuseas y vómitos por quimioterapia?	8-12 mg — Día de la quimioterapia y 8 mg/24 h los 2-3 días siguientes, vía IV / VO	Farmacoterapia::Reumatología, analgesia y antiinflamatorios
¿Cuál es la dosis de Dexametasona en Prueba de supresión nocturna (cribado del síndrome de Cushing)?	1 mg — Dosis única a las 23:00, vía VO	Farmacoterapia::Reumatología, analgesia y antiinflamatorios
¿Cuánto dura el tratamiento con Dexametasona?	Corta en la mayoría de indicaciones (1-10 días).	Farmacoterapia::Reumatología, analgesia y antiinflamatorios
¿Cómo se suspende Dexametasona?	<b>Si se ha usado >2-3 semanas, retirada gradual</b> por supresión suprarrenal; pautas cortas se suspenden directamente.	Farmacoterapia::Reumatología, analgesia y antiinflamatorios
¿Qué hay que monitorizar durante el tratamiento con Dexametasona?	Glucemia (hiperglucemia frecuente), PA, estado mental; en uso prolongado, densitometría y protección ósea.	Farmacoterapia::Reumatología, analgesia y antiinflamatorios
¿Cuál es la vida media de Dexametasona?	Plasmática 3-4 h; <b>biológica 36-72 h</b>.	Farmacoterapia::Reumatología, analgesia y antiinflamatorios
¿Requiere Dexametasona ajuste en insuficiencia renal?	No precisa.	Farmacoterapia::Reumatología, analgesia y antiinflamatorios
Interacción crítica de Dexametasona con Inductores del CYP3A4 (fenitoína, carbamazepina, rifampicina): ¿qué ocurre y qué se hace?	Reducen mucho su efecto (relevante en el edema cerebral tratado con fenitoína). Manejo: Aumentar la dosis o cambiar el antiepiléptico (levetiracetam)	Farmacoterapia::Reumatología, analgesia y antiinflamatorios
Efecto adverso grave de Dexametasona: Psicosis esteroidea — ¿en qué consiste?	Psicosis esteroidea	Farmacoterapia::Reumatología, analgesia y antiinflamatorios
Efecto adverso grave de Dexametasona: Supresión del eje suprarrenal con insuficiencia suprarrenal al retirarla — ¿en qué consiste?	Supresión del eje suprarrenal con insuficiencia suprarrenal al retirarla	Farmacoterapia::Reumatología, analgesia y antiinflamatorios
Efecto adverso grave de Dexametasona: Infecciones oportunistas — ¿en qué consiste?	Infecciones oportunistas (candidiasis, Pneumocystis en uso prolongado)	Farmacoterapia::Reumatología, analgesia y antiinflamatorios
Efecto adverso grave de Dexametasona: Miopatía esteroidea, hemorragia digestiva — ¿en qué consiste?	Miopatía esteroidea, hemorragia digestiva	Farmacoterapia::Reumatología, analgesia y antiinflamatorios
¿Está contraindicado Dexametasona en: Infección sistémica no tratada?	Sí — Infección sistémica no tratada (salvo indicaciones específicas como meningitis o COVID-19)	Farmacoterapia::Reumatología, analgesia y antiinflamatorios
¿Está contraindicado Dexametasona en: Hipersensibilidad?	Sí — Hipersensibilidad	Farmacoterapia::Reumatología, analgesia y antiinflamatorios
Particularidad de Dexametasona que hay que tener en cuenta:	<b>Equivalencias</b>: 0,75 mg de dexametasona = 5 mg de prednisona = 4 mg de metilprednisolona = 20 mg de hidrocortisona.	Farmacoterapia::Reumatología, analgesia y antiinflamatorios
¿A qué clase farmacológica pertenece Metilprednisolona?	Corticoide sistémico (gluco y mineralocorticoide) (Acción intermedia, efecto mineralocorticoide mínimo, de uso parenteral)	Farmacoterapia::Reumatología, analgesia y antiinflamatorios
¿Cuál es el mecanismo de acción de Metilprednisolona?	Agonista del receptor de glucocorticoides con efectos genómicos antiinflamatorios e inmunosupresores. <b>A dosis de pulso (≥250 mg) añade efectos no genómicos rápidos</b> sobre membranas y linfocitos, con una inmunosupresión intensa en horas.	Farmacoterapia::Reumatología, analgesia y antiinflamatorios
¿Qué distingue a Metilprednisolona de los demás fármacos de su clase (Corticoide sistémico (gluco y mineralocorticoide))?	<b>El glucocorticoide de los BOLOS («pulsos») IV de 250-1.000 mg/día</b> en brotes graves de enfermedades autoinmunes: lupus, vasculitis, esclerosis múltiple, rechazo de trasplante.	Farmacoterapia::Reumatología, analgesia y antiinflamatorios
¿Cuál es la dosis de Metilprednisolona en Brote grave de enfermedad autoinmune (nefritis lúpica, vasculitis ANCA, brote de esclerosis múltiple, rechazo agudo)?	500-1.000 mg — Cada 24 h durante 3 días (pulsos), vía IV	Farmacoterapia::Reumatología, analgesia y antiinflamatorios
¿Cuál es la dosis de Metilprednisolona en Exacerbación de asma o EPOC sin vía oral disponible?	40 mg (EPOC) o 40-80 mg (asma) — Cada 24 h, vía IV	Farmacoterapia::Reumatología, analgesia y antiinflamatorios
¿Cuál es la dosis de Metilprednisolona en Infiltración intraarticular (artritis, bursitis)?	20-80 mg (acetato) — Dosis única; no más de 3-4 al año en la misma articulación, vía intraarticular	Farmacoterapia::Reumatología, analgesia y antiinflamatorios
¿Cuánto dura el tratamiento con Metilprednisolona?	Pulsos: 3 días. Exacerbaciones: 5 días.	Farmacoterapia::Reumatología, analgesia y antiinflamatorios
¿Cómo se suspende Metilprednisolona?	Pauta corta (<2-3 semanas): suspensión directa. Larga: descenso gradual.	Farmacoterapia::Reumatología, analgesia y antiinflamatorios
¿Qué hay que monitorizar durante el tratamiento con Metilprednisolona?	Glucemia, PA, potasio, ritmo cardiaco durante pulsos, estado mental.	Farmacoterapia::Reumatología, analgesia y antiinflamatorios
¿Cuál es la vida media de Metilprednisolona?	Plasmática 2-3 h; biológica 12-36 h.	Farmacoterapia::Reumatología, analgesia y antiinflamatorios
¿Requiere Metilprednisolona ajuste en insuficiencia renal?	No precisa.	Farmacoterapia::Reumatología, analgesia y antiinflamatorios
Interacción crítica de Metilprednisolona con Vacunas vivas: ¿qué ocurre y qué se hace?	Riesgo de infección por la vacuna con dosis inmunosupresoras. Manejo: Contraindicadas con ≥20 mg/día de prednisona-equivalente ≥2 semanas	Farmacoterapia::Reumatología, analgesia y antiinflamatorios
Efecto adverso grave de Metilprednisolona: <b>Arritmias y muerte súbita con pulsos infundidos demasiado rápido</b> — ¿en qué consiste?	<b>Arritmias y muerte súbita con pulsos infundidos demasiado rápido</b>	Farmacoterapia::Reumatología, analgesia y antiinflamatorios
Efecto adverso grave de Metilprednisolona: Psicosis esteroidea — ¿en qué consiste?	Psicosis esteroidea	Farmacoterapia::Reumatología, analgesia y antiinflamatorios
Efecto adverso grave de Metilprednisolona: Infecciones graves — ¿en qué consiste?	Infecciones graves	Farmacoterapia::Reumatología, analgesia y antiinflamatorios
Efecto adverso grave de Metilprednisolona: Necrosis avascular de cabeza femoral — ¿en qué consiste?	Necrosis avascular de cabeza femoral	Farmacoterapia::Reumatología, analgesia y antiinflamatorios
Efecto adverso grave de Metilprednisolona: Hemorragia digestiva — ¿en qué consiste?	Hemorragia digestiva	Farmacoterapia::Reumatología, analgesia y antiinflamatorios
¿Está contraindicado Metilprednisolona en: Infección sistémica no controlada?	Sí — Infección sistémica no controlada	Farmacoterapia::Reumatología, analgesia y antiinflamatorios
¿Está contraindicado Metilprednisolona en: Vacunas vivas recientes con dosis inmunosupresoras?	Sí — Vacunas vivas recientes con dosis inmunosupresoras	Farmacoterapia::Reumatología, analgesia y antiinflamatorios
Particularidad de Metilprednisolona que hay que tener en cuenta:	<b>Los pulsos se infunden en ≥30-60 min</b>: la infusión rápida de dosis altas se ha asociado a arritmias.	Farmacoterapia::Reumatología, analgesia y antiinflamatorios
¿A qué clase farmacológica pertenece Naproxeno, diclofenaco y celecoxib?	Visión de clase: AINE y coxib (Inhibidores de la ciclooxigenasa con distinta selectividad COX-1/COX-2)	Farmacoterapia::Reumatología, analgesia y antiinflamatorios
¿Cuál es el mecanismo de acción de Naproxeno, diclofenaco y celecoxib?	Inhiben la ciclooxigenasa y con ella la síntesis de prostaglandinas. La clave para elegir entre ellos está en el equilibrio entre las dos isoformas. La COX-1 es CONSTITUTIVA y produce las prostaglandinas que protegen la mucosa gástrica, mantienen el flujo renal y generan el TROMBOXANO A2 plaquetario, que agrega. La COX-2 es INDUCIBLE en la inflamación y produce también la PROSTACICLINA endotelial, que es antiagregante y vasodilatadora. De ahí se deduce todo el perfil de riesgo: inhibir COX-1 daña el estómago y el riñón pero frena el tromboxano; inhibir selectivamente COX-2 respeta el estómago pero deja el tromboxano intacto mientras suprime la prostaciclina, desequilibrando la balanza hacia la TROMBOSIS. El NAPROXENO, por su inhibición COX-1 potente y sostenida, es el que menos riesgo cardiovascular tiene; el DICLOFENACO es el que más, comparable a los coxibs; el CELECOXIB es el más seguro para el estómago.	Farmacoterapia::Reumatología, analgesia y antiinflamatorios
¿Qué distingue a Naproxeno, diclofenaco y celecoxib de los demás fármacos de su clase (Visión de clase: AINE y coxib)?	<b>Naproxeno: el AINE con MENOR riesgo CARDIOVASCULAR</b> (preferible en el paciente cardiovascular si es imprescindible un AINE), con vida media larga (2 tomas).	Farmacoterapia::Reumatología, analgesia y antiinflamatorios
¿Cuál es la dosis de Naproxeno, diclofenaco y celecoxib en Dolor inflamatorio crónico: artritis, espondiloartritis, artrosis con brote inflamatorio?	Naproxeno 500 mg cada 12 horas; diclofenaco 50 mg cada 8 horas; celecoxib 200 mg al día — Cada 8-12 horas o una toma diaria, vía VO	Farmacoterapia::Reumatología, analgesia y antiinflamatorios
¿A qué objetivo se ajusta la dosis de Naproxeno, diclofenaco y celecoxib en Dolor inflamatorio crónico: artritis, espondiloartritis, artrosis con brote inflamatorio?	Control del dolor con la dosis MÍNIMA eficaz y durante el MENOR tiempo posible	Farmacoterapia::Reumatología, analgesia y antiinflamatorios
¿Cuál es la dosis de Naproxeno, diclofenaco y celecoxib en CRISIS DE GOTA aguda?	Naproxeno 500 mg cada 12 horas durante 5-7 días — Cada 12 horas, vía VO	Farmacoterapia::Reumatología, analgesia y antiinflamatorios
¿Cuál es la dosis de Naproxeno, diclofenaco y celecoxib en CÓLICO NEFRÍTICO?	Diclofenaco 75 mg IM, o dexketoprofeno 50 mg IV — Dosis única, repetible, vía IM	Farmacoterapia::Reumatología, analgesia y antiinflamatorios
¿A qué objetivo se ajusta la dosis de Naproxeno, diclofenaco y celecoxib en CÓLICO NEFRÍTICO?	Alivio del dolor cólico	Farmacoterapia::Reumatología, analgesia y antiinflamatorios
¿Cuál es la dosis de Naproxeno, diclofenaco y celecoxib en DISMENORREA y dolor menstrual?	Naproxeno 500 mg de inicio y después 250 mg cada 8 horas — Cada 8 horas durante los primeros días, vía VO	Farmacoterapia::Reumatología, analgesia y antiinflamatorios
¿Cuál es la dosis de Naproxeno, diclofenaco y celecoxib en Paciente con ALTO riesgo digestivo que necesita un AINE?	Celecoxib 200 mg al día ASOCIADO a inhibidor de la bomba de protones — Una toma diaria, vía VO	Farmacoterapia::Reumatología, analgesia y antiinflamatorios
¿Cuánto dura el tratamiento con Naproxeno, diclofenaco y celecoxib?	La MÁS CORTA posible. La excepción es la espondiloartritis axial, donde el tratamiento continuado tiene además un posible efecto sobre la progresión radiológica.	Farmacoterapia::Reumatología, analgesia y antiinflamatorios
¿Cómo se suspende Naproxeno, diclofenaco y celecoxib?	Retirada sin pauta descendente. Ante cualquier signo de sangrado digestivo, deterioro renal o descompensación cardiaca, suspensión inmediata.	Farmacoterapia::Reumatología, analgesia y antiinflamatorios
¿Qué hay que monitorizar durante el tratamiento con Naproxeno, diclofenaco y celecoxib?	Tensión arterial, función renal e ionograma a las 2-4 semanas en el tratamiento continuado, y hemoglobina en el paciente de riesgo digestivo.	Farmacoterapia::Reumatología, analgesia y antiinflamatorios
¿Cuál es la vida media de Naproxeno, diclofenaco y celecoxib?	Naproxeno 12-17 horas (permite dos tomas diarias); diclofenaco 1-2 horas; celecoxib 11 horas.	Farmacoterapia::Reumatología, analgesia y antiinflamatorios
¿Requiere Naproxeno, diclofenaco y celecoxib ajuste en insuficiencia renal?	EVITAR con filtrado menor de 30 mL/min. En el paciente renal, prácticamente ningún AINE es seguro.	Farmacoterapia::Reumatología, analgesia y antiinflamatorios
Interacción crítica de Naproxeno, diclofenaco y celecoxib con IECA o ARA-II más DIURÉTICO (la TRIPLE COMBINACIÓN): ¿qué ocurre y qué se hace?	FRACASO RENAL AGUDO por pérdida simultánea de los tres mecanismos que mantienen el filtrado. Manejo: Es la interacción que más ingresos por fracaso renal causa en atención primaria, sobre todo cuando el paciente añade un AINE por su cuenta ante una gripe o un dolor. Hay que advertirlo expresamente	Farmacoterapia::Reumatología, analgesia y antiinflamatorios
Interacción crítica de Naproxeno, diclofenaco y celecoxib con AAS a dosis antiagregante (con IBUPROFENO y naproxeno): ¿qué ocurre y qué se hace?	Compiten por el sitio de la COX-1 plaquetaria y ANULAN el efecto cardioprotector del AAS. Manejo: Tomar el AAS al menos 2 horas ANTES del AINE. El celecoxib no tiene este problema	Farmacoterapia::Reumatología, analgesia y antiinflamatorios
Interacción crítica de Naproxeno, diclofenaco y celecoxib con Anticoagulantes, antiagregantes, corticoides e ISRS: ¿qué ocurre y qué se hace?	HEMORRAGIA DIGESTIVA multiplicada. Manejo: Evitar la combinación; si es imprescindible, protección gástrica obligada	Farmacoterapia::Reumatología, analgesia y antiinflamatorios
Interacción crítica de Naproxeno, diclofenaco y celecoxib con LITIO y METOTREXATO: ¿qué ocurre y qué se hace?	Reducen su eliminación renal y producen intoxicación. Manejo: Monitorizar litemia; a dosis reumatológicas de metotrexato el riesgo es menor pero existe	Farmacoterapia::Reumatología, analgesia y antiinflamatorios
Efecto adverso grave de Naproxeno, diclofenaco y celecoxib: ÚLCERA y HEMORRAGIA DIGESTIVA, que puede ser SILENTE hasta la hemorragia, sobre todo en el anciano — ¿en qué consiste?	ÚLCERA y HEMORRAGIA DIGESTIVA, que puede ser SILENTE hasta la hemorragia, sobre todo en el anciano	Farmacoterapia::Reumatología, analgesia y antiinflamatorios
Efecto adverso grave de Naproxeno, diclofenaco y celecoxib: FRACASO RENAL AGUDO, nefritis intersticial y necrosis papilar — ¿en qué consiste?	FRACASO RENAL AGUDO, nefritis intersticial y necrosis papilar	Farmacoterapia::Reumatología, analgesia y antiinflamatorios
Efecto adverso grave de Naproxeno, diclofenaco y celecoxib: INFARTO e ICTUS — ¿en qué consiste?	INFARTO e ICTUS: el riesgo cardiovascular es de clase, MÁXIMO con diclofenaco y coxibs y MÍNIMO con naproxeno	Farmacoterapia::Reumatología, analgesia y antiinflamatorios
Efecto adverso grave de Naproxeno, diclofenaco y celecoxib: DESCOMPENSACIÓN de insuficiencia cardiaca — ¿en qué consiste?	DESCOMPENSACIÓN de insuficiencia cardiaca	Farmacoterapia::Reumatología, analgesia y antiinflamatorios
Efecto adverso grave de Naproxeno, diclofenaco y celecoxib: HIPERPOTASEMIA — ¿en qué consiste?	HIPERPOTASEMIA	Farmacoterapia::Reumatología, analgesia y antiinflamatorios
Efecto adverso grave de Naproxeno, diclofenaco y celecoxib: Broncoespasmo en la enfermedad respiratoria exacerbada por AINE — ¿en qué consiste?	Broncoespasmo en la enfermedad respiratoria exacerbada por AINE (asma, poliposis nasal e intolerancia al AAS)	Farmacoterapia::Reumatología, analgesia y antiinflamatorios
Efecto adverso grave de Naproxeno, diclofenaco y celecoxib: Hepatotoxicidad — ¿en qué consiste?	Hepatotoxicidad (diclofenaco)	Farmacoterapia::Reumatología, analgesia y antiinflamatorios
Efecto adverso grave de Naproxeno, diclofenaco y celecoxib: Reacciones cutáneas graves — ¿en qué consiste?	Reacciones cutáneas graves	Farmacoterapia::Reumatología, analgesia y antiinflamatorios
¿Está contraindicado Naproxeno, diclofenaco y celecoxib en: Úlcera péptica activa y hemorragia digestiva?	Sí — Úlcera péptica activa y hemorragia digestiva	Farmacoterapia::Reumatología, analgesia y antiinflamatorios
¿Está contraindicado Naproxeno, diclofenaco y celecoxib en: Insuficiencia renal con filtrado menor de 30 mL/min?	Sí — Insuficiencia renal con filtrado menor de 30 mL/min	Farmacoterapia::Reumatología, analgesia y antiinflamatorios
¿Está contraindicado Naproxeno, diclofenaco y celecoxib en: INSUFICIENCIA CARDIACA, cardiopatía isquémica y enfermedad arterial periférica?	Sí — INSUFICIENCIA CARDIACA, cardiopatía isquémica y enfermedad arterial periférica (especialmente diclofenaco y coxibs)	Farmacoterapia::Reumatología, analgesia y antiinflamatorios
¿Está contraindicado Naproxeno, diclofenaco y celecoxib en: TERCER TRIMESTRE del embarazo?	Sí — TERCER TRIMESTRE del embarazo	Farmacoterapia::Reumatología, analgesia y antiinflamatorios
¿Está contraindicado Naproxeno, diclofenaco y celecoxib en: Enfermedad respiratoria exacerbada por AINE?	Sí — Enfermedad respiratoria exacerbada por AINE	Farmacoterapia::Reumatología, analgesia y antiinflamatorios
¿Está contraindicado Naproxeno, diclofenaco y celecoxib en: Cirugía de revascularización coronaria?	Sí — Cirugía de revascularización coronaria (coxibs)	Farmacoterapia::Reumatología, analgesia y antiinflamatorios
Particularidad de Naproxeno, diclofenaco y celecoxib que hay que tener en cuenta:	La TRIPLE COMBINACIÓN de AINE, IECA o ARA-II y DIURÉTICO es una de las causas evitables más frecuentes de fracaso renal agudo. Los tres mecanismos que mantienen el filtrado glomerular se pierden a la vez, y basta una gastroenteritis o una ola de calor para precipitarlo. El paciente suele añadir el AINE por su cuenta, así que la advertencia hay que darla de forma activa.	Farmacoterapia::Reumatología, analgesia y antiinflamatorios
¿A qué clase farmacológica pertenece Oxicodona (y oxicodona/naloxona, hidromorfona, tapentadol)?	Opioide mayor (3.er escalón) (Agonistas mu potentes de administración oral)	Farmacoterapia::Reumatología, analgesia y antiinflamatorios
¿Cuál es el mecanismo de acción de Oxicodona (y oxicodona/naloxona, hidromorfona, tapentadol)?	Agonista puro del receptor mu, con potencia analgésica aproximadamente el doble que la de la morfina por vía oral. A diferencia de la codeína y del tramadol, NO es un profármaco dependiente del CYP2D6: aunque parte se convierte en oximorfona, la molécula original ya es activa, y por eso su efecto es mucho más predecible. La combinación OXICODONA/NALOXONA aprovecha un detalle farmacocinético elegante: la naloxona administrada por vía oral bloquea los receptores mu del INTESTINO, previniendo el estreñimiento, pero sufre un metabolismo presistémico hepático prácticamente completo (biodisponibilidad inferior al 3%), de modo que no alcanza el sistema nervioso central y no antagoniza la analgesia. El TAPENTADOL añade a la acción mu una inhibición de la recaptación de noradrenalina, lo que le da eficacia en el dolor neuropático con menos efectos digestivos.	Farmacoterapia::Reumatología, analgesia y antiinflamatorios
¿Qué distingue a Oxicodona (y oxicodona/naloxona, hidromorfona, tapentadol) de los demás fármacos de su clase (Opioide mayor (3.er escalón))?	<b>Biodisponibilidad oral alta (60-87%)</b> y menos variable que la morfina: 10 mg de oxicodona ≈ 20 mg de morfina oral.	Farmacoterapia::Reumatología, analgesia y antiinflamatorios
¿Cuál es la dosis de Oxicodona (y oxicodona/naloxona, hidromorfona, tapentadol) en DOLOR ONCOLÓGICO moderado-intenso?	Oxicodona de liberación prolongada 10 mg cada 12 horas, con ascenso según necesidad, más rescates de liberación inmediata — Cada 12 horas la basal, con rescates a demanda, vía VO	Farmacoterapia::Reumatología, analgesia y antiinflamatorios
¿A qué objetivo se ajusta la dosis de Oxicodona (y oxicodona/naloxona, hidromorfona, tapentadol) en DOLOR ONCOLÓGICO moderado-intenso?	Control del dolor con menos de 4 rescates al día; si necesita más, hay que subir la dosis basal	Farmacoterapia::Reumatología, analgesia y antiinflamatorios
¿Cuál es la dosis de Oxicodona (y oxicodona/naloxona, hidromorfona, tapentadol) en Dolor agudo intenso que no responde a analgésicos no opioides?	Oxicodona de liberación inmediata 5 mg cada 4-6 horas — Cada 4-6 horas, vía VO	Farmacoterapia::Reumatología, analgesia y antiinflamatorios
¿Cuál es la dosis de Oxicodona (y oxicodona/naloxona, hidromorfona, tapentadol) en Dolor crónico no oncológico con estreñimiento limitante?	Oxicodona/naloxona 10/5 mg cada 12 horas, hasta 40/20 mg cada 12 horas — Cada 12 horas, vía VO	Farmacoterapia::Reumatología, analgesia y antiinflamatorios
¿Cuál es la dosis de Oxicodona (y oxicodona/naloxona, hidromorfona, tapentadol) en Dolor en la INSUFICIENCIA RENAL?	Hidromorfona 1,3 mg cada 4-6 horas, o fentanilo transdérmico 12 microgramos/h, con reducción del 25-50% de la dosis equivalente — Según el fármaco, vía VO	Farmacoterapia::Reumatología, analgesia y antiinflamatorios
¿Cuánto dura el tratamiento con Oxicodona (y oxicodona/naloxona, hidromorfona, tapentadol)?	En el dolor agudo, días, con fecha de fin escrita. En el crónico no oncológico, revisión periódica del beneficio real y planteamiento de la retirada.	Farmacoterapia::Reumatología, analgesia y antiinflamatorios
¿Cómo se suspende Oxicodona (y oxicodona/naloxona, hidromorfona, tapentadol)?	Retirada PROGRESIVA (reducción del 10-25% cada 1-2 semanas) para evitar la abstinencia. En el dolor crónico no oncológico, la deprescripción forma parte del plan desde el principio.	Farmacoterapia::Reumatología, analgesia y antiinflamatorios
¿Qué hay que monitorizar durante el tratamiento con Oxicodona (y oxicodona/naloxona, hidromorfona, tapentadol)?	Analgesia, FUNCIÓN (lo que el paciente puede hacer), efectos adversos, estreñimiento y conductas de riesgo. En tratamiento crónico, testosterona y cortisol.	Farmacoterapia::Reumatología, analgesia y antiinflamatorios
¿Cuál es la vida media de Oxicodona (y oxicodona/naloxona, hidromorfona, tapentadol)?	3-5 horas la inmediata; 12 horas la formulación retardada.	Farmacoterapia::Reumatología, analgesia y antiinflamatorios
¿Requiere Oxicodona (y oxicodona/naloxona, hidromorfona, tapentadol) ajuste en insuficiencia renal?	Reducir la dosis un 50% con filtrado menor de 30 mL/min. En la insuficiencia renal, fentanilo e hidromorfona son preferibles.	Farmacoterapia::Reumatología, analgesia y antiinflamatorios
Interacción crítica de Oxicodona (y oxicodona/naloxona, hidromorfona, tapentadol) con BENZODIAZEPINAS, gabapentinoides, alcohol y otros depresores: ¿qué ocurre y qué se hace?	DEPRESIÓN RESPIRATORIA y muerte: es la combinación implicada en la mayoría de las muertes por opioides. Manejo: Evitar la asociación crónica; si es inevitable, dosis mínimas, advertencia explícita y NALOXONA domiciliaria	Farmacoterapia::Reumatología, analgesia y antiinflamatorios
Interacción crítica de Oxicodona (y oxicodona/naloxona, hidromorfona, tapentadol) con Inhibidores potentes del CYP3A4 (claritromicina, azoles, ritonavir, zumo de pomelo): ¿qué ocurre y qué se hace?	Aumentan sus concentraciones y el riesgo de sobredosis. Manejo: Reducir la dosis y vigilar la sedación	Farmacoterapia::Reumatología, analgesia y antiinflamatorios
Efecto adverso grave de Oxicodona (y oxicodona/naloxona, hidromorfona, tapentadol): DEPRESIÓN RESPIRATORIA, sobre todo asociada a benzodiazepinas, en el anciano y en la apnea del sueño — ¿en qué consiste?	DEPRESIÓN RESPIRATORIA, sobre todo asociada a benzodiazepinas, en el anciano y en la apnea del sueño	Farmacoterapia::Reumatología, analgesia y antiinflamatorios
Efecto adverso grave de Oxicodona (y oxicodona/naloxona, hidromorfona, tapentadol): DEPENDENCIA, tolerancia y trastorno por uso de opioides — ¿en qué consiste?	DEPENDENCIA, tolerancia y trastorno por uso de opioides: la oxicodona fue el fármaco central de la crisis de opioides en Norteamérica	Farmacoterapia::Reumatología, analgesia y antiinflamatorios
Efecto adverso grave de Oxicodona (y oxicodona/naloxona, hidromorfona, tapentadol): HIPERALGESIA inducida por opioides — ¿en qué consiste?	HIPERALGESIA inducida por opioides: paradójicamente, el paciente tiene MÁS dolor cuanto más opioide recibe	Farmacoterapia::Reumatología, analgesia y antiinflamatorios
Efecto adverso grave de Oxicodona (y oxicodona/naloxona, hidromorfona, tapentadol): HIPOGONADISMO e insuficiencia suprarrenal en el tratamiento prolongado, causa infradiagnosticada de astenia y disfunción sexual — ¿en qué consiste?	HIPOGONADISMO e insuficiencia suprarrenal en el tratamiento prolongado, causa infradiagnosticada de astenia y disfunción sexual	Farmacoterapia::Reumatología, analgesia y antiinflamatorios
Efecto adverso grave de Oxicodona (y oxicodona/naloxona, hidromorfona, tapentadol): Síndrome de abstinencia por retirada brusca — ¿en qué consiste?	Síndrome de abstinencia por retirada brusca	Farmacoterapia::Reumatología, analgesia y antiinflamatorios
Efecto adverso grave de Oxicodona (y oxicodona/naloxona, hidromorfona, tapentadol): Sobredosis mortal al TRITURAR una formulación retardada — ¿en qué consiste?	Sobredosis mortal al TRITURAR una formulación retardada	Farmacoterapia::Reumatología, analgesia y antiinflamatorios
¿Está contraindicado Oxicodona (y oxicodona/naloxona, hidromorfona, tapentadol) en: Depresión respiratoria no monitorizada?	Sí — Depresión respiratoria no monitorizada	Farmacoterapia::Reumatología, analgesia y antiinflamatorios
¿Está contraindicado Oxicodona (y oxicodona/naloxona, hidromorfona, tapentadol) en: Íleo paralítico?	Sí — Íleo paralítico	Farmacoterapia::Reumatología, analgesia y antiinflamatorios
¿Está contraindicado Oxicodona (y oxicodona/naloxona, hidromorfona, tapentadol) en: Uso de IMAO en las dos semanas previas?	Sí — Uso de IMAO en las dos semanas previas	Farmacoterapia::Reumatología, analgesia y antiinflamatorios
¿Está contraindicado Oxicodona (y oxicodona/naloxona, hidromorfona, tapentadol) en: Precaución máxima en la apnea obstructiva del sueño, en el anciano y en el trastorno por uso de sustancias?	Sí — Precaución máxima en la apnea obstructiva del sueño, en el anciano y en el trastorno por uso de sustancias	Farmacoterapia::Reumatología, analgesia y antiinflamatorios
¿Está contraindicado Oxicodona (y oxicodona/naloxona, hidromorfona, tapentadol) en: Dolor crónico no oncológico como primera opción?	Sí — Dolor crónico no oncológico como primera opción	Farmacoterapia::Reumatología, analgesia y antiinflamatorios
Particularidad de Oxicodona (y oxicodona/naloxona, hidromorfona, tapentadol) que hay que tener en cuenta:	En el dolor crónico NO oncológico, el objetivo no es el número de la escala de dolor sino la FUNCIÓN: qué puede hacer el paciente que antes no podía. Un opioide que reduce el dolor de 7 a 5 pero deja al paciente sedado, estreñido y sin salir de casa no está funcionando, por mucho que la cifra haya bajado.	Farmacoterapia::Reumatología, analgesia y antiinflamatorios
¿A qué clase farmacológica pertenece Tramadol?	Opioide menor (2.º escalón) (Opioide débil de acción dual (agonista mu y monoaminérgico))	Farmacoterapia::Reumatología, analgesia y antiinflamatorios
¿Cuál es el mecanismo de acción de Tramadol?	Tiene DOS mecanismos que actúan a la vez y explican tanto su eficacia como sus problemas. El primero es opioide: su metabolito O-desmetiltramadol (M1), generado por el CYP2D6, es un agonista del receptor mu con una afinidad muy superior a la del fármaco original. El segundo es monoaminérgico: el propio tramadol inhibe la recaptación de SEROTONINA y NORADRENALINA, potenciando las vías descendentes inhibitorias del dolor. De ese segundo mecanismo derivan el riesgo de síndrome serotoninérgico, el descenso del umbral convulsivo y la limitada respuesta a la naloxona.	Farmacoterapia::Reumatología, analgesia y antiinflamatorios
¿Qué distingue a Tramadol de los demás fármacos de su clase (Opioide menor (2.º escalón))?	<b>Opioide débil con efecto SEROTONINÉRGICO y NORADRENÉRGICO</b>: <b>síndrome serotoninérgico</b> con ISRS, IMAO, triptanes y rasagilina.	Farmacoterapia::Reumatología, analgesia y antiinflamatorios
¿Cuál es la dosis de Tramadol en Dolor moderado agudo (traumatismo, postoperatorio, cólico)?	50-100 mg cada 6-8 horas, máximo 400 mg al día — Cada 6-8 horas a demanda o pautado, vía VO	Farmacoterapia::Reumatología, analgesia y antiinflamatorios
¿Cuál es la dosis de Tramadol en Dolor crónico no oncológico que no responde a paracetamol y AINE?	50-100 mg cada 12 horas en la formulación retardada — Cada 12 horas, vía VO	Farmacoterapia::Reumatología, analgesia y antiinflamatorios
¿Cuál es la dosis de Tramadol en Dolor NEUROPÁTICO?	50-100 mg cada 8-12 horas — Cada 8-12 horas, vía VO	Farmacoterapia::Reumatología, analgesia y antiinflamatorios
¿Cuál es la dosis de Tramadol en Dolor moderado en el paciente que no tolera la vía oral?	100 mg cada 8 horas IV lenta o IM, máximo 400 mg al día — Cada 8 horas, vía IV	Farmacoterapia::Reumatología, analgesia y antiinflamatorios
¿Cuánto dura el tratamiento con Tramadol?	En el dolor agudo, el tiempo estrictamente necesario, habitualmente días. En el crónico, con revisión periódica de si sigue aportando algo.	Farmacoterapia::Reumatología, analgesia y antiinflamatorios
¿Cómo se suspende Tramadol?	Retirada PROGRESIVA si se ha usado semanas: la suspensión brusca da un síndrome de abstinencia mixto, opioide y monoaminérgico (ansiedad, insomnio, parestesias, e incluso alucinaciones).	Farmacoterapia::Reumatología, analgesia y antiinflamatorios
¿Qué hay que monitorizar durante el tratamiento con Tramadol?	Eficacia analgésica, sedación, estreñimiento y, en el anciano, natremia y estado cognitivo.	Farmacoterapia::Reumatología, analgesia y antiinflamatorios
¿Cuál es la vida media de Tramadol?	6 horas (M1, 7-9 horas).	Farmacoterapia::Reumatología, analgesia y antiinflamatorios
¿Requiere Tramadol ajuste en insuficiencia renal?	Con filtrado menor de 30 mL/min, alargar el intervalo a cada 12 horas y no superar los 200 mg al día. Evitar por debajo de 10 mL/min.	Farmacoterapia::Reumatología, analgesia y antiinflamatorios
Interacción crítica de Tramadol con ISRS, IRSN, tricíclicos, IMAO, triptanes, linezolid: ¿qué ocurre y qué se hace?	SÍNDROME SEROTONINÉRGICO. Manejo: Contraindicado con IMAO. Con los demás, valorar alternativa; si se combina, informar al paciente de los síntomas de alarma	Farmacoterapia::Reumatología, analgesia y antiinflamatorios
Interacción crítica de Tramadol con Fármacos que bajan el umbral convulsivo (bupropión, antipsicóticos, tramadol a dosis altas): ¿qué ocurre y qué se hace?	CONVULSIONES. Manejo: Evitar en el epiléptico y en el paciente con antecedentes de convulsión	Farmacoterapia::Reumatología, analgesia y antiinflamatorios
Interacción crítica de Tramadol con Benzodiazepinas, alcohol, gabapentinoides: ¿qué ocurre y qué se hace?	Depresión respiratoria y sedación por suma de efectos. Manejo: Evitar la combinación o usar la dosis mínima con vigilancia	Farmacoterapia::Reumatología, analgesia y antiinflamatorios
Efecto adverso grave de Tramadol: CONVULSIONES, incluso a dosis terapéuticas y sobre todo con antidepresivos asociados — ¿en qué consiste?	CONVULSIONES, incluso a dosis terapéuticas y sobre todo con antidepresivos asociados	Farmacoterapia::Reumatología, analgesia y antiinflamatorios
Efecto adverso grave de Tramadol: SÍNDROME SEROTONINÉRGICO — ¿en qué consiste?	SÍNDROME SEROTONINÉRGICO	Farmacoterapia::Reumatología, analgesia y antiinflamatorios
Efecto adverso grave de Tramadol: HIPONATREMIA por SIADH, especialmente en el anciano — ¿en qué consiste?	HIPONATREMIA por SIADH, especialmente en el anciano	Farmacoterapia::Reumatología, analgesia y antiinflamatorios
Efecto adverso grave de Tramadol: Depresión respiratoria, sobre todo en el metabolizador ultrarrápido del CYP2D6 y en el paciente con insuficiencia renal — ¿en qué consiste?	Depresión respiratoria, sobre todo en el metabolizador ultrarrápido del CYP2D6 y en el paciente con insuficiencia renal	Farmacoterapia::Reumatología, analgesia y antiinflamatorios
Efecto adverso grave de Tramadol: Hipoglucemia — ¿en qué consiste?	Hipoglucemia (asociación descrita e infravalorada)	Farmacoterapia::Reumatología, analgesia y antiinflamatorios
Efecto adverso grave de Tramadol: Dependencia y abstinencia — ¿en qué consiste?	Dependencia y abstinencia	Farmacoterapia::Reumatología, analgesia y antiinflamatorios
¿Está contraindicado Tramadol en: Uso concomitante o reciente de IMAO?	Sí — Uso concomitante o reciente de IMAO	Farmacoterapia::Reumatología, analgesia y antiinflamatorios
¿Está contraindicado Tramadol en: Epilepsia mal controlada?	Sí — Epilepsia mal controlada	Farmacoterapia::Reumatología, analgesia y antiinflamatorios
¿Está contraindicado Tramadol en: Intoxicación aguda por alcohol, hipnóticos u otros opioides?	Sí — Intoxicación aguda por alcohol, hipnóticos u otros opioides	Farmacoterapia::Reumatología, analgesia y antiinflamatorios
¿Está contraindicado Tramadol en: Menores de 12 años y menores de 18 tras amigdalectomía o adenoidectomía?	Sí — Menores de 12 años y menores de 18 tras amigdalectomía o adenoidectomía	Farmacoterapia::Reumatología, analgesia y antiinflamatorios
¿Está contraindicado Tramadol en: Insuficiencia renal o hepática graves?	Sí — Insuficiencia renal o hepática graves	Farmacoterapia::Reumatología, analgesia y antiinflamatorios
Particularidad de Tramadol que hay que tener en cuenta:	La fama de opioide inocuo es su mayor peligro. El tramadol tiene tres complicaciones que la morfina no tiene: convulsiones, síndrome serotoninérgico e hiponatremia. En el anciano polimedicado suele ser una elección peor que una dosis baja de un opioide clásico.	Farmacoterapia::Reumatología, analgesia y antiinflamatorios
¿A qué clase farmacológica pertenece Fentanilo?	Opioide mayor (3.er escalón) (Agonista mu potente, sintético y muy lipófilo)	Farmacoterapia::Reumatología, analgesia y antiinflamatorios
¿Cuál es el mecanismo de acción de Fentanilo?	Agonista puro y potente del receptor mu opioide, unas 100 veces más potente que la morfina. Su rasgo determinante es la LIPOFILIA extrema: atraviesa la barrera hematoencefálica en segundos, lo que da un inicio de acción casi inmediato por vía intravenosa, y permite su absorción a través de la piel y de la mucosa oral y nasal, algo imposible para la morfina. Esa misma lipofilia hace que se redistribuya con rapidez a la grasa y al músculo, de modo que el efecto de un bolo termina por redistribución y no por eliminación; con dosis repetidas o perfusiones largas la grasa se satura y la duración se alarga mucho.	Farmacoterapia::Reumatología, analgesia y antiinflamatorios
¿Qué distingue a Fentanilo de los demás fármacos de su clase (Opioide mayor (3.er escalón))?	<b>Muy LIPÓFILO y 100 veces más potente que la morfina</b>: <b>parche transdérmico</b> (dolor crónico estable) y formas <b>transmucosas de acción rápida</b> para el dolor irruptivo.	Farmacoterapia::Reumatología, analgesia y antiinflamatorios
¿Cuál es la dosis de Fentanilo en Analgesia en el paciente crítico y en la intubación de secuencia rápida?	1-3 microgramos/kg IV (habitualmente 50-150 microgramos), con perfusión posterior de 0,5-3 microgramos/kg/h — Bolo y perfusión continua, vía IV	Farmacoterapia::Reumatología, analgesia y antiinflamatorios
¿A qué objetivo se ajusta la dosis de Fentanilo en Analgesia en el paciente crítico y en la intubación de secuencia rápida?	Escala de dolor o de confort del paciente sedado dentro del objetivo pautado	Farmacoterapia::Reumatología, analgesia y antiinflamatorios
¿Cuál es la dosis de Fentanilo en Dolor crónico ONCOLÓGICO estable en el paciente ya tratado con opioides?	Parche transdérmico de 12-100 microgramos/h, cambiado cada 72 horas — Un parche cada 72 horas, vía transdérmica	Farmacoterapia::Reumatología, analgesia y antiinflamatorios
¿Cuál es la dosis de Fentanilo en Dolor IRRUPTIVO oncológico?	Comprimido sublingual o pulverización nasal de 100-200 microgramos como dosis inicial, titulando al alza — A demanda, con un máximo de 4 episodios al día, vía SL	Farmacoterapia::Reumatología, analgesia y antiinflamatorios
¿Cuál es la dosis de Fentanilo en Analgesia y sedación en procedimientos dolorosos?	25-100 microgramos IV, repetibles — Bolos repetidos, vía IV	Farmacoterapia::Reumatología, analgesia y antiinflamatorios
¿Cuánto dura el tratamiento con Fentanilo?	Bolo intravenoso: 30-60 minutos. Parche: 72 horas por unidad. La perfusión prolongada acumula.	Farmacoterapia::Reumatología, analgesia y antiinflamatorios
¿Cómo se suspende Fentanilo?	Al retirar el parche persiste un depósito subcutáneo que sigue liberando fármaco durante 12-24 horas: la vigilancia no termina cuando se despega el parche.	Farmacoterapia::Reumatología, analgesia y antiinflamatorios
¿Qué hay que monitorizar durante el tratamiento con Fentanilo?	Frecuencia respiratoria, nivel de sedación (que precede a la depresión respiratoria), saturación y capnografía si se puede. Vigilar la fiebre y las fuentes de calor en el portador de parche.	Farmacoterapia::Reumatología, analgesia y antiinflamatorios
¿Cuál es la vida media de Fentanilo?	3-7 horas, pero la vida media CONTEXTO-DEPENDIENTE se alarga mucho con perfusiones prolongadas.	Farmacoterapia::Reumatología, analgesia y antiinflamatorios
¿Requiere Fentanilo ajuste en insuficiencia renal?	Es el opioide de ELECCIÓN en la insuficiencia renal, porque sus metabolitos son inactivos y no se acumulan (a diferencia de la morfina).	Farmacoterapia::Reumatología, analgesia y antiinflamatorios
Interacción crítica de Fentanilo con Inhibidores potentes del CYP3A4 (ritonavir, claritromicina, ketoconazol, zumo de pomelo): ¿qué ocurre y qué se hace?	Aumentan sus concentraciones con riesgo de DEPRESIÓN RESPIRATORIA. Manejo: Reducir la dosis y vigilar; con el parche el problema es especialmente insidioso por la liberación mantenida	Farmacoterapia::Reumatología, analgesia y antiinflamatorios
Interacción crítica de Fentanilo con BENZODIAZEPINAS y otros depresores del sistema nervioso central: ¿qué ocurre y qué se hace?	Depresión respiratoria y muerte; es la combinación implicada en la mayoría de las muertes por opioides. Manejo: Evitar la asociación crónica; si es imprescindible, dosis mínimas y naloxona domiciliaria	Farmacoterapia::Reumatología, analgesia y antiinflamatorios
Efecto adverso grave de Fentanilo: DEPRESIÓN RESPIRATORIA, dosis-dependiente y potenciada por benzodiazepinas — ¿en qué consiste?	DEPRESIÓN RESPIRATORIA, dosis-dependiente y potenciada por benzodiazepinas	Farmacoterapia::Reumatología, analgesia y antiinflamatorios
Efecto adverso grave de Fentanilo: RIGIDEZ TORÁCICA — ¿en qué consiste?	RIGIDEZ TORÁCICA (tórax leñoso) con bolos intravenosos rápidos a dosis altas, que puede impedir la ventilación	Farmacoterapia::Reumatología, analgesia y antiinflamatorios
Efecto adverso grave de Fentanilo: Bradicardia — ¿en qué consiste?	Bradicardia	Farmacoterapia::Reumatología, analgesia y antiinflamatorios
Efecto adverso grave de Fentanilo: Sobredosis por exposición del parche al CALOR — ¿en qué consiste?	Sobredosis por exposición del parche al CALOR (fiebre, manta eléctrica, sauna, ejercicio intenso)	Farmacoterapia::Reumatología, analgesia y antiinflamatorios
Efecto adverso grave de Fentanilo: Dependencia, tolerancia y síndrome de abstinencia — ¿en qué consiste?	Dependencia, tolerancia y síndrome de abstinencia	Farmacoterapia::Reumatología, analgesia y antiinflamatorios
Efecto adverso grave de Fentanilo: Hiperalgesia inducida por opioides en tratamientos prolongados — ¿en qué consiste?	Hiperalgesia inducida por opioides en tratamientos prolongados	Farmacoterapia::Reumatología, analgesia y antiinflamatorios
¿Está contraindicado Fentanilo en: Paciente SIN exposición previa a opioides, para el parche y para las presentaciones del dolor irruptivo?	Sí — Paciente SIN exposición previa a opioides, para el parche y para las presentaciones del dolor irruptivo	Farmacoterapia::Reumatología, analgesia y antiinflamatorios
¿Está contraindicado Fentanilo en: Dolor AGUDO o postoperatorio, para el parche?	Sí — Dolor AGUDO o postoperatorio, para el parche	Farmacoterapia::Reumatología, analgesia y antiinflamatorios
¿Está contraindicado Fentanilo en: Depresión respiratoria no monitorizada?	Sí — Depresión respiratoria no monitorizada	Farmacoterapia::Reumatología, analgesia y antiinflamatorios
¿Está contraindicado Fentanilo en: Íleo paralítico?	Sí — Íleo paralítico	Farmacoterapia::Reumatología, analgesia y antiinflamatorios
¿Está contraindicado Fentanilo en: Uso concomitante de IMAO en las dos semanas previas?	Sí — Uso concomitante de IMAO en las dos semanas previas	Farmacoterapia::Reumatología, analgesia y antiinflamatorios
Particularidad de Fentanilo que hay que tener en cuenta:	El parche transdérmico es una de las prescripciones que más yatrogenia grave produce. Tres reglas lo evitan: nunca como primer opioide, nunca para el dolor agudo, y nunca sin recordar que tarda de 12 a 24 horas en hacer efecto y otras tantas en dejar de hacerlo tras retirarlo.	Farmacoterapia::Reumatología, analgesia y antiinflamatorios
¿A qué clase farmacológica pertenece Sulfasalazina?	FAME sintético convencional (antirreumático modificador de la enfermedad) (Profármaco escindido por la flora colónica en sulfapiridina y mesalazina)	Farmacoterapia::Reumatología, analgesia y antiinflamatorios
¿Cuál es el mecanismo de acción de Sulfasalazina?	Es un profármaco que une por un enlace AZO dos moléculas: la SULFAPIRIDINA (una sulfamida) y el ÁCIDO 5-AMINOSALICÍLICO o mesalazina. Ese enlace resiste el estómago y el intestino delgado y solo lo rompen las AZORREDUCTASAS de la FLORA COLÓNICA, de modo que el fármaco llega intacto al colon y allí libera sus dos componentes. La lógica de todo su comportamiento clínico se deduce de esa escisión: la MESALAZINA se queda actuando LOCALMENTE en la mucosa colónica (inhibe la ciclooxigenasa, la lipooxigenasa y el NF-kB) y apenas se absorbe, y es la responsable del efecto en la colitis ulcerosa; la SULFAPIRIDINA sí SE ABSORBE, pasa a la circulación y es la responsable tanto del efecto ANTIRREUMÁTICO sistémico como de casi TODOS los efectos adversos. De ahí que en la enfermedad inflamatoria intestinal se prefiera hoy la mesalazina sola, que evita la mitad tóxica de la molécula.	Farmacoterapia::Reumatología, analgesia y antiinflamatorios
¿Qué distingue a Sulfasalazina de los demás fármacos de su clase (FAME sintético convencional (antirreumático modificador de la enfermedad))?	<b>El FAME utilizable en el EMBARAZO</b> (con ácido fólico) y útil en la <b>espondiloartritis periférica</b> y la colitis ulcerosa.	Farmacoterapia::Reumatología, analgesia y antiinflamatorios
¿Cuál es la dosis de Sulfasalazina en ARTRITIS REUMATOIDE, sola o en terapia combinada?	500 mg al día con ascenso semanal hasta 2-3 g al día repartidos en 2 tomas — Dos tomas al día con las comidas, vía VO	Farmacoterapia::Reumatología, analgesia y antiinflamatorios
¿A qué objetivo se ajusta la dosis de Sulfasalazina en ARTRITIS REUMATOIDE, sola o en terapia combinada?	Remisión o baja actividad de la enfermedad, evaluada a los 3-6 meses	Farmacoterapia::Reumatología, analgesia y antiinflamatorios
¿Cuál es la dosis de Sulfasalazina en ARTRITIS PSORIÁSICA y espondiloartritis con afectación PERIFÉRICA?	2-3 g al día — Dos tomas al día, vía VO	Farmacoterapia::Reumatología, analgesia y antiinflamatorios
¿Cuál es la dosis de Sulfasalazina en COLITIS ULCEROSA leve-moderada?	2-4 g al día en el brote y 2 g al día en el mantenimiento — Repartida en 2-4 tomas, vía VO	Farmacoterapia::Reumatología, analgesia y antiinflamatorios
¿Cuál es la dosis de Sulfasalazina en Artritis idiopática juvenil poliarticular?	30-50 mg/kg/día, máximo 2 g — Dos tomas al día, vía VO	Farmacoterapia::Reumatología, analgesia y antiinflamatorios
¿Cuánto dura el tratamiento con Sulfasalazina?	Prolongada mientras mantenga eficacia.	Farmacoterapia::Reumatología, analgesia y antiinflamatorios
¿Cómo se suspende Sulfasalazina?	Retirada gradual en remisión mantenida; suspensión inmediata ante citopenia, exantema o hepatitis.	Farmacoterapia::Reumatología, analgesia y antiinflamatorios
¿Qué hay que monitorizar durante el tratamiento con Sulfasalazina?	Hemograma y transaminasas cada 2 semanas los 3 primeros meses, después cada 3 meses. Vigilancia de exantema.	Farmacoterapia::Reumatología, analgesia y antiinflamatorios
¿Cuál es la vida media de Sulfasalazina?	Sulfapiridina 6-14 horas, más prolongada en los acetiladores lentos.	Farmacoterapia::Reumatología, analgesia y antiinflamatorios
¿Requiere Sulfasalazina ajuste en insuficiencia renal?	Precaución; evitar en la insuficiencia renal significativa.	Farmacoterapia::Reumatología, analgesia y antiinflamatorios
Interacción crítica de Sulfasalazina con ÁCIDO FÓLICO: ¿qué ocurre y qué se hace?	La sulfasalazina INHIBE su absorción intestinal y produce anemia megaloblástica. Manejo: Suplementar folato de forma sistemática, y con especial atención en la mujer en edad fértil	Farmacoterapia::Reumatología, analgesia y antiinflamatorios
Interacción crítica de Sulfasalazina con AZATIOPRINA y mercaptopurina: ¿qué ocurre y qué se hace?	Inhibe la TPMT y aumenta el riesgo de MIELOSUPRESIÓN. Manejo: Combinación frecuente en la enfermedad inflamatoria intestinal: exige hemogramas más estrechos	Farmacoterapia::Reumatología, analgesia y antiinflamatorios
Efecto adverso grave de Sulfasalazina: AGRANULOCITOSIS y aplasia medular — ¿en qué consiste?	AGRANULOCITOSIS y aplasia medular (raras pero potencialmente mortales, sobre todo en los 3 primeros meses)	Farmacoterapia::Reumatología, analgesia y antiinflamatorios
Efecto adverso grave de Sulfasalazina: Síndrome DRESS y síndrome de Stevens-Johnson — ¿en qué consiste?	Síndrome DRESS y síndrome de Stevens-Johnson	Farmacoterapia::Reumatología, analgesia y antiinflamatorios
Efecto adverso grave de Sulfasalazina: Hepatitis — ¿en qué consiste?	Hepatitis	Farmacoterapia::Reumatología, analgesia y antiinflamatorios
Efecto adverso grave de Sulfasalazina: OLIGOSPERMIA con INFERTILIDAD MASCULINA REVERSIBLE, que se recupera a los 2-3 meses de suspenderla — ¿en qué consiste?	OLIGOSPERMIA con INFERTILIDAD MASCULINA REVERSIBLE, que se recupera a los 2-3 meses de suspenderla	Farmacoterapia::Reumatología, analgesia y antiinflamatorios
Efecto adverso grave de Sulfasalazina: Anemia hemolítica en el déficit de G6PD — ¿en qué consiste?	Anemia hemolítica en el déficit de G6PD	Farmacoterapia::Reumatología, analgesia y antiinflamatorios
Efecto adverso grave de Sulfasalazina: Neumonitis por hipersensibilidad — ¿en qué consiste?	Neumonitis por hipersensibilidad	Farmacoterapia::Reumatología, analgesia y antiinflamatorios
Efecto adverso grave de Sulfasalazina: Anemia megaloblástica por déficit de folato — ¿en qué consiste?	Anemia megaloblástica por déficit de folato	Farmacoterapia::Reumatología, analgesia y antiinflamatorios
¿Está contraindicado Sulfasalazina en: Alergia a las SULFAMIDAS o a los salicilatos?	Sí — Alergia a las SULFAMIDAS o a los salicilatos	Farmacoterapia::Reumatología, analgesia y antiinflamatorios
¿Está contraindicado Sulfasalazina en: Porfiria?	Sí — Porfiria	Farmacoterapia::Reumatología, analgesia y antiinflamatorios
¿Está contraindicado Sulfasalazina en: Obstrucción intestinal o urinaria?	Sí — Obstrucción intestinal o urinaria	Farmacoterapia::Reumatología, analgesia y antiinflamatorios
¿Está contraindicado Sulfasalazina en: Déficit de G6PD?	Sí — Déficit de G6PD (relativa)	Farmacoterapia::Reumatología, analgesia y antiinflamatorios
¿Está contraindicado Sulfasalazina en: Insuficiencia hepática o renal grave?	Sí — Insuficiencia hepática o renal grave	Farmacoterapia::Reumatología, analgesia y antiinflamatorios
Particularidad de Sulfasalazina que hay que tener en cuenta:	Toda su farmacología se entiende desde la ESCISIÓN por la flora del colon: la MESALAZINA se queda actuando localmente en el intestino y la SULFAPIRIDINA se absorbe y produce el efecto antirreumático y casi toda la toxicidad. Esa es la razón por la que en la colitis ulcerosa se prefiere hoy la mesalazina sola, y por la que en la artritis hace falta la molécula entera.	Farmacoterapia::Reumatología, analgesia y antiinflamatorios
