¿A qué clase farmacológica pertenece Amikacina?	Aminoglucósido (Aminoglucósido semisintético)	Farmacoterapia::Antiinfecciosos
¿Cuál es el mecanismo de acción de Amikacina?	Se une de forma irreversible a la subunidad ribosómica 30S y provoca una lectura ERRÓNEA del ARN mensajero, con síntesis de proteínas defectuosas que se insertan en la membrana bacteriana y la desestabilizan. El resultado es una acción BACTERICIDA rápida y DEPENDIENTE DE LA CONCENTRACIÓN: cuanto mayor es el pico en relación con la CMI, mayor es la muerte bacteriana, lo que justifica la dosis única diaria alta en lugar de dosis repartidas. Su entrada en la bacteria requiere TRANSPORTE ACTIVO dependiente de OXÍGENO, y de ahí dos consecuencias clínicas directas: no funciona frente a ANAEROBIOS y pierde eficacia en los abscesos y en el medio ácido. La amikacina se diferencia del resto de aminoglucósidos por su resistencia a la mayoría de las enzimas modificantes bacterianas, lo que la mantiene activa donde la gentamicina y la tobramicina han fracasado.	Farmacoterapia::Antiinfecciosos
¿Qué distingue a Amikacina de los demás fármacos de su clase (Aminoglucósido)?	<b>El aminoglucósido más resistente a las enzimas modificadoras</b>: activo frente a gramnegativos resistentes a gentamicina.	Farmacoterapia::Antiinfecciosos
¿Cuál es el espectro de Amikacina?	GRAMNEGATIVOS aerobios, incluidas enterobacterias productoras de betalactamasas de espectro extendido y muchas carbapenemasas, Pseudomonas aeruginosa y Acinetobacter. MICOBACTERIAS no tuberculosas de crecimiento rápido (M. abscessus, M. fortuitum, M. chelonae) y M. tuberculosis multirresistente. NOCARDIA. Sinergia con betalactámicos frente a grampositivos (Enterococcus, Staphylococcus) en la endocarditis. NO cubre ANAEROBIOS ni tiene actividad útil en monoterapia frente a grampositivos.	Farmacoterapia::Antiinfecciosos
¿Cuál es la dosis de Amikacina en Sepsis grave o shock séptico de origen abdominal o urinario con sospecha de gramnegativo multirresistente?	15-20 mg/kg cada 24 horas, calculado sobre el peso AJUSTADO en el obeso — Dosis única diaria, vía IV	Farmacoterapia::Antiinfecciosos
¿A qué objetivo se ajusta la dosis de Amikacina en Sepsis grave o shock séptico de origen abdominal o urinario con sospecha de gramnegativo multirresistente?	Concentración PICO de 8-10 veces la CMI (típicamente 60-80 microgramos/mL) y VALLE menor de 4-5 microgramos/mL	Farmacoterapia::Antiinfecciosos
¿Cuál es la dosis de Amikacina en Infección por micobacterias de CRECIMIENTO RÁPIDO (M. abscessus, M. fortuitum)?	15 mg/kg al día IV, o 10-15 mg/kg tres veces por semana en tratamiento prolongado — Diaria o tres veces por semana, vía IV	Farmacoterapia::Antiinfecciosos
¿Cuál es la dosis de Amikacina en NOCARDIOSIS con afectación del sistema nervioso central o diseminada?	15 mg/kg al día — Dosis única diaria, vía IV	Farmacoterapia::Antiinfecciosos
¿Cuál es la dosis de Amikacina en Tuberculosis multirresistente?	15 mg/kg al día, máximo 1 g — Dosis única diaria, vía IM	Farmacoterapia::Antiinfecciosos
¿Cuál es la dosis de Amikacina en Endocarditis por Enterococcus o por estafilococo sobre válvula protésica, en sinergia?	Dosis bajas, 1 mg/kg cada 8-12 horas de gentamicina o equivalente de amikacina — Cada 8-12 horas, vía IV	Farmacoterapia::Antiinfecciosos
¿Cuánto dura el tratamiento con Amikacina?	CORTA siempre que sea posible: 3-5 días como ampliación empírica del espectro. La toxicidad es ACUMULATIVA, de modo que cada día añadido cuenta. En las micobacterias, en cambio, se emplea durante meses asumiendo ese riesgo.	Farmacoterapia::Antiinfecciosos
¿Cómo se suspende Amikacina?	Se retira en cuanto el antibiograma permite desescalar a un betalactámico dirigido. Prolongarla por inercia es una de las causas evitables de sordera yatrógena.	Farmacoterapia::Antiinfecciosos
¿Qué hay que monitorizar durante el tratamiento con Amikacina?	NIVELES pico y valle, creatinina cada 48 horas, diuresis, y AUDIOMETRÍA basal y periódica en tratamientos de más de 7 días. Preguntar activamente por acúfenos e inestabilidad.	Farmacoterapia::Antiinfecciosos
¿Cuál es la vida media de Amikacina?	2-3 horas con función renal normal; se prolonga enormemente en la insuficiencia renal.	Farmacoterapia::Antiinfecciosos
¿Requiere Amikacina ajuste en insuficiencia renal?	OBLIGATORIO. Se ajusta ALARGANDO EL INTERVALO, no reduciendo la dosis, para mantener el pico bactericida y permitir que el valle descienda. En diálisis se administra tras la sesión.	Farmacoterapia::Antiinfecciosos
Interacción crítica de Amikacina con Diuréticos de ASA (furosemida): ¿qué ocurre y qué se hace?	OTOTOXICIDAD aditiva. Manejo: Combinación muy frecuente en el paciente crítico: evitarla si es posible y vigilar audición y función renal	Farmacoterapia::Antiinfecciosos
Interacción crítica de Amikacina con Vancomicina, anfotericina B, contrastes yodados, AINE, ciclosporina: ¿qué ocurre y qué se hace?	NEFROTOXICIDAD aditiva. Manejo: Espaciar los contrastes, mantener buena volemia y controlar la creatinina cada 48 horas	Farmacoterapia::Antiinfecciosos
Interacción crítica de Amikacina con Bloqueantes NEUROMUSCULARES y anestésicos: ¿qué ocurre y qué se hace?	Potencian el bloqueo neuromuscular con riesgo de parálisis y apnea postoperatoria. Manejo: Relevante en quirófano y en la miastenia gravis, donde el aminoglucósido está desaconsejado	Farmacoterapia::Antiinfecciosos
Efecto adverso grave de Amikacina: OTOTOXICIDAD COCLEAR IRREVERSIBLE — ¿en qué consiste?	OTOTOXICIDAD COCLEAR IRREVERSIBLE: sordera para las frecuencias agudas que progresa a la conversación y que NO se recupera al retirar el fármaco	Farmacoterapia::Antiinfecciosos
Efecto adverso grave de Amikacina: Toxicidad VESTIBULAR con vértigo, oscilopsia e inestabilidad permanente — ¿en qué consiste?	Toxicidad VESTIBULAR con vértigo, oscilopsia e inestabilidad permanente	Farmacoterapia::Antiinfecciosos
Efecto adverso grave de Amikacina: NEFROTOXICIDAD por necrosis tubular aguda, dosis y tiempo dependiente, habitualmente reversible — ¿en qué consiste?	NEFROTOXICIDAD por necrosis tubular aguda, dosis y tiempo dependiente, habitualmente reversible	Farmacoterapia::Antiinfecciosos
Efecto adverso grave de Amikacina: BLOQUEO NEUROMUSCULAR con parálisis respiratoria, sobre todo en la miastenia y con relajantes musculares — ¿en qué consiste?	BLOQUEO NEUROMUSCULAR con parálisis respiratoria, sobre todo en la miastenia y con relajantes musculares	Farmacoterapia::Antiinfecciosos
Efecto adverso grave de Amikacina: Sordera CONGÉNITA en el hijo de madre tratada — ¿en qué consiste?	Sordera CONGÉNITA en el hijo de madre tratada (atraviesa la placenta)	Farmacoterapia::Antiinfecciosos
Efecto adverso grave de Amikacina: Ototoxicidad catastrófica con dosis normales en portadores de la mutación mitocondrial A1555G del ARNr 12S — ¿en qué consiste?	Ototoxicidad catastrófica con dosis normales en portadores de la mutación mitocondrial A1555G del ARNr 12S	Farmacoterapia::Antiinfecciosos
¿Está contraindicado Amikacina en: EMBARAZO?	Sí — EMBARAZO (riesgo de sordera congénita)	Farmacoterapia::Antiinfecciosos
¿Está contraindicado Amikacina en: MIASTENIA GRAVIS?	Sí — MIASTENIA GRAVIS	Farmacoterapia::Antiinfecciosos
¿Está contraindicado Amikacina en: Antecedente de ototoxicidad por aminoglucósidos o mutación mitocondrial conocida?	Sí — Antecedente de ototoxicidad por aminoglucósidos o mutación mitocondrial conocida	Farmacoterapia::Antiinfecciosos
¿Está contraindicado Amikacina en: Precaución máxima en el anciano, en el insuficiente renal y en el tratamiento concomitante con otros nefrotóxicos u ototóxicos?	Sí — Precaución máxima en el anciano, en el insuficiente renal y en el tratamiento concomitante con otros nefrotóxicos u ototóxicos	Farmacoterapia::Antiinfecciosos
Particularidad de Amikacina que hay que tener en cuenta:	La asimetría de sus dos toxicidades es lo que hay que retener: la NEFROTOXICIDAD suele ser REVERSIBLE, y la OTOTOXICIDAD es IRREVERSIBLE. Se vigila la creatinina porque es fácil, pero lo que de verdad marca la vida del paciente es la audición, que casi nunca se mide. Un paciente que sale del hospital sordo no recupera el oído.	Farmacoterapia::Antiinfecciosos
¿A qué clase farmacológica pertenece Moxifloxacino?	Fluoroquinolona (4.ª generación, «quinolona respiratoria» con actividad antianaerobia)	Farmacoterapia::Antiinfecciosos
¿Cuál es el mecanismo de acción de Moxifloxacino?	Inhibe la ADN girasa (topoisomerasa II) y la topoisomerasa IV bacterianas, bloqueando la replicación del ADN. Bactericida concentración-dependiente. Su estructura (grupo 8-metoxi) aumenta la afinidad por la topoisomerasa IV de grampositivos.	Farmacoterapia::Antiinfecciosos
¿Qué distingue a Moxifloxacino de los demás fármacos de su clase (Fluoroquinolona)?	<b>La fluoroquinolona más activa frente a NEUMOCOCO y la única con buena actividad ANAEROBIA</b> (útil en infecciones mixtas).	Farmacoterapia::Antiinfecciosos
¿Cuál es el espectro de Moxifloxacino?	Cubre: neumococo (incluido resistente a penicilina), H. influenzae, Moraxella, atípicos (Mycoplasma, Chlamydophila, Legionella), S. aureus sensible a meticilina, enterobacterias y <b>anaerobios</b> (B. fragilis con resistencias crecientes), M. tuberculosis. NO cubre: <b>Pseudomonas aeruginosa</b>, SARM fiable, enterococo. <b>No alcanza concentraciones urinarias útiles.</b>	Farmacoterapia::Antiinfecciosos
¿Cuál es la dosis de Moxifloxacino en Neumonía adquirida en la comunidad (alergia a betalactámicos o fracaso)?	400 mg — Cada 24 h, vía VO / IV	Farmacoterapia::Antiinfecciosos
¿Cuál es la dosis de Moxifloxacino en Exacerbación de EPOC y sinusitis bacteriana (segunda línea)?	400 mg — Cada 24 h, vía VO	Farmacoterapia::Antiinfecciosos
¿Cuál es la dosis de Moxifloxacino en Infección intraabdominal leve-moderada adquirida en la comunidad?	400 mg — Cada 24 h, vía VO / IV	Farmacoterapia::Antiinfecciosos
¿Cuánto dura el tratamiento con Moxifloxacino?	5-7 días en NAC y EPOC; 5-14 días en el resto.	Farmacoterapia::Antiinfecciosos
¿Cómo se suspende Moxifloxacino?	Suspender ante tendinitis, neuropatía, alteraciones psiquiátricas o QT >500 ms.	Farmacoterapia::Antiinfecciosos
¿Qué hay que monitorizar durante el tratamiento con Moxifloxacino?	QT, glucemia en diabéticos, síntomas tendinosos.	Farmacoterapia::Antiinfecciosos
¿Cuál es la vida media de Moxifloxacino?	12 h.	Farmacoterapia::Antiinfecciosos
¿Requiere Moxifloxacino ajuste en insuficiencia renal?	<b>No precisa.</b>	Farmacoterapia::Antiinfecciosos
Interacción crítica de Moxifloxacino con Fármacos que prolongan el QT (antiarrítmicos IA/III, antipsicóticos, macrólidos, ondansetrón): ¿qué ocurre y qué se hace?	<b>Torsade de pointes</b>. Manejo: Evitar la combinación	Farmacoterapia::Antiinfecciosos
Interacción crítica de Moxifloxacino con Corticoides sistémicos: ¿qué ocurre y qué se hace?	Aumentan el riesgo de rotura tendinosa. Manejo: Evitar en ancianos	Farmacoterapia::Antiinfecciosos
Efecto adverso grave de Moxifloxacino: <b>Prolongación del QT</b> — ¿en qué consiste?	<b>Prolongación del QT</b>	Farmacoterapia::Antiinfecciosos
Efecto adverso grave de Moxifloxacino: Tendinitis y rotura del tendón de Aquiles — ¿en qué consiste?	Tendinitis y rotura del tendón de Aquiles	Farmacoterapia::Antiinfecciosos
Efecto adverso grave de Moxifloxacino: Neuropatía periférica, alteraciones psiquiátricas — ¿en qué consiste?	Neuropatía periférica, alteraciones psiquiátricas	Farmacoterapia::Antiinfecciosos
Efecto adverso grave de Moxifloxacino: Disglucemias, aneurisma o disección aórtica — ¿en qué consiste?	Disglucemias, aneurisma o disección aórtica	Farmacoterapia::Antiinfecciosos
Efecto adverso grave de Moxifloxacino: Hepatotoxicidad grave — ¿en qué consiste?	Hepatotoxicidad grave (rara)	Farmacoterapia::Antiinfecciosos
Efecto adverso grave de Moxifloxacino: Colitis por C. difficile — ¿en qué consiste?	Colitis por C. difficile	Farmacoterapia::Antiinfecciosos
¿Está contraindicado Moxifloxacino en: QT largo, bradicardia, hipopotasemia no corregida?	Sí — QT largo, bradicardia, hipopotasemia no corregida	Farmacoterapia::Antiinfecciosos
¿Está contraindicado Moxifloxacino en: Insuficiencia hepática grave?	Sí — Insuficiencia hepática grave	Farmacoterapia::Antiinfecciosos
¿Está contraindicado Moxifloxacino en: Antecedente de tendinopatía por quinolonas?	Sí — Antecedente de tendinopatía por quinolonas	Farmacoterapia::Antiinfecciosos
¿Está contraindicado Moxifloxacino en: Embarazo, lactancia y menores de 18 años?	Sí — Embarazo, lactancia y menores de 18 años	Farmacoterapia::Antiinfecciosos
Particularidad de Moxifloxacino que hay que tener en cuenta:	<b>Cistitis tratada con moxifloxacino = cistitis infratratada</b>: no llega a la orina.	Farmacoterapia::Antiinfecciosos
¿A qué clase farmacológica pertenece Ceftazidima?	Betalactámico — cefalosporina de 3.ª generación (Cefalosporina de 3.ª generación ANTIPSEUDOMÓNICA)	Farmacoterapia::Antiinfecciosos
¿Cuál es el mecanismo de acción de Ceftazidima?	Betalactámico que se une a las PBP (sobre todo PBP3 de gramnegativos) e inhibe la síntesis de la pared. Bactericida tiempo-dependiente: lo que importa es el tiempo por encima de la CMI (de ahí la perfusión extendida).	Farmacoterapia::Antiinfecciosos
¿Qué distingue a Ceftazidima de los demás fármacos de su clase (Betalactámico — cefalosporina de 3.ª generación)?	<b>La única cefalosporina de 3.ª generación ANTIPSEUDOMÓNICA</b> (ceftriaxona y cefotaxima no cubren Pseudomonas).	Farmacoterapia::Antiinfecciosos
¿Cuál es el espectro de Ceftazidima?	Cubre: <b>Pseudomonas aeruginosa</b>, enterobacterias (no productoras de BLEE ni AmpC desreprimida), H. influenzae, Neisseria. NO cubre: <b>grampositivos de forma útil</b> (neumococo, S. aureus), enterococo, Listeria, anaerobios, Acinetobacter de forma fiable, BLEE.	Farmacoterapia::Antiinfecciosos
¿Cuál es la dosis de Ceftazidima en Infección por Pseudomonas aeruginosa sensible (neumonía nosocomial, bacteriemia, infección urinaria complicada, otitis externa maligna)?	2 g — Cada 8 h (perfusión extendida de 3-4 h preferible), vía IV	Farmacoterapia::Antiinfecciosos
¿Cuál es la dosis de Ceftazidima en Neutropenia febril (alternativa a cefepima o piperacilina-tazobactam)?	2 g — Cada 8 h, vía IV	Farmacoterapia::Antiinfecciosos
¿Cuánto dura el tratamiento con Ceftazidima?	7-14 días según foco.	Farmacoterapia::Antiinfecciosos
¿Cómo se suspende Ceftazidima?	Suspensión al completar el ciclo.	Farmacoterapia::Antiinfecciosos
¿Qué hay que monitorizar durante el tratamiento con Ceftazidima?	Función renal, respuesta clínica, neurotoxicidad en ERC.	Farmacoterapia::Antiinfecciosos
¿Cuál es la vida media de Ceftazidima?	<b>2 h.</b>	Farmacoterapia::Antiinfecciosos
¿Requiere Ceftazidima ajuste en insuficiencia renal?	FG 30-50: 1 g/12 h; FG 15-30: 1 g/24 h; FG <15: 0,5 g/24 h; dializable.	Farmacoterapia::Antiinfecciosos
Efecto adverso grave de Ceftazidima: Anafilaxia — ¿en qué consiste?	Anafilaxia	Farmacoterapia::Antiinfecciosos
Efecto adverso grave de Ceftazidima: **Neurotoxicidad — ¿en qué consiste?	<b>Neurotoxicidad (encefalopatía, convulsiones) en insuficiencia renal no ajustada</b>	Farmacoterapia::Antiinfecciosos
Efecto adverso grave de Ceftazidima: Colitis por C. difficile — ¿en qué consiste?	Colitis por C. difficile	Farmacoterapia::Antiinfecciosos
Efecto adverso grave de Ceftazidima: Selección de resistencias — ¿en qué consiste?	Selección de resistencias (AmpC, BLEE)	Farmacoterapia::Antiinfecciosos
¿Está contraindicado Ceftazidima en: Alergia grave a cefalosporinas?	Sí — Alergia grave a cefalosporinas	Farmacoterapia::Antiinfecciosos
¿Está contraindicado Ceftazidima en: Alergia inmediata grave a penicilinas?	Sí — Alergia inmediata grave a penicilinas (relativa; comparte cadena lateral con aztreonam)	Farmacoterapia::Antiinfecciosos
Particularidad de Ceftazidima que hay que tener en cuenta:	<b>Ceftazidima y aztreonam comparten cadena lateral</b>: alergia cruzada posible entre ambos (el aztreonam no tiene reactividad cruzada con otros betalactámicos).	Farmacoterapia::Antiinfecciosos
¿A qué clase farmacológica pertenece Ertapenem?	Betalactámico — carbapenem (Carbapenem NO antipseudomónico de dosis única diaria)	Farmacoterapia::Antiinfecciosos
¿Cuál es el mecanismo de acción de Ertapenem?	Betalactámico estable frente a casi todas las betalactamasas (incluidas BLEE y AmpC); se une a PBP e inhibe la síntesis de pared. Su cadena lateral reduce la entrada por porinas de Pseudomonas.	Farmacoterapia::Antiinfecciosos
¿Qué distingue a Ertapenem de los demás fármacos de su clase (Betalactámico — carbapenem)?	<b>NO cubre Pseudomonas ni Acinetobacter</b> (meropenem e imipenem sí): carbapenem de la infección <b>comunitaria por BLEE</b>.	Farmacoterapia::Antiinfecciosos
¿Cuál es el espectro de Ertapenem?	Cubre: enterobacterias <b>incluidas BLEE y AmpC</b>, anaerobios (B. fragilis), estreptococos, S. aureus sensible a meticilina, H. influenzae. NO cubre: <b>Pseudomonas, Acinetobacter</b>, enterococo, SARM, atípicos, productores de carbapenemasas.	Farmacoterapia::Antiinfecciosos
¿Cuál es la dosis de Ertapenem en Infección por enterobacterias productoras de BLEE (urinaria complicada, intraabdominal, bacteriemia)?	1 g — Cada 24 h, vía IV / IM	Farmacoterapia::Antiinfecciosos
¿Cuál es la dosis de Ertapenem en Infección intraabdominal comunitaria complicada y pie diabético moderado-grave?	1 g — Cada 24 h, vía IV	Farmacoterapia::Antiinfecciosos
¿Cuánto dura el tratamiento con Ertapenem?	Según foco (5-14 días).	Farmacoterapia::Antiinfecciosos
¿Cómo se suspende Ertapenem?	Desescalar a antibiótico oral según antibiograma (fosfomicina, cotrimoxazol, quinolona) cuando sea posible.	Farmacoterapia::Antiinfecciosos
¿Qué hay que monitorizar durante el tratamiento con Ertapenem?	Función renal, respuesta clínica.	Farmacoterapia::Antiinfecciosos
¿Cuál es la vida media de Ertapenem?	<b>4 h.</b>	Farmacoterapia::Antiinfecciosos
¿Requiere Ertapenem ajuste en insuficiencia renal?	<b>FG <30: 500 mg/24 h.</b>	Farmacoterapia::Antiinfecciosos
Interacción crítica de Ertapenem con Ácido valproico: ¿qué ocurre y qué se hace?	<b>Caída brusca de los niveles de valproato y crisis</b>. Manejo: Evitar; cambiar de antibiótico o de antiepiléptico	Farmacoterapia::Antiinfecciosos
Efecto adverso grave de Ertapenem: Convulsiones — ¿en qué consiste?	Convulsiones (raras; más en ERC)	Farmacoterapia::Antiinfecciosos
Efecto adverso grave de Ertapenem: Colitis por C. difficile — ¿en qué consiste?	Colitis por C. difficile	Farmacoterapia::Antiinfecciosos
Efecto adverso grave de Ertapenem: Anafilaxia — ¿en qué consiste?	Anafilaxia	Farmacoterapia::Antiinfecciosos
¿Está contraindicado Ertapenem en: Alergia grave a carbapenémicos?	Sí — Alergia grave a carbapenémicos	Farmacoterapia::Antiinfecciosos
¿Está contraindicado Ertapenem en: Alergia inmediata grave a otros betalactámicos?	Sí — Alergia inmediata grave a otros betalactámicos (relativa: reactividad cruzada <1%)	Farmacoterapia::Antiinfecciosos
Particularidad de Ertapenem que hay que tener en cuenta:	<b>¿Pseudomonas posible (nosocomial, neutropenia, estructural pulmonar)? Entonces ertapenem NO.</b>	Farmacoterapia::Antiinfecciosos
¿A qué clase farmacológica pertenece Imipenem-cilastatina?	Betalactámico — carbapenem (Primer carbapenem, combinado con inhibidor de la dehidropeptidasa renal)	Farmacoterapia::Antiinfecciosos
¿Cuál es el mecanismo de acción de Imipenem-cilastatina?	Betalactámico estable frente a la mayoría de betalactamasas; se une a PBP (sobre todo PBP2) e inhibe la síntesis de pared. Efecto postantibiótico frente a gramnegativos.	Farmacoterapia::Antiinfecciosos
¿Qué distingue a Imipenem-cilastatina de los demás fármacos de su clase (Betalactámico — carbapenem)?	<b>Siempre con CILASTATINA</b>, que inhibe la dehidropeptidasa I renal (sin ella el imipenem se inactiva en el riñón y es nefrotóxico).	Farmacoterapia::Antiinfecciosos
¿Cuál es el espectro de Imipenem-cilastatina?	Cubre: enterobacterias (incluidas BLEE y AmpC), <b>Pseudomonas aeruginosa</b>, Acinetobacter (variable), anaerobios, estreptococos, S. aureus sensible a meticilina, <b>E. faecalis</b>, Nocardia, micobacterias de crecimiento rápido. NO cubre: SARM, E. faecium, Stenotrophomonas, atípicos, productores de carbapenemasas.	Farmacoterapia::Antiinfecciosos
¿Cuál es la dosis de Imipenem-cilastatina en Infecciones graves por gramnegativos multirresistentes o polimicrobianas (cuando no está disponible meropenem)?	500 mg-1 g — Cada 6-8 h, vía IV	Farmacoterapia::Antiinfecciosos
¿Cuál es la dosis de Imipenem-cilastatina en Infección por micobacterias de crecimiento rápido (M. abscessus) y nocardiosis grave?	500 mg-1 g — Cada 6-12 h, vía IV	Farmacoterapia::Antiinfecciosos
¿Cuánto dura el tratamiento con Imipenem-cilastatina?	Según foco.	Farmacoterapia::Antiinfecciosos
¿Cómo se suspende Imipenem-cilastatina?	Desescalar en cuanto sea posible.	Farmacoterapia::Antiinfecciosos
¿Qué hay que monitorizar durante el tratamiento con Imipenem-cilastatina?	Función renal, estado neurológico.	Farmacoterapia::Antiinfecciosos
¿Cuál es la vida media de Imipenem-cilastatina?	1 h.	Farmacoterapia::Antiinfecciosos
¿Requiere Imipenem-cilastatina ajuste en insuficiencia renal?	<b>Reducir dosis según FG; no usar con FG <15 sin diálisis</b> (convulsiones).	Farmacoterapia::Antiinfecciosos
Interacción crítica de Imipenem-cilastatina con Ácido valproico: ¿qué ocurre y qué se hace?	Caída de niveles de valproato. Manejo: Evitar	Farmacoterapia::Antiinfecciosos
Interacción crítica de Imipenem-cilastatina con Ganciclovir: ¿qué ocurre y qué se hace?	Convulsiones. Manejo: Evitar la combinación	Farmacoterapia::Antiinfecciosos
Efecto adverso grave de Imipenem-cilastatina: <b>Convulsiones</b> — ¿en qué consiste?	<b>Convulsiones</b>	Farmacoterapia::Antiinfecciosos
Efecto adverso grave de Imipenem-cilastatina: Colitis por C. difficile — ¿en qué consiste?	Colitis por C. difficile	Farmacoterapia::Antiinfecciosos
Efecto adverso grave de Imipenem-cilastatina: Anafilaxia — ¿en qué consiste?	Anafilaxia	Farmacoterapia::Antiinfecciosos
¿Está contraindicado Imipenem-cilastatina en: Alergia grave a carbapenémicos?	Sí — Alergia grave a carbapenémicos	Farmacoterapia::Antiinfecciosos
¿Está contraindicado Imipenem-cilastatina en: Meningitis?	Sí — Meningitis (preferir meropenem)	Farmacoterapia::Antiinfecciosos
¿Está contraindicado Imipenem-cilastatina en: Epilepsia no controlada?	Sí — Epilepsia no controlada (relativa)	Farmacoterapia::Antiinfecciosos
Particularidad de Imipenem-cilastatina que hay que tener en cuenta:	<b>Entre carbapenémicos, para el SNC: meropenem.</b> El imipenem queda para situaciones concretas.	Farmacoterapia::Antiinfecciosos
¿A qué clase farmacológica pertenece Ampicilina?	Betalactámico — aminopenicilina (Aminopenicilina de uso intravenoso)	Farmacoterapia::Antiinfecciosos
¿Cuál es el mecanismo de acción de Ampicilina?	Betalactámico que se une a las PBP e inhibe la transpeptidación de la pared. Su grupo amino aumenta la penetración en gramnegativos respecto a la penicilina G. Hidrolizable por betalactamasas (de ahí la combinación con sulbactam).	Farmacoterapia::Antiinfecciosos
¿Qué distingue a Ampicilina de los demás fármacos de su clase (Betalactámico — aminopenicilina)?	<b>Es la aminopenicilina INTRAVENOSA</b> (la amoxicilina se usa por VO): mismo espectro, pero <b>mala biodisponibilidad oral (40%)</b>, por lo que no se usa VO.	Farmacoterapia::Antiinfecciosos
¿Cuál es el espectro de Ampicilina?	Cubre: <b>Listeria monocytogenes</b>, <b>Enterococcus faecalis</b>, estreptococos (incluido S. agalactiae), neumococo sensible, H. influenzae no productor de betalactamasa, algunas E. coli y Proteus. Con sulbactam: anaerobios, productores de betalactamasa y <b>Acinetobacter</b> (actividad propia del sulbactam). NO cubre: S. aureus productor de penicilinasa, Klebsiella, Pseudomonas, E. faecium, atípicos.	Farmacoterapia::Antiinfecciosos
¿Cuál es la dosis de Ampicilina en Meningitis bacteriana con riesgo de Listeria (neonato, >50 años, inmunodepresión, alcoholismo, embarazo)?	2 g — Cada 4 h, vía IV	Farmacoterapia::Antiinfecciosos
¿Cuál es la dosis de Ampicilina en Endocarditis por Enterococcus faecalis?	2 g — Cada 4 h, vía IV	Farmacoterapia::Antiinfecciosos
¿Cuál es la dosis de Ampicilina en Profilaxis intraparto de estreptococo del grupo B (alternativa a penicilina G)?	2 g, después 1 g — Dosis inicial y luego cada 4 h hasta el parto, vía IV	Farmacoterapia::Antiinfecciosos
¿Cuánto dura el tratamiento con Ampicilina?	Meningitis por Listeria 21 días; endocarditis enterocócica 6 semanas.	Farmacoterapia::Antiinfecciosos
¿Cómo se suspende Ampicilina?	Suspensión al completar el ciclo.	Farmacoterapia::Antiinfecciosos
¿Qué hay que monitorizar durante el tratamiento con Ampicilina?	Función renal, exantemas, hemograma en tratamientos largos.	Farmacoterapia::Antiinfecciosos
¿Cuál es la vida media de Ampicilina?	1 h.	Farmacoterapia::Antiinfecciosos
¿Requiere Ampicilina ajuste en insuficiencia renal?	FG 10-30: cada 6-8 h; FG <10: cada 12 h.	Farmacoterapia::Antiinfecciosos
Efecto adverso grave de Ampicilina: Anafilaxia — ¿en qué consiste?	Anafilaxia	Farmacoterapia::Antiinfecciosos
Efecto adverso grave de Ampicilina: Colitis por C. difficile — ¿en qué consiste?	Colitis por C. difficile	Farmacoterapia::Antiinfecciosos
Efecto adverso grave de Ampicilina: Nefritis intersticial — ¿en qué consiste?	Nefritis intersticial	Farmacoterapia::Antiinfecciosos
Efecto adverso grave de Ampicilina: Convulsiones con dosis muy altas en ERC — ¿en qué consiste?	Convulsiones con dosis muy altas en ERC	Farmacoterapia::Antiinfecciosos
¿Está contraindicado Ampicilina en: Alergia a penicilinas?	Sí — Alergia a penicilinas	Farmacoterapia::Antiinfecciosos
¿Está contraindicado Ampicilina en: Mononucleosis infecciosa?	Sí — Mononucleosis infecciosa (exantema)	Farmacoterapia::Antiinfecciosos
Particularidad de Ampicilina que hay que tener en cuenta:	<b>Las cefalosporinas NO cubren Listeria ni enterococo</b>: ese es el hueco que llena la ampicilina en la meningitis empírica de riesgo.	Farmacoterapia::Antiinfecciosos
¿A qué clase farmacológica pertenece Daptomicina?	Antibiótico frente a grampositivos resistentes (anti-SARM) (Lipopéptido cíclico)	Farmacoterapia::Antiinfecciosos
¿Cuál es el mecanismo de acción de Daptomicina?	Se inserta en la membrana citoplasmática de grampositivos de forma dependiente de calcio, provoca su despolarización y la muerte celular sin lisis.	Farmacoterapia::Antiinfecciosos
¿Qué distingue a Daptomicina de los demás fármacos de su clase (Antibiótico frente a grampositivos resistentes (anti-SARM))?	<b>Bactericida RÁPIDO y concentración-dependiente</b> (la vancomicina es lenta): de elección en la <b>bacteriemia y endocarditis por SARM</b> con CMI de vancomicina ≥1,5 o fracaso.	Farmacoterapia::Antiinfecciosos
¿Cuál es el espectro de Daptomicina?	Cubre: <b>S. aureus (incluido SARM y con sensibilidad intermedia a vancomicina)</b>, estafilococos coagulasa negativos, estreptococos, <b>Enterococcus faecalis y faecium, incluidos resistentes a vancomicina</b>. NO cubre: gramnegativos, anaerobios gramnegativos, <b>infección pulmonar</b> (inactivada por surfactante).	Farmacoterapia::Antiinfecciosos
¿Cuál es la dosis de Daptomicina en Bacteriemia y endocarditis derecha por S. aureus (incluido SARM)?	8-12 mg/kg — Cada 24 h, vía IV	Farmacoterapia::Antiinfecciosos
¿Cuál es la dosis de Daptomicina en Infección complicada de piel y partes blandas por grampositivos resistentes?	4-6 mg/kg — Cada 24 h, vía IV	Farmacoterapia::Antiinfecciosos
¿Cuánto dura el tratamiento con Daptomicina?	Según foco.	Farmacoterapia::Antiinfecciosos
¿Cómo se suspende Daptomicina?	<b>Suspender si CPK >5 veces con síntomas o >10 veces sin síntomas</b>, o ante neumonía eosinofílica.	Farmacoterapia::Antiinfecciosos
¿Qué hay que monitorizar durante el tratamiento con Daptomicina?	<b>CPK semanal</b> (más frecuente con estatinas o ERC); función renal.	Farmacoterapia::Antiinfecciosos
¿Cuál es la vida media de Daptomicina?	8-9 h.	Farmacoterapia::Antiinfecciosos
¿Requiere Daptomicina ajuste en insuficiencia renal?	<b>FG <30: misma dosis cada 48 h.</b>	Farmacoterapia::Antiinfecciosos
Interacción crítica de Daptomicina con Estatinas: ¿qué ocurre y qué se hace?	<b>Miopatía y rabdomiólisis aditivas</b>. Manejo: Suspender la estatina durante el tratamiento	Farmacoterapia::Antiinfecciosos
Efecto adverso grave de Daptomicina: <b>Miopatía y rabdomiólisis</b> — ¿en qué consiste?	<b>Miopatía y rabdomiólisis</b>	Farmacoterapia::Antiinfecciosos
Efecto adverso grave de Daptomicina: <b>Neumonía eosinofílica</b> — ¿en qué consiste?	<b>Neumonía eosinofílica</b>	Farmacoterapia::Antiinfecciosos
Efecto adverso grave de Daptomicina: Neuropatía periférica — ¿en qué consiste?	Neuropatía periférica	Farmacoterapia::Antiinfecciosos
Efecto adverso grave de Daptomicina: Colitis por C. difficile — ¿en qué consiste?	Colitis por C. difficile	Farmacoterapia::Antiinfecciosos
¿Está contraindicado Daptomicina en: Hipersensibilidad?	Sí — Hipersensibilidad	Farmacoterapia::Antiinfecciosos
¿Está contraindicado Daptomicina en: <b>Neumonía</b>?	Sí — <b>Neumonía</b> (no es una contraindicación formal, pero es ineficaz)	Farmacoterapia::Antiinfecciosos
Particularidad de Daptomicina que hay que tener en cuenta:	<b>SARM en sangre: daptomicina. SARM en pulmón: vancomicina o linezolid.</b>	Farmacoterapia::Antiinfecciosos
¿A qué clase farmacológica pertenece Voriconazol (e isavuconazol, posaconazol)?	Antifúngico sistémico (Triazol de segunda generación (con isavuconazol y posaconazol))	Farmacoterapia::Antiinfecciosos
¿Cuál es el mecanismo de acción de Voriconazol (e isavuconazol, posaconazol)?	Inhibe la 14-alfa-desmetilasa fúngica (CYP51), enzima dependiente del citocromo P450 que convierte el lanosterol en ERGOSTEROL, el esterol que da estabilidad a la membrana del hongo. El bloqueo agota el ergosterol y acumula esteroles metilados tóxicos, con lo que la membrana pierde su integridad. Frente al fluconazol, la modificación estructural del voriconazol amplía el espectro a los hongos FILAMENTOSOS, sobre todo Aspergillus. La contrapartida de actuar sobre una enzima del citocromo P450 es que también inhibe con fuerza los citocromos humanos, lo que convierte a este fármaco en un generador masivo de interacciones.	Farmacoterapia::Antiinfecciosos
¿Qué distingue a Voriconazol (e isavuconazol, posaconazol) de los demás fármacos de su clase (Antifúngico sistémico)?	<b>De elección en la ASPERGILOSIS invasiva.</b>	Farmacoterapia::Antiinfecciosos
¿Cuál es el espectro de Voriconazol (e isavuconazol, posaconazol)?	Aspergillus (incluido A. fumigatus), Candida (incluidas C. krusei y C. glabrata resistentes a fluconazol), Scedosporium, Fusarium, Cryptococcus y hongos dimórficos. NO cubre los MUCORALES: es su laguna decisiva. El ISAVUCONAZOL y el POSACONAZOL sí cubren mucorales.	Farmacoterapia::Antiinfecciosos
¿Cuál es la dosis de Voriconazol (e isavuconazol, posaconazol) en ASPERGILOSIS invasiva?	6 mg/kg cada 12 horas el primer día (dosis de carga) y después 4 mg/kg cada 12 horas IV, o 200 mg cada 12 horas VO — Cada 12 horas, con dosis de carga inicial, vía IV	Farmacoterapia::Antiinfecciosos
¿A qué objetivo se ajusta la dosis de Voriconazol (e isavuconazol, posaconazol) en ASPERGILOSIS invasiva?	Concentración valle de 1-5,5 microgramos/mL, ajustada por monitorización de niveles	Farmacoterapia::Antiinfecciosos
¿Cuál es la dosis de Voriconazol (e isavuconazol, posaconazol) en Candidemia por especies resistentes a fluconazol (C. krusei) o de rescate?	6 mg/kg cada 12 horas el primer día y después 3-4 mg/kg cada 12 horas — Cada 12 horas, vía IV	Farmacoterapia::Antiinfecciosos
¿Cuál es la dosis de Voriconazol (e isavuconazol, posaconazol) en Infecciones por Scedosporium y Fusarium?	6 mg/kg cada 12 horas el primer día y después 4 mg/kg cada 12 horas — Cada 12 horas, vía IV	Farmacoterapia::Antiinfecciosos
¿Cuál es la dosis de Voriconazol (e isavuconazol, posaconazol) en MUCORMICOSIS (isavuconazol o posaconazol)?	Isavuconazol 200 mg cada 8 horas durante 6 dosis y después 200 mg al día — Carga de 48 horas y mantenimiento diario, vía IV	Farmacoterapia::Antiinfecciosos
¿Cuál es la dosis de Voriconazol (e isavuconazol, posaconazol) en Profilaxis antifúngica en el neutropénico de alto riesgo (posaconazol)?	Posaconazol 300 mg cada 12 horas el primer día y después 300 mg al día — Una toma diaria tras la carga, vía VO	Farmacoterapia::Antiinfecciosos
¿Cuánto dura el tratamiento con Voriconazol (e isavuconazol, posaconazol)?	Prolongada: al menos 6-12 semanas en la aspergilosis invasiva, y hasta la resolución radiológica y la recuperación de la inmunodepresión.	Farmacoterapia::Antiinfecciosos
¿Cómo se suspende Voriconazol (e isavuconazol, posaconazol)?	Se retira cuando se resuelven las lesiones y se recupera la inmunidad. El paso de vía intravenosa a oral es precoz gracias a su excelente biodisponibilidad.	Farmacoterapia::Antiinfecciosos
¿Qué hay que monitorizar durante el tratamiento con Voriconazol (e isavuconazol, posaconazol)?	NIVELES plasmáticos valle (objetivo 1-5,5 microgramos/mL), transaminasas, función renal, ECG por el QT, y exploración visual y cutánea en el tratamiento prolongado.	Farmacoterapia::Antiinfecciosos
¿Cuál es la vida media de Voriconazol (e isavuconazol, posaconazol)?	6 horas, pero no predice bien el comportamiento por la cinética no lineal.	Farmacoterapia::Antiinfecciosos
¿Requiere Voriconazol (e isavuconazol, posaconazol) ajuste en insuficiencia renal?	El fármaco no requiere ajuste, pero la formulación INTRAVENOSA contiene ciclodextrina, que se acumula con filtrado menor de 50 mL/min: se prefiere la vía oral.	Farmacoterapia::Antiinfecciosos
Interacción crítica de Voriconazol (e isavuconazol, posaconazol) con RIFAMPICINA, rifabutina, carbamazepina, fenobarbital, hierba de San Juan: ¿qué ocurre y qué se hace?	Inducción potente que reduce drásticamente sus concentraciones. Manejo: CONTRAINDICADOS: el fracaso terapéutico está prácticamente garantizado	Farmacoterapia::Antiinfecciosos
Interacción crítica de Voriconazol (e isavuconazol, posaconazol) con SIROLIMUS: ¿qué ocurre y qué se hace?	Aumento masivo de las concentraciones del inmunosupresor. Manejo: CONTRAINDICADO	Farmacoterapia::Antiinfecciosos
Interacción crítica de Voriconazol (e isavuconazol, posaconazol) con Tacrolimus y ciclosporina: ¿qué ocurre y qué se hace?	Elevación importante de sus niveles con nefrotoxicidad. Manejo: Reducir la dosis del inmunosupresor (el tacrolimus a un tercio) y monitorizar niveles. Es la interacción cotidiana en el trasplantado	Farmacoterapia::Antiinfecciosos
Interacción crítica de Voriconazol (e isavuconazol, posaconazol) con Estatinas metabolizadas por CYP3A4 (simvastatina, atorvastatina): ¿qué ocurre y qué se hace?	Rabdomiólisis. Manejo: Suspender la estatina o cambiar a pravastatina	Farmacoterapia::Antiinfecciosos
Interacción crítica de Voriconazol (e isavuconazol, posaconazol) con Fármacos que alargan el QT (quinolonas, macrólidos, antiarrítmicos, metadona): ¿qué ocurre y qué se hace?	Prolongación aditiva del QT y torsades. Manejo: ECG y corrección de potasio y magnesio. El ISAVUCONAZOL, al contrario, ACORTA el QT	Farmacoterapia::Antiinfecciosos
Interacción crítica de Voriconazol (e isavuconazol, posaconazol) con Opioides (fentanilo, oxicodona, metadona): ¿qué ocurre y qué se hace?	Aumento de sus concentraciones con depresión respiratoria. Manejo: Reducir la dosis del opioide	Farmacoterapia::Antiinfecciosos
Efecto adverso grave de Voriconazol (e isavuconazol, posaconazol): HEPATOTOXICIDAD, que puede llegar a insuficiencia hepática — ¿en qué consiste?	HEPATOTOXICIDAD, que puede llegar a insuficiencia hepática	Farmacoterapia::Antiinfecciosos
Efecto adverso grave de Voriconazol (e isavuconazol, posaconazol): Prolongación del QT y torsades de pointes — ¿en qué consiste?	Prolongación del QT y torsades de pointes	Farmacoterapia::Antiinfecciosos
Efecto adverso grave de Voriconazol (e isavuconazol, posaconazol): CARCINOMA ESPINOCELULAR cutáneo con el uso PROLONGADO y la exposición solar, un efecto de clase bien documentado del voriconazol — ¿en qué consiste?	CARCINOMA ESPINOCELULAR cutáneo con el uso PROLONGADO y la exposición solar, un efecto de clase bien documentado del voriconazol	Farmacoterapia::Antiinfecciosos
Efecto adverso grave de Voriconazol (e isavuconazol, posaconazol): PERIOSTITIS por acumulación del flúor de la molécula, con dolor óseo difuso y fosfatasa alcalina elevada — ¿en qué consiste?	PERIOSTITIS por acumulación del flúor de la molécula, con dolor óseo difuso y fosfatasa alcalina elevada	Farmacoterapia::Antiinfecciosos
Efecto adverso grave de Voriconazol (e isavuconazol, posaconazol): Encefalopatía y neurotoxicidad con niveles elevados — ¿en qué consiste?	Encefalopatía y neurotoxicidad con niveles elevados	Farmacoterapia::Antiinfecciosos
Efecto adverso grave de Voriconazol (e isavuconazol, posaconazol): Nefrotoxicidad por la ciclodextrina intravenosa en la insuficiencia renal — ¿en qué consiste?	Nefrotoxicidad por la ciclodextrina intravenosa en la insuficiencia renal	Farmacoterapia::Antiinfecciosos
¿Está contraindicado Voriconazol (e isavuconazol, posaconazol) en: Uso concomitante de rifampicina, rifabutina, carbamazepina, sirolimus, hierba de San Juan y alcaloides ergóticos?	Sí — Uso concomitante de rifampicina, rifabutina, carbamazepina, sirolimus, hierba de San Juan y alcaloides ergóticos	Farmacoterapia::Antiinfecciosos
¿Está contraindicado Voriconazol (e isavuconazol, posaconazol) en: QT largo significativo?	Sí — QT largo significativo	Farmacoterapia::Antiinfecciosos
¿Está contraindicado Voriconazol (e isavuconazol, posaconazol) en: Insuficiencia hepática grave?	Sí — Insuficiencia hepática grave	Farmacoterapia::Antiinfecciosos
¿Está contraindicado Voriconazol (e isavuconazol, posaconazol) en: Embarazo?	Sí — Embarazo (teratógeno en animales)	Farmacoterapia::Antiinfecciosos
¿Está contraindicado Voriconazol (e isavuconazol, posaconazol) en: Formulación intravenosa con filtrado menor de 50 mL/min?	Sí — Formulación intravenosa con filtrado menor de 50 mL/min	Farmacoterapia::Antiinfecciosos
Particularidad de Voriconazol (e isavuconazol, posaconazol) que hay que tener en cuenta:	El voriconazol NO cubre los MUCORALES, y esa laguna define su seguridad clínica. Un paciente que empeora con una infección fúngica mientras recibe voriconazol tiene mucormicosis hasta que se demuestre lo contrario: la mucormicosis de brecha en unidades con profilaxis de voriconazol es un fenómeno reconocido. La alternativa que sí los cubre es el isavuconazol, el posaconazol o la anfotericina liposomal.	Farmacoterapia::Antiinfecciosos
¿A qué clase farmacológica pertenece Equinocandinas (caspofungina, anidulafungina, micafungina)?	Antifúngico sistémico (Inhibidores de la síntesis de beta-1,3-D-glucano de la pared fúngica)	Farmacoterapia::Antiinfecciosos
¿Cuál es el mecanismo de acción de Equinocandinas (caspofungina, anidulafungina, micafungina)?	Inhiben de forma no competitiva la enzima BETA-1,3-D-GLUCANO SINTASA, que fabrica el polisacárido estructural de la PARED del hongo. Al vaciarse la pared de glucano, la célula pierde su resistencia osmótica y se lisa. La diana es única en dos sentidos que explican todo su perfil clínico: la pared fúngica NO EXISTE en la célula humana, de modo que la toxicidad es mínima y las interacciones son escasísimas; y el glucano es un componente estructural, por lo que su acción es FUNGICIDA frente a Candida (que depende de él) pero solo fungistática frente a Aspergillus, cuyo micelio crece por el ápice. La ausencia de glucano en la pared de Cryptococcus y de los mucorales explica que sean intrínsecamente resistentes.	Farmacoterapia::Antiinfecciosos
¿Qué distingue a Equinocandinas (caspofungina, anidulafungina, micafungina) de los demás fármacos de su clase (Antifúngico sistémico)?	<b>De elección en la CANDIDEMIA</b> y candidiasis invasiva en el paciente grave.	Farmacoterapia::Antiinfecciosos
¿Cuál es el espectro de Equinocandinas (caspofungina, anidulafungina, micafungina)?	Todas las especies de Candida, incluidas C. glabrata y C. krusei resistentes a fluconazol, y con actividad sobre el BIOFILM. Actividad frente a Aspergillus (fungistática, como tratamiento de rescate o combinado) y Pneumocystis. NO cubren CRYPTOCOCCUS, MUCORALES, Fusarium ni Trichosporon: carecen de glucano en la pared o tienen dianas alteradas.	Farmacoterapia::Antiinfecciosos
¿Cuál es la dosis de Equinocandinas (caspofungina, anidulafungina, micafungina) en CANDIDEMIA y candidiasis invasiva?	Caspofungina 70 mg el primer día y después 50 mg al día; anidulafungina 200 mg el primer día y después 100 mg al día; micafungina 100 mg al día — Una perfusión diaria, con dosis de carga en caspofungina y anidulafungina, vía IV	Farmacoterapia::Antiinfecciosos
¿Cuál es la dosis de Equinocandinas (caspofungina, anidulafungina, micafungina) en Candidiasis esofágica refractaria a azoles?	Caspofungina 50 mg al día; micafungina 150 mg al día — Una perfusión diaria, vía IV	Farmacoterapia::Antiinfecciosos
¿Cuál es la dosis de Equinocandinas (caspofungina, anidulafungina, micafungina) en Tratamiento empírico del neutropénico febril con sospecha de infección fúngica?	Caspofungina 70 mg el primer día y después 50 mg al día — Una perfusión diaria, vía IV	Farmacoterapia::Antiinfecciosos
¿Cuál es la dosis de Equinocandinas (caspofungina, anidulafungina, micafungina) en Profilaxis de la candidiasis en el trasplante de progenitores hematopoyéticos (micafungina)?	Micafungina 50 mg al día — Una perfusión diaria, vía IV	Farmacoterapia::Antiinfecciosos
¿Cuál es la dosis de Equinocandinas (caspofungina, anidulafungina, micafungina) en Aspergilosis invasiva de rescate?	Caspofungina 70 mg el primer día y después 50 mg al día — Una perfusión diaria, vía IV	Farmacoterapia::Antiinfecciosos
¿Cuánto dura el tratamiento con Equinocandinas (caspofungina, anidulafungina, micafungina)?	En la candidemia, 14 días DESDE EL PRIMER HEMOCULTIVO NEGATIVO, no desde el inicio del tratamiento.	Farmacoterapia::Antiinfecciosos
¿Cómo se suspende Equinocandinas (caspofungina, anidulafungina, micafungina)?	DESESCALADA a fluconazol oral cuando el paciente esté estable, la especie sea sensible y los hemocultivos se hayan negativizado. Esa desescalada permite completar el tratamiento en el domicilio.	Farmacoterapia::Antiinfecciosos
¿Qué hay que monitorizar durante el tratamiento con Equinocandinas (caspofungina, anidulafungina, micafungina)?	Transaminasas. Hemocultivos cada 24-48 horas hasta la negativización. Fondo de ojo y ecocardiograma en toda candidemia, y retirada del catéter venoso central.	Farmacoterapia::Antiinfecciosos
¿Cuál es la vida media de Equinocandinas (caspofungina, anidulafungina, micafungina)?	10-15 horas, lo que permite la dosis única diaria.	Farmacoterapia::Antiinfecciosos
¿Requiere Equinocandinas (caspofungina, anidulafungina, micafungina) ajuste en insuficiencia renal?	NO requieren ajuste, ni siquiera en diálisis. Es una ventaja notable en el paciente crítico.	Farmacoterapia::Antiinfecciosos
Efecto adverso grave de Equinocandinas (caspofungina, anidulafungina, micafungina): Reacciones mediadas por HISTAMINA con la perfusión rápida — ¿en qué consiste?	Reacciones mediadas por HISTAMINA con la perfusión rápida: rubor, exantema, broncoespasmo e hipotensión	Farmacoterapia::Antiinfecciosos
Efecto adverso grave de Equinocandinas (caspofungina, anidulafungina, micafungina): Hepatotoxicidad significativa — ¿en qué consiste?	Hepatotoxicidad significativa (infrecuente)	Farmacoterapia::Antiinfecciosos
Efecto adverso grave de Equinocandinas (caspofungina, anidulafungina, micafungina): Reacciones anafilácticas — ¿en qué consiste?	Reacciones anafilácticas (raras)	Farmacoterapia::Antiinfecciosos
Efecto adverso grave de Equinocandinas (caspofungina, anidulafungina, micafungina): Hipopotasemia — ¿en qué consiste?	Hipopotasemia	Farmacoterapia::Antiinfecciosos
¿Está contraindicado Equinocandinas (caspofungina, anidulafungina, micafungina) en: Hipersensibilidad conocida?	Sí — Hipersensibilidad conocida	Farmacoterapia::Antiinfecciosos
¿Está contraindicado Equinocandinas (caspofungina, anidulafungina, micafungina) en: No usarlas en la meningitis, en la endoftalmitis ni en la infección urinaria por Candida?	Sí — No usarlas en la meningitis, en la endoftalmitis ni en la infección urinaria por Candida: no alcanzan concentraciones eficaces en esos compartimentos	Farmacoterapia::Antiinfecciosos
Particularidad de Equinocandinas (caspofungina, anidulafungina, micafungina) que hay que tener en cuenta:	Son los antifúngicos más SEGUROS de que se dispone, y la razón es su diana: la pared celular del hongo no tiene equivalente humano. No se metabolizan por el citocromo P450, no necesitan ajuste renal ni en diálisis, y apenas interaccionan. En el paciente crítico y polimedicado esa sencillez vale mucho.	Farmacoterapia::Antiinfecciosos
¿A qué clase farmacológica pertenece Derivados de la ARTEMISININA (artesunato, artemeter-lumefantrina)?	Antipalúdico (Endoperóxidos de acción esquizonticida sanguínea rápida)	Farmacoterapia::Antiinfecciosos
¿Cuál es el mecanismo de acción de Derivados de la ARTEMISININA (artesunato, artemeter-lumefantrina)?	Contienen un PUENTE ENDOPERÓXIDO que se activa al entrar en contacto con el HIERRO HEMO liberado por la digestión de la hemoglobina dentro del parásito. Esa activación genera radicales libres que alquilan proteínas y lípidos parasitarios e inhiben la bomba PfATP6. El mecanismo explica su selectividad (solo se activa donde hay hierro hemo, es decir, dentro del parásito) y su velocidad: reducen la parasitemia unas 10.000 veces por ciclo, mucho más rápido que cualquier otro antipalúdico. Actúan además sobre estadios muy jóvenes del anillo, lo que impide la citoadherencia y la progresión a formas graves. Su vida media es MUY CORTA, y de ahí que se combinen siempre con un fármaco de vida media larga (lumefantrina, piperaquina, amodiaquina) que elimine los parásitos residuales y proteja frente a la aparición de resistencia.	Farmacoterapia::Antiinfecciosos
¿Qué distingue a Derivados de la ARTEMISININA (artesunato, artemeter-lumefantrina) de los demás fármacos de su clase (Antipalúdico)?	<b>Esquizonticidas sanguíneos de ACCIÓN MÁS RÁPIDA</b>: el <b>artesunato IV es el tratamiento de la malaria GRAVE</b> y las combinaciones (ACT) el de la no complicada por P. falciparum.	Farmacoterapia::Antiinfecciosos
¿Cuál es el espectro de Derivados de la ARTEMISININA (artesunato, artemeter-lumefantrina)?	Todas las especies de Plasmodium, incluido P. falciparum resistente a cloroquina. Activos también sobre gametocitos jóvenes, lo que reduce la transmisión. NO actúan sobre los hipnozoítos hepáticos de P. vivax y P. ovale.	Farmacoterapia::Antiinfecciosos
¿Cuál es la dosis de Derivados de la ARTEMISININA (artesunato, artemeter-lumefantrina) en Paludismo GRAVE por P. falciparum (o de especie no identificada)?	Artesunato 2,4 mg/kg IV a las 0, 12 y 24 horas y después cada 24 horas (3 mg/kg en el niño de menos de 20 kg) — Bolos intravenosos según ese esquema, vía IV	Farmacoterapia::Antiinfecciosos
¿A qué objetivo se ajusta la dosis de Derivados de la ARTEMISININA (artesunato, artemeter-lumefantrina) en Paludismo GRAVE por P. falciparum (o de especie no identificada)?	Descenso de la parasitemia con tolerancia de la vía oral, momento en que se pasa a un ciclo completo de ACT	Farmacoterapia::Antiinfecciosos
¿Cuál es la dosis de Derivados de la ARTEMISININA (artesunato, artemeter-lumefantrina) en Paludismo NO complicado por P. falciparum?	Artemeter-lumefantrina 80/480 mg (4 comprimidos) cada 12 horas durante 3 días, con dosis adicional a las 8 horas de la primera — 6 dosis en 3 días, vía VO	Farmacoterapia::Antiinfecciosos
¿Cuál es la dosis de Derivados de la ARTEMISININA (artesunato, artemeter-lumefantrina) en Paludismo no complicado por P. vivax en zonas con resistencia a cloroquina?	Artemeter-lumefantrina 80/480 mg cada 12 horas durante 3 días — 6 dosis en 3 días, vía VO	Farmacoterapia::Antiinfecciosos
¿Cuál es la dosis de Derivados de la ARTEMISININA (artesunato, artemeter-lumefantrina) en Continuación oral tras el artesunato intravenoso?	Artemeter-lumefantrina 80/480 mg cada 12 horas durante 3 días: ciclo COMPLETO de 6 dosis — 6 dosis en 3 días, vía VO	Farmacoterapia::Antiinfecciosos
¿Cuánto dura el tratamiento con Derivados de la ARTEMISININA (artesunato, artemeter-lumefantrina)?	Artesunato intravenoso al menos 24 horas y hasta que el paciente tolere la vía oral; después, siempre 3 días completos de ACT.	Farmacoterapia::Antiinfecciosos
¿Cómo se suspende Derivados de la ARTEMISININA (artesunato, artemeter-lumefantrina)?	Al terminar el ciclo. Es imprescindible seguir la parasitemia hasta su negativización y vigilar la anemia hemolítica tardía durante las semanas siguientes.	Farmacoterapia::Antiinfecciosos
¿Qué hay que monitorizar durante el tratamiento con Derivados de la ARTEMISININA (artesunato, artemeter-lumefantrina)?	Parasitemia diaria hasta la negativización, glucemia (la hipoglucemia es del paludismo, no del fármaco), hemograma a las 1, 2 y 4 semanas por la hemólisis tardía, y ECG si se usa una ACT con piperaquina (alarga el QT).	Farmacoterapia::Antiinfecciosos
¿Cuál es la vida media de Derivados de la ARTEMISININA (artesunato, artemeter-lumefantrina)?	Dihidroartemisinina, 1-2 horas (muy corta, y por eso nunca se usa sola); lumefantrina, 3-6 días.	Farmacoterapia::Antiinfecciosos
¿Requiere Derivados de la ARTEMISININA (artesunato, artemeter-lumefantrina) ajuste en insuficiencia renal?	No requieren ajuste.	Farmacoterapia::Antiinfecciosos
Interacción crítica de Derivados de la ARTEMISININA (artesunato, artemeter-lumefantrina) con Inductores del CYP3A4 (rifampicina, efavirenz, carbamazepina, hierba de San Juan): ¿qué ocurre y qué se hace?	Reducen las concentraciones de lumefantrina con riesgo de FRACASO TERAPÉUTICO. Manejo: Especialmente relevante en el paciente con VIH o con tuberculosis; valorar otra ACT y seguir la parasitemia de cerca	Farmacoterapia::Antiinfecciosos
Interacción crítica de Derivados de la ARTEMISININA (artesunato, artemeter-lumefantrina) con Fármacos que alargan el QT (quinolonas, macrólidos, antipsicóticos, ondansetrón): ¿qué ocurre y qué se hace?	Prolongación aditiva del QT, sobre todo con las ACT que contienen piperaquina. Manejo: Revisar la medicación concomitante y realizar un ECG	Farmacoterapia::Antiinfecciosos
Efecto adverso grave de Derivados de la ARTEMISININA (artesunato, artemeter-lumefantrina): ANEMIA HEMOLÍTICA TARDÍA tras artesunato, entre 1 y 3 semanas después, hasta en el 10-20% de los pacientes con parasitemias altas — ¿en qué consiste?	ANEMIA HEMOLÍTICA TARDÍA tras artesunato, entre 1 y 3 semanas después, hasta en el 10-20% de los pacientes con parasitemias altas	Farmacoterapia::Antiinfecciosos
Efecto adverso grave de Derivados de la ARTEMISININA (artesunato, artemeter-lumefantrina): Prolongación del QT — ¿en qué consiste?	Prolongación del QT (sobre todo con piperaquina)	Farmacoterapia::Antiinfecciosos
Efecto adverso grave de Derivados de la ARTEMISININA (artesunato, artemeter-lumefantrina): Reacciones de hipersensibilidad, incluida la anafilaxia — ¿en qué consiste?	Reacciones de hipersensibilidad, incluida la anafilaxia (raras)	Farmacoterapia::Antiinfecciosos
Efecto adverso grave de Derivados de la ARTEMISININA (artesunato, artemeter-lumefantrina): Neutropenia y elevación de transaminasas — ¿en qué consiste?	Neutropenia y elevación de transaminasas	Farmacoterapia::Antiinfecciosos
¿Está contraindicado Derivados de la ARTEMISININA (artesunato, artemeter-lumefantrina) en: Hipersensibilidad conocida?	Sí — Hipersensibilidad conocida	Farmacoterapia::Antiinfecciosos
¿Está contraindicado Derivados de la ARTEMISININA (artesunato, artemeter-lumefantrina) en: Precaución con el QT largo congénito o adquirido?	Sí — Precaución con el QT largo congénito o adquirido	Farmacoterapia::Antiinfecciosos
¿Está contraindicado Derivados de la ARTEMISININA (artesunato, artemeter-lumefantrina) en: Primer trimestre del embarazo, salvo en el paludismo grave, donde el beneficio es claramente superior al riesgo?	Sí — Primer trimestre del embarazo, salvo en el paludismo grave, donde el beneficio es claramente superior al riesgo	Farmacoterapia::Antiinfecciosos
Particularidad de Derivados de la ARTEMISININA (artesunato, artemeter-lumefantrina) que hay que tener en cuenta:	El ARTESUNATO INTRAVENOSO desplazó a la quinina en el paludismo grave porque salva más vidas, y con margen. Es una de las sustituciones terapéuticas mejor demostradas de la medicina tropical, y sin embargo la quinina sigue usándose donde no hay artesunato disponible.	Farmacoterapia::Antiinfecciosos
¿A qué clase farmacológica pertenece Primaquina (y tafenoquina)?	Antipalúdico (8-aminoquinolina de acción hepática (esquizonticida tisular y gametocida))	Farmacoterapia::Antiinfecciosos
¿Cuál es el mecanismo de acción de Primaquina (y tafenoquina)?	Sus metabolitos generan especies reactivas de oxígeno e interfieren en el transporte de electrones de la mitocondria del parásito. Es el ÚNICO grupo farmacológico, junto con la tafenoquina, capaz de destruir los HIPNOZOÍTOS de P. vivax y P. ovale, las formas latentes que permanecen en el hepatocito y causan las recaídas meses o años después. También es GAMETOCIDA frente a P. falciparum, por lo que una dosis única bloquea la transmisión al mosquito. Su gran limitación deriva del mismo mecanismo oxidativo: en el hematíe con déficit de GLUCOSA-6-FOSFATO DESHIDROGENASA, que no puede regenerar glutatión reducido, produce una hemólisis aguda que puede ser grave.	Farmacoterapia::Antiinfecciosos
¿Qué distingue a Primaquina (y tafenoquina) de los demás fármacos de su clase (Antipalúdico)?	<b>El único que elimina los HIPNOZOÍTOS hepáticos</b> de P. vivax y P. ovale (cura radical, evita recaídas) y gametocida frente a P. falciparum.	Farmacoterapia::Antiinfecciosos
¿Cuál es el espectro de Primaquina (y tafenoquina)?	Hipnozoítos hepáticos de P. vivax y P. ovale; gametocitos de todas las especies, incluido P. falciparum. NO tiene actividad relevante sobre las formas eritrocitarias asexuadas: no sirve para tratar el episodio agudo.	Farmacoterapia::Antiinfecciosos
¿Cuál es la dosis de Primaquina (y tafenoquina) en CURA RADICAL del paludismo por P. vivax y P. ovale (erradicación de hipnozoítos)?	0,25-0,5 mg base/kg al día (habitualmente 15-30 mg al día en el adulto) durante 14 días — Una toma al día con comida, vía VO	Farmacoterapia::Antiinfecciosos
¿A qué objetivo se ajusta la dosis de Primaquina (y tafenoquina) en CURA RADICAL del paludismo por P. vivax y P. ovale (erradicación de hipnozoítos)?	Completar los 14 días: la eficacia depende de la dosis TOTAL acumulada	Farmacoterapia::Antiinfecciosos
¿Cuál es la dosis de Primaquina (y tafenoquina) en Bloqueo de la TRANSMISIÓN en el paludismo por P. falciparum?	0,25 mg base/kg en dosis ÚNICA (unos 15 mg en el adulto) — Dosis única, vía VO	Farmacoterapia::Antiinfecciosos
¿Cuál es la dosis de Primaquina (y tafenoquina) en Cura radical con dosis única (tafenoquina)?	Tafenoquina 300 mg en dosis única — Dosis única, vía VO	Farmacoterapia::Antiinfecciosos
¿Cuál es la dosis de Primaquina (y tafenoquina) en Profilaxis terminal en el viajero con exposición prolongada a P. vivax?	30 mg al día durante 14 días al regresar — Una toma al día, vía VO	Farmacoterapia::Antiinfecciosos
¿Cuánto dura el tratamiento con Primaquina (y tafenoquina)?	14 días (o dosis única en el caso de la tafenoquina y del bloqueo de transmisión).	Farmacoterapia::Antiinfecciosos
¿Cómo se suspende Primaquina (y tafenoquina)?	Al completar el ciclo. La eficacia depende de la dosis total, así que un ciclo interrumpido no protege de la recaída.	Farmacoterapia::Antiinfecciosos
¿Qué hay que monitorizar durante el tratamiento con Primaquina (y tafenoquina)?	G6PD antes de empezar. Durante el tratamiento: color de la orina, hemoglobina y síntomas de hemólisis. Advertir al paciente de que consulte si la orina se oscurece.	Farmacoterapia::Antiinfecciosos
¿Cuál es la vida media de Primaquina (y tafenoquina)?	4-6 horas la primaquina; unos 15 DÍAS la tafenoquina, lo que permite la dosis única pero también prolonga el riesgo hemolítico.	Farmacoterapia::Antiinfecciosos
¿Requiere Primaquina (y tafenoquina) ajuste en insuficiencia renal?	Precaución en la insuficiencia renal.	Farmacoterapia::Antiinfecciosos
Interacción crítica de Primaquina (y tafenoquina) con Otros fármacos oxidantes (sulfamidas, nitrofurantoína, dapsona, rasburicasa): ¿qué ocurre y qué se hace?	HEMÓLISIS aditiva en el paciente con déficit de G6PD. Manejo: Evitar la combinación	Farmacoterapia::Antiinfecciosos
Efecto adverso grave de Primaquina (y tafenoquina): HEMÓLISIS AGUDA en el déficit de G6PD, potencialmente grave — ¿en qué consiste?	HEMÓLISIS AGUDA en el déficit de G6PD, potencialmente grave	Farmacoterapia::Antiinfecciosos
Efecto adverso grave de Primaquina (y tafenoquina): METAHEMOGLOBINEMIA, sobre todo en el déficit de NADH-metahemoglobina reductasa — ¿en qué consiste?	METAHEMOGLOBINEMIA, sobre todo en el déficit de NADH-metahemoglobina reductasa	Farmacoterapia::Antiinfecciosos
Efecto adverso grave de Primaquina (y tafenoquina): Agranulocitosis y leucopenia — ¿en qué consiste?	Agranulocitosis y leucopenia (raras)	Farmacoterapia::Antiinfecciosos
Efecto adverso grave de Primaquina (y tafenoquina): Arritmias — ¿en qué consiste?	Arritmias (raras)	Farmacoterapia::Antiinfecciosos
¿Está contraindicado Primaquina (y tafenoquina) en: DÉFICIT GRAVE de G6PD?	Sí — DÉFICIT GRAVE de G6PD	Farmacoterapia::Antiinfecciosos
¿Está contraindicado Primaquina (y tafenoquina) en: EMBARAZO?	Sí — EMBARAZO (no se puede conocer el estado de G6PD del feto): se difiere la cura radical y se hace profilaxis semanal con cloroquina hasta el parto	Farmacoterapia::Antiinfecciosos
¿Está contraindicado Primaquina (y tafenoquina) en: Lactancia si el lactante no tiene G6PD conocida?	Sí — Lactancia si el lactante no tiene G6PD conocida	Farmacoterapia::Antiinfecciosos
¿Está contraindicado Primaquina (y tafenoquina) en: Menor de 6 meses?	Sí — Menor de 6 meses	Farmacoterapia::Antiinfecciosos
¿Está contraindicado Primaquina (y tafenoquina) en: Enfermedades que cursan con granulocitopenia?	Sí — Enfermedades que cursan con granulocitopenia (artritis reumatoide activa, lupus)	Farmacoterapia::Antiinfecciosos
Particularidad de Primaquina (y tafenoquina) que hay que tener en cuenta:	Es el único fármaco, junto con la tafenoquina, que CURA de verdad el paludismo por vivax. Todos los demás tratan el episodio; solo las 8-aminoquinolinas vacían el reservorio hepático. Sin ellas, el paciente recaerá.	Farmacoterapia::Antiinfecciosos
¿A qué clase farmacológica pertenece Valaciclovir?	Antiherpético (análogo de nucleósido) (Profármaco L-valil éster del aciclovir)	Farmacoterapia::Antiinfecciosos
¿Cuál es el mecanismo de acción de Valaciclovir?	Se hidroliza en la pared intestinal y el hígado a ACICLOVIR. El aciclovir es fosforilado a monofosfato por la TIMIDINA CINASA VIRAL (solo presente en la célula infectada) y después por cinasas celulares a trifosfato, que inhibe la ADN polimerasa viral e interrumpe la cadena de ADN al carecer del grupo 3'-hidroxilo. Esa activación dependiente de una enzima viral es la razón de su extraordinaria selectividad y seguridad: en la célula no infectada apenas se activa.	Farmacoterapia::Antiinfecciosos
¿Qué distingue a Valaciclovir de los demás fármacos de su clase (Antiherpético (análogo de nucleósido))?	<b>Profármaco ORAL del aciclovir</b> con biodisponibilidad 3-5 veces mayor: <b>2-3 tomas al día</b>.	Farmacoterapia::Antiinfecciosos
¿Cuál es el espectro de Valaciclovir?	VHS-1 y VHS-2 (máxima actividad), virus varicela-zóster (requiere dosis mayores). Actividad escasa frente a VEB y prácticamente nula frente a CMV.	Farmacoterapia::Antiinfecciosos
¿Cuál es la dosis de Valaciclovir en Herpes zóster?	1 g/8 h durante 7 días — Cada 8 h, vía VO	Farmacoterapia::Antiinfecciosos
¿Cuál es la dosis de Valaciclovir en Herpes genital: primer episodio?	1 g/12 h durante 7-10 días — Cada 12 h, vía VO	Farmacoterapia::Antiinfecciosos
¿Cuál es la dosis de Valaciclovir en Herpes genital: recurrencia?	500 mg/12 h durante 3 días — Cada 12 h, vía VO	Farmacoterapia::Antiinfecciosos
¿Cuál es la dosis de Valaciclovir en Herpes genital: tratamiento supresor crónico?	500 mg/24 h — Una vez al día, vía VO	Farmacoterapia::Antiinfecciosos
¿Cuál es la dosis de Valaciclovir en Herpes labial recurrente?	2 g/12 h durante 1 día (2 dosis) — 2 dosis separadas 12 h, vía VO	Farmacoterapia::Antiinfecciosos
¿Cuál es la dosis de Valaciclovir en Supresión en la gestante con herpes genital?	500 mg/12 h desde la semana 36 hasta el parto — Cada 12 h, vía VO	Farmacoterapia::Antiinfecciosos
¿Cuánto dura el tratamiento con Valaciclovir?	1 día en el herpes labial, 3 días en la recurrencia genital, 7 días en el zóster, 7-10 días en la primoinfección genital, indefinida en el tratamiento supresor.	Farmacoterapia::Antiinfecciosos
¿Cómo se suspende Valaciclovir?	Suspensión brusca sin problema. En el tratamiento supresor conviene reevaluar cada 12 meses suspendiéndolo para ver la frecuencia real de recurrencias.	Farmacoterapia::Antiinfecciosos
¿Qué hay que monitorizar durante el tratamiento con Valaciclovir?	Función renal antes y durante el tratamiento en el anciano, el nefrópata y el deshidratado. Ninguna otra en el paciente sano.	Farmacoterapia::Antiinfecciosos
¿Cuál es la vida media de Valaciclovir?	2-3 h del aciclovir resultante; se prolonga mucho en la insuficiencia renal (hasta 20 h en la anuria).	Farmacoterapia::Antiinfecciosos
¿Requiere Valaciclovir ajuste en insuficiencia renal?	OBLIGATORIO. FG 30-49: espaciar a cada 12 h; FG 10-29: cada 24 h; FG menor de 10: reducir dosis y espaciar a 24 h. Es dializable.	Farmacoterapia::Antiinfecciosos
Efecto adverso grave de Valaciclovir: NEUROTOXICIDAD — ¿en qué consiste?	NEUROTOXICIDAD: confusión, alucinaciones, temblor, mioclonías y crisis, casi siempre por acumulación en la insuficiencia renal no ajustada o en el anciano deshidratado	Farmacoterapia::Antiinfecciosos
Efecto adverso grave de Valaciclovir: Insuficiencia renal aguda por precipitación de cristales de aciclovir en los túbulos, sobre todo con administración IV rápida y con deshidratación — ¿en qué consiste?	Insuficiencia renal aguda por precipitación de cristales de aciclovir en los túbulos, sobre todo con administración IV rápida y con deshidratación	Farmacoterapia::Antiinfecciosos
Efecto adverso grave de Valaciclovir: Púrpura trombótica trombocitopénica y síndrome hemolítico urémico, descritos con dosis muy altas en pacientes con inmunodepresión avanzada — ¿en qué consiste?	Púrpura trombótica trombocitopénica y síndrome hemolítico urémico, descritos con dosis muy altas en pacientes con inmunodepresión avanzada	Farmacoterapia::Antiinfecciosos
¿Está contraindicado Valaciclovir en: Hipersensibilidad al valaciclovir, al aciclovir o al valganciclovir?	Sí — Hipersensibilidad al valaciclovir, al aciclovir o al valganciclovir	Farmacoterapia::Antiinfecciosos
Particularidad de Valaciclovir que hay que tener en cuenta:	Su única razón de ser frente al aciclovir es FARMACOCINÉTICA: la biodisponibilidad triplicada permite pasar de 5 tomas diarias a 2 o 3, lo que en la práctica cambia por completo la adherencia. La eficacia es la misma.	Farmacoterapia::Antiinfecciosos
¿A qué clase farmacológica pertenece Valganciclovir (y ganciclovir)?	Antiherpético (análogo de nucleósido) (Profármaco oral del ganciclovir: activo frente a CMV)	Farmacoterapia::Antiinfecciosos
¿Cuál es el mecanismo de acción de Valganciclovir (y ganciclovir)?	El valganciclovir se hidroliza a GANCICLOVIR, que es fosforilado por la fosfotransferasa viral UL97 del CMV (equivalente funcional de la timidina cinasa) y después por cinasas celulares a trifosfato, que inhibe la ADN polimerasa viral UL54 y frena la elongación de la cadena. A diferencia del aciclovir, se incorpora al ADN celular en cierta medida, lo que explica su MIELOTOXICIDAD.	Farmacoterapia::Antiinfecciosos
¿Qué distingue a Valganciclovir (y ganciclovir) de los demás fármacos de su clase (Antiherpético (análogo de nucleósido))?	<b>Activo frente a CITOMEGALOVIRUS</b> (el aciclovir no).	Farmacoterapia::Antiinfecciosos
¿Cuál es el espectro de Valganciclovir (y ganciclovir)?	CITOMEGALOVIRUS (indicación principal), VHS, VVZ, VEB y VHH-6. Es el único de los análogos de nucleósido orales con actividad clínicamente útil frente al CMV.	Farmacoterapia::Antiinfecciosos
¿Cuál es la dosis de Valganciclovir (y ganciclovir) en Enfermedad por CMV (retinitis, colitis, neumonitis): inducción?	Valganciclovir 900 mg/12 h VO, o ganciclovir 5 mg/kg/12 h IV — Cada 12 h, vía VO o IV	Farmacoterapia::Antiinfecciosos
¿Cuál es la dosis de Valganciclovir (y ganciclovir) en Enfermedad por CMV: mantenimiento?	900 mg/24 h — Una vez al día, vía VO	Farmacoterapia::Antiinfecciosos
¿Cuál es la dosis de Valganciclovir (y ganciclovir) en Profilaxis de CMV en el trasplante de órgano sólido?	900 mg/24 h durante 3-6 meses postrasplante — Una vez al día, vía VO	Farmacoterapia::Antiinfecciosos
¿Cuál es la dosis de Valganciclovir (y ganciclovir) en Tratamiento anticipado guiado por carga viral en el trasplantado?	900 mg/12 h hasta negativizar la PCR en dos determinaciones — Cada 12 h, vía VO	Farmacoterapia::Antiinfecciosos
¿Cuál es la dosis de Valganciclovir (y ganciclovir) en Infección congénita por CMV sintomática?	Valganciclovir 16 mg/kg/12 h durante 6 meses — Cada 12 h, vía VO	Farmacoterapia::Antiinfecciosos
¿Cuánto dura el tratamiento con Valganciclovir (y ganciclovir)?	14-21 días de inducción; mantenimiento hasta la reconstitución inmunitaria; 3-6 meses en la profilaxis del trasplante; 6 meses en la infección congénita.	Farmacoterapia::Antiinfecciosos
¿Cómo se suspende Valganciclovir (y ganciclovir)?	Se retira cuando se recupera la inmunidad celular (CD4 por encima de 100 durante 3-6 meses) o al completar el periodo de profilaxis. La retirada precoz se sigue de recidiva.	Farmacoterapia::Antiinfecciosos
¿Qué hay que monitorizar durante el tratamiento con Valganciclovir (y ganciclovir)?	HEMOGRAMA al menos SEMANAL (neutrófilos y plaquetas), función renal periódica y carga viral de CMV para valorar la respuesta. Fondo de ojo en la retinitis.	Farmacoterapia::Antiinfecciosos
¿Cuál es la vida media de Valganciclovir (y ganciclovir)?	4 h; hasta 30 h en la insuficiencia renal avanzada.	Farmacoterapia::Antiinfecciosos
¿Requiere Valganciclovir (y ganciclovir) ajuste en insuficiencia renal?	OBLIGATORIO y estricto: la dosis se reduce y se espacia desde un FG por debajo de 60. Con FG menor de 10 no se recomienda el valganciclovir comprimido por imposibilidad de dosificar con precisión. Es dializable.	Farmacoterapia::Antiinfecciosos
Interacción crítica de Valganciclovir (y ganciclovir) con Zidovudina: ¿qué ocurre y qué se hace?	Suma de MIELOSUPRESIÓN con neutropenia grave. Manejo: Evitar la combinación; sustituir el antirretroviral	Farmacoterapia::Antiinfecciosos
Interacción crítica de Valganciclovir (y ganciclovir) con Micofenolato, azatioprina y otros inmunosupresores mielotóxicos: ¿qué ocurre y qué se hace?	Neutropenia y trombocitopenia aditivas. Manejo: Hemograma semanal; reducir el inmunosupresor si la neutropenia progresa	Farmacoterapia::Antiinfecciosos
Interacción crítica de Valganciclovir (y ganciclovir) con Imipenem-cilastatina: ¿qué ocurre y qué se hace?	Aumento del riesgo de CRISIS CONVULSIVAS. Manejo: Evitar la asociación; usar otro carbapenémico o betalactámico	Farmacoterapia::Antiinfecciosos
Interacción crítica de Valganciclovir (y ganciclovir) con Didanosina: ¿qué ocurre y qué se hace?	Aumento marcado de las concentraciones de didanosina con riesgo de pancreatitis y neuropatía. Manejo: Evitar la combinación	Farmacoterapia::Antiinfecciosos
Efecto adverso grave de Valganciclovir (y ganciclovir): Neutropenia grave con infecciones bacterianas y fúngicas secundarias — ¿en qué consiste?	Neutropenia grave con infecciones bacterianas y fúngicas secundarias	Farmacoterapia::Antiinfecciosos
Efecto adverso grave de Valganciclovir (y ganciclovir): Pancitopenia y aplasia medular — ¿en qué consiste?	Pancitopenia y aplasia medular	Farmacoterapia::Antiinfecciosos
Efecto adverso grave de Valganciclovir (y ganciclovir): Insuficiencia renal aguda — ¿en qué consiste?	Insuficiencia renal aguda	Farmacoterapia::Antiinfecciosos
Efecto adverso grave de Valganciclovir (y ganciclovir): Neurotoxicidad — ¿en qué consiste?	Neurotoxicidad: confusión, convulsiones, psicosis	Farmacoterapia::Antiinfecciosos
Efecto adverso grave de Valganciclovir (y ganciclovir): Potencial teratógeno, carcinogénico y de infertilidad demostrado en animales — ¿en qué consiste?	Potencial teratógeno, carcinogénico y de infertilidad demostrado en animales: azoospermia reversible en el varón	Farmacoterapia::Antiinfecciosos
¿Está contraindicado Valganciclovir (y ganciclovir) en: Hipersensibilidad al ganciclovir, valganciclovir, aciclovir o valaciclovir?	Sí — Hipersensibilidad al ganciclovir, valganciclovir, aciclovir o valaciclovir	Farmacoterapia::Antiinfecciosos
¿Está contraindicado Valganciclovir (y ganciclovir) en: Neutrófilos por debajo de 500/microlitro, plaquetas por debajo de 25 000/microlitro o hemoglobina por debajo de 8 g/dL al inicio?	Sí — Neutrófilos por debajo de 500/microlitro, plaquetas por debajo de 25 000/microlitro o hemoglobina por debajo de 8 g/dL al inicio	Farmacoterapia::Antiinfecciosos
¿Está contraindicado Valganciclovir (y ganciclovir) en: Embarazo?	Sí — Embarazo (salvo que el beneficio supere claramente el riesgo)	Farmacoterapia::Antiinfecciosos
Particularidad de Valganciclovir (y ganciclovir) que hay que tener en cuenta:	La MIELOTOXICIDAD es lo que lo diferencia radicalmente del aciclovir y lo que gobierna su uso: el hemograma semanal no es una recomendación formal, es la prueba que decide si el paciente sigue o no con el tratamiento.	Farmacoterapia::Antiinfecciosos
¿A qué clase farmacológica pertenece Tenofovir (disoproxilo y alafenamida)?	Análogo de nucleós(t)ido frente al VHB / VIH (Análogo de monofosfato de adenosina; dos profármacos: tenofovir disoproxilo (TDF) y tenofovir alafenamida (TAF))	Farmacoterapia::Antiinfecciosos
¿Cuál es el mecanismo de acción de Tenofovir (disoproxilo y alafenamida)?	Al ser ya un análogo de NUCLEÓTIDO (monofosfatado), solo necesita dos fosforilaciones celulares para alcanzar la forma activa difosfato, que compite con el dATP e interrumpe la cadena al carecer del grupo 3'-hidroxilo. Inhibe tanto la transcriptasa inversa del VIH como la polimerasa del VHB, que también replica por transcripción inversa. El TAF alcanza concentraciones intracelulares mucho más altas con una décima parte de la dosis plasmática, lo que reduce la exposición sistémica y con ella la toxicidad renal y ósea.	Farmacoterapia::Antiinfecciosos
¿Qué distingue a Tenofovir (disoproxilo y alafenamida) de los demás fármacos de su clase (Análogo de nucleós(t)ido frente al VHB / VIH)?	<b>Activo frente a VIH Y VHB</b>: base de los regímenes antirretrovirales y de la PrEP.	Farmacoterapia::Antiinfecciosos
¿Cuál es el espectro de Tenofovir (disoproxilo y alafenamida)?	VIH-1, VIH-2 y VIRUS DE LA HEPATITIS B. Sin actividad frente a otros virus.	Farmacoterapia::Antiinfecciosos
¿Cuál es la dosis de Tenofovir (disoproxilo y alafenamida) en Hepatitis B crónica con indicación de tratamiento?	TDF 245 mg/24 h o TAF 25 mg/24 h — Una vez al día, vía VO	Farmacoterapia::Antiinfecciosos
¿Cuál es la dosis de Tenofovir (disoproxilo y alafenamida) en Infección por VIH, como parte del tratamiento antirretroviral combinado?	TDF 245 mg/24 h o TAF 25 mg/24 h, siempre asociado a emtricitabina y a un tercer fármaco — Una vez al día, vía VO	Farmacoterapia::Antiinfecciosos
¿Cuál es la dosis de Tenofovir (disoproxilo y alafenamida) en Profilaxis preexposición del VIH (PrEP)?	Tenofovir disoproxilo 245 mg + emtricitabina 200 mg, 1 comprimido/24 h — Una vez al día (o pauta a demanda 2-1-1 en varones), vía VO	Farmacoterapia::Antiinfecciosos
¿Cuál es la dosis de Tenofovir (disoproxilo y alafenamida) en Prevención de la transmisión vertical del VHB con carga viral alta?	TDF 245 mg/24 h desde el tercer trimestre — Una vez al día, vía VO	Farmacoterapia::Antiinfecciosos
¿Cuánto dura el tratamiento con Tenofovir (disoproxilo y alafenamida)?	INDEFINIDA en el VIH. En el VHB, indefinida en la mayoría; puede plantearse la retirada tras pérdida del HBsAg o seroconversión anti-HBe consolidada, nunca en cirrosis.	Farmacoterapia::Antiinfecciosos
¿Cómo se suspende Tenofovir (disoproxilo y alafenamida)?	La retirada en el VHB puede provocar una REAGUDIZACIÓN GRAVE de la hepatitis: si se suspende, hay que vigilar transaminasas y ADN viral cada 4-8 semanas durante al menos 6 meses.	Farmacoterapia::Antiinfecciosos
¿Qué hay que monitorizar durante el tratamiento con Tenofovir (disoproxilo y alafenamida)?	Creatinina, filtrado glomerular, fósforo sérico y proteinuria cada 3-6 meses (más estrecho con TDF). Densitometría en el paciente con factores de riesgo óseo. Perfil lipídico con TAF. Carga viral periódica.	Farmacoterapia::Antiinfecciosos
¿Cuál es la vida media de Tenofovir (disoproxilo y alafenamida)?	Plasmática de 12-17 h; intracelular del metabolito activo superior a 60 h, lo que permite la toma única diaria.	Farmacoterapia::Antiinfecciosos
¿Requiere Tenofovir (disoproxilo y alafenamida) ajuste en insuficiencia renal?	TDF: espaciar a 48 h con FG 30-49 y a 72-96 h con FG 10-29; evitarlo con FG por debajo de 30 si hay alternativa. TAF: no se recomienda con FG por debajo de 30 (por debajo de 15 solo en diálisis con pautas específicas).	Farmacoterapia::Antiinfecciosos
Interacción crítica de Tenofovir (disoproxilo y alafenamida) con AINE, aminoglucósidos, anfotericina B, cidofovir, contrastes yodados: ¿qué ocurre y qué se hace?	Suma de nefrotoxicidad tubular proximal. Manejo: Evitar los AINE de forma crónica en el paciente con TDF; vigilar la creatinina y el fósforo	Farmacoterapia::Antiinfecciosos
Interacción crítica de Tenofovir (disoproxilo y alafenamida) con Rifampicina, rifabutina, hierba de San Juan (inductores): ¿qué ocurre y qué se hace?	Reducen las concentraciones de TAF de forma clínicamente relevante (menos las de TDF). Manejo: Con rifampicina, usar TDF en lugar de TAF o cambiar de pauta	Farmacoterapia::Antiinfecciosos
Interacción crítica de Tenofovir (disoproxilo y alafenamida) con Didanosina: ¿qué ocurre y qué se hace?	Aumento de sus concentraciones con riesgo de pancreatitis y acidosis láctica, y peor respuesta inmunológica. Manejo: Combinación proscrita	Farmacoterapia::Antiinfecciosos
Efecto adverso grave de Tenofovir (disoproxilo y alafenamida): TUBULOPATÍA PROXIMAL y síndrome de FANCONI con TDF — ¿en qué consiste?	TUBULOPATÍA PROXIMAL y síndrome de FANCONI con TDF: hipofosfatemia, glucosuria con glucemia normal, proteinuria tubular y acidosis	Farmacoterapia::Antiinfecciosos
Efecto adverso grave de Tenofovir (disoproxilo y alafenamida): Insuficiencia renal aguda y crónica — ¿en qué consiste?	Insuficiencia renal aguda y crónica	Farmacoterapia::Antiinfecciosos
Efecto adverso grave de Tenofovir (disoproxilo y alafenamida): Descenso de la densidad mineral ósea con osteomalacia y fracturas por fragilidad — ¿en qué consiste?	Descenso de la densidad mineral ósea con osteomalacia y fracturas por fragilidad (TDF)	Farmacoterapia::Antiinfecciosos
Efecto adverso grave de Tenofovir (disoproxilo y alafenamida): REAGUDIZACIÓN GRAVE de la hepatitis B al suspender el fármaco, con riesgo de descompensación en el cirrótico — ¿en qué consiste?	REAGUDIZACIÓN GRAVE de la hepatitis B al suspender el fármaco, con riesgo de descompensación en el cirrótico	Farmacoterapia::Antiinfecciosos
Efecto adverso grave de Tenofovir (disoproxilo y alafenamida): Acidosis láctica con esteatosis hepática — ¿en qué consiste?	Acidosis láctica con esteatosis hepática (efecto de clase de los análogos de nucleósido, hoy muy raro)	Farmacoterapia::Antiinfecciosos
¿Está contraindicado Tenofovir (disoproxilo y alafenamida) en: Hipersensibilidad al tenofovir?	Sí — Hipersensibilidad al tenofovir	Farmacoterapia::Antiinfecciosos
¿Está contraindicado Tenofovir (disoproxilo y alafenamida) en: TDF?	Sí — TDF: insuficiencia renal con FG por debajo de 30 si existe alternativa; uso concomitante con otros nefrotóxicos de forma crónica	Farmacoterapia::Antiinfecciosos
Particularidad de Tenofovir (disoproxilo y alafenamida) que hay que tener en cuenta:	Es el único antivírico que trata a la vez el VIH y el VHB, y esa doble actividad es una trampa clínica: iniciar o retirar tenofovir en un paciente coinfectado sin tenerlo en cuenta puede desencadenar una reagudización de la hepatitis B. Por eso hay que cribar VHB antes de tratar el VIH y viceversa.	Farmacoterapia::Antiinfecciosos
¿A qué clase farmacológica pertenece Entecavir?	Análogo de nucleós(t)ido frente al VHB / VIH (Análogo de guanosina: inhibidor de la polimerasa del VHB)	Farmacoterapia::Antiinfecciosos
¿Cuál es el mecanismo de acción de Entecavir?	Fosforilado por cinasas celulares a trifosfato, inhibe las TRES actividades de la polimerasa del VHB: el cebado, la transcripción inversa de la cadena negativa a partir del ARN pregenómico y la síntesis de la cadena positiva de ADN. Suprime la replicación con enorme potencia, pero NO elimina el cccDNA nuclear, que es la razón por la que la infección no se cura.	Farmacoterapia::Antiinfecciosos
¿Qué distingue a Entecavir de los demás fármacos de su clase (Análogo de nucleós(t)ido frente al VHB / VIH)?	<b>Activo solo frente al VHB</b>: en el coinfectado por VIH no tratado selecciona resistencia del VIH (M184V).	Farmacoterapia::Antiinfecciosos
¿Cuál es el espectro de Entecavir?	VIRUS DE LA HEPATITIS B exclusivamente. Actividad débil frente al VIH, insuficiente para tratarlo pero suficiente para SELECCIONAR RESISTENCIAS si se usa en un coinfectado no tratado.	Farmacoterapia::Antiinfecciosos
¿Cuál es la dosis de Entecavir en Hepatitis B crónica con ADN elevado, transaminasas altas o fibrosis significativa?	0,5 mg/24 h — Una vez al día, en AYUNAS (2 h antes o 2 h después de comer), vía VO	Farmacoterapia::Antiinfecciosos
¿Cuál es la dosis de Entecavir en Cirrosis por VHB con ADN detectable?	0,5 mg/24 h (1 mg/24 h en la cirrosis descompensada) — Una vez al día en ayunas, vía VO	Farmacoterapia::Antiinfecciosos
¿Cuál es la dosis de Entecavir en Paciente con resistencia o exposición previa a lamivudina?	1 mg/24 h — Una vez al día en ayunas, vía VO	Farmacoterapia::Antiinfecciosos
¿Cuál es la dosis de Entecavir en Profilaxis de reactivación del VHB antes de inmunosupresión o quimioterapia?	0,5 mg/24 h — Una vez al día en ayunas, vía VO	Farmacoterapia::Antiinfecciosos
¿Cuánto dura el tratamiento con Entecavir?	INDEFINIDA en la mayoría de los pacientes; de por vida en la cirrosis.	Farmacoterapia::Antiinfecciosos
¿Cómo se suspende Entecavir?	Solo se plantea retirarlo tras pérdida del HBsAg o, en el HBeAg positivo, tras seroconversión anti-HBe consolidada 12 meses. Al retirarlo hay que MONITORIZAR estrechamente por riesgo de reagudización.	Farmacoterapia::Antiinfecciosos
¿Qué hay que monitorizar durante el tratamiento con Entecavir?	ADN-VHB y transaminasas cada 3-6 meses; función renal periódica; ecografía semestral para cribado de hepatocarcinoma.	Farmacoterapia::Antiinfecciosos
¿Cuál es la vida media de Entecavir?	Plasmática de 24 h; intracelular de 15 h, lo que sostiene la toma única diaria.	Farmacoterapia::Antiinfecciosos
¿Requiere Entecavir ajuste en insuficiencia renal?	OBLIGATORIO desde FG por debajo de 50: se reduce la dosis o se espacia el intervalo (0,5 mg cada 48-72 h según el grado). En hemodiálisis se administra después de la sesión.	Farmacoterapia::Antiinfecciosos
Efecto adverso grave de Entecavir: REAGUDIZACIÓN GRAVE de la hepatitis B tras la suspensión, con riesgo de descompensación e insuficiencia hepática — ¿en qué consiste?	REAGUDIZACIÓN GRAVE de la hepatitis B tras la suspensión, con riesgo de descompensación e insuficiencia hepática	Farmacoterapia::Antiinfecciosos
Efecto adverso grave de Entecavir: Acidosis láctica y hepatomegalia con esteatosis — ¿en qué consiste?	Acidosis láctica y hepatomegalia con esteatosis (efecto de clase de los análogos de nucleósido, muy raro)	Farmacoterapia::Antiinfecciosos
Efecto adverso grave de Entecavir: Selección de RESISTENCIAS DEL VIH si se administra a un paciente coinfectado no tratado con antirretrovirales — ¿en qué consiste?	Selección de RESISTENCIAS DEL VIH si se administra a un paciente coinfectado no tratado con antirretrovirales	Farmacoterapia::Antiinfecciosos
¿Está contraindicado Entecavir en: Hipersensibilidad al entecavir?	Sí — Hipersensibilidad al entecavir	Farmacoterapia::Antiinfecciosos
¿Está contraindicado Entecavir en: Coinfección por VIH no tratada con una pauta antirretroviral completa?	Sí — Coinfección por VIH no tratada con una pauta antirretroviral completa	Farmacoterapia::Antiinfecciosos
Particularidad de Entecavir que hay que tener en cuenta:	Debe tomarse EN AYUNAS: el alimento reduce su absorción de forma clínicamente relevante. Es el error de administración que más veces explica una respuesta virológica insuficiente.	Farmacoterapia::Antiinfecciosos
¿A qué clase farmacológica pertenece Sofosbuvir/velpatasvir?	Antivíricos de acción directa frente al VHC (combinación a dosis fija) (Inhibidor de la polimerasa NS5B (sofosbuvir) más inhibidor de NS5A (velpatasvir))	Farmacoterapia::Antiinfecciosos
¿Cuál es el mecanismo de acción de Sofosbuvir/velpatasvir?	El SOFOSBUVIR es un profármaco de nucleótido que, tras fosforilarse, actúa como TERMINADOR DE CADENA de la ARN polimerasa NS5B del VHC; su sitio de unión está muy conservado entre genotipos, lo que le da actividad pangenotípica y barrera de resistencia alta. El VELPATASVIR inhibe la proteína NS5A, esencial para el ensamblaje del complejo de replicación y la formación del virión. La combinación de dos dianas independientes es lo que permite curar la infección en pocas semanas sin interferón ni ribavirina.	Farmacoterapia::Antiinfecciosos
¿Cuál es el espectro de Sofosbuvir/velpatasvir?	VIRUS DE LA HEPATITIS C, TODOS los genotipos (1 a 6): pauta pangenotípica.	Farmacoterapia::Antiinfecciosos
¿Cuál es la dosis de Sofosbuvir/velpatasvir en Hepatitis C crónica sin cirrosis o con cirrosis compensada (Child A)?	400/100 mg, 1 comprimido/24 h durante 12 semanas — Una vez al día, vía VO	Farmacoterapia::Antiinfecciosos
¿Cuál es la dosis de Sofosbuvir/velpatasvir en Hepatitis C con cirrosis descompensada (Child B-C)?	400/100 mg/24 h más ribavirina, durante 12 semanas — Una vez al día, vía VO	Farmacoterapia::Antiinfecciosos
¿Cuál es la dosis de Sofosbuvir/velpatasvir en Hepatitis C aguda?	400/100 mg/24 h durante 8-12 semanas — Una vez al día, vía VO	Farmacoterapia::Antiinfecciosos
¿Cuál es la dosis de Sofosbuvir/velpatasvir en Manifestaciones extrahepáticas del VHC (crioglobulinemia, linfoma de zona marginal)?	400/100 mg/24 h durante 12 semanas — Una vez al día, vía VO	Farmacoterapia::Antiinfecciosos
¿Cuánto dura el tratamiento con Sofosbuvir/velpatasvir?	12 semanas en la inmensa mayoría de los casos; 8 semanas con otras pautas pangenotípicas en el paciente sin cirrosis.	Farmacoterapia::Antiinfecciosos
¿Cómo se suspende Sofosbuvir/velpatasvir?	Se completa el ciclo y se comprueba la curación con ARN-VHC a las 12 semanas de FINALIZAR (respuesta viral sostenida). No hay tratamiento de mantenimiento.	Farmacoterapia::Antiinfecciosos
¿Qué hay que monitorizar durante el tratamiento con Sofosbuvir/velpatasvir?	ARN-VHC al final del tratamiento y, sobre todo, a las 12 semanas de terminarlo. Transaminasas y control del VHB si hay coinfección. En el cirrótico, cribado semestral de hepatocarcinoma DE POR VIDA aunque se cure.	Farmacoterapia::Antiinfecciosos
¿Cuál es la vida media de Sofosbuvir/velpatasvir?	Sofosbuvir 0,5 h (su metabolito 27 h); velpatasvir 15 h.	Farmacoterapia::Antiinfecciosos
¿Requiere Sofosbuvir/velpatasvir ajuste en insuficiencia renal?	No precisa ajuste; puede usarse incluso en enfermedad renal terminal y hemodiálisis con las formulaciones actuales.	Farmacoterapia::Antiinfecciosos
Interacción crítica de Sofosbuvir/velpatasvir con AMIODARONA: ¿qué ocurre y qué se hace?	BRADICARDIA GRAVE y bloqueo, con casos de parada cardiaca y necesidad de marcapasos. Manejo: Combinación CONTRAINDICADA. Si es inevitable, ingreso con monitorización cardiaca durante las primeras 48 h y vigilancia posterior	Farmacoterapia::Antiinfecciosos
Interacción crítica de Sofosbuvir/velpatasvir con Rifampicina, rifabutina, carbamazepina, fenitoína, fenobarbital, hierba de San Juan: ¿qué ocurre y qué se hace?	Inducción de la glucoproteína P y del CYP3A4 con caída de las concentraciones y FRACASO TERAPÉUTICO. Manejo: Contraindicados. Retirar o sustituir el inductor antes de tratar	Farmacoterapia::Antiinfecciosos
Efecto adverso grave de Sofosbuvir/velpatasvir: REACTIVACIÓN DEL VIRUS DE LA HEPATITIS B, que puede ser fulminante, en pacientes coinfectados — ¿en qué consiste?	REACTIVACIÓN DEL VIRUS DE LA HEPATITIS B, que puede ser fulminante, en pacientes coinfectados	Farmacoterapia::Antiinfecciosos
Efecto adverso grave de Sofosbuvir/velpatasvir: Bradiarritmia grave en asociación con amiodarona — ¿en qué consiste?	Bradiarritmia grave en asociación con amiodarona	Farmacoterapia::Antiinfecciosos
Efecto adverso grave de Sofosbuvir/velpatasvir: Anemia si se añade ribavirina en la pauta de la cirrosis descompensada — ¿en qué consiste?	Anemia si se añade ribavirina en la pauta de la cirrosis descompensada	Farmacoterapia::Antiinfecciosos
¿Está contraindicado Sofosbuvir/velpatasvir en: Hipersensibilidad a sofosbuvir o velpatasvir?	Sí — Hipersensibilidad a sofosbuvir o velpatasvir	Farmacoterapia::Antiinfecciosos
¿Está contraindicado Sofosbuvir/velpatasvir en: Uso concomitante con inductores potentes?	Sí — Uso concomitante con inductores potentes: rifampicina, carbamazepina, fenitoína, fenobarbital, hierba de San Juan	Farmacoterapia::Antiinfecciosos
¿Está contraindicado Sofosbuvir/velpatasvir en: Uso concomitante con amiodarona?	Sí — Uso concomitante con amiodarona (contraindicación relativa que exige monitorización hospitalaria si es inevitable)	Farmacoterapia::Antiinfecciosos
Particularidad de Sofosbuvir/velpatasvir que hay que tener en cuenta:	Es el primer grupo de fármacos que CURA una infección vírica crónica: más del 95% de respuesta viral sostenida en 12 semanas por vía oral y con tolerancia casi de placebo. Ha convertido la hepatitis C en una enfermedad curable en atención primaria.	Farmacoterapia::Antiinfecciosos
¿A qué clase farmacológica pertenece Bictegravir/emtricitabina/tenofovir alafenamida?	Tratamiento antirretroviral combinado en comprimido único (Inhibidor de la integrasa de segunda generación más dos inhibidores de la transcriptasa inversa análogos de nucleósido/nucleótido)	Farmacoterapia::Antiinfecciosos
¿Cuál es el mecanismo de acción de Bictegravir/emtricitabina/tenofovir alafenamida?	El BICTEGRAVIR inhibe la INTEGRASA del VIH y bloquea la transferencia de cadena, impidiendo la inserción del ADN proviral en el genoma celular: sin integración no hay replicación productiva ni ampliación del reservorio. La EMTRICITABINA y el TENOFOVIR ALAFENAMIDA son análogos que, tras fosforilarse, terminan la cadena de ADN sintetizada por la transcriptasa inversa. Atacar dos pasos consecutivos del ciclo con tres fármacos es lo que impide la selección de resistencias.	Farmacoterapia::Antiinfecciosos
¿Cuál es el espectro de Bictegravir/emtricitabina/tenofovir alafenamida?	VIH-1 y VIH-2. Los componentes emtricitabina y tenofovir tienen además actividad frente al VIRUS DE LA HEPATITIS B.	Farmacoterapia::Antiinfecciosos
¿Cuál es la dosis de Bictegravir/emtricitabina/tenofovir alafenamida en Infección por VIH: tratamiento de inicio?	50/200/25 mg, 1 comprimido/24 h — Una vez al día, con o sin alimento, vía VO	Farmacoterapia::Antiinfecciosos
¿Cuál es la dosis de Bictegravir/emtricitabina/tenofovir alafenamida en Infección por VIH: simplificación en el paciente con carga viral suprimida?	1 comprimido/24 h — Una vez al día, vía VO	Farmacoterapia::Antiinfecciosos
¿Cuál es la dosis de Bictegravir/emtricitabina/tenofovir alafenamida en Coinfección VIH y hepatitis B crónica?	1 comprimido/24 h — Una vez al día, vía VO	Farmacoterapia::Antiinfecciosos
¿Cuál es la dosis de Bictegravir/emtricitabina/tenofovir alafenamida en Profilaxis postexposición al VIH?	1 comprimido/24 h durante 28 días — Una vez al día, vía VO	Farmacoterapia::Antiinfecciosos
¿Cuánto dura el tratamiento con Bictegravir/emtricitabina/tenofovir alafenamida?	INDEFINIDA, de por vida. No existe indicación de interrumpir el tratamiento antirretroviral.	Farmacoterapia::Antiinfecciosos
¿Cómo se suspende Bictegravir/emtricitabina/tenofovir alafenamida?	No se suspende. Si hay que cambiarlo, se sustituye por otra pauta completa sin dejar días sin tratamiento; interrumpir de golpe en un coinfectado por VHB puede provocar una reagudización hepática grave.	Farmacoterapia::Antiinfecciosos
¿Qué hay que monitorizar durante el tratamiento con Bictegravir/emtricitabina/tenofovir alafenamida?	Carga viral a las 4-8 semanas y después cada 3-6 meses hasta la estabilidad; CD4; función renal y proteinuria; perfil lipídico y peso; densitometría según riesgo.	Farmacoterapia::Antiinfecciosos
¿Cuál es la vida media de Bictegravir/emtricitabina/tenofovir alafenamida?	Bictegravir 18 h; el metabolito activo intracelular del tenofovir supera las 60 h.	Farmacoterapia::Antiinfecciosos
¿Requiere Bictegravir/emtricitabina/tenofovir alafenamida ajuste en insuficiencia renal?	No se recomienda con FG por debajo de 30 (salvo pautas específicas en diálisis), por el componente de tenofovir alafenamida y emtricitabina.	Farmacoterapia::Antiinfecciosos
Interacción crítica de Bictegravir/emtricitabina/tenofovir alafenamida con RIFAMPICINA y otros inductores potentes (carbamazepina, fenitoína, hierba de San Juan): ¿qué ocurre y qué se hace?	Caída de las concentraciones de bictegravir y de tenofovir alafenamida con FRACASO VIROLÓGICO. Manejo: CONTRAINDICADO con rifampicina. En el paciente con tuberculosis hay que cambiar la pauta antirretroviral (por ejemplo, dolutegravir cada 12 h con rifampicina) o usar rifabutina	Farmacoterapia::Antiinfecciosos
Interacción crítica de Bictegravir/emtricitabina/tenofovir alafenamida con Antiácidos, suplementos de calcio, magnesio y HIERRO, multivitamínicos: ¿qué ocurre y qué se hace?	QUELACIÓN del bictegravir con pérdida de absorción y riesgo de fracaso. Manejo: Tomar el antirretroviral 2 h ANTES del catión, o junto con la comida si se trata de calcio o hierro. Es un error muy frecuente y silencioso	Farmacoterapia::Antiinfecciosos
Interacción crítica de Bictegravir/emtricitabina/tenofovir alafenamida con Dofetilida: ¿qué ocurre y qué se hace?	Aumento de sus concentraciones con riesgo de arritmias graves. Manejo: Contraindicado	Farmacoterapia::Antiinfecciosos
Efecto adverso grave de Bictegravir/emtricitabina/tenofovir alafenamida: REAGUDIZACIÓN GRAVE de la hepatitis B al suspender el tratamiento en el coinfectado — ¿en qué consiste?	REAGUDIZACIÓN GRAVE de la hepatitis B al suspender el tratamiento en el coinfectado	Farmacoterapia::Antiinfecciosos
Efecto adverso grave de Bictegravir/emtricitabina/tenofovir alafenamida: Reacciones de hipersensibilidad y hepatotoxicidad — ¿en qué consiste?	Reacciones de hipersensibilidad y hepatotoxicidad (poco frecuentes)	Farmacoterapia::Antiinfecciosos
Efecto adverso grave de Bictegravir/emtricitabina/tenofovir alafenamida: Síndrome inflamatorio de reconstitución inmunitaria en las semanas siguientes al inicio — ¿en qué consiste?	Síndrome inflamatorio de reconstitución inmunitaria en las semanas siguientes al inicio	Farmacoterapia::Antiinfecciosos
Efecto adverso grave de Bictegravir/emtricitabina/tenofovir alafenamida: Alteraciones neuropsiquiátricas — ¿en qué consiste?	Alteraciones neuropsiquiátricas: insomnio, ansiedad y depresión, efecto de clase de los inhibidores de la integrasa	Farmacoterapia::Antiinfecciosos
¿Está contraindicado Bictegravir/emtricitabina/tenofovir alafenamida en: Hipersensibilidad a cualquiera de los componentes?	Sí — Hipersensibilidad a cualquiera de los componentes	Farmacoterapia::Antiinfecciosos
¿Está contraindicado Bictegravir/emtricitabina/tenofovir alafenamida en: Uso concomitante con rifampicina, hierba de San Juan o dofetilida?	Sí — Uso concomitante con rifampicina, hierba de San Juan o dofetilida	Farmacoterapia::Antiinfecciosos
Particularidad de Bictegravir/emtricitabina/tenofovir alafenamida que hay que tener en cuenta:	El cambio conceptual que representa: un solo comprimido al día, sin potenciador farmacocinético, con barrera genética alta y sin requisito de tomarlo con comida. La adherencia dejó de ser el principal problema del tratamiento antirretroviral.	Farmacoterapia::Antiinfecciosos
¿A qué clase farmacológica pertenece Dolutegravir?	Antirretroviral inhibidor de la integrasa (Inhibidor de la transferencia de cadena de segunda generación)	Farmacoterapia::Antiinfecciosos
¿Cuál es el mecanismo de acción de Dolutegravir?	Se une al sitio activo de la INTEGRASA viral, ocupando el lugar del ADN diana y bloqueando la transferencia de cadena: el ADN proviral no llega a integrarse en el cromosoma de la célula huésped. Su disociación lenta del complejo integrasa-ADN es la base de su BARRERA GENÉTICA ALTA, que en la práctica hace que el fracaso virológico rara vez se acompañe de resistencia.	Farmacoterapia::Antiinfecciosos
¿Cuál es el espectro de Dolutegravir?	VIH-1 y VIH-2 (activo también frente al VIH-2, a diferencia de los inhibidores de la transcriptasa inversa no nucleósidos).	Farmacoterapia::Antiinfecciosos
¿Cuál es la dosis de Dolutegravir en Infección por VIH: tratamiento de inicio?	50 mg/24 h asociado a dos análogos de nucleósido (habitualmente tenofovir y emtricitabina o lamivudina) — Una vez al día, vía VO	Farmacoterapia::Antiinfecciosos
¿Cuál es la dosis de Dolutegravir en Infección por VIH: biterapia de mantenimiento?	Dolutegravir 50 mg + lamivudina 300 mg, 1 comprimido/24 h — Una vez al día, vía VO	Farmacoterapia::Antiinfecciosos
¿Cuál es la dosis de Dolutegravir en Infección por VIH con resistencia previa a inhibidores de la integrasa?	50 mg/12 h — Cada 12 h, vía VO	Farmacoterapia::Antiinfecciosos
¿Cuál es la dosis de Dolutegravir en Infección por VIH en tratamiento concomitante con rifampicina?	50 mg/12 h mientras dure la rifampicina y 2 semanas después — Cada 12 h, vía VO	Farmacoterapia::Antiinfecciosos
¿Cuánto dura el tratamiento con Dolutegravir?	INDEFINIDA, de por vida.	Farmacoterapia::Antiinfecciosos
¿Cómo se suspende Dolutegravir?	No se suspende; los cambios se hacen sustituyendo por otra pauta completa.	Farmacoterapia::Antiinfecciosos
¿Qué hay que monitorizar durante el tratamiento con Dolutegravir?	Carga viral y CD4 periódicos; peso y perfil metabólico; síntomas neuropsiquiátricos en los primeros meses.	Farmacoterapia::Antiinfecciosos
¿Cuál es la vida media de Dolutegravir?	14 h, que sostiene la dosis única diaria.	Farmacoterapia::Antiinfecciosos
¿Requiere Dolutegravir ajuste en insuficiencia renal?	No precisa ajuste, ni siquiera en la insuficiencia renal avanzada (su eliminación no es renal). Los análogos que lo acompañan sí lo precisan.	Farmacoterapia::Antiinfecciosos
Interacción crítica de Dolutegravir con Antiácidos, calcio, magnesio, HIERRO y multivitamínicos con cationes: ¿qué ocurre y qué se hace?	Quelación con caída de la absorción y riesgo de fracaso virológico. Manejo: Tomar el dolutegravir 2 h antes o 6 h después del catión; si se toma con COMIDA, el calcio y el hierro pueden administrarse a la vez	Farmacoterapia::Antiinfecciosos
Interacción crítica de Dolutegravir con RIFAMPICINA: ¿qué ocurre y qué se hace?	Inducción con caída de las concentraciones a la mitad. Manejo: DOBLAR la dosis a 50 mg/12 h durante el tratamiento antituberculoso y 2 semanas después. Alternativa: rifabutina, que no obliga a doblar	Farmacoterapia::Antiinfecciosos
Interacción crítica de Dolutegravir con Carbamazepina, fenitoína, fenobarbital, hierba de San Juan: ¿qué ocurre y qué se hace?	Inducción potente con pérdida de eficacia. Manejo: Evitar; sustituir el antiepiléptico por levetiracetam o lacosamida	Farmacoterapia::Antiinfecciosos
Interacción crítica de Dolutegravir con Dofetilida: ¿qué ocurre y qué se hace?	Elevación de sus concentraciones con riesgo de arritmia ventricular. Manejo: Contraindicado	Farmacoterapia::Antiinfecciosos
Efecto adverso grave de Dolutegravir: Reacciones de hipersensibilidad con exantema y afectación orgánica — ¿en qué consiste?	Reacciones de hipersensibilidad con exantema y afectación orgánica (poco frecuentes)	Farmacoterapia::Antiinfecciosos
Efecto adverso grave de Dolutegravir: Hepatotoxicidad, especialmente en coinfectados por VHB o VHC — ¿en qué consiste?	Hepatotoxicidad, especialmente en coinfectados por VHB o VHC	Farmacoterapia::Antiinfecciosos
Efecto adverso grave de Dolutegravir: Trastornos neuropsiquiátricos — ¿en qué consiste?	Trastornos neuropsiquiátricos: depresión, ansiedad e ideación suicida en pacientes predispuestos	Farmacoterapia::Antiinfecciosos
Efecto adverso grave de Dolutegravir: Síndrome inflamatorio de reconstitución inmunitaria — ¿en qué consiste?	Síndrome inflamatorio de reconstitución inmunitaria	Farmacoterapia::Antiinfecciosos
¿Está contraindicado Dolutegravir en: Hipersensibilidad al dolutegravir?	Sí — Hipersensibilidad al dolutegravir	Farmacoterapia::Antiinfecciosos
¿Está contraindicado Dolutegravir en: Uso concomitante con dofetilida?	Sí — Uso concomitante con dofetilida	Farmacoterapia::Antiinfecciosos
¿Está contraindicado Dolutegravir en: Uso concomitante con hierba de San Juan y otros inductores potentes sin ajuste?	Sí — Uso concomitante con hierba de San Juan y otros inductores potentes sin ajuste	Farmacoterapia::Antiinfecciosos
Particularidad de Dolutegravir que hay que tener en cuenta:	Su ventaja diferencial es la BARRERA GENÉTICA: el fracaso virológico con dolutegravir rara vez se acompaña de resistencia a la integrasa, lo que preserva opciones futuras. Por eso es la pauta recomendada por la Organización Mundial de la Salud a escala global.	Farmacoterapia::Antiinfecciosos
¿A qué clase farmacológica pertenece Nirmatrelvir/ritonavir?	Antivírico oral frente al SARS-CoV-2 (Inhibidor de la proteasa principal 3CL potenciado con ritonavir)	Farmacoterapia::Antiinfecciosos
¿Cuál es el mecanismo de acción de Nirmatrelvir/ritonavir?	El NIRMATRELVIR inhibe la proteasa principal (Mpro o 3CLpro) del SARS-CoV-2, imprescindible para escindir las poliproteínas virales en proteínas funcionales: sin ese procesamiento no se ensambla el complejo de replicación. El RITONAVIR no tiene aquí actividad antivírica: se añade en dosis baja como POTENCIADOR FARMACOCINÉTICO, inhibiendo el CYP3A4 que metabolizaría rápidamente al nirmatrelvir. Esa inhibición deliberada del CYP3A4 es también el origen de casi todas sus interacciones.	Farmacoterapia::Antiinfecciosos
¿Cuál es el espectro de Nirmatrelvir/ritonavir?	SARS-CoV-2, incluidas las variantes circulantes (la proteasa 3CL está muy conservada).	Farmacoterapia::Antiinfecciosos
¿Cuál es la dosis de Nirmatrelvir/ritonavir en COVID-19 leve o moderado en paciente ambulatorio con riesgo de progresión?	Nirmatrelvir 300 mg (2 comprimidos de 150 mg) + ritonavir 100 mg, cada 12 h durante 5 días — Cada 12 h, vía VO	Farmacoterapia::Antiinfecciosos
¿Cuál es la dosis de Nirmatrelvir/ritonavir en COVID-19 en el paciente inmunodeprimido?	300/100 mg/12 h durante 5 días — Cada 12 h, vía VO	Farmacoterapia::Antiinfecciosos
¿Cuánto dura el tratamiento con Nirmatrelvir/ritonavir?	5 días exactos, 10 dosis en total.	Farmacoterapia::Antiinfecciosos
¿Cómo se suspende Nirmatrelvir/ritonavir?	Se completa el ciclo y se retira. Las interacciones del ritonavir persisten unos días tras la última dosis, por lo que los fármacos suspendidos no deben reintroducirse el mismo día.	Farmacoterapia::Antiinfecciosos
¿Qué hay que monitorizar durante el tratamiento con Nirmatrelvir/ritonavir?	Ninguna analítica de rutina. Lo que se monitoriza es la INTERACCIÓN: función renal si el paciente toma tacrolimús o anticoagulantes, e INR si toma antivitamina K.	Farmacoterapia::Antiinfecciosos
¿Cuál es la vida media de Nirmatrelvir/ritonavir?	6-7 h del nirmatrelvir; la inhibición enzimática del ritonavir persiste 3-5 días tras la última dosis.	Farmacoterapia::Antiinfecciosos
¿Requiere Nirmatrelvir/ritonavir ajuste en insuficiencia renal?	FG 30-59: reducir a nirmatrelvir 150 mg + ritonavir 100 mg cada 12 h. FG por debajo de 30: NO se recomienda.	Farmacoterapia::Antiinfecciosos
Interacción crítica de Nirmatrelvir/ritonavir con Estatinas (simvastatina, lovastatina y, en menor medida, atorvastatina): ¿qué ocurre y qué se hace?	Elevación marcada con riesgo de miopatía y RABDOMIÓLISIS. Manejo: SUSPENDER simvastatina y lovastatina durante el tratamiento y 3-5 días después; reducir la dosis de atorvastatina o suspenderla	Farmacoterapia::Antiinfecciosos
Interacción crítica de Nirmatrelvir/ritonavir con Anticoagulantes orales directos (rivaroxabán, apixabán): ¿qué ocurre y qué se hace?	Aumento de las concentraciones con riesgo HEMORRÁGICO. Manejo: Evitar la combinación; valorar cambio temporal a heparina de bajo peso molecular o elegir otro antivírico (remdesivir)	Farmacoterapia::Antiinfecciosos
Interacción crítica de Nirmatrelvir/ritonavir con Inmunosupresores: tacrolimús, ciclosporina, sirolimús, everolimús: ¿qué ocurre y qué se hace?	Elevación muy intensa de sus concentraciones con nefrotoxicidad y toxicidad grave. Manejo: Solo con manejo especializado y monitorización de niveles; en la práctica suele preferirse remdesivir en el trasplantado	Farmacoterapia::Antiinfecciosos
Interacción crítica de Nirmatrelvir/ritonavir con Amiodarona, flecainida, propafenona, quinidina: ¿qué ocurre y qué se hace?	Riesgo de arritmias graves por acumulación. Manejo: Contraindicado	Farmacoterapia::Antiinfecciosos
Interacción crítica de Nirmatrelvir/ritonavir con Rifampicina, carbamazepina, fenitoína, fenobarbital, hierba de San Juan: ¿qué ocurre y qué se hace?	Inducción que reduce las concentraciones de nirmatrelvir y anula su eficacia. Manejo: Contraindicado	Farmacoterapia::Antiinfecciosos
Interacción crítica de Nirmatrelvir/ritonavir con Benzodiacepinas metabolizadas por CYP3A4 (midazolam, triazolam) y colchicina: ¿qué ocurre y qué se hace?	Sedación prolongada; toxicidad grave de la colchicina, potencialmente mortal en la insuficiencia renal. Manejo: Contraindicados; usar lorazepam u oxazepam si se precisa benzodiacepina	Farmacoterapia::Antiinfecciosos
Efecto adverso grave de Nirmatrelvir/ritonavir: Toxicidad grave derivada de las INTERACCIONES — ¿en qué consiste?	Toxicidad grave derivada de las INTERACCIONES: rabdomiólisis, hemorragia, nefrotoxicidad por inmunosupresores, arritmias	Farmacoterapia::Antiinfecciosos
Efecto adverso grave de Nirmatrelvir/ritonavir: Hepatotoxicidad — ¿en qué consiste?	Hepatotoxicidad (poco frecuente)	Farmacoterapia::Antiinfecciosos
Efecto adverso grave de Nirmatrelvir/ritonavir: Reacciones de hipersensibilidad — ¿en qué consiste?	Reacciones de hipersensibilidad	Farmacoterapia::Antiinfecciosos
¿Está contraindicado Nirmatrelvir/ritonavir en: Hipersensibilidad a cualquiera de los componentes?	Sí — Hipersensibilidad a cualquiera de los componentes	Farmacoterapia::Antiinfecciosos
¿Está contraindicado Nirmatrelvir/ritonavir en: Uso concomitante con fármacos de estrecho margen terapéutico dependientes del CYP3A4?	Sí — Uso concomitante con fármacos de estrecho margen terapéutico dependientes del CYP3A4 (amiodarona, colchicina en insuficiencia renal, ergotamínicos, midazolam oral, ranolazina, sildenafilo para hipertensión pulmonar)	Farmacoterapia::Antiinfecciosos
¿Está contraindicado Nirmatrelvir/ritonavir en: Uso concomitante con inductores potentes del CYP3A4?	Sí — Uso concomitante con inductores potentes del CYP3A4	Farmacoterapia::Antiinfecciosos
¿Está contraindicado Nirmatrelvir/ritonavir en: Insuficiencia renal grave?	Sí — Insuficiencia renal grave (FG por debajo de 30) o insuficiencia hepática grave	Farmacoterapia::Antiinfecciosos
Particularidad de Nirmatrelvir/ritonavir que hay que tener en cuenta:	Lo determinante de este fármaco no es su eficacia antivírica sino su LISTA DE INTERACCIONES: prescribirlo sin revisar la medicación completa del paciente es la principal fuente de daño. En la práctica, la consulta de prescripción es una consulta de conciliación farmacológica.	Farmacoterapia::Antiinfecciosos
¿A qué clase farmacológica pertenece Penicilina G benzatina?	Betalactámico — penicilina natural (Depósito intramuscular de liberación lenta)	Farmacoterapia::Antiinfecciosos
¿Cuál es el mecanismo de acción de Penicilina G benzatina?	Se une a las PBP (proteínas fijadoras de penicilina) e inhibe la transpeptidación del peptidoglucano; activa además autolisinas. Bactericida tiempo-dependiente. La sal benzatina es muy poco soluble: forma un depósito IM que libera penicilina durante 3-4 semanas, manteniendo concentraciones bajas pero continuas.	Farmacoterapia::Antiinfecciosos
¿Cuál es el espectro de Penicilina G benzatina?	Estrecho: Streptococcus pyogenes (nunca ha desarrollado resistencia a penicilina) y demás estreptococos betahemolíticos, Treponema pallidum. NO cubre estafilococos (>90% productores de penicilinasa), NO cubre gramnegativos ni anaerobios de la boca resistentes.	Farmacoterapia::Antiinfecciosos
¿Cuál es la dosis de Penicilina G benzatina en Faringoamigdalitis estreptocócica (dosis única cuando no se garantiza el cumplimiento oral)?	1 200 000 UI (adulto y >27 kg) — Dosis única, vía IM profunda	Farmacoterapia::Antiinfecciosos
¿Cuál es la dosis de Penicilina G benzatina en Profilaxis secundaria de fiebre reumática?	1 200 000 UI — Cada 21-28 días, vía IM profunda	Farmacoterapia::Antiinfecciosos
¿Cuál es la dosis de Penicilina G benzatina en Sífilis primaria, secundaria y latente precoz (<1 año)?	2 400 000 UI — Dosis única, vía IM profunda	Farmacoterapia::Antiinfecciosos
¿Cuál es la dosis de Penicilina G benzatina en Sífilis latente tardía o de duración desconocida?	2 400 000 UI — Semanal, 3 dosis (total 7,2 MUI), vía IM profunda	Farmacoterapia::Antiinfecciosos
¿Cuánto dura el tratamiento con Penicilina G benzatina?	Dosis única en faringitis y sífilis precoz; 3 dosis semanales en sífilis tardía; años o de por vida en profilaxis de fiebre reumática (hasta los 21-40 años o 10 años tras el último brote, según haya o no carditis).	Farmacoterapia::Antiinfecciosos
¿Cómo se suspende Penicilina G benzatina?	Se suspende al completar el número de dosis pautado. No requiere retirada gradual. En profilaxis reumática, la retirada se decide por edad y estado valvular, no por la clínica.	Farmacoterapia::Antiinfecciosos
¿Qué hay que monitorizar durante el tratamiento con Penicilina G benzatina?	En sífilis, VDRL/RPR cuantitativo a los 6 y 12 meses: se espera un descenso de 4 veces (2 diluciones) del título. Vigilar 30 min tras la inyección por riesgo de anafilaxia.	Farmacoterapia::Antiinfecciosos
¿Cuál es la vida media de Penicilina G benzatina?	Bencilpenicilina libre 30 min, pero la liberación desde el depósito prolonga la exposición 3-4 semanas.	Farmacoterapia::Antiinfecciosos
¿Requiere Penicilina G benzatina ajuste en insuficiencia renal?	En insuficiencia renal grave (FG <10) se prolonga la exposición; en profilaxis, espaciar. En pauta única de sífilis no se ajusta.	Farmacoterapia::Antiinfecciosos
Interacción crítica de Penicilina G benzatina con Metotrexato: ¿qué ocurre y qué se hace?	Las penicilinas compiten por la secreción tubular y elevan las concentraciones de metotrexato, con riesgo de mielotoxicidad. Manejo: Vigilar hemograma y niveles; evitar la asociación con metotrexato a dosis altas	Farmacoterapia::Antiinfecciosos
Efecto adverso grave de Penicilina G benzatina: Anafilaxia — ¿en qué consiste?	Anafilaxia (0,01-0,05%): la penicilina es la primera causa de anafilaxia farmacológica	Farmacoterapia::Antiinfecciosos
Efecto adverso grave de Penicilina G benzatina: Síndrome de Hoigné — ¿en qué consiste?	Síndrome de Hoigné: embolia microcristalina por inyección intravascular accidental, con sensación de muerte inminente, alucinaciones y taquicardia (no es alérgico)	Farmacoterapia::Antiinfecciosos
Efecto adverso grave de Penicilina G benzatina: Parada cardiaca por inyección IV accidental de la sal benzatina — ¿en qué consiste?	Parada cardiaca por inyección IV accidental de la sal benzatina	Farmacoterapia::Antiinfecciosos
Efecto adverso grave de Penicilina G benzatina: Nefritis intersticial aguda — ¿en qué consiste?	Nefritis intersticial aguda	Farmacoterapia::Antiinfecciosos
¿Está contraindicado Penicilina G benzatina en: Alergia mediada por IgE a penicilinas?	Sí — Alergia mediada por IgE a penicilinas	Farmacoterapia::Antiinfecciosos
¿Está contraindicado Penicilina G benzatina en: Administración IV o intraarterial?	Sí — Administración IV o intraarterial (riesgo vital)	Farmacoterapia::Antiinfecciosos
¿Está contraindicado Penicilina G benzatina en: Neurosífilis, sífilis ocular u otosífilis?	Sí — Neurosífilis, sífilis ocular u otosífilis: no alcanza concentración treponemicida en LCR — usar penicilina G sódica IV	Farmacoterapia::Antiinfecciosos
Particularidad de Penicilina G benzatina que hay que tener en cuenta:	Es el único tratamiento con eficacia probada de la sífilis en la embarazada: si hay alergia, la conducta correcta es la desensibilización, no cambiar de fármaco.	Farmacoterapia::Antiinfecciosos
¿A qué clase farmacológica pertenece Amoxicilina?	Betalactámico — aminopenicilina (Espectro ampliado a gramnegativos)	Farmacoterapia::Antiinfecciosos
¿Cuál es el mecanismo de acción de Amoxicilina?	Inhibe la síntesis de la pared bacteriana uniéndose a las PBP. El grupo amino extra respecto a la penicilina le permite atravesar las porinas de la membrana externa de los gramnegativos, ampliando el espectro. Sigue siendo hidrolizada por las betalactamasas.	Farmacoterapia::Antiinfecciosos
¿Qué distingue a Amoxicilina de los demás fármacos de su clase (Betalactámico — aminopenicilina)?	<b>La aminopenicilina ORAL</b> (biodisponibilidad 80-90%); la ampicilina es la IV.	Farmacoterapia::Antiinfecciosos
¿Cuál es el espectro de Amoxicilina?	Estreptococos (incluido S. pneumoniae, incluso con sensibilidad disminuida si se usa dosis alta), Enterococcus faecalis, Listeria, Haemophilus influenzae no productor de betalactamasa, Helicobacter pylori, Borrelia. NO cubre S. aureus, NO cubre productores de betalactamasa (gran parte de E. coli y Moraxella), NO cubre Pseudomonas ni anaerobios de la vía respiratoria baja.	Farmacoterapia::Antiinfecciosos
¿Cuál es la dosis de Amoxicilina en Faringoamigdalitis estreptocócica?	500 mg/8 h o 1 g/12 h — Cada 8-12 h, vía VO	Farmacoterapia::Antiinfecciosos
¿Cuál es la dosis de Amoxicilina en Otitis media aguda / sinusitis bacteriana aguda?	875 mg-1 g/8 h (dosis alta) — Cada 8 h, vía VO	Farmacoterapia::Antiinfecciosos
¿Cuál es la dosis de Amoxicilina en Neumonía adquirida en la comunidad no grave, ambulatoria?	1 g/8 h — Cada 8 h, vía VO	Farmacoterapia::Antiinfecciosos
¿Cuál es la dosis de Amoxicilina en Erradicación de Helicobacter pylori (terapia cuádruple concomitante)?	1 g/12 h — Cada 12 h, vía VO	Farmacoterapia::Antiinfecciosos
¿Cuál es la dosis de Amoxicilina en Profilaxis de endocarditis en procedimientos dentales de riesgo?	2 g — Dosis única 30-60 min antes, vía VO	Farmacoterapia::Antiinfecciosos
¿Cuál es la dosis de Amoxicilina en Enfermedad de Lyme precoz (eritema migratorio) en embarazo o <8 años?	500 mg/8 h — Cada 8 h, vía VO	Farmacoterapia::Antiinfecciosos
¿Cuánto dura el tratamiento con Amoxicilina?	5-7 días en la mayoría de infecciones respiratorias; 10 días en faringitis estreptocócica; 14 días en erradicación de H. pylori; 14-21 días en Lyme precoz.	Farmacoterapia::Antiinfecciosos
¿Cómo se suspende Amoxicilina?	Suspensión brusca al completar los días pautados. No se prolonga «hasta que mejore»: acortar cuando el paciente está afebril y estable 48-72 h es la práctica actual en NAC.	Farmacoterapia::Antiinfecciosos
¿Qué hay que monitorizar durante el tratamiento con Amoxicilina?	Clínica. No precisa analíticas de rutina en tratamientos cortos.	Farmacoterapia::Antiinfecciosos
¿Cuál es la vida media de Amoxicilina?	1-1,3 h (por eso la posología cada 8 h).	Farmacoterapia::Antiinfecciosos
¿Requiere Amoxicilina ajuste en insuficiencia renal?	FG 10-30: 500 mg/12 h. FG <10: 500 mg/24 h. Dializable — administrar tras la sesión de hemodiálisis.	Farmacoterapia::Antiinfecciosos
Interacción crítica de Amoxicilina con Metotrexato: ¿qué ocurre y qué se hace?	Reduce su aclaramiento renal y eleva su toxicidad hematológica y mucosa. Manejo: Evitar la asociación o vigilar niveles y hemograma	Farmacoterapia::Antiinfecciosos
Efecto adverso grave de Amoxicilina: Anafilaxia — ¿en qué consiste?	Anafilaxia	Farmacoterapia::Antiinfecciosos
Efecto adverso grave de Amoxicilina: Colitis por Clostridioides difficile — ¿en qué consiste?	Colitis por Clostridioides difficile	Farmacoterapia::Antiinfecciosos
Efecto adverso grave de Amoxicilina: Nefritis intersticial aguda — ¿en qué consiste?	Nefritis intersticial aguda	Farmacoterapia::Antiinfecciosos
Efecto adverso grave de Amoxicilina: Hepatitis colestásica — ¿en qué consiste?	Hepatitis colestásica (más frecuente con la asociación a clavulánico que con amoxicilina sola)	Farmacoterapia::Antiinfecciosos
¿Está contraindicado Amoxicilina en: Alergia a betalactámicos mediada por IgE?	Sí — Alergia a betalactámicos mediada por IgE	Farmacoterapia::Antiinfecciosos
¿Está contraindicado Amoxicilina en: Mononucleosis infecciosa?	Sí — Mononucleosis infecciosa: produce exantema en el 80-100% de los casos (no es alergia, pero conviene evitarla)	Farmacoterapia::Antiinfecciosos
Particularidad de Amoxicilina que hay que tener en cuenta:	El exantema de la amoxicilina en la mononucleosis infecciosa NO es una alergia y no etiqueta al paciente como alérgico de por vida: es un fenómeno inmunológico transitorio ligado a la infección por VEB.	Farmacoterapia::Antiinfecciosos
¿A qué clase farmacológica pertenece Amoxicilina-clavulánico?	Betalactámico — aminopenicilina + inhibidor de betalactamasas (Espectro ampliado a productores de betalactamasa y anaerobios)	Farmacoterapia::Antiinfecciosos
¿Cuál es el mecanismo de acción de Amoxicilina-clavulánico?	La amoxicilina inhibe las PBP; el ácido clavulánico es un betalactámico sin actividad antibiótica propia relevante que actúa como inhibidor suicida de las betalactamasas de clase A, protegiendo a la amoxicilina de su hidrólisis. El clavulánico NO inhibe las betalactamasas de tipo AmpC ni las carbapenemasas.	Farmacoterapia::Antiinfecciosos
¿Cuál es el espectro de Amoxicilina-clavulánico?	Todo lo de amoxicilina más: Staphylococcus aureus sensible a meticilina, Haemophilus influenzae y Moraxella productores de betalactamasa, E. coli y Klebsiella no BLEE, anaerobios (Bacteroides fragilis, flora oral). NO cubre SARM, NO cubre Pseudomonas, NO cubre BLEE ni AmpC, NO cubre atípicas (Mycoplasma, Legionella, Chlamydia).	Farmacoterapia::Antiinfecciosos
¿Cuál es la dosis de Amoxicilina-clavulánico en Neumonía adquirida en la comunidad con comorbilidad o riesgo de aspiración?	875/125 mg/8 h o 2000/125 mg/12 h (formulación retard) — Cada 8-12 h, vía VO	Farmacoterapia::Antiinfecciosos
¿Cuál es la dosis de Amoxicilina-clavulánico en Exacerbación de EPOC con criterios de Anthonisen?	875/125 mg/8 h — Cada 8 h, vía VO	Farmacoterapia::Antiinfecciosos
¿Cuál es la dosis de Amoxicilina-clavulánico en Infección de piel y partes blandas / mordedura de perro, gato o humana?	875/125 mg/8 h — Cada 8 h, vía VO	Farmacoterapia::Antiinfecciosos
¿Cuál es la dosis de Amoxicilina-clavulánico en Infección odontógena / absceso periapical?	875/125 mg/8 h — Cada 8 h, vía VO	Farmacoterapia::Antiinfecciosos
¿Cuál es la dosis de Amoxicilina-clavulánico en Infección intraabdominal leve-moderada de origen comunitario?	1-2 g/200 mg/8 h — Cada 8 h, vía IV	Farmacoterapia::Antiinfecciosos
¿Cuál es la dosis de Amoxicilina-clavulánico en Sinusitis bacteriana aguda con fracaso previo de amoxicilina?	875/125 mg/8 h — Cada 8 h, vía VO	Farmacoterapia::Antiinfecciosos
¿Cuánto dura el tratamiento con Amoxicilina-clavulánico?	5-7 días en infecciones respiratorias; 7-10 días en piel y partes blandas; 3-5 días de profilaxis en mordedura no infectada; 4-7 días en infección intraabdominal con control del foco adecuado.	Farmacoterapia::Antiinfecciosos
¿Cómo se suspende Amoxicilina-clavulánico?	Suspensión brusca al completar la pauta. Si a las 72 h no hay mejoría, replantear el diagnóstico y el foco antes de prolongar.	Farmacoterapia::Antiinfecciosos
¿Qué hay que monitorizar durante el tratamiento con Amoxicilina-clavulánico?	Transaminasas si el tratamiento supera los 10-14 días o hay hepatopatía previa.	Farmacoterapia::Antiinfecciosos
¿Cuál es la vida media de Amoxicilina-clavulánico?	Amoxicilina 1-1,3 h; clavulánico 1 h.	Farmacoterapia::Antiinfecciosos
¿Requiere Amoxicilina-clavulánico ajuste en insuficiencia renal?	FG 10-30: 875/125 mg/12 h. FG <10: 500/125 mg/24 h. No usar la formulación retard de 2000/125 mg si FG <30.	Farmacoterapia::Antiinfecciosos
Interacción crítica de Amoxicilina-clavulánico con Metotrexato: ¿qué ocurre y qué se hace?	Aumenta sus concentraciones y su toxicidad. Manejo: Evitar o monitorizar estrechamente	Farmacoterapia::Antiinfecciosos
Efecto adverso grave de Amoxicilina-clavulánico: Hepatitis colestásica, típicamente 1-6 semanas DESPUÉS de terminar el tratamiento, más frecuente en varones mayores de 55 años y con tratamientos repetidos — ¿en qué consiste?	Hepatitis colestásica, típicamente 1-6 semanas DESPUÉS de terminar el tratamiento, más frecuente en varones mayores de 55 años y con tratamientos repetidos	Farmacoterapia::Antiinfecciosos
Efecto adverso grave de Amoxicilina-clavulánico: Colitis por C. difficile — ¿en qué consiste?	Colitis por C. difficile	Farmacoterapia::Antiinfecciosos
Efecto adverso grave de Amoxicilina-clavulánico: Anafilaxia — ¿en qué consiste?	Anafilaxia	Farmacoterapia::Antiinfecciosos
Efecto adverso grave de Amoxicilina-clavulánico: Nefritis intersticial — ¿en qué consiste?	Nefritis intersticial	Farmacoterapia::Antiinfecciosos
¿Está contraindicado Amoxicilina-clavulánico en: Alergia a betalactámicos?	Sí — Alergia a betalactámicos	Farmacoterapia::Antiinfecciosos
¿Está contraindicado Amoxicilina-clavulánico en: Antecedente de ictericia o disfunción hepática asociada previamente a amoxicilina-clavulánico?	Sí — Antecedente de ictericia o disfunción hepática asociada previamente a amoxicilina-clavulánico (contraindicación absoluta de reexposición)	Farmacoterapia::Antiinfecciosos
Particularidad de Amoxicilina-clavulánico que hay que tener en cuenta:	Su hepatotoxicidad colestásica puede aparecer semanas DESPUÉS de haber terminado el antibiótico: ante una colestasis de causa no clara, preguntar por antibióticos de los 2 meses previos.	Farmacoterapia::Antiinfecciosos
¿A qué clase farmacológica pertenece Cloxacilina?	Betalactámico — penicilina antiestafilocócica (isoxazolil-penicilina) (Resistente a penicilinasa)	Farmacoterapia::Antiinfecciosos
¿Cuál es el mecanismo de acción de Cloxacilina?	Inhibe las PBP como el resto de penicilinas, pero su cadena lateral voluminosa impide el acceso de la penicilinasa estafilocócica, por lo que conserva actividad frente a S. aureus productor de betalactamasa. La resistencia a meticilina (SARM) es por otro mecanismo distinto: la PBP2a codificada por mecA, con baja afinidad por todos los betalactámicos.	Farmacoterapia::Antiinfecciosos
¿Cuál es el espectro de Cloxacilina?	Muy estrecho y dirigido: Staphylococcus aureus sensible a meticilina (SASM) y estreptococos. NO cubre SARM, NO cubre enterococos, NO cubre gramnegativos ni anaerobios.	Farmacoterapia::Antiinfecciosos
¿Cuál es la dosis de Cloxacilina en Bacteriemia y endocarditis por SASM?	2 g/4 h (12 g/día) — Cada 4 h, vía IV	Farmacoterapia::Antiinfecciosos
¿Cuál es la dosis de Cloxacilina en Celulitis y absceso cutáneo por S. aureus?	500 mg-1 g/6 h — Cada 6 h, vía VO	Farmacoterapia::Antiinfecciosos
¿Cuál es la dosis de Cloxacilina en Artritis séptica y osteomielitis por SASM?	2 g/4-6 h — Cada 4-6 h, vía IV	Farmacoterapia::Antiinfecciosos
¿Cuánto dura el tratamiento con Cloxacilina?	Bacteriemia no complicada por SASM: 14 días desde el primer hemocultivo negativo. Endocarditis sobre válvula nativa: 4-6 semanas. Osteomielitis: 4-6 semanas. Celulitis: 5-7 días.	Farmacoterapia::Antiinfecciosos
¿Cómo se suspende Cloxacilina?	Se completa el curso íntegro; en bacteriemia estafilocócica no se acorta por mejoría clínica, porque el riesgo de recaída y de foco metastásico es alto.	Farmacoterapia::Antiinfecciosos
¿Qué hay que monitorizar durante el tratamiento con Cloxacilina?	Hemocultivos de control a las 48-72 h en bacteriemia (obligatorios). Hemograma y transaminasas semanales en tratamientos prolongados. Función renal.	Farmacoterapia::Antiinfecciosos
¿Cuál es la vida media de Cloxacilina?	30-60 min.	Farmacoterapia::Antiinfecciosos
¿Requiere Cloxacilina ajuste en insuficiencia renal?	No precisa ajuste salvo en FG <10 combinado con hepatopatía, gracias a su eliminación biliar.	Farmacoterapia::Antiinfecciosos
Interacción crítica de Cloxacilina con Metotrexato: ¿qué ocurre y qué se hace?	Aumenta sus concentraciones. Manejo: Evitar o vigilar	Farmacoterapia::Antiinfecciosos
Efecto adverso grave de Cloxacilina: Hepatitis colestásica — ¿en qué consiste?	Hepatitis colestásica (sobre todo flucloxacilina, en mayores y tratamientos >2 semanas)	Farmacoterapia::Antiinfecciosos
Efecto adverso grave de Cloxacilina: Nefritis intersticial aguda — ¿en qué consiste?	Nefritis intersticial aguda	Farmacoterapia::Antiinfecciosos
Efecto adverso grave de Cloxacilina: Neutropenia con tratamientos prolongados a dosis altas — ¿en qué consiste?	Neutropenia con tratamientos prolongados a dosis altas	Farmacoterapia::Antiinfecciosos
Efecto adverso grave de Cloxacilina: Anafilaxia — ¿en qué consiste?	Anafilaxia	Farmacoterapia::Antiinfecciosos
¿Está contraindicado Cloxacilina en: Alergia a betalactámicos?	Sí — Alergia a betalactámicos	Farmacoterapia::Antiinfecciosos
¿Está contraindicado Cloxacilina en: SARM confirmado o alta sospecha?	Sí — SARM confirmado o alta sospecha (es intrínsecamente inactiva)	Farmacoterapia::Antiinfecciosos
Particularidad de Cloxacilina que hay que tener en cuenta:	En bacteriemia por S. aureus sensible a meticilina, cloxacilina es MEJOR que vancomicina: cambiar de vancomicina empírica a cloxacilina en cuanto llega el antibiograma reduce la mortalidad.	Farmacoterapia::Antiinfecciosos
¿A qué clase farmacológica pertenece Piperacilina-tazobactam?	Betalactámico — ureidopenicilina + inhibidor de betalactamasas (Antipseudomónico de amplio espectro)	Farmacoterapia::Antiinfecciosos
¿Cuál es el mecanismo de acción de Piperacilina-tazobactam?	La piperacilina es una ureidopenicilina que atraviesa bien las porinas de gramnegativos y se une a las PBP; el tazobactam inhibe las betalactamasas de clase A, restaurando la actividad frente a productores de penicilinasa. Bactericida tiempo-dependiente: su eficacia depende del tiempo por encima de la CMI, de ahí la perfusión extendida.	Farmacoterapia::Antiinfecciosos
¿Cuál es el espectro de Piperacilina-tazobactam?	Muy amplio: grampositivos (SASM, estreptococos, Enterococcus faecalis), gramnegativos incluidos Pseudomonas aeruginosa y enterobacterias, y anaerobios (Bacteroides fragilis). NO cubre SARM, NO cubre atípicas, NO es fiable frente a BLEE ni AmpC desreprimida.	Farmacoterapia::Antiinfecciosos
¿Cuál es la dosis de Piperacilina-tazobactam en Neumonía nosocomial o asociada a ventilación mecánica?	4/0,5 g/6-8 h — Cada 6-8 h, en perfusión extendida de 3-4 h, vía IV	Farmacoterapia::Antiinfecciosos
¿Cuál es la dosis de Piperacilina-tazobactam en Neutropenia febril de alto riesgo?	4/0,5 g/6 h — Cada 6 h, vía IV	Farmacoterapia::Antiinfecciosos
¿Cuál es la dosis de Piperacilina-tazobactam en Infección intraabdominal complicada / peritonitis secundaria?	4/0,5 g/8 h — Cada 8 h, vía IV	Farmacoterapia::Antiinfecciosos
¿Cuál es la dosis de Piperacilina-tazobactam en Pie diabético infectado grave?	4/0,5 g/8 h — Cada 8 h, vía IV	Farmacoterapia::Antiinfecciosos
¿Cuál es la dosis de Piperacilina-tazobactam en Sepsis de origen urinario o abdominal en paciente con factores de riesgo de Pseudomonas?	4/0,5 g/8 h — Cada 8 h, vía IV	Farmacoterapia::Antiinfecciosos
¿Cuánto dura el tratamiento con Piperacilina-tazobactam?	7 días en la mayoría de infecciones nosocomiales con control del foco; 4-7 días en infección intraabdominal drenada; hasta la resolución de la neutropenia en el neutropénico febril.	Farmacoterapia::Antiinfecciosos
¿Cómo se suspende Piperacilina-tazobactam?	Desescalada dirigida por el antibiograma en cuanto esté disponible (a las 48-72 h): mantener un antipseudomónico de amplio espectro sin justificación microbiológica es el principal generador de resistencias.	Farmacoterapia::Antiinfecciosos
¿Qué hay que monitorizar durante el tratamiento con Piperacilina-tazobactam?	Función renal y hemograma (neutropenia con tratamientos >2 semanas). Vigilar la creatinina si se asocia a vancomicina.	Farmacoterapia::Antiinfecciosos
¿Cuál es la vida media de Piperacilina-tazobactam?	1 h.	Farmacoterapia::Antiinfecciosos
¿Requiere Piperacilina-tazobactam ajuste en insuficiencia renal?	FG 20-40: 4/0,5 g/8 h. FG <20: 4/0,5 g/12 h. Hemodiálisis: dosis extra tras la sesión.	Farmacoterapia::Antiinfecciosos
Interacción crítica de Piperacilina-tazobactam con Vancomicina: ¿qué ocurre y qué se hace?	La asociación multiplica el riesgo de fracaso renal agudo respecto a cada fármaco por separado. Manejo: Si es posible, sustituir por cefepima o meropenem; si no, vigilar la creatinina a diario	Farmacoterapia::Antiinfecciosos
Interacción crítica de Piperacilina-tazobactam con Metotrexato: ¿qué ocurre y qué se hace?	Reduce su aclaramiento y eleva su toxicidad. Manejo: Evitar la asociación	Farmacoterapia::Antiinfecciosos
Efecto adverso grave de Piperacilina-tazobactam: Fracaso renal agudo, especialmente asociado a vancomicina — ¿en qué consiste?	Fracaso renal agudo, especialmente asociado a vancomicina	Farmacoterapia::Antiinfecciosos
Efecto adverso grave de Piperacilina-tazobactam: Colitis por C. difficile — ¿en qué consiste?	Colitis por C. difficile	Farmacoterapia::Antiinfecciosos
Efecto adverso grave de Piperacilina-tazobactam: Neutropenia y trombocitopenia en tratamientos prolongados — ¿en qué consiste?	Neutropenia y trombocitopenia en tratamientos prolongados	Farmacoterapia::Antiinfecciosos
Efecto adverso grave de Piperacilina-tazobactam: Encefalopatía y crisis convulsivas por acumulación en insuficiencia renal no ajustada — ¿en qué consiste?	Encefalopatía y crisis convulsivas por acumulación en insuficiencia renal no ajustada	Farmacoterapia::Antiinfecciosos
Efecto adverso grave de Piperacilina-tazobactam: Anafilaxia — ¿en qué consiste?	Anafilaxia	Farmacoterapia::Antiinfecciosos
¿Está contraindicado Piperacilina-tazobactam en: Alergia a betalactámicos?	Sí — Alergia a betalactámicos	Farmacoterapia::Antiinfecciosos
¿Está contraindicado Piperacilina-tazobactam en: No usar como tratamiento definitivo de bacteriemia por BLEE?	Sí — No usar como tratamiento definitivo de bacteriemia por BLEE (aunque el antibiograma parezca sensible, el resultado clínico es peor que con carbapenem)	Farmacoterapia::Antiinfecciosos
Particularidad de Piperacilina-tazobactam que hay que tener en cuenta:	La asociación piperacilina-tazobactam + vancomicina es una de las combinaciones nefrotóxicas más relevantes de la práctica hospitalaria: si necesitas cobertura de SARM y de Pseudomonas, valorar cefepima o meropenem con la vancomicina en lugar de pip-tazo.	Farmacoterapia::Antiinfecciosos
¿A qué clase farmacológica pertenece Cefazolina?	Betalactámico — cefalosporina de 1.ª generación (Antiestafilocócica parenteral)	Farmacoterapia::Antiinfecciosos
¿Cuál es el mecanismo de acción de Cefazolina?	Se une a las PBP e inhibe la síntesis de la pared. Las cefalosporinas de 1.ª generación son estables frente a la penicilinasa estafilocócica pero muy sensibles a las betalactamasas de gramnegativos.	Farmacoterapia::Antiinfecciosos
¿Cuál es el espectro de Cefazolina?	Excelente frente a SASM y estreptococos; actividad limitada frente a los tres gramnegativos clásicos «PEK» (Proteus mirabilis, E. coli, Klebsiella). NO cubre SARM, NO cubre enterococos, NO cubre Haemophilus, NO cubre anaerobios ni Pseudomonas, NO atraviesa la barrera hematoencefálica.	Farmacoterapia::Antiinfecciosos
¿Cuál es la dosis de Cefazolina en Profilaxis quirúrgica (cirugía limpia, cardiaca, ortopédica, vascular)?	2 g (3 g si >120 kg) — Dosis única 30-60 min antes de la incisión; redosificar a las 4 h si la cirugía se prolonga, vía IV	Farmacoterapia::Antiinfecciosos
¿Cuál es la dosis de Cefazolina en Bacteriemia y endocarditis por SASM (alternativa a cloxacilina)?	2 g/8 h — Cada 8 h, vía IV	Farmacoterapia::Antiinfecciosos
¿Cuál es la dosis de Cefazolina en Celulitis y otras infecciones de piel y partes blandas?	1-2 g/8 h — Cada 8 h, vía IV	Farmacoterapia::Antiinfecciosos
¿Cuál es la dosis de Cefazolina en Profilaxis intraparto de Streptococcus agalactiae en alérgicas a penicilina de bajo riesgo?	2 g de carga y luego 1 g/8 h — Hasta el parto, vía IV	Farmacoterapia::Antiinfecciosos
¿Cuánto dura el tratamiento con Cefazolina?	Profilaxis quirúrgica: dosis única (no prolongar más allá de 24 h, ni siquiera con drenajes). Bacteriemia por SASM: 14 días. Endocarditis: 6 semanas.	Farmacoterapia::Antiinfecciosos
¿Cómo se suspende Cefazolina?	En profilaxis, se termina en el quirófano. Prolongar la profilaxis quirúrgica no reduce la infección de herida y sí aumenta las resistencias y el C. difficile.	Farmacoterapia::Antiinfecciosos
¿Qué hay que monitorizar durante el tratamiento con Cefazolina?	Función renal. Hemocultivos de control en bacteriemia.	Farmacoterapia::Antiinfecciosos
¿Cuál es la vida media de Cefazolina?	1,8-2 h (la más larga de las cefalosporinas de 1.ª generación, lo que permite dosificar cada 8 h y hace innecesaria la redosificación en cirugías cortas).	Farmacoterapia::Antiinfecciosos
¿Requiere Cefazolina ajuste en insuficiencia renal?	FG 11-34: 1 g/12 h. FG <10: 1 g/24 h. Dializable.	Farmacoterapia::Antiinfecciosos
Efecto adverso grave de Cefazolina: Colitis por C. difficile — ¿en qué consiste?	Colitis por C. difficile	Farmacoterapia::Antiinfecciosos
Efecto adverso grave de Cefazolina: Anafilaxia — ¿en qué consiste?	Anafilaxia	Farmacoterapia::Antiinfecciosos
Efecto adverso grave de Cefazolina: Nefritis intersticial — ¿en qué consiste?	Nefritis intersticial	Farmacoterapia::Antiinfecciosos
Efecto adverso grave de Cefazolina: Crisis convulsivas por acumulación en insuficiencia renal no ajustada — ¿en qué consiste?	Crisis convulsivas por acumulación en insuficiencia renal no ajustada	Farmacoterapia::Antiinfecciosos
Efecto adverso grave de Cefazolina: Anemia hemolítica inmune — ¿en qué consiste?	Anemia hemolítica inmune (rara)	Farmacoterapia::Antiinfecciosos
¿Está contraindicado Cefazolina en: Alergia a cefalosporinas?	Sí — Alergia a cefalosporinas	Farmacoterapia::Antiinfecciosos
¿Está contraindicado Cefazolina en: Antecedente de anafilaxia a penicilina?	Sí — Antecedente de anafilaxia a penicilina (aunque la reactividad cruzada real con cefazolina es <1% por su cadena lateral única, se evita en la alergia grave documentada)	Farmacoterapia::Antiinfecciosos
¿Está contraindicado Cefazolina en: Infección del SNC?	Sí — Infección del SNC (no penetra en LCR)	Farmacoterapia::Antiinfecciosos
Particularidad de Cefazolina que hay que tener en cuenta:	Cefazolina tiene una cadena lateral distinta a la de todas las demás cefalosporinas y a la de la penicilina: la reactividad cruzada es prácticamente nula, y por eso es la cefalosporina de elección en la mayoría de pacientes etiquetados como alérgicos a penicilina no anafilácticos.	Farmacoterapia::Antiinfecciosos
¿A qué clase farmacológica pertenece Ceftriaxona?	Betalactámico — cefalosporina de 3.ª generación (Larga vida media, eliminación mixta)	Farmacoterapia::Antiinfecciosos
¿Cuál es el mecanismo de acción de Ceftriaxona?	Inhibe las PBP. Las cefalosporinas de 3.ª generación son mucho más estables frente a las betalactamasas de gramnegativos y penetran mejor la membrana externa, a costa de perder actividad frente a estafilococos respecto a la 1.ª generación.	Farmacoterapia::Antiinfecciosos
¿Qué distingue a Ceftriaxona de los demás fármacos de su clase (Betalactámico — cefalosporina de 3.ª generación)?	<b>Vida media larga (8 h) y eliminación mixta biliar-renal</b>: <b>UNA dosis diaria y sin ajuste renal</b>.	Farmacoterapia::Antiinfecciosos
¿Cuál es el espectro de Ceftriaxona?	Enterobacterias no productoras de BLEE/AmpC, Neisseria meningitidis, Neisseria gonorrhoeae, Haemophilus influenzae, Streptococcus pneumoniae (incluidas cepas con sensibilidad disminuida a penicilina), Borrelia, Treponema, Salmonella. NO cubre Pseudomonas (a diferencia de ceftazidima), NO cubre enterococos ni Listeria, NO cubre SARM, NO cubre anaerobios, NO cubre atípicas.	Farmacoterapia::Antiinfecciosos
¿Cuál es la dosis de Ceftriaxona en Meningitis bacteriana adquirida en la comunidad (empírico)?	2 g/12 h — Cada 12 h, vía IV	Farmacoterapia::Antiinfecciosos
¿Cuál es la dosis de Ceftriaxona en Neumonía adquirida en la comunidad que requiere ingreso?	1-2 g/24 h — Cada 24 h, vía IV	Farmacoterapia::Antiinfecciosos
¿Cuál es la dosis de Ceftriaxona en Pielonefritis aguda / infección urinaria complicada?	1-2 g/24 h — Cada 24 h, vía IV o IM	Farmacoterapia::Antiinfecciosos
¿Cuál es la dosis de Ceftriaxona en Gonococia no complicada?	500 mg (1 g si >150 kg) — Dosis única, vía IM	Farmacoterapia::Antiinfecciosos
¿Cuál es la dosis de Ceftriaxona en Peritonitis bacteriana espontánea?	2 g/24 h — Cada 24 h, vía IV	Farmacoterapia::Antiinfecciosos
¿Cuál es la dosis de Ceftriaxona en Neuroborreliosis de Lyme?	2 g/24 h — Cada 24 h, vía IV	Farmacoterapia::Antiinfecciosos
¿Cuál es la dosis de Ceftriaxona en Endocarditis por estreptococo del grupo viridans sensible?	2 g/24 h — Cada 24 h, vía IV	Farmacoterapia::Antiinfecciosos
¿Cuánto dura el tratamiento con Ceftriaxona?	Meningitis meningocócica 5-7 días, neumocócica 10-14 días. NAC 5-7 días. Pielonefritis 7 días. Gonococia dosis única. Endocarditis 4 semanas.	Farmacoterapia::Antiinfecciosos
¿Cómo se suspende Ceftriaxona?	Suspensión brusca al completar el curso. En NAC, la desescalada a vía oral se hace cuando el paciente lleva 48 h afebril y estable hemodinámicamente.	Farmacoterapia::Antiinfecciosos
¿Qué hay que monitorizar durante el tratamiento con Ceftriaxona?	Ecografía abdominal si aparece dolor en hipocondrio derecho (pseudolitiasis biliar). Hemograma en tratamientos prolongados.	Farmacoterapia::Antiinfecciosos
¿Cuál es la vida media de Ceftriaxona?	6-9 h — la más larga de las cefalosporinas, lo que permite la dosis única diaria.	Farmacoterapia::Antiinfecciosos
¿Requiere Ceftriaxona ajuste en insuficiencia renal?	No precisa ajuste hasta FG <10; incluso entonces basta con no superar 2 g/día. Es la cefalosporina de elección en el paciente con insuficiencia renal.	Farmacoterapia::Antiinfecciosos
Interacción crítica de Ceftriaxona con Soluciones y fármacos con calcio (Ringer lactato, nutrición parenteral con calcio): ¿qué ocurre y qué se hace?	Precipitación de sales de ceftriaxona-calcio; en neonatos ha causado embolias pulmonares y renales mortales. Manejo: CONTRAINDICADO en neonatos <28 días que reciban calcio IV. En adultos, no administrar por la misma vía; separar las infusiones y lavar la vía	Farmacoterapia::Antiinfecciosos
Efecto adverso grave de Ceftriaxona: Pseudolitiasis biliar — ¿en qué consiste?	Pseudolitiasis biliar (barro biliar por precipitación de la sal cálcica), sobre todo con dosis altas y prolongadas; suele ser reversible al suspender	Farmacoterapia::Antiinfecciosos
Efecto adverso grave de Ceftriaxona: Colitis por C. difficile — ¿en qué consiste?	Colitis por C. difficile (es uno de los antibióticos con mayor riesgo)	Farmacoterapia::Antiinfecciosos
Efecto adverso grave de Ceftriaxona: Anemia hemolítica inmune — ¿en qué consiste?	Anemia hemolítica inmune	Farmacoterapia::Antiinfecciosos
Efecto adverso grave de Ceftriaxona: Kernícterus en el neonato por desplazamiento de la bilirrubina de la albúmina — ¿en qué consiste?	Kernícterus en el neonato por desplazamiento de la bilirrubina de la albúmina	Farmacoterapia::Antiinfecciosos
Efecto adverso grave de Ceftriaxona: Anafilaxia — ¿en qué consiste?	Anafilaxia	Farmacoterapia::Antiinfecciosos
¿Está contraindicado Ceftriaxona en: Alergia a cefalosporinas?	Sí — Alergia a cefalosporinas	Farmacoterapia::Antiinfecciosos
¿Está contraindicado Ceftriaxona en: Neonatos con hiperbilirrubinemia?	Sí — Neonatos con hiperbilirrubinemia (riesgo de kernícterus)	Farmacoterapia::Antiinfecciosos
¿Está contraindicado Ceftriaxona en: Neonatos <28 días que precisen soluciones IV con calcio?	Sí — Neonatos <28 días que precisen soluciones IV con calcio	Farmacoterapia::Antiinfecciosos
Particularidad de Ceftriaxona que hay que tener en cuenta:	Es la cefalosporina de 3.ª generación que NO cubre Pseudomonas: si el paciente tiene riesgo de Pseudomonas, hay que ir a ceftazidima, cefepima, pip-tazo o carbapenem.	Farmacoterapia::Antiinfecciosos
¿A qué clase farmacológica pertenece Cefepima?	Betalactámico — cefalosporina de 4.ª generación (Antipseudomónica, estable frente a AmpC)	Farmacoterapia::Antiinfecciosos
¿Cuál es el mecanismo de acción de Cefepima?	Zwitterión que atraviesa las porinas de gramnegativos con especial rapidez y tiene baja afinidad por las betalactamasas cromosómicas de tipo AmpC, lo que le permite mantener actividad frente a Enterobacter, Serratia y Citrobacter, donde las cefalosporinas de 3.ª generación fracasan por desrepresión de AmpC.	Farmacoterapia::Antiinfecciosos
¿Cuál es el espectro de Cefepima?	Amplio: Pseudomonas aeruginosa, enterobacterias incluidas las AmpC (grupo Enterobacter/Serratia/Citrobacter), neumococo y SASM. NO cubre SARM, NO cubre enterococos, NO cubre anaerobios, NO es fiable frente a BLEE.	Farmacoterapia::Antiinfecciosos
¿Cuál es la dosis de Cefepima en Neutropenia febril de alto riesgo?	2 g/8 h — Cada 8 h, vía IV	Farmacoterapia::Antiinfecciosos
¿Cuál es la dosis de Cefepima en Neumonía nosocomial / asociada a ventilación mecánica?	2 g/8 h — Cada 8 h, vía IV	Farmacoterapia::Antiinfecciosos
¿Cuál es la dosis de Cefepima en Infección grave por Enterobacter, Serratia o Citrobacter?	2 g/8-12 h — Cada 8-12 h, vía IV	Farmacoterapia::Antiinfecciosos
¿Cuál es la dosis de Cefepima en Infección urinaria complicada por gramnegativo multirresistente sensible?	2 g/12 h — Cada 12 h, vía IV	Farmacoterapia::Antiinfecciosos
¿Cuánto dura el tratamiento con Cefepima?	7 días en neumonía nosocomial con buena evolución; hasta la resolución de la neutropenia en el neutropénico febril.	Farmacoterapia::Antiinfecciosos
¿Cómo se suspende Cefepima?	Desescalada guiada por cultivo a las 48-72 h. Suspensión brusca.	Farmacoterapia::Antiinfecciosos
¿Qué hay que monitorizar durante el tratamiento con Cefepima?	Función renal a diario (el ajuste es crítico: la neurotoxicidad aparece por infradosificar el ajuste renal). Nivel de conciencia — vigilar aparición de mioclonías o confusión.	Farmacoterapia::Antiinfecciosos
¿Cuál es la vida media de Cefepima?	2 h; se prolonga mucho en insuficiencia renal.	Farmacoterapia::Antiinfecciosos
¿Requiere Cefepima ajuste en insuficiencia renal?	Imprescindible. FG 30-60: 2 g/12 h. FG 11-29: 2 g/24 h. FG <11: 1 g/24 h. El fallo en ajustar es la causa habitual de la encefalopatía.	Farmacoterapia::Antiinfecciosos
Efecto adverso grave de Cefepima: Encefalopatía por cefepima — ¿en qué consiste?	Encefalopatía por cefepima: confusión, mioclonías, estado epiléptico no convulsivo — casi siempre por dosis no ajustada a la función renal, y reversible al suspender	Farmacoterapia::Antiinfecciosos
Efecto adverso grave de Cefepima: Colitis por C. difficile — ¿en qué consiste?	Colitis por C. difficile	Farmacoterapia::Antiinfecciosos
Efecto adverso grave de Cefepima: Anafilaxia — ¿en qué consiste?	Anafilaxia	Farmacoterapia::Antiinfecciosos
Efecto adverso grave de Cefepima: Neutropenia — ¿en qué consiste?	Neutropenia	Farmacoterapia::Antiinfecciosos
¿Está contraindicado Cefepima en: Alergia a cefalosporinas?	Sí — Alergia a cefalosporinas	Farmacoterapia::Antiinfecciosos
¿Está contraindicado Cefepima en: Precaución extrema en insuficiencia renal sin ajuste de dosis?	Sí — Precaución extrema en insuficiencia renal sin ajuste de dosis	Farmacoterapia::Antiinfecciosos
Particularidad de Cefepima que hay que tener en cuenta:	La encefalopatía por cefepima es un diagnóstico clínico que se pasa por alto con frecuencia: paciente séptico, con insuficiencia renal, que se pone confuso o con mioclonías y al que se atribuye a «encefalopatía séptica». El EEG puede mostrar estado epiléptico no convulsivo y todo revierte al retirar el fármaco.	Farmacoterapia::Antiinfecciosos
¿A qué clase farmacológica pertenece Meropenem?	Betalactámico — carbapenem (Antipseudomónico de máximo espectro)	Farmacoterapia::Antiinfecciosos
¿Cuál es el mecanismo de acción de Meropenem?	Se une con muy alta afinidad a la PBP2 y PBP3 y es extraordinariamente estable frente a casi todas las betalactamasas, incluidas BLEE y AmpC. Solo lo hidrolizan las carbapenemasas (KPC, OXA-48, metalobetalactamasas).	Farmacoterapia::Antiinfecciosos
¿Qué distingue a Meropenem de los demás fármacos de su clase (Betalactámico — carbapenem)?	<b>El carbapenem ANTIPSEUDOMÓNICO de referencia</b>, de elección en infecciones nosocomiales graves y por BLEE con riesgo de Pseudomonas.	Farmacoterapia::Antiinfecciosos
¿Cuál es el espectro de Meropenem?	El más amplio de los betalactámicos: grampositivos (salvo SARM y E. faecium), prácticamente todas las enterobacterias incluidas BLEE y AmpC, Pseudomonas aeruginosa, Acinetobacter y todos los anaerobios. NO cubre SARM, NO cubre Enterococcus faecium, NO cubre Stenotrophomonas, NO cubre atípicas.	Farmacoterapia::Antiinfecciosos
¿Cuál es la dosis de Meropenem en Sepsis grave o shock séptico con riesgo de multirresistencia?	1-2 g/8 h — Cada 8 h, en perfusión extendida de 3 h, vía IV	Farmacoterapia::Antiinfecciosos
¿Cuál es la dosis de Meropenem en Infección por enterobacteria productora de BLEE (bacteriemia, pielonefritis)?	1 g/8 h — Cada 8 h, vía IV	Farmacoterapia::Antiinfecciosos
¿Cuál es la dosis de Meropenem en Meningitis nosocomial o posquirúrgica?	2 g/8 h — Cada 8 h, vía IV	Farmacoterapia::Antiinfecciosos
¿Cuál es la dosis de Meropenem en Infección intraabdominal complicada grave?	1 g/8 h — Cada 8 h, vía IV	Farmacoterapia::Antiinfecciosos
¿Cuál es la dosis de Meropenem en Neutropenia febril con fracaso del tratamiento empírico inicial?	1 g/8 h — Cada 8 h, vía IV	Farmacoterapia::Antiinfecciosos
¿Cuánto dura el tratamiento con Meropenem?	7 días es suficiente en la mayoría de infecciones nosocomiales con control del foco; 10-14 días en bacteriemia por BLEE; 21 días en meningitis por gramnegativo.	Farmacoterapia::Antiinfecciosos
¿Cómo se suspende Meropenem?	Desescalada obligatoria a las 48-72 h según cultivo. Mantener un carbapenem sin justificación microbiológica es el principal motor de aparición de carbapenemasas en un hospital.	Farmacoterapia::Antiinfecciosos
¿Qué hay que monitorizar durante el tratamiento con Meropenem?	Función renal, hemograma. Valorar niveles en el paciente crítico con aclaramiento aumentado.	Farmacoterapia::Antiinfecciosos
¿Cuál es la vida media de Meropenem?	1 h.	Farmacoterapia::Antiinfecciosos
¿Requiere Meropenem ajuste en insuficiencia renal?	FG 26-50: 1 g/12 h. FG 10-25: 500 mg/12 h. FG <10: 500 mg/24 h.	Farmacoterapia::Antiinfecciosos
Interacción crítica de Meropenem con Ácido valproico: ¿qué ocurre y qué se hace?	Reduce las concentraciones de valproato hasta un 60-90% en 24-48 h, con riesgo real de crisis convulsivas. Manejo: Interacción clínicamente crítica: evitar la asociación; si es inevitable, cambiar de antiepiléptico, no basta con subir la dosis de valproato	Farmacoterapia::Antiinfecciosos
Efecto adverso grave de Meropenem: Colitis por C. difficile — ¿en qué consiste?	Colitis por C. difficile	Farmacoterapia::Antiinfecciosos
Efecto adverso grave de Meropenem: Crisis convulsivas — ¿en qué consiste?	Crisis convulsivas (mucho menos frecuentes que con imipenem; sobre todo si hay insuficiencia renal o patología del SNC)	Farmacoterapia::Antiinfecciosos
Efecto adverso grave de Meropenem: Anafilaxia — ¿en qué consiste?	Anafilaxia	Farmacoterapia::Antiinfecciosos
Efecto adverso grave de Meropenem: Trombocitopenia y neutropenia — ¿en qué consiste?	Trombocitopenia y neutropenia	Farmacoterapia::Antiinfecciosos
Efecto adverso grave de Meropenem: Selección de bacterias productoras de carbapenemasa — ¿en qué consiste?	Selección de bacterias productoras de carbapenemasa	Farmacoterapia::Antiinfecciosos
¿Está contraindicado Meropenem en: Alergia a carbapenemes o anafilaxia previa a betalactámicos?	Sí — Alergia a carbapenemes o anafilaxia previa a betalactámicos	Farmacoterapia::Antiinfecciosos
¿Está contraindicado Meropenem en: Uso empírico rutinario sin factores de riesgo de multirresistencia?	Sí — Uso empírico rutinario sin factores de riesgo de multirresistencia (contraindicación ecológica, no farmacológica)	Farmacoterapia::Antiinfecciosos
Particularidad de Meropenem que hay que tener en cuenta:	La interacción meropenem-valproato es una de las pocas interacciones antibióticas capaces de provocar un estatus epiléptico: en el paciente epiléptico tratado con valproato que necesita un carbapenem, hay que cambiar el antiepiléptico.	Farmacoterapia::Antiinfecciosos
¿A qué clase farmacológica pertenece Cloroquina e hidroxicloroquina?	Antipalúdico (4-aminoquinolina (también inmunomodulador))	Farmacoterapia::Antiinfecciosos
¿Cuál es el mecanismo de acción de Cloroquina e hidroxicloroquina?	Es una base débil que se concentra en compartimentos ácidos. Dentro de la VACUOLA DIGESTIVA del parásito impide la polimerización del hemo tóxico en hemozoína, de modo que el hemo libre se acumula y destruye la membrana del plasmodio; ese es su efecto antipalúdico. En la célula humana se acumula en el LISOSOMA y eleva su pH, lo que interfiere en el procesamiento de antígenos, en la señalización de los receptores tipo Toll (TLR7 y TLR9) y en la presentación antigénica; ese es su efecto inmunomodulador, que es la base de su uso en el lupus y en la artritis reumatoide. Un mismo mecanismo fisicoquímico, la acumulación en orgánulos ácidos, explica dos indicaciones que no tienen nada que ver entre sí y también su toxicidad: la retina y el músculo cardiaco acumulan el fármaco a lo largo de años.	Farmacoterapia::Antiinfecciosos
¿Qué distingue a Cloroquina e hidroxicloroquina de los demás fármacos de su clase (Antipalúdico)?	<b>Útil solo frente a P. vivax, ovale, malariae y P. falciparum sensible</b> (resistencia generalizada de falciparum).	Farmacoterapia::Antiinfecciosos
¿Cuál es el espectro de Cloroquina e hidroxicloroquina?	P. vivax, P. ovale, P. malariae y P. knowlesi. P. falciparum es RESISTENTE en casi todo el mundo. Actividad también sobre Entamoeba histolytica en el absceso hepático amebiano.	Farmacoterapia::Antiinfecciosos
¿Cuál es la dosis de Cloroquina e hidroxicloroquina en Paludismo no complicado por P. vivax, P. ovale, P. malariae o P. knowlesi?	25 mg base/kg repartidos en 3 días (600 mg base de entrada, 300 mg a las 6, 24 y 48 horas) — Cuatro tomas en 3 días, vía VO	Farmacoterapia::Antiinfecciosos
¿Cuál es la dosis de Cloroquina e hidroxicloroquina en LUPUS eritematoso sistémico y lupus cutáneo (hidroxicloroquina)?	200-400 mg al día, sin superar 5 mg/kg de peso real al día — Una o dos tomas al día, vía VO	Farmacoterapia::Antiinfecciosos
¿Cuál es la dosis de Cloroquina e hidroxicloroquina en Artritis reumatoide y síndrome de Sjögren?	200-400 mg al día — Una o dos tomas al día, vía VO	Farmacoterapia::Antiinfecciosos
¿Cuál es la dosis de Cloroquina e hidroxicloroquina en Profilaxis del paludismo en zonas SIN resistencia a cloroquina?	300 mg base una vez a la semana, desde 1-2 semanas antes hasta 4 semanas después del viaje — Semanal, vía VO	Farmacoterapia::Antiinfecciosos
¿Cuál es la dosis de Cloroquina e hidroxicloroquina en Absceso hepático amebiano, como complemento del metronidazol?	600 mg base al día durante 2 días y después 300 mg al día durante 2-3 semanas — Diaria, vía VO	Farmacoterapia::Antiinfecciosos
¿Cuánto dura el tratamiento con Cloroquina e hidroxicloroquina?	Días en el paludismo; AÑOS o de por vida en el lupus.	Farmacoterapia::Antiinfecciosos
¿Cómo se suspende Cloroquina e hidroxicloroquina?	En el lupus no se suspende ni siquiera en remisión: su retirada se asocia a brotes. Se retira ante toxicidad retiniana confirmada.	Farmacoterapia::Antiinfecciosos
¿Qué hay que monitorizar durante el tratamiento con Cloroquina e hidroxicloroquina?	En el uso crónico: CRIBADO OFTALMOLÓGICO anual a partir del quinto año (antes si hay factores de riesgo) con campimetría y OCT de dominio espectral. Hemograma y función hepática y renal periódicos.	Farmacoterapia::Antiinfecciosos
¿Cuál es la vida media de Cloroquina e hidroxicloroquina?	40-60 DÍAS. El estado estable tarda meses en alcanzarse.	Farmacoterapia::Antiinfecciosos
¿Requiere Cloroquina e hidroxicloroquina ajuste en insuficiencia renal?	Reducir la dosis en la insuficiencia renal grave.	Farmacoterapia::Antiinfecciosos
Interacción crítica de Cloroquina e hidroxicloroquina con Fármacos que alargan el QT (amiodarona, macrólidos, quinolonas, antipsicóticos): ¿qué ocurre y qué se hace?	Prolongación aditiva del QT y torsades de pointes. Manejo: Revisar la medicación y realizar un ECG en tratamiento prolongado	Farmacoterapia::Antiinfecciosos
Interacción crítica de Cloroquina e hidroxicloroquina con Tamoxifeno: ¿qué ocurre y qué se hace?	Aumenta el riesgo de retinopatía de forma marcada. Manejo: Es un factor de riesgo mayor reconocido: cribado oftalmológico más frecuente	Farmacoterapia::Antiinfecciosos
Efecto adverso grave de Cloroquina e hidroxicloroquina: RETINOPATÍA en ojo de buey, dependiente de la dosis acumulada y habitualmente IRREVERSIBLE — ¿en qué consiste?	RETINOPATÍA en ojo de buey, dependiente de la dosis acumulada y habitualmente IRREVERSIBLE	Farmacoterapia::Antiinfecciosos
Efecto adverso grave de Cloroquina e hidroxicloroquina: MIOCARDIOPATÍA y trastornos de la conducción con el uso prolongado — ¿en qué consiste?	MIOCARDIOPATÍA y trastornos de la conducción con el uso prolongado	Farmacoterapia::Antiinfecciosos
Efecto adverso grave de Cloroquina e hidroxicloroquina: Miopatía y neuropatía — ¿en qué consiste?	Miopatía y neuropatía	Farmacoterapia::Antiinfecciosos
Efecto adverso grave de Cloroquina e hidroxicloroquina: HEMÓLISIS en el déficit grave de G6PD — ¿en qué consiste?	HEMÓLISIS en el déficit grave de G6PD (menos que con primaquina)	Farmacoterapia::Antiinfecciosos
Efecto adverso grave de Cloroquina e hidroxicloroquina: Discrasias sanguíneas — ¿en qué consiste?	Discrasias sanguíneas	Farmacoterapia::Antiinfecciosos
Efecto adverso grave de Cloroquina e hidroxicloroquina: SOBREDOSIS con cardiotoxicidad grave, potencialmente MORTAL con pocos comprimidos en el niño — ¿en qué consiste?	SOBREDOSIS con cardiotoxicidad grave, potencialmente MORTAL con pocos comprimidos en el niño	Farmacoterapia::Antiinfecciosos
Efecto adverso grave de Cloroquina e hidroxicloroquina: Psicosis y agitación — ¿en qué consiste?	Psicosis y agitación (raras)	Farmacoterapia::Antiinfecciosos
¿Está contraindicado Cloroquina e hidroxicloroquina en: Retinopatía o maculopatía preexistente?	Sí — Retinopatía o maculopatía preexistente	Farmacoterapia::Antiinfecciosos
¿Está contraindicado Cloroquina e hidroxicloroquina en: Hipersensibilidad a las 4-aminoquinolinas?	Sí — Hipersensibilidad a las 4-aminoquinolinas	Farmacoterapia::Antiinfecciosos
¿Está contraindicado Cloroquina e hidroxicloroquina en: Precaución en el déficit de G6PD, en la miastenia gravis y en la porfiria?	Sí — Precaución en el déficit de G6PD, en la miastenia gravis y en la porfiria	Farmacoterapia::Antiinfecciosos
¿Está contraindicado Cloroquina e hidroxicloroquina en: Precaución en el QT largo y en la miocardiopatía?	Sí — Precaución en el QT largo y en la miocardiopatía	Farmacoterapia::Antiinfecciosos
Particularidad de Cloroquina e hidroxicloroquina que hay que tener en cuenta:	La HIDROXICLOROQUINA es el fármaco de fondo de todo paciente con lupus. No es un tratamiento sintomático: reduce los brotes, protege el riñón, disminuye la trombosis y mejora la supervivencia. Suspenderla porque el paciente está bien es uno de los errores de manejo más costosos del lupus.	Farmacoterapia::Antiinfecciosos
¿A qué clase farmacológica pertenece Atovacuona/proguanil?	Antipalúdico (Combinación de un inhibidor mitocondrial y un antifolato)	Farmacoterapia::Antiinfecciosos
¿Cuál es el mecanismo de acción de Atovacuona/proguanil?	Combina dos fármacos que atacan la misma célula por dos puntos distintos y se potencian entre sí. La ATOVACUONA es un análogo de la ubiquinona que bloquea el complejo citocromo bc1 de la MITOCONDRIA del parásito, colapsando su potencial de membrana mitocondrial e interrumpiendo la síntesis de pirimidinas, de la que el plasmodio depende por completo porque no puede recuperarlas de una vía de rescate. El PROGUANIL tiene dos acciones: su metabolito cicloguanil inhibe la dihidrofolato reductasa parasitaria, y el propio proguanil potencia de forma directa el colapso mitocondrial inducido por la atovacuona. Actúa además sobre las formas HEPÁTICAS preeritrocitarias, lo que le da una ventaja práctica decisiva en profilaxis: basta con mantenerla 7 días tras salir de la zona endémica, en lugar de las 4 semanas de la mefloquina o la doxiciclina.	Farmacoterapia::Antiinfecciosos
¿Qué distingue a Atovacuona/proguanil de los demás fármacos de su clase (Antipalúdico)?	<b>De elección en la PROFILAXIS de viajeros</b> a zonas de resistencia a cloroquina: se toma 1-2 días antes, durante y <b>solo 7 días después</b> del viaje (actúa también en la fase hepática).	Farmacoterapia::Antiinfecciosos
¿Cuál es el espectro de Atovacuona/proguanil?	Todas las especies de Plasmodium, incluido P. falciparum resistente a cloroquina. Actividad sobre las formas hepáticas preeritrocitarias, pero NO sobre los hipnozoítos de P. vivax y P. ovale. La atovacuona sola es además activa frente a Pneumocystis jirovecii y Toxoplasma gondii.	Farmacoterapia::Antiinfecciosos
¿Cuál es la dosis de Atovacuona/proguanil en PROFILAXIS del paludismo en el viajero?	1 comprimido de 250/100 mg al día, desde 1-2 días ANTES de entrar en la zona hasta 7 días DESPUÉS de salir — Una toma diaria a la misma hora, con comida o leche, vía VO	Farmacoterapia::Antiinfecciosos
¿Cuál es la dosis de Atovacuona/proguanil en TRATAMIENTO del paludismo no complicado por P. falciparum?	4 comprimidos de 250/100 mg al día durante 3 días — Una toma diaria durante 3 días, vía VO	Farmacoterapia::Antiinfecciosos
¿Cuál es la dosis de Atovacuona/proguanil en Profilaxis en el viajero con estancia corta o con intolerancia a otras pautas?	1 comprimido al día — Diaria, vía VO	Farmacoterapia::Antiinfecciosos
¿Cuál es la dosis de Atovacuona/proguanil en Neumonía por Pneumocystis jirovecii leve-moderada (atovacuona sola)?	Atovacuona 750 mg cada 12 horas — Cada 12 horas con comida grasa, vía VO	Farmacoterapia::Antiinfecciosos
¿Cuánto dura el tratamiento con Atovacuona/proguanil?	Toda la estancia más 7 días tras la salida en profilaxis; 3 días en tratamiento.	Farmacoterapia::Antiinfecciosos
¿Cómo se suspende Atovacuona/proguanil?	A los 7 días de abandonar la zona. Insistir en que la profilaxis no es completa: una fiebre posterior obliga a descartar paludismo aunque se haya cumplido bien.	Farmacoterapia::Antiinfecciosos
¿Qué hay que monitorizar durante el tratamiento con Atovacuona/proguanil?	Tolerancia digestiva. En tratamientos prolongados, transaminasas.	Farmacoterapia::Antiinfecciosos
¿Cuál es la vida media de Atovacuona/proguanil?	Atovacuona 2-3 días; proguanil 12-21 horas.	Farmacoterapia::Antiinfecciosos
¿Requiere Atovacuona/proguanil ajuste en insuficiencia renal?	CONTRAINDICADA en profilaxis con filtrado menor de 30 mL/min.	Farmacoterapia::Antiinfecciosos
Interacción crítica de Atovacuona/proguanil con RIFAMPICINA y rifabutina: ¿qué ocurre y qué se hace?	Reducen las concentraciones de atovacuona hasta un 50%: FRACASO de la profilaxis. Manejo: Combinación a evitar; elegir otra profilaxis	Farmacoterapia::Antiinfecciosos
Efecto adverso grave de Atovacuona/proguanil: Reacciones cutáneas graves, incluido el síndrome de Stevens-Johnson — ¿en qué consiste?	Reacciones cutáneas graves, incluido el síndrome de Stevens-Johnson (raras)	Farmacoterapia::Antiinfecciosos
Efecto adverso grave de Atovacuona/proguanil: Hepatitis — ¿en qué consiste?	Hepatitis	Farmacoterapia::Antiinfecciosos
Efecto adverso grave de Atovacuona/proguanil: Anemia y neutropenia — ¿en qué consiste?	Anemia y neutropenia (raras)	Farmacoterapia::Antiinfecciosos
¿Está contraindicado Atovacuona/proguanil en: Insuficiencia renal grave?	Sí — Insuficiencia renal grave (filtrado menor de 30 mL/min) para la profilaxis	Farmacoterapia::Antiinfecciosos
¿Está contraindicado Atovacuona/proguanil en: Hipersensibilidad conocida?	Sí — Hipersensibilidad conocida	Farmacoterapia::Antiinfecciosos
¿Está contraindicado Atovacuona/proguanil en: Embarazo?	Sí — Embarazo: no recomendada por datos insuficientes	Farmacoterapia::Antiinfecciosos
¿Está contraindicado Atovacuona/proguanil en: No usarla como tratamiento en quien la estaba tomando como profilaxis?	Sí — No usarla como tratamiento en quien la estaba tomando como profilaxis	Farmacoterapia::Antiinfecciosos
Particularidad de Atovacuona/proguanil que hay que tener en cuenta:	Su ventaja competitiva es el CALENDARIO: solo 7 días después de salir de la zona, frente a las 4 semanas de la doxiciclina y de la mefloquina. Como el abandono de la profilaxis al volver a casa es un fenómeno masivo, un régimen que termina pronto es un régimen que se cumple.	Farmacoterapia::Antiinfecciosos
¿A qué clase farmacológica pertenece Itraconazol?	Antifúngico sistémico (Triazol de primera generación activo frente a filamentosos y dimórficos)	Farmacoterapia::Antiinfecciosos
¿Cuál es el mecanismo de acción de Itraconazol?	Inhibe la 14-alfa-desmetilasa fúngica (CYP51) y bloquea la conversión de lanosterol en ERGOSTEROL, desestabilizando la membrana del hongo. Frente al fluconazol amplía el espectro a Aspergillus, a los dermatofitos y, sobre todo, a los HONGOS DIMÓRFICOS endémicos, que son su territorio propio. Su comportamiento clínico está dominado por dos rasgos farmacocinéticos que hay que tener siempre presentes: una absorción ERRÁTICA y dependiente del pH y de la comida, y una inhibición potentísima del CYP3A4 y de la glicoproteína P, que lo convierte en uno de los fármacos con más interacciones de todo el vademécum. A ello se añade un efecto INOTROPO NEGATIVO propio, poco intuitivo en un antifúngico, que contraindica su uso en la insuficiencia cardiaca.	Farmacoterapia::Antiinfecciosos
¿Qué distingue a Itraconazol de los demás fármacos de su clase (Antifúngico sistémico)?	<b>De elección en las micosis endémicas por hongos DIMÓRFICOS</b> (histoplasmosis, blastomicosis, esporotricosis) y alternativa en onicomicosis.	Farmacoterapia::Antiinfecciosos
¿Cuál es el espectro de Itraconazol?	HONGOS DIMÓRFICOS: Histoplasma, Blastomyces, Coccidioides, Paracoccidioides y Sporothrix (es el fármaco de referencia en todos ellos). DERMATOFITOS, incluido Trichophyton indotineae resistente a terbinafina. Candida (incluidas especies resistentes a fluconazol), Malassezia y Aspergillus (aquí es de segunda línea, por detrás del voriconazol). NO cubre mucorales ni Fusarium.	Farmacoterapia::Antiinfecciosos
¿Cuál es la dosis de Itraconazol en HISTOPLASMOSIS leve-moderada y continuación de la forma diseminada?	200 mg cada 8 horas durante 3 días (carga) y después 200 mg cada 12 horas — Cada 8 horas 3 días y luego cada 12 horas, vía VO	Farmacoterapia::Antiinfecciosos
¿A qué objetivo se ajusta la dosis de Itraconazol en HISTOPLASMOSIS leve-moderada y continuación de la forma diseminada?	Concentración plasmática valle superior a 1 microgramo/mL, medida a las 2 semanas	Farmacoterapia::Antiinfecciosos
¿Cuál es la dosis de Itraconazol en ESPOROTRICOSIS cutánea y linfocutánea?	200 mg al día — Una toma diaria con comida, vía VO	Farmacoterapia::Antiinfecciosos
¿Cuál es la dosis de Itraconazol en ONICOMICOSIS y dermatofitosis resistentes a terbinafina?	200 mg cada 12 horas una semana al mes (pauta en PULSOS): 2 pulsos en las uñas de las manos y 3 en las de los pies — Pulsos mensuales de 7 días, vía VO	Farmacoterapia::Antiinfecciosos
¿Cuál es la dosis de Itraconazol en PITIRIASIS VERSICOLOR extensa y foliculitis por Malassezia?	200 mg al día durante 5-7 días — Una toma diaria, vía VO	Farmacoterapia::Antiinfecciosos
¿Cuál es la dosis de Itraconazol en Aspergilosis broncopulmonar alérgica y aspergilosis pulmonar crónica?	200 mg cada 12 horas — Cada 12 horas con comida, vía VO	Farmacoterapia::Antiinfecciosos
¿Cuánto dura el tratamiento con Itraconazol?	Días en la pitiriasis versicolor; meses en las micosis endémicas; 12 meses en la histoplasmosis diseminada; pulsos mensuales en la onicomicosis.	Farmacoterapia::Antiinfecciosos
¿Cómo se suspende Itraconazol?	Se retira al completar el ciclo. En la esporotricosis se prolonga 2-4 semanas más allá de la curación clínica.	Farmacoterapia::Antiinfecciosos
¿Qué hay que monitorizar durante el tratamiento con Itraconazol?	Transaminasas cada 4 semanas en tratamiento prolongado; niveles plasmáticos a las 2 semanas; signos de insuficiencia cardiaca; potasio (produce hipopotasemia).	Farmacoterapia::Antiinfecciosos
¿Cuál es la vida media de Itraconazol?	20-40 horas, que se prolonga con el tratamiento continuado.	Farmacoterapia::Antiinfecciosos
¿Requiere Itraconazol ajuste en insuficiencia renal?	No requiere ajuste del fármaco, pero la formulación INTRAVENOSA (con ciclodextrina) se evita con filtrado menor de 30 mL/min.	Farmacoterapia::Antiinfecciosos
Interacción crítica de Itraconazol con INHIBIDORES DE LA BOMBA DE PROTONES, antiH2 y antiácidos: ¿qué ocurre y qué se hace?	ANULAN la absorción de la cápsula al elevar el pH gástrico: fracaso terapéutico completo. Manejo: Es la interacción práctica más frecuente y la más olvidada. Usar la solución oral, o tomar la cápsula con una bebida de cola y separar del inhibidor	Farmacoterapia::Antiinfecciosos
Interacción crítica de Itraconazol con Estatinas metabolizadas por CYP3A4 (simvastatina, atorvastatina, lovastatina): ¿qué ocurre y qué se hace?	RABDOMIÓLISIS. Manejo: CONTRAINDICADAS simvastatina y lovastatina; suspender la estatina durante el tratamiento o cambiar a pravastatina o rosuvastatina	Farmacoterapia::Antiinfecciosos
Interacción crítica de Itraconazol con ACOD (apixabán, rivaroxabán), dabigatrán: ¿qué ocurre y qué se hace?	Aumento marcado de las concentraciones con riesgo HEMORRÁGICO. Manejo: Combinación contraindicada o que exige cambio de anticoagulante	Farmacoterapia::Antiinfecciosos
Interacción crítica de Itraconazol con Tacrolimus, ciclosporina, sirolimus: ¿qué ocurre y qué se hace?	Elevación importante de sus concentraciones con nefrotoxicidad. Manejo: Reducir la dosis del inmunosupresor y monitorizar niveles	Farmacoterapia::Antiinfecciosos
Interacción crítica de Itraconazol con Quinidina, dofetilida, pimozida, cisaprida, alcaloides ergóticos: ¿qué ocurre y qué se hace?	Arritmias graves y torsades de pointes. Manejo: CONTRAINDICADOS	Farmacoterapia::Antiinfecciosos
Interacción crítica de Itraconazol con Rifampicina, isoniazida, carbamazepina, fenitoína, hierba de San Juan: ¿qué ocurre y qué se hace?	Inducen su metabolismo y reducen drásticamente sus concentraciones. Manejo: Evitar la combinación: el fracaso terapéutico es casi seguro	Farmacoterapia::Antiinfecciosos
Efecto adverso grave de Itraconazol: INSUFICIENCIA CARDIACA por efecto INOTROPO NEGATIVO directo — ¿en qué consiste?	INSUFICIENCIA CARDIACA por efecto INOTROPO NEGATIVO directo: es un efecto de clase poco conocido y motivo de contraindicación formal	Farmacoterapia::Antiinfecciosos
Efecto adverso grave de Itraconazol: Hepatotoxicidad grave, incluida la insuficiencia hepática — ¿en qué consiste?	Hepatotoxicidad grave, incluida la insuficiencia hepática	Farmacoterapia::Antiinfecciosos
Efecto adverso grave de Itraconazol: Neuropatía periférica — ¿en qué consiste?	Neuropatía periférica	Farmacoterapia::Antiinfecciosos
Efecto adverso grave de Itraconazol: Edemas e hipertensión por retención hidrosalina — ¿en qué consiste?	Edemas e hipertensión por retención hidrosalina	Farmacoterapia::Antiinfecciosos
Efecto adverso grave de Itraconazol: Reacciones cutáneas graves — ¿en qué consiste?	Reacciones cutáneas graves	Farmacoterapia::Antiinfecciosos
¿Está contraindicado Itraconazol en: INSUFICIENCIA CARDIACA o antecedente de disfunción ventricular?	Sí — INSUFICIENCIA CARDIACA o antecedente de disfunción ventricular	Farmacoterapia::Antiinfecciosos
¿Está contraindicado Itraconazol en: Uso concomitante de los fármacos contraindicados?	Sí — Uso concomitante de los fármacos contraindicados (simvastatina, pimozida, quinidina, dofetilida, alcaloides ergóticos, ACOD según el caso)	Farmacoterapia::Antiinfecciosos
¿Está contraindicado Itraconazol en: Hepatopatía activa?	Sí — Hepatopatía activa	Farmacoterapia::Antiinfecciosos
¿Está contraindicado Itraconazol en: EMBARAZO?	Sí — EMBARAZO (teratógeno)	Farmacoterapia::Antiinfecciosos
¿Está contraindicado Itraconazol en: Insuficiencia renal grave para la formulación intravenosa?	Sí — Insuficiencia renal grave para la formulación intravenosa	Farmacoterapia::Antiinfecciosos
Particularidad de Itraconazol que hay que tener en cuenta:	La regla que decide si funciona: la CÁPSULA necesita ÁCIDO y COMIDA; la SOLUCIÓN ORAL se toma en AYUNAS. Es una inversión entre formulaciones que se confunde a menudo, y es la causa número uno de que un tratamiento correcto no alcance concentraciones eficaces.	Farmacoterapia::Antiinfecciosos
¿A qué clase farmacológica pertenece Praziquantel?	Antiparasitario (Antihelmíntico frente a trematodos y cestodos)	Farmacoterapia::Antiinfecciosos
¿Cuál es el mecanismo de acción de Praziquantel?	Aumenta la permeabilidad de la membrana del parásito al CALCIO, provocando una entrada masiva de calcio que produce una CONTRACCIÓN TETÁNICA de su musculatura y una parálisis espástica inmediata. A la vez, vacuoliza y desintegra el TEGUMENTO, la cubierta externa del gusano, dejando al descubierto antígenos que hasta entonces estaban ocultos al sistema inmunitario del huésped. Esa doble acción explica tanto su eficacia como su principal problema: la destrucción brusca del parásito libera antígenos y desencadena una respuesta INFLAMATORIA que, según dónde esté alojado el gusano, puede ser más peligrosa que la propia parasitosis. De ahí que en la neurocisticercosis y en la afectación ocular haya que anticipar y frenar esa inflamación.	Farmacoterapia::Antiinfecciosos
¿Cuál es el espectro de Praziquantel?	TREMATODOS: Schistosoma (todas las especies), Clonorchis, Opisthorchis, Paragonimus, Fasciolopsis. CESTODOS: Taenia solium y saginata, Diphyllobothrium, Hymenolepis, y actividad protoescolicida frente a Echinococcus. NO es activo frente a Fasciola hepatica (que se trata con triclabendazol) ni frente a los nematodos, que son territorio del albendazol y la ivermectina.	Farmacoterapia::Antiinfecciosos
¿Cuál es la dosis de Praziquantel en ESQUISTOSOMIASIS (todas las especies)?	40 mg/kg en dosis única, o 60 mg/kg repartidos en 2-3 tomas el mismo día en S. japonicum y S. mekongi — Dosis única o fraccionada en un día, vía VO	Farmacoterapia::Antiinfecciosos
¿Cuál es la dosis de Praziquantel en TENIASIS intestinal (T. solium, T. saginata, Diphyllobothrium)?	5-10 mg/kg en dosis única — Dosis única, vía VO	Farmacoterapia::Antiinfecciosos
¿Cuál es la dosis de Praziquantel en NEUROCISTICERCOSIS parenquimatosa con quistes viables?	50 mg/kg/día repartidos en 3 tomas, asociado a albendazol — Cada 8 horas durante 10-14 días, vía VO	Farmacoterapia::Antiinfecciosos
¿Cuál es la dosis de Praziquantel en Cobertura protoescolicida en la cirugía o la PAIR del quiste hidatídico?	40 mg/kg semanal o 25 mg/kg/día, asociado a albendazol — Según pauta perioperatoria, vía VO	Farmacoterapia::Antiinfecciosos
¿Cuál es la dosis de Praziquantel en Distomatosis hepática y pulmonar (Clonorchis, Opisthorchis, Paragonimus)?	25 mg/kg cada 8 horas durante 2 días — Cada 8 horas, vía VO	Farmacoterapia::Antiinfecciosos
¿Cuánto dura el tratamiento con Praziquantel?	Dosis única en la mayoría de las indicaciones; 10-14 días en la neurocisticercosis.	Farmacoterapia::Antiinfecciosos
¿Cómo se suspende Praziquantel?	Control parasitológico posterior (a las 4-6 semanas en la esquistosomiasis) y repetición del ciclo si persiste.	Farmacoterapia::Antiinfecciosos
¿Qué hay que monitorizar durante el tratamiento con Praziquantel?	En la neurocisticercosis, vigilancia neurológica estrecha y control de la presión intracraneal. En la esquistosomiasis, huevos en heces u orina a las 4-6 semanas.	Farmacoterapia::Antiinfecciosos
¿Cuál es la vida media de Praziquantel?	1-3 horas (metabolitos, 4-6 horas).	Farmacoterapia::Antiinfecciosos
¿Requiere Praziquantel ajuste en insuficiencia renal?	No requiere ajuste.	Farmacoterapia::Antiinfecciosos
Interacción crítica de Praziquantel con DEXAMETASONA: ¿qué ocurre y qué se hace?	Reduce las concentraciones plasmáticas de praziquantel hasta un 50%. Manejo: Es una interacción incómoda porque ambos se usan a la vez en la neurocisticercosis: se compensa con la dosis alta de praziquantel de esa indicación, y algunos protocolos prefieren prednisona	Farmacoterapia::Antiinfecciosos
Interacción crítica de Praziquantel con Carbamazepina, fenitoína, fenobarbital y rifampicina: ¿qué ocurre y qué se hace?	Inducen su metabolismo y reducen sus niveles drásticamente; la RIFAMPICINA puede hacerlo indetectable. Manejo: La rifampicina está CONTRAINDICADA con praziquantel: hay que suspenderla 4 semanas antes o elegir otro antiparasitario	Farmacoterapia::Antiinfecciosos
Efecto adverso grave de Praziquantel: REACCIÓN INFLAMATORIA por lisis del parásito, que en la neurocisticercosis produce cefalea intensa, crisis comiciales, edema cerebral e HIPERTENSIÓN INTRACRANEAL — ¿en qué consiste?	REACCIÓN INFLAMATORIA por lisis del parásito, que en la neurocisticercosis produce cefalea intensa, crisis comiciales, edema cerebral e HIPERTENSIÓN INTRACRANEAL	Farmacoterapia::Antiinfecciosos
Efecto adverso grave de Praziquantel: Ceguera irreversible si hay cisticercos OCULARES no detectados antes del tratamiento — ¿en qué consiste?	Ceguera irreversible si hay cisticercos OCULARES no detectados antes del tratamiento	Farmacoterapia::Antiinfecciosos
Efecto adverso grave de Praziquantel: Empeoramiento neurológico en la afectación medular — ¿en qué consiste?	Empeoramiento neurológico en la afectación medular	Farmacoterapia::Antiinfecciosos
Efecto adverso grave de Praziquantel: Arritmias — ¿en qué consiste?	Arritmias (raras)	Farmacoterapia::Antiinfecciosos
Efecto adverso grave de Praziquantel: Reacción de Jarisch-Herxheimer-like en cargas parasitarias muy altas — ¿en qué consiste?	Reacción de Jarisch-Herxheimer-like en cargas parasitarias muy altas	Farmacoterapia::Antiinfecciosos
¿Está contraindicado Praziquantel en: CISTICERCOSIS OCULAR?	Sí — CISTICERCOSIS OCULAR (la destrucción del quiste dentro del ojo causa ceguera): hay que hacer FONDO DE OJO antes de tratar	Farmacoterapia::Antiinfecciosos
¿Está contraindicado Praziquantel en: Uso concomitante de RIFAMPICINA?	Sí — Uso concomitante de RIFAMPICINA	Farmacoterapia::Antiinfecciosos
¿Está contraindicado Praziquantel en: Neurocisticercosis con hipertensión intracraneal no controlada o con encefalitis por cisticercos múltiples?	Sí — Neurocisticercosis con hipertensión intracraneal no controlada o con encefalitis por cisticercos múltiples: primero se estabiliza	Farmacoterapia::Antiinfecciosos
¿Está contraindicado Praziquantel en: Hipersensibilidad conocida?	Sí — Hipersensibilidad conocida	Farmacoterapia::Antiinfecciosos
¿Está contraindicado Praziquantel en: Primer trimestre del embarazo por precaución, aunque la OMS lo considera aceptable en campañas masivas?	Sí — Primer trimestre del embarazo por precaución, aunque la OMS lo considera aceptable en campañas masivas	Farmacoterapia::Antiinfecciosos
Particularidad de Praziquantel que hay que tener en cuenta:	El principio que ordena su uso: el peligro no está en el fármaco sino en DÓNDE MUERE EL PARÁSITO. Matar un gusano en el intestino es inocuo; matarlo en el cerebro o en el ojo desencadena una inflamación que puede provocar crisis, hipertensión intracraneal o ceguera. Por eso, antes de tratar una cisticercosis, se hace FONDO DE OJO y se administra CORTICOIDE.	Farmacoterapia::Antiinfecciosos
¿A qué clase farmacológica pertenece Isoniazida?	Antituberculoso de primera línea (Inhibidor de la síntesis de ácidos micólicos)	Farmacoterapia::Antiinfecciosos
¿Cuál es el mecanismo de acción de Isoniazida?	Profármaco activado por la catalasa-peroxidasa micobacteriana KatG; el metabolito activo inhibe la enzima InhA de la síntesis de ácidos micólicos, componentes esenciales y exclusivos de la pared de las micobacterias. De ahí su espectro estrechísimo y su ausencia de efecto sobre la flora normal. Bactericida frente a bacilos en división activa.	Farmacoterapia::Antiinfecciosos
¿Qué distingue a Isoniazida de los demás fármacos de su clase (Antituberculoso de primera línea)?	<b>Bactericida potente frente a bacilos en multiplicación activa</b> y base de la <b>profilaxis de la infección tuberculosa latente</b>.	Farmacoterapia::Antiinfecciosos
¿Cuál es el espectro de Isoniazida?	Mycobacterium tuberculosis exclusivamente (y M. kansasii). NO tiene actividad frente a ninguna otra bacteria, hongo ni virus.	Farmacoterapia::Antiinfecciosos
¿Cuál es la dosis de Isoniazida en Tuberculosis activa (fase intensiva y de continuación)?	5 mg/kg/día (máx. 300 mg) — Cada 24 h, en ayunas, vía VO	Farmacoterapia::Antiinfecciosos
¿Cuál es la dosis de Isoniazida en Infección tuberculosa latente?	5 mg/kg/día (máx. 300 mg) — Cada 24 h, vía VO	Farmacoterapia::Antiinfecciosos
¿Cuál es la dosis de Isoniazida en Prevención de la neuropatía asociada (siempre junto a isoniazida)?	Piridoxina 25-50 mg/día — Cada 24 h, vía VO	Farmacoterapia::Antiinfecciosos
¿Cuánto dura el tratamiento con Isoniazida?	6 meses en la tuberculosis pulmonar sensible (2 HRZE + 4 HR); 9-12 meses en meningitis o tuberculosis osteoarticular; 6-9 meses en infección latente.	Farmacoterapia::Antiinfecciosos
¿Cómo se suspende Isoniazida?	Se completa el número de meses pautado; se suspende de forma brusca. Suspensión INMEDIATA si las transaminasas superan 3 veces el límite alto con síntomas o 5 veces sin síntomas.	Farmacoterapia::Antiinfecciosos
¿Qué hay que monitorizar durante el tratamiento con Isoniazida?	Transaminasas basales y mensuales en pacientes de riesgo. Preguntar en cada visita por náuseas, anorexia, ictericia, coluria y parestesias. Exploración neurológica.	Farmacoterapia::Antiinfecciosos
¿Cuál es la vida media de Isoniazida?	1 h en acetiladores rápidos, 3 h en lentos.	Farmacoterapia::Antiinfecciosos
¿Requiere Isoniazida ajuste en insuficiencia renal?	No precisa ajuste hasta FG <10; en diálisis, administrar después de la sesión.	Farmacoterapia::Antiinfecciosos
Interacción crítica de Isoniazida con Fenitoína y carbamazepina: ¿qué ocurre y qué se hace?	La isoniazida inhibe su metabolismo y provoca intoxicación (ataxia, nistagmo, somnolencia). Manejo: Monitorizar niveles y reducir la dosis del antiepiléptico	Farmacoterapia::Antiinfecciosos
Interacción crítica de Isoniazida con Alcohol y paracetamol: ¿qué ocurre y qué se hace?	Suma de hepatotoxicidad. Manejo: Abstinencia alcohólica; limitar el paracetamol a 2 g/día	Farmacoterapia::Antiinfecciosos
Efecto adverso grave de Isoniazida: Hepatitis clínica, cuyo riesgo aumenta con la edad — ¿en qué consiste?	Hepatitis clínica, cuyo riesgo aumenta con la edad (raro por debajo de 20 años, hasta el 2-3% por encima de los 50) y con el alcohol	Farmacoterapia::Antiinfecciosos
Efecto adverso grave de Isoniazida: Neuropatía periférica por depleción de piridoxina, prevenible — ¿en qué consiste?	Neuropatía periférica por depleción de piridoxina, prevenible	Farmacoterapia::Antiinfecciosos
Efecto adverso grave de Isoniazida: Neuritis óptica — ¿en qué consiste?	Neuritis óptica	Farmacoterapia::Antiinfecciosos
Efecto adverso grave de Isoniazida: Psicosis y crisis convulsivas — ¿en qué consiste?	Psicosis y crisis convulsivas	Farmacoterapia::Antiinfecciosos
Efecto adverso grave de Isoniazida: Lupus inducido por fármacos con ANA positivos — ¿en qué consiste?	Lupus inducido por fármacos con ANA positivos	Farmacoterapia::Antiinfecciosos
Efecto adverso grave de Isoniazida: Agranulocitosis — ¿en qué consiste?	Agranulocitosis	Farmacoterapia::Antiinfecciosos
¿Está contraindicado Isoniazida en: Hepatopatía activa grave?	Sí — Hepatopatía activa grave	Farmacoterapia::Antiinfecciosos
¿Está contraindicado Isoniazida en: Antecedente de hepatitis por isoniazida?	Sí — Antecedente de hepatitis por isoniazida	Farmacoterapia::Antiinfecciosos
¿Está contraindicado Isoniazida en: Neuropatía periférica grave preexistente?	Sí — Neuropatía periférica grave preexistente	Farmacoterapia::Antiinfecciosos
Particularidad de Isoniazida que hay que tener en cuenta:	La piridoxina (vitamina B6) no es un suplemento opcional: la isoniazida es estructuralmente análoga y provoca su depleción. En el embarazo, el alcohólico, el desnutrido y el paciente con VIH es obligatoria.	Farmacoterapia::Antiinfecciosos
¿A qué clase farmacológica pertenece Rifampicina?	Antituberculoso de primera línea (Rifamicina: inhibidor de la ARN polimerasa bacteriana)	Farmacoterapia::Antiinfecciosos
¿Cuál es el mecanismo de acción de Rifampicina?	Se une a la subunidad beta de la ARN polimerasa dependiente de ADN bacteriana e impide el inicio de la transcripción. La enzima humana no se ve afectada. Bactericida frente a bacilos intracelulares y de crecimiento lento, incluidos los persistentes en el caseum. La monoterapia genera resistencia rápidamente por mutación puntual del gen rpoB.	Farmacoterapia::Antiinfecciosos
¿Qué distingue a Rifampicina de los demás fármacos de su clase (Antituberculoso de primera línea)?	<b>Esterilizante: actúa sobre bacilos de multiplicación intermitente</b>; su presencia permite pautas de 6 meses.	Farmacoterapia::Antiinfecciosos
¿Cuál es el espectro de Rifampicina?	Mycobacterium tuberculosis y micobacterias atípicas; además, excelente actividad frente a estafilococos (incluido SARM) en el biofilm de prótesis, Neisseria meningitidis (portadores), Brucella y Legionella. NO se usa nunca en monoterapia salvo en profilaxis de contactos.	Farmacoterapia::Antiinfecciosos
¿Cuál es la dosis de Rifampicina en Tuberculosis activa?	10 mg/kg/día (máx. 600 mg) — Cada 24 h, en ayunas, vía VO	Farmacoterapia::Antiinfecciosos
¿Cuál es la dosis de Rifampicina en Infección tuberculosa latente (pauta corta)?	10 mg/kg/día (máx. 600 mg) — Cada 24 h, 4 meses, vía VO	Farmacoterapia::Antiinfecciosos
¿Cuál es la dosis de Rifampicina en Infección de prótesis articular o material protésico por estafilococo?	600 mg/día (o 450 mg/12 h) — Cada 12-24 h, vía VO	Farmacoterapia::Antiinfecciosos
¿Cuál es la dosis de Rifampicina en Profilaxis de contactos de meningitis meningocócica?	600 mg/12 h — Cada 12 h, 2 días (4 dosis), vía VO	Farmacoterapia::Antiinfecciosos
¿Cuál es la dosis de Rifampicina en Brucelosis?	600-900 mg/día — Cada 24 h, 6 semanas, vía VO	Farmacoterapia::Antiinfecciosos
¿Cuál es la dosis de Rifampicina en Lepra multibacilar?	600 mg — Mensual, supervisada, vía VO	Farmacoterapia::Antiinfecciosos
¿Cuánto dura el tratamiento con Rifampicina?	6 meses en tuberculosis pulmonar; 4 meses en infección latente; 6 semanas en brucelosis; 3-6 meses en infección de prótesis articular junto al tratamiento quirúrgico.	Farmacoterapia::Antiinfecciosos
¿Cómo se suspende Rifampicina?	Suspensión brusca al completar la pauta. Recordar que la inducción enzimática tarda 1-2 semanas en desaparecer tras suspenderla, por lo que las dosis de los fármacos ajustados deben revisarse de nuevo.	Farmacoterapia::Antiinfecciosos
¿Qué hay que monitorizar durante el tratamiento con Rifampicina?	Transaminasas y bilirrubina basales y periódicas. Hemograma. Advertir SIEMPRE del color anaranjado de los fluidos antes de la primera dosis.	Farmacoterapia::Antiinfecciosos
¿Cuál es la vida media de Rifampicina?	2-5 h, que se acorta con la autoinducción.	Farmacoterapia::Antiinfecciosos
¿Requiere Rifampicina ajuste en insuficiencia renal?	No precisa ajuste.	Farmacoterapia::Antiinfecciosos
Interacción crítica de Rifampicina con Anticonceptivos hormonales: ¿qué ocurre y qué se hace?	Reduce drásticamente su eficacia por inducción enzimática, con embarazos no deseados. Manejo: Método anticonceptivo no hormonal o de barrera durante el tratamiento y hasta 4 semanas después	Farmacoterapia::Antiinfecciosos
Interacción crítica de Rifampicina con Anticoagulantes orales (antivitamina K y directos): ¿qué ocurre y qué se hace?	Caída marcada del efecto anticoagulante con riesgo trombótico. Manejo: Control estrecho del INR y aumento de dosis; los anticoagulantes directos están prácticamente contraindicados	Farmacoterapia::Antiinfecciosos
Interacción crítica de Rifampicina con Inmunosupresores (tacrolimús, ciclosporina, corticoides): ¿qué ocurre y qué se hace?	Descenso profundo de sus niveles con riesgo de rechazo del injerto. Manejo: Evitar en el trasplantado; si es imprescindible, ajustar por niveles y usar rifabutina	Farmacoterapia::Antiinfecciosos
Interacción crítica de Rifampicina con Antirretrovirales (inhibidores de la proteasa, algunos inhibidores de la integrasa): ¿qué ocurre y qué se hace?	Pérdida de eficacia del tratamiento antirretroviral. Manejo: Sustituir por rifabutina o ajustar el régimen antirretroviral	Farmacoterapia::Antiinfecciosos
Interacción crítica de Rifampicina con Antidiabéticos orales, estatinas, azoles, metadona: ¿qué ocurre y qué se hace?	Reducción de su eficacia por inducción. Manejo: Revisar y ajustar todo el tratamiento crónico	Farmacoterapia::Antiinfecciosos
Efecto adverso grave de Rifampicina: Hepatitis colestásica — ¿en qué consiste?	Hepatitis colestásica	Farmacoterapia::Antiinfecciosos
Efecto adverso grave de Rifampicina: Síndrome pseudogripal con fiebre y mialgias, típico de las pautas intermitentes — ¿en qué consiste?	Síndrome pseudogripal con fiebre y mialgias, típico de las pautas intermitentes	Farmacoterapia::Antiinfecciosos
Efecto adverso grave de Rifampicina: Trombocitopenia inmune, anemia hemolítica — ¿en qué consiste?	Trombocitopenia inmune, anemia hemolítica	Farmacoterapia::Antiinfecciosos
Efecto adverso grave de Rifampicina: Fracaso renal agudo por nefritis intersticial inmunoalérgica — ¿en qué consiste?	Fracaso renal agudo por nefritis intersticial inmunoalérgica	Farmacoterapia::Antiinfecciosos
Efecto adverso grave de Rifampicina: Fracaso terapéutico y rechazo de trasplante por interacciones — ¿en qué consiste?	Fracaso terapéutico y rechazo de trasplante por interacciones	Farmacoterapia::Antiinfecciosos
¿Está contraindicado Rifampicina en: Hepatopatía grave descompensada?	Sí — Hepatopatía grave descompensada	Farmacoterapia::Antiinfecciosos
¿Está contraindicado Rifampicina en: Porfiria?	Sí — Porfiria	Farmacoterapia::Antiinfecciosos
¿Está contraindicado Rifampicina en: Uso concomitante con la mayoría de inhibidores de la proteasa del VIH?	Sí — Uso concomitante con la mayoría de inhibidores de la proteasa del VIH	Farmacoterapia::Antiinfecciosos
¿Está contraindicado Rifampicina en: Alergia a rifamicinas?	Sí — Alergia a rifamicinas	Farmacoterapia::Antiinfecciosos
Particularidad de Rifampicina que hay que tener en cuenta:	Es el inductor enzimático más potente de la farmacopea: iniciar rifampicina obliga a revisar toda la medicación crónica del paciente. Un fallo aquí produce rechazo de trasplante, trombosis o embarazos no deseados.	Farmacoterapia::Antiinfecciosos
¿A qué clase farmacológica pertenece Pirazinamida?	Antituberculoso de primera línea (Activo en medio ácido intracelular)	Farmacoterapia::Antiinfecciosos
¿Cuál es el mecanismo de acción de Pirazinamida?	Profármaco convertido por la pirazinamidasa micobacteriana en ácido pirazinoico, que se acumula en medio ácido y desestabiliza la membrana y el metabolismo energético del bacilo. Su rasgo diferencial es que solo actúa en medio ácido, es decir, sobre los bacilos semilatentes en el interior de los macrófagos y en las lesiones inflamatorias — precisamente la población que hace largo el tratamiento.	Farmacoterapia::Antiinfecciosos
¿Qué distingue a Pirazinamida de los demás fármacos de su clase (Antituberculoso de primera línea)?	<b>Activa en el medio ÁCIDO intracelular</b> (bacilos dentro de macrófagos): permite acortar la pauta a 6 meses (solo los 2 primeros meses).	Farmacoterapia::Antiinfecciosos
¿Cuál es el espectro de Pirazinamida?	Mycobacterium tuberculosis exclusivamente. M. bovis es intrínsecamente resistente.	Farmacoterapia::Antiinfecciosos
¿Cuál es la dosis de Pirazinamida en Tuberculosis activa, fase intensiva?	25 mg/kg/día (máx. 2 g) — Cada 24 h, vía VO	Farmacoterapia::Antiinfecciosos
¿Cuál es la dosis de Pirazinamida en Meningitis tuberculosa?	25 mg/kg/día — Cada 24 h, vía VO	Farmacoterapia::Antiinfecciosos
¿Cuánto dura el tratamiento con Pirazinamida?	Exactamente 2 meses (fase intensiva). Prolongarla no aporta beneficio y sí toxicidad.	Farmacoterapia::Antiinfecciosos
¿Cómo se suspende Pirazinamida?	Se retira al terminar el segundo mes, continuando con isoniazida y rifampicina 4 meses más.	Farmacoterapia::Antiinfecciosos
¿Qué hay que monitorizar durante el tratamiento con Pirazinamida?	Transaminasas mensuales. Ácido úrico si aparece artralgia. Interrogar por dolor articular en cada visita.	Farmacoterapia::Antiinfecciosos
¿Cuál es la vida media de Pirazinamida?	9-10 h.	Farmacoterapia::Antiinfecciosos
¿Requiere Pirazinamida ajuste en insuficiencia renal?	FG <30: 25-35 mg/kg tres veces por semana, no a diario.	Farmacoterapia::Antiinfecciosos
Interacción crítica de Pirazinamida con Isoniazida y rifampicina: ¿qué ocurre y qué se hace?	Hepatotoxicidad aditiva. Manejo: Control analítico conjunto; ante hepatitis, la pirazinamida suele ser el primer fármaco a retirar	Farmacoterapia::Antiinfecciosos
Efecto adverso grave de Pirazinamida: Hepatotoxicidad dosis-dependiente, la más grave de los antituberculosos de primera línea — ¿en qué consiste?	Hepatotoxicidad dosis-dependiente, la más grave de los antituberculosos de primera línea	Farmacoterapia::Antiinfecciosos
Efecto adverso grave de Pirazinamida: Crisis gotosa aguda — ¿en qué consiste?	Crisis gotosa aguda	Farmacoterapia::Antiinfecciosos
Efecto adverso grave de Pirazinamida: Rabdomiólisis — ¿en qué consiste?	Rabdomiólisis (rara)	Farmacoterapia::Antiinfecciosos
Efecto adverso grave de Pirazinamida: Trombocitopenia — ¿en qué consiste?	Trombocitopenia	Farmacoterapia::Antiinfecciosos
¿Está contraindicado Pirazinamida en: Hepatopatía grave?	Sí — Hepatopatía grave	Farmacoterapia::Antiinfecciosos
¿Está contraindicado Pirazinamida en: Gota aguda?	Sí — Gota aguda	Farmacoterapia::Antiinfecciosos
¿Está contraindicado Pirazinamida en: Porfiria?	Sí — Porfiria	Farmacoterapia::Antiinfecciosos
¿Está contraindicado Pirazinamida en: Hipersensibilidad conocida?	Sí — Hipersensibilidad conocida	Farmacoterapia::Antiinfecciosos
Particularidad de Pirazinamida que hay que tener en cuenta:	Su papel es exclusivamente esterilizante: mata a los bacilos latentes intracelulares en medio ácido, que son los responsables de las recaídas. Sin pirazinamida, el tratamiento de la tuberculosis vuelve a durar 9 meses.	Farmacoterapia::Antiinfecciosos
¿A qué clase farmacológica pertenece Etambutol?	Antituberculoso de primera línea (Inhibidor de la arabinosil transferasa)	Farmacoterapia::Antiinfecciosos
¿Cuál es el mecanismo de acción de Etambutol?	Inhibe las arabinosil transferasas (embAB), enzimas de la síntesis del arabinogalactano de la pared micobacteriana. Es bacteriostático; su función real en el régimen es proteger a los demás fármacos frente a la aparición de resistencias mientras se conoce el antibiograma.	Farmacoterapia::Antiinfecciosos
¿Qué distingue a Etambutol de los demás fármacos de su clase (Antituberculoso de primera línea)?	<b>Bacteriostático</b>: se añade para <b>evitar la selección de resistencias</b> hasta conocer el antibiograma.	Farmacoterapia::Antiinfecciosos
¿Cuál es el espectro de Etambutol?	Mycobacterium tuberculosis y micobacterias atípicas (complejo M. avium, M. kansasii).	Farmacoterapia::Antiinfecciosos
¿Cuál es la dosis de Etambutol en Tuberculosis activa, fase intensiva?	15-20 mg/kg/día — Cada 24 h, vía VO	Farmacoterapia::Antiinfecciosos
¿Cuál es la dosis de Etambutol en Infección por complejo Mycobacterium avium?	15 mg/kg/día — Cada 24 h, vía VO	Farmacoterapia::Antiinfecciosos
¿Cuánto dura el tratamiento con Etambutol?	2 meses (fase intensiva) o hasta disponer del antibiograma que permita retirarlo.	Farmacoterapia::Antiinfecciosos
¿Cómo se suspende Etambutol?	Retirada al confirmar la sensibilidad a los demás fármacos, o al completar la fase intensiva. Suspensión INMEDIATA ante cualquier alteración visual.	Farmacoterapia::Antiinfecciosos
¿Qué hay que monitorizar durante el tratamiento con Etambutol?	Agudeza visual y discriminación rojo-verde MENSUALES. Instruir al paciente para que consulte de inmediato ante visión borrosa o cambios en la percepción del color.	Farmacoterapia::Antiinfecciosos
¿Cuál es la vida media de Etambutol?	3-4 h.	Farmacoterapia::Antiinfecciosos
¿Requiere Etambutol ajuste en insuficiencia renal?	Imprescindible: FG <30, administrar 15-25 mg/kg tres veces por semana. El fallo en ajustar es la causa habitual de la neuritis óptica.	Farmacoterapia::Antiinfecciosos
Efecto adverso grave de Etambutol: Neuritis óptica retrobulbar — ¿en qué consiste?	Neuritis óptica retrobulbar: pérdida de agudeza visual y discromatopsia rojo-verde, dosis y tiempo dependiente, reversible si se detecta pronto e IRREVERSIBLE si se mantiene el fármaco	Farmacoterapia::Antiinfecciosos
Efecto adverso grave de Etambutol: Neuropatía periférica — ¿en qué consiste?	Neuropatía periférica	Farmacoterapia::Antiinfecciosos
Efecto adverso grave de Etambutol: Exantema y reacciones de hipersensibilidad — ¿en qué consiste?	Exantema y reacciones de hipersensibilidad	Farmacoterapia::Antiinfecciosos
¿Está contraindicado Etambutol en: Neuritis óptica preexistente?	Sí — Neuritis óptica preexistente	Farmacoterapia::Antiinfecciosos
¿Está contraindicado Etambutol en: Niños demasiado pequeños para colaborar en la exploración visual?	Sí — Niños demasiado pequeños para colaborar en la exploración visual (contraindicación relativa: la OMS lo permite ajustando la dosis)	Farmacoterapia::Antiinfecciosos
¿Está contraindicado Etambutol en: Insuficiencia renal sin ajuste de dosis?	Sí — Insuficiencia renal sin ajuste de dosis	Farmacoterapia::Antiinfecciosos
Particularidad de Etambutol que hay que tener en cuenta:	«E de Etambutol, E de Eyes»: la toxicidad ocular es su rasgo definitorio. Explorar la visión de colores cada mes no es burocracia — detectada a tiempo, la neuritis revierte; mantenida, deja ceguera parcial permanente.	Farmacoterapia::Antiinfecciosos
¿A qué clase farmacológica pertenece Fluconazol?	Antifúngico sistémico (Triazol hidrosoluble de alta biodisponibilidad oral)	Farmacoterapia::Antiinfecciosos
¿Cuál es el mecanismo de acción de Fluconazol?	Inhibe la 14-alfa-desmetilasa fúngica (CYP51), enzima dependiente del citocromo P450 que convierte el lanosterol en ergosterol, el esterol estructural de la membrana fúngica. La membrana pierde integridad y se acumulan esteroles metilados tóxicos. Fungistático frente a Candida.	Farmacoterapia::Antiinfecciosos
¿Qué distingue a Fluconazol de los demás fármacos de su clase (Antifúngico sistémico)?	<b>Hidrosoluble, biodisponibilidad oral >90% y excelente paso a LCR y orina</b>: de elección en candidiasis mucosas, ITU por Candida y consolidación de la meningitis criptocócica.	Farmacoterapia::Antiinfecciosos
¿Cuál es el espectro de Fluconazol?	Candida albicans (excelente), Cryptococcus neoformans, Coccidioides. NO cubre Aspergillus (limitación clave), NO cubre mucorales, NO cubre Candida krusei (resistencia intrínseca) y es poco fiable frente a Candida glabrata (resistencia dosis-dependiente).	Farmacoterapia::Antiinfecciosos
¿Cuál es la dosis de Fluconazol en Candidiasis vulvovaginal no complicada?	150 mg — Dosis única, vía VO	Farmacoterapia::Antiinfecciosos
¿Cuál es la dosis de Fluconazol en Candidiasis orofaríngea y esofágica?	200 mg de carga y luego 100-200 mg/24 h — Cada 24 h, vía VO	Farmacoterapia::Antiinfecciosos
¿Cuál es la dosis de Fluconazol en Candidemia y candidiasis invasiva por cepa sensible?	800 mg de carga (12 mg/kg) y luego 400 mg/24 h (6 mg/kg) — Cada 24 h, vía IV o VO	Farmacoterapia::Antiinfecciosos
¿Cuál es la dosis de Fluconazol en Meningitis criptocócica (fase de consolidación y mantenimiento)?	400-800 mg/24 h (consolidación); 200 mg/24 h (mantenimiento) — Cada 24 h, vía VO	Farmacoterapia::Antiinfecciosos
¿Cuál es la dosis de Fluconazol en Profilaxis antifúngica en el neutropénico de alto riesgo?	400 mg/24 h — Cada 24 h, vía VO	Farmacoterapia::Antiinfecciosos
¿Cuánto dura el tratamiento con Fluconazol?	Dosis única en vaginitis; 14 días desde el primer hemocultivo negativo en candidemia; 8 semanas de consolidación y ≥1 año de mantenimiento en criptococosis.	Farmacoterapia::Antiinfecciosos
¿Cómo se suspende Fluconazol?	En candidemia, la duración se cuenta desde el primer hemocultivo NEGATIVO, no desde el inicio del tratamiento. Retirar siempre el catéter venoso central.	Farmacoterapia::Antiinfecciosos
¿Qué hay que monitorizar durante el tratamiento con Fluconazol?	Transaminasas y función renal en tratamientos prolongados. Fondo de ojo en candidemia (endoftalmitis). ECG si hay riesgo de QT largo.	Farmacoterapia::Antiinfecciosos
¿Cuál es la vida media de Fluconazol?	30 h — permite la dosis única diaria.	Farmacoterapia::Antiinfecciosos
¿Requiere Fluconazol ajuste en insuficiencia renal?	FG <50: reducir la dosis al 50%. En hemodiálisis, administrar la dosis completa después de cada sesión.	Farmacoterapia::Antiinfecciosos
Interacción crítica de Fluconazol con Warfarina / acenocumarol: ¿qué ocurre y qué se hace?	Aumento marcado del INR con riesgo hemorrágico (inhibición del CYP2C9). Manejo: Controlar el INR a las 48-72 h y reducir el anticoagulante	Farmacoterapia::Antiinfecciosos
Interacción crítica de Fluconazol con Fenitoína: ¿qué ocurre y qué se hace?	Eleva sus concentraciones hasta la intoxicación. Manejo: Monitorizar niveles	Farmacoterapia::Antiinfecciosos
Interacción crítica de Fluconazol con Estatinas (simvastatina, atorvastatina): ¿qué ocurre y qué se hace?	Aumento de sus concentraciones con riesgo de rabdomiólisis. Manejo: Suspender la estatina durante el tratamiento	Farmacoterapia::Antiinfecciosos
Interacción crítica de Fluconazol con Fármacos que prolongan el QT (amiodarona, haloperidol, ondansetrón, quinolonas): ¿qué ocurre y qué se hace?	Prolongación aditiva del QT. Manejo: ECG y corrección de electrolitos	Farmacoterapia::Antiinfecciosos
Efecto adverso grave de Fluconazol: Hepatotoxicidad, ocasionalmente grave — ¿en qué consiste?	Hepatotoxicidad, ocasionalmente grave	Farmacoterapia::Antiinfecciosos
Efecto adverso grave de Fluconazol: Prolongación del QT y torsade de pointes — ¿en qué consiste?	Prolongación del QT y torsade de pointes	Farmacoterapia::Antiinfecciosos
Efecto adverso grave de Fluconazol: Síndrome de Stevens-Johnson — ¿en qué consiste?	Síndrome de Stevens-Johnson	Farmacoterapia::Antiinfecciosos
Efecto adverso grave de Fluconazol: Alopecia con tratamientos prolongados a dosis altas — ¿en qué consiste?	Alopecia con tratamientos prolongados a dosis altas	Farmacoterapia::Antiinfecciosos
Efecto adverso grave de Fluconazol: Teratogenia — ¿en qué consiste?	Teratogenia (síndrome malformativo con dosis altas mantenidas en el primer trimestre)	Farmacoterapia::Antiinfecciosos
¿Está contraindicado Fluconazol en: Primer trimestre del embarazo a dosis altas o mantenidas?	Sí — Primer trimestre del embarazo a dosis altas o mantenidas	Farmacoterapia::Antiinfecciosos
¿Está contraindicado Fluconazol en: Uso concomitante con fármacos de estrecho margen que prolonguen el QT?	Sí — Uso concomitante con fármacos de estrecho margen que prolonguen el QT	Farmacoterapia::Antiinfecciosos
¿Está contraindicado Fluconazol en: Alergia a azoles?	Sí — Alergia a azoles	Farmacoterapia::Antiinfecciosos
Particularidad de Fluconazol que hay que tener en cuenta:	Es el único azol con excelente penetración en LCR y en orina: en la meningitis criptocócica y en la candiduria es insustituible por itraconazol o voriconazol.	Farmacoterapia::Antiinfecciosos
¿A qué clase farmacológica pertenece Anfotericina B liposomal?	Antifúngico sistémico (Poliénico: formulación lipídica de toxicidad reducida)	Farmacoterapia::Antiinfecciosos
¿Cuál es el mecanismo de acción de Anfotericina B liposomal?	Se une al ergosterol de la membrana fúngica y forma poros que permiten la salida de potasio y otros iones, causando la muerte celular. Es fungicida. Su afinidad, mucho menor, por el colesterol humano explica su toxicidad. La formulación liposomal vehiculiza el fármaco y reduce drásticamente la nefrotoxicidad y las reacciones infusionales respecto al desoxicolato clásico.	Farmacoterapia::Antiinfecciosos
¿Qué distingue a Anfotericina B liposomal de los demás fármacos de su clase (Antifúngico sistémico)?	<b>El antifúngico de MÁS amplio espectro</b>, incluidos los <b>MUCORALES</b>; de elección en la mucormicosis y en la inducción de la meningitis criptocócica (con flucitosina).	Farmacoterapia::Antiinfecciosos
¿Cuál es el espectro de Anfotericina B liposomal?	El más amplio de los antifúngicos: Candida (todas las especies, incluidas krusei y glabrata), Aspergillus, Cryptococcus, mucorales (Mucor, Rhizopus — donde es de elección), Histoplasma, Leishmania. NO cubre Aspergillus terreus ni Scedosporium.	Farmacoterapia::Antiinfecciosos
¿Cuál es la dosis de Anfotericina B liposomal en Meningitis criptocócica, fase de inducción?	3-4 mg/kg/24 h — Cada 24 h, 2 semanas, vía IV	Farmacoterapia::Antiinfecciosos
¿Cuál es la dosis de Anfotericina B liposomal en Mucormicosis?	5-10 mg/kg/24 h — Cada 24 h, vía IV	Farmacoterapia::Antiinfecciosos
¿Cuál es la dosis de Anfotericina B liposomal en Aspergilosis invasiva (alternativa a voriconazol)?	3-5 mg/kg/24 h — Cada 24 h, vía IV	Farmacoterapia::Antiinfecciosos
¿Cuál es la dosis de Anfotericina B liposomal en Candidemia en paciente inestable con posible resistencia a azoles?	3 mg/kg/24 h — Cada 24 h, vía IV	Farmacoterapia::Antiinfecciosos
¿Cuál es la dosis de Anfotericina B liposomal en Leishmaniasis visceral?	3 mg/kg/día los días 1-5, 14 y 21 — Según pauta, vía IV	Farmacoterapia::Antiinfecciosos
¿Cuánto dura el tratamiento con Anfotericina B liposomal?	2 semanas de inducción en criptococosis; 6-12 semanas o más en mucormicosis y aspergilosis, guiadas por la respuesta clínica y radiológica y por la recuperación inmune.	Farmacoterapia::Antiinfecciosos
¿Cómo se suspende Anfotericina B liposomal?	Desescalada a un azol oral cuando el paciente mejora y el hongo es sensible. Suspensión definitiva guiada por imagen y por la reversión de la inmunosupresión.	Farmacoterapia::Antiinfecciosos
¿Qué hay que monitorizar durante el tratamiento con Anfotericina B liposomal?	DIARIA: creatinina, potasio y magnesio. Hemograma. Reponer potasio y magnesio de forma proactiva, no reactiva.	Farmacoterapia::Antiinfecciosos
¿Cuál es la vida media de Anfotericina B liposomal?	Prolongada y multifásica (hasta 100-150 h con la formulación liposomal).	Farmacoterapia::Antiinfecciosos
¿Requiere Anfotericina B liposomal ajuste en insuficiencia renal?	No requiere ajuste de dosis formal, pero la nefrotoxicidad obliga a vigilar y a espaciar si la creatinina sube.	Farmacoterapia::Antiinfecciosos
Interacción crítica de Anfotericina B liposomal con Aminoglucósidos, ciclosporina, tacrolimús, cisplatino, contrastes yodados: ¿qué ocurre y qué se hace?	Nefrotoxicidad aditiva. Manejo: Evitar la coincidencia; hidratación y monitorización diaria	Farmacoterapia::Antiinfecciosos
Interacción crítica de Anfotericina B liposomal con Digoxina: ¿qué ocurre y qué se hace?	La hipopotasemia inducida potencia la toxicidad digitálica y las arritmias. Manejo: Corregir el potasio y monitorizar la digoxinemia	Farmacoterapia::Antiinfecciosos
Efecto adverso grave de Anfotericina B liposomal: Nefrotoxicidad con acidosis tubular renal tipo I y diabetes insípida nefrogénica — ¿en qué consiste?	Nefrotoxicidad con acidosis tubular renal tipo I y diabetes insípida nefrogénica	Farmacoterapia::Antiinfecciosos
Efecto adverso grave de Anfotericina B liposomal: Hipopotasemia grave con arritmias — ¿en qué consiste?	Hipopotasemia grave con arritmias	Farmacoterapia::Antiinfecciosos
Efecto adverso grave de Anfotericina B liposomal: Anemia por descenso de la eritropoyetina — ¿en qué consiste?	Anemia por descenso de la eritropoyetina	Farmacoterapia::Antiinfecciosos
Efecto adverso grave de Anfotericina B liposomal: Reacción infusional grave con hipotensión y broncoespasmo — ¿en qué consiste?	Reacción infusional grave con hipotensión y broncoespasmo	Farmacoterapia::Antiinfecciosos
Efecto adverso grave de Anfotericina B liposomal: Toxicidad hepática — ¿en qué consiste?	Toxicidad hepática	Farmacoterapia::Antiinfecciosos
¿Está contraindicado Anfotericina B liposomal en: Hipersensibilidad a la anfotericina?	Sí — Hipersensibilidad a la anfotericina	Farmacoterapia::Antiinfecciosos
¿Está contraindicado Anfotericina B liposomal en: Precaución extrema en insuficiencia renal preexistente o con otros nefrotóxicos?	Sí — Precaución extrema en insuficiencia renal preexistente o con otros nefrotóxicos	Farmacoterapia::Antiinfecciosos
Particularidad de Anfotericina B liposomal que hay que tener en cuenta:	La formulación liposomal no es simplemente «una versión más cara»: reduce de forma decisiva la nefrotoxicidad y las reacciones infusionales, lo que permite alcanzar las dosis altas necesarias en la mucormicosis.	Farmacoterapia::Antiinfecciosos
¿A qué clase farmacológica pertenece Aciclovir?	Antiherpético (análogo de nucleósido) (Activación selectiva por la timidina cinasa viral)	Farmacoterapia::Antiinfecciosos
¿Cuál es el mecanismo de acción de Aciclovir?	Profármaco que requiere una primera fosforilación por la TIMIDINA CINASA VIRAL — presente solo en las células infectadas — y dos fosforilaciones más por cinasas celulares. El aciclovir trifosfato inhibe la ADN polimerasa viral y actúa como terminador de cadena. Esta doble selectividad (activación solo en la célula infectada, inhibición preferente de la polimerasa viral) explica su extraordinaria seguridad.	Farmacoterapia::Antiinfecciosos
¿Qué distingue a Aciclovir de los demás fármacos de su clase (Antiherpético (análogo de nucleósido))?	<b>Forma IV de elección en las infecciones graves por herpes simple y varicela-zóster</b> (encefalitis herpética: 10 mg/kg/8 h).	Farmacoterapia::Antiinfecciosos
¿Cuál es el espectro de Aciclovir?	Virus herpes simple 1 y 2 (máxima actividad), virus varicela-zóster (requiere dosis más altas). Actividad escasa frente a CMV y VEB. NO cubre otros virus.	Farmacoterapia::Antiinfecciosos
¿Cuál es la dosis de Aciclovir en Encefalitis herpética?	10 mg/kg/8 h — Cada 8 h, 14-21 días, vía IV	Farmacoterapia::Antiinfecciosos
¿Cuál es la dosis de Aciclovir en Herpes zóster en el adulto?	800 mg 5 veces al día (o valaciclovir 1 g/8 h) — 5 veces al día, 7 días, vía VO	Farmacoterapia::Antiinfecciosos
¿Cuál es la dosis de Aciclovir en Primoinfección genital por VHS?	400 mg/8 h (o valaciclovir 1 g/12 h) — Cada 8 h, 7-10 días, vía VO	Farmacoterapia::Antiinfecciosos
¿Cuál es la dosis de Aciclovir en Herpes genital recurrente: tratamiento supresor?	400 mg/12 h (o valaciclovir 500 mg/24 h) — Cada 12 h, de forma continuada, vía VO	Farmacoterapia::Antiinfecciosos
¿Cuál es la dosis de Aciclovir en Varicela en adulto o inmunodeprimido?	800 mg 5 veces al día (VO) o 10 mg/kg/8 h (IV) — 5 veces al día o cada 8 h, vía VO o IV	Farmacoterapia::Antiinfecciosos
¿Cuál es la dosis de Aciclovir en Herpes zóster oftálmico?	800 mg 5 veces al día — 5 veces al día, 7-10 días, vía VO	Farmacoterapia::Antiinfecciosos
¿Cuánto dura el tratamiento con Aciclovir?	7 días en zóster; 7-10 días en primoinfección genital; 14-21 días en encefalitis; supresión crónica indefinida en el herpes genital recurrente.	Farmacoterapia::Antiinfecciosos
¿Cómo se suspende Aciclovir?	Suspensión brusca. En el tratamiento supresor, se reevalúa anualmente porque la frecuencia de recurrencias disminuye con el tiempo.	Farmacoterapia::Antiinfecciosos
¿Qué hay que monitorizar durante el tratamiento con Aciclovir?	Creatinina y estado de hidratación en el tratamiento IV. Vigilar la aparición de temblor, mioclonías o confusión (neurotoxicidad).	Farmacoterapia::Antiinfecciosos
¿Cuál es la vida media de Aciclovir?	2,5-3 h con función renal normal; hasta 20 h en la anuria.	Farmacoterapia::Antiinfecciosos
¿Requiere Aciclovir ajuste en insuficiencia renal?	Imprescindible. FG 25-50: cada 12 h. FG 10-25: cada 24 h. FG <10: mitad de dosis cada 24 h. Es la clave para prevenir tanto la nefrotoxicidad como la neurotoxicidad.	Farmacoterapia::Antiinfecciosos
Interacción crítica de Aciclovir con AINE, aminoglucósidos, contrastes yodados y otros nefrotóxicos: ¿qué ocurre y qué se hace?	Suma de nefrotoxicidad y riesgo de cristaluria. Manejo: Hidratación forzada y control de la creatinina	Farmacoterapia::Antiinfecciosos
Efecto adverso grave de Aciclovir: Nefropatía cristalina obstructiva por precipitación de cristales de aciclovir en los túbulos — ¿en qué consiste?	Nefropatía cristalina obstructiva por precipitación de cristales de aciclovir en los túbulos: se previene con hidratación y con infusión lenta (≥1 h)	Farmacoterapia::Antiinfecciosos
Efecto adverso grave de Aciclovir: Neurotoxicidad — ¿en qué consiste?	Neurotoxicidad: temblor, mioclonías, alucinaciones, confusión y convulsiones, sobre todo en insuficiencia renal no ajustada y en ancianos	Farmacoterapia::Antiinfecciosos
Efecto adverso grave de Aciclovir: Púrpura trombótica trombocitopénica / síndrome hemolítico-urémico con dosis muy altas en inmunodeprimidos — ¿en qué consiste?	Púrpura trombótica trombocitopénica / síndrome hemolítico-urémico con dosis muy altas en inmunodeprimidos	Farmacoterapia::Antiinfecciosos
¿Está contraindicado Aciclovir en: Hipersensibilidad al aciclovir o al valaciclovir?	Sí — Hipersensibilidad al aciclovir o al valaciclovir	Farmacoterapia::Antiinfecciosos
¿Está contraindicado Aciclovir en: Precaución mayor en insuficiencia renal sin ajuste?	Sí — Precaución mayor en insuficiencia renal sin ajuste	Farmacoterapia::Antiinfecciosos
Particularidad de Aciclovir que hay que tener en cuenta:	En la sospecha de encefalitis herpética, el aciclovir se inicia INMEDIATAMENTE y no se espera a la PCR del LCR: cada hora de retraso empeora el pronóstico neurológico, y el fármaco es lo bastante seguro como para no justificar la espera.	Farmacoterapia::Antiinfecciosos
¿A qué clase farmacológica pertenece Oseltamivir?	Antivírico inhibidor de la neuraminidasa (Profármaco oral)	Farmacoterapia::Antiinfecciosos
¿Cuál es el mecanismo de acción de Oseltamivir?	Inhibe la neuraminidasa del virus influenza, la enzima que rompe los residuos de ácido siálico y permite que los viriones recién formados se liberen de la célula infectada. Al bloquearla, los nuevos viriones quedan agregados en la superficie celular y no se propagan. No mata al virus ya formado: por eso su eficacia depende críticamente de la precocidad.	Farmacoterapia::Antiinfecciosos
¿Cuál es el espectro de Oseltamivir?	Virus influenza A y B exclusivamente. NO tiene actividad frente a ningún otro virus respiratorio (VRS, rinovirus, SARS-CoV-2, adenovirus).	Farmacoterapia::Antiinfecciosos
¿Cuál es la dosis de Oseltamivir en Gripe en paciente de riesgo o con criterios de gravedad?	75 mg/12 h — Cada 12 h, 5 días, vía VO	Farmacoterapia::Antiinfecciosos
¿Cuál es la dosis de Oseltamivir en Profilaxis postexposición en contacto de alto riesgo?	75 mg/24 h — Cada 24 h, 10 días, vía VO	Farmacoterapia::Antiinfecciosos
¿Cuál es la dosis de Oseltamivir en Profilaxis en brote en institución cerrada (residencia)?	75 mg/24 h — Cada 24 h, vía VO	Farmacoterapia::Antiinfecciosos
¿Cuánto dura el tratamiento con Oseltamivir?	5 días de tratamiento; 10 días de profilaxis postexposición. Puede prolongarse en el inmunodeprimido con replicación persistente.	Farmacoterapia::Antiinfecciosos
¿Cómo se suspende Oseltamivir?	Suspensión brusca al completar los días pautados.	Farmacoterapia::Antiinfecciosos
¿Qué hay que monitorizar durante el tratamiento con Oseltamivir?	Clínica. En niños y adolescentes, vigilar la aparición de alteraciones de conducta.	Farmacoterapia::Antiinfecciosos
¿Cuál es la vida media de Oseltamivir?	6-10 h la del metabolito activo.	Farmacoterapia::Antiinfecciosos
¿Requiere Oseltamivir ajuste en insuficiencia renal?	FG 30-60: 30 mg/12 h. FG 10-30: 30 mg/24 h. Diálisis: 30 mg tras cada sesión.	Farmacoterapia::Antiinfecciosos
Efecto adverso grave de Oseltamivir: Alteraciones neuropsiquiátricas — ¿en qué consiste?	Alteraciones neuropsiquiátricas: delirio, alucinaciones y conducta autolesiva, descritas sobre todo en niños y adolescentes en Japón	Farmacoterapia::Antiinfecciosos
Efecto adverso grave de Oseltamivir: Reacciones cutáneas graves — ¿en qué consiste?	Reacciones cutáneas graves (Stevens-Johnson, eritema multiforme)	Farmacoterapia::Antiinfecciosos
Efecto adverso grave de Oseltamivir: Anafilaxia — ¿en qué consiste?	Anafilaxia	Farmacoterapia::Antiinfecciosos
¿Está contraindicado Oseltamivir en: Hipersensibilidad al oseltamivir?	Sí — Hipersensibilidad al oseltamivir	Farmacoterapia::Antiinfecciosos
Particularidad de Oseltamivir que hay que tener en cuenta:	Su beneficio es tiempo-dependiente de forma muy marcada: iniciado en las primeras 48 h acorta la enfermedad alrededor de un día y reduce complicaciones en el paciente de riesgo; iniciado tarde en un paciente sano, el beneficio es marginal.	Farmacoterapia::Antiinfecciosos
¿A qué clase farmacológica pertenece Albendazol?	Antihelmíntico bencimidazólico (Inhibidor de la polimerización de la tubulina)	Farmacoterapia::Antiinfecciosos
¿Cuál es el mecanismo de acción de Albendazol?	Se une con alta afinidad a la beta-tubulina del parásito e impide la polimerización de los microtúbulos, bloqueando la captación de glucosa. El helminto pierde su reserva energética y muere. La selectividad se debe a la mayor afinidad por la tubulina del parásito que por la humana.	Farmacoterapia::Antiinfecciosos
¿Cuál es el espectro de Albendazol?	Amplio espectro antihelmíntico: nematodos intestinales (Ascaris, Enterobius, Trichuris, anquilostomas, Strongyloides), cestodos tisulares (Echinococcus en la hidatidosis, Taenia solium en la neurocisticercosis) y microsporidios.	Farmacoterapia::Antiinfecciosos
¿Cuál es la dosis de Albendazol en Oxiuriasis (Enterobius vermicularis)?	400 mg — Dosis única, repetida a las 2 semanas, vía VO	Farmacoterapia::Antiinfecciosos
¿Cuál es la dosis de Albendazol en Ascariasis, tricocefalosis, anquilostomiasis?	400 mg — Dosis única (3 días en tricocefalosis), vía VO	Farmacoterapia::Antiinfecciosos
¿Cuál es la dosis de Albendazol en Hidatidosis (Echinococcus granulosus)?	10-15 mg/kg/día (400 mg/12 h) — Cada 12 h con comida grasa, vía VO	Farmacoterapia::Antiinfecciosos
¿Cuál es la dosis de Albendazol en Neurocisticercosis?	15 mg/kg/día — Cada 12 h, 8-30 días, vía VO	Farmacoterapia::Antiinfecciosos
¿Cuál es la dosis de Albendazol en Estrongiloidiasis (alternativa a ivermectina)?	400 mg/12 h — Cada 12 h, 7 días, vía VO	Farmacoterapia::Antiinfecciosos
¿Cuánto dura el tratamiento con Albendazol?	Dosis única en las helmintiasis intestinales; ciclos de 28 días repetidos durante meses en la hidatidosis; 8-30 días en la neurocisticercosis.	Farmacoterapia::Antiinfecciosos
¿Cómo se suspende Albendazol?	En las parasitosis intestinales termina con la dosis (más la repetición a las 2 semanas en oxiuros). En la hidatidosis, la duración depende de la respuesta ecográfica.	Farmacoterapia::Antiinfecciosos
¿Qué hay que monitorizar durante el tratamiento con Albendazol?	En tratamientos prolongados: hemograma y transaminasas cada 2 semanas durante el primer ciclo y luego mensual.	Farmacoterapia::Antiinfecciosos
¿Cuál es la vida media de Albendazol?	8-12 h la del sulfóxido.	Farmacoterapia::Antiinfecciosos
¿Requiere Albendazol ajuste en insuficiencia renal?	No precisa ajuste.	Farmacoterapia::Antiinfecciosos
Efecto adverso grave de Albendazol: Hepatotoxicidad — ¿en qué consiste?	Hepatotoxicidad	Farmacoterapia::Antiinfecciosos
Efecto adverso grave de Albendazol: Mielosupresión con neutropenia o pancitopenia — ¿en qué consiste?	Mielosupresión con neutropenia o pancitopenia (dosis altas prolongadas)	Farmacoterapia::Antiinfecciosos
Efecto adverso grave de Albendazol: Alopecia reversible — ¿en qué consiste?	Alopecia reversible	Farmacoterapia::Antiinfecciosos
Efecto adverso grave de Albendazol: Reacción inflamatoria grave por muerte parasitaria — ¿en qué consiste?	Reacción inflamatoria grave por muerte parasitaria: hipertensión intracraneal en la neurocisticercosis, shock anafiláctico por rotura de quiste hidatídico	Farmacoterapia::Antiinfecciosos
¿Está contraindicado Albendazol en: Embarazo?	Sí — Embarazo (primer trimestre especialmente; es teratógeno en animales)	Farmacoterapia::Antiinfecciosos
¿Está contraindicado Albendazol en: Hepatopatía descompensada?	Sí — Hepatopatía descompensada	Farmacoterapia::Antiinfecciosos
¿Está contraindicado Albendazol en: Cisticercosis ocular o medular no tratada previamente con corticoides?	Sí — Cisticercosis ocular o medular no tratada previamente con corticoides (la reacción inflamatoria puede causar ceguera o lesión medular)	Farmacoterapia::Antiinfecciosos
Particularidad de Albendazol que hay que tener en cuenta:	La regla de la grasa: para los gusanos del intestino se toma en ayunas (interesa que NO se absorba); para el quiste hidatídico o la cisticercosis se toma con comida grasa (interesa que sí se absorba). Es el mismo fármaco con dos estrategias opuestas.	Farmacoterapia::Antiinfecciosos
¿A qué clase farmacológica pertenece Ivermectina?	Antiparasitario lactona macrocíclica (Agonista de canales de cloro dependientes de glutamato)	Farmacoterapia::Antiinfecciosos
¿Cuál es el mecanismo de acción de Ivermectina?	Se une a los canales de cloro dependientes de glutamato, exclusivos de invertebrados, provocando hiperpolarización, parálisis flácida y muerte del parásito. No atraviesa la barrera hematoencefálica humana porque la glicoproteína P la expulsa activamente: en eso reside su seguridad, y su fallo explica la neurotoxicidad en perros de razas con esa proteína defectuosa.	Farmacoterapia::Antiinfecciosos
¿Cuál es el espectro de Ivermectina?	Strongyloides stercoralis (de elección), Onchocerca volvulus, Wuchereria, Sarcoptes scabiei (sarna), Pediculus (piojos), Demodex. NO es activa frente a cestodos ni trematodos.	Farmacoterapia::Antiinfecciosos
¿Cuál es la dosis de Ivermectina en Estrongiloidiasis no complicada?	200 µg/kg/día — Dosis única, repetida a las 2 semanas, vía VO	Farmacoterapia::Antiinfecciosos
¿Cuál es la dosis de Ivermectina en Síndrome de hiperinfestación por Strongyloides?	200 µg/kg/día — Diaria hasta 2 semanas tras la negativización parasitológica, vía VO	Farmacoterapia::Antiinfecciosos
¿Cuál es la dosis de Ivermectina en Sarna (escabiosis)?	200 µg/kg — Dosis única, repetida a los 7-14 días, vía VO	Farmacoterapia::Antiinfecciosos
¿Cuál es la dosis de Ivermectina en Sarna costrosa (noruega)?	200 µg/kg — Días 1, 2, 8, 9 y 15, vía VO	Farmacoterapia::Antiinfecciosos
¿Cuánto dura el tratamiento con Ivermectina?	Dosis única con repetición a las 2 semanas en la mayoría de indicaciones; pauta prolongada en la hiperinfestación.	Farmacoterapia::Antiinfecciosos
¿Cómo se suspende Ivermectina?	Se completa el número de dosis. En estrongiloidiasis, confirmar la erradicación con estudios de heces seriados o serología descendente.	Farmacoterapia::Antiinfecciosos
¿Qué hay que monitorizar durante el tratamiento con Ivermectina?	En zonas endémicas de Loa loa, descartar loiasis antes de tratar (riesgo de encefalopatía mortal). Vigilar la reacción de Mazzotti en la oncocercosis.	Farmacoterapia::Antiinfecciosos
¿Cuál es la vida media de Ivermectina?	12-18 h.	Farmacoterapia::Antiinfecciosos
¿Requiere Ivermectina ajuste en insuficiencia renal?	No precisa ajuste.	Farmacoterapia::Antiinfecciosos
Efecto adverso grave de Ivermectina: Reacción de Mazzotti en la oncocercosis — ¿en qué consiste?	Reacción de Mazzotti en la oncocercosis: fiebre, hipotensión, edema y adenopatías por lisis masiva de microfilarias	Farmacoterapia::Antiinfecciosos
Efecto adverso grave de Ivermectina: Encefalopatía grave en pacientes coinfectados por Loa loa con alta carga de microfilarias — ¿en qué consiste?	Encefalopatía grave en pacientes coinfectados por Loa loa con alta carga de microfilarias	Farmacoterapia::Antiinfecciosos
Efecto adverso grave de Ivermectina: Reacciones cutáneas graves — ¿en qué consiste?	Reacciones cutáneas graves (Stevens-Johnson)	Farmacoterapia::Antiinfecciosos
¿Está contraindicado Ivermectina en: Coinfección por Loa loa con alta microfilaremia?	Sí — Coinfección por Loa loa con alta microfilaremia (riesgo de encefalopatía mortal)	Farmacoterapia::Antiinfecciosos
¿Está contraindicado Ivermectina en: Niños de menos de 15 kg?	Sí — Niños de menos de 15 kg (datos limitados)	Farmacoterapia::Antiinfecciosos
¿Está contraindicado Ivermectina en: Hipersensibilidad?	Sí — Hipersensibilidad	Farmacoterapia::Antiinfecciosos
Particularidad de Ivermectina que hay que tener en cuenta:	El cribado de Strongyloides antes de iniciar corticoides o biológicos en un paciente procedente de zona endémica es una de las intervenciones preventivas más rentables que existen: la hiperinfestación desencadenada por corticoides tiene una mortalidad muy alta.	Farmacoterapia::Antiinfecciosos
¿A qué clase farmacológica pertenece Azitromicina?	Macrólido (Azálido de vida media tisular muy prolongada)	Farmacoterapia::Antiinfecciosos
¿Cuál es el mecanismo de acción de Azitromicina?	Se une a la subunidad 50S del ribosoma bacteriano (ARNr 23S) e impide la translocación del peptidil-ARNt, inhibiendo la síntesis proteica. Bacteriostático. Además tiene un efecto inmunomodulador antiinflamatorio propio, independiente del antibacteriano, que se aprovecha en enfermedades respiratorias crónicas.	Farmacoterapia::Antiinfecciosos
¿Qué distingue a Azitromicina de los demás fármacos de su clase (Macrólido)?	<b>Vida media tisular muy larga</b>: pautas de 3-5 días (o dosis única de 1 g en clamidia).	Farmacoterapia::Antiinfecciosos
¿Cuál es el espectro de Azitromicina?	Atípicas (Mycoplasma pneumoniae, Chlamydia trachomatis y pneumoniae, Legionella), Bordetella pertussis, Campylobacter, Haemophilus influenzae (mejor que claritromicina), micobacterias atípicas (complejo M. avium), Treponema. Cobertura de neumococo poco fiable en España por resistencia por metilación ribosómica (>25-30%). NO cubre gramnegativos entéricos ni Pseudomonas.	Farmacoterapia::Antiinfecciosos
¿Cuál es la dosis de Azitromicina en Neumonía adquirida en la comunidad (cobertura de atípicas, asociada a betalactámico)?	500 mg/24 h — Cada 24 h, vía VO o IV	Farmacoterapia::Antiinfecciosos
¿Cuál es la dosis de Azitromicina en Uretritis/cervicitis por Chlamydia trachomatis?	1 g — Dosis única, vía VO	Farmacoterapia::Antiinfecciosos
¿Cuál es la dosis de Azitromicina en Tos ferina (Bordetella pertussis)?	500 mg el día 1 y 250 mg/24 h los días 2-5 — Cada 24 h, vía VO	Farmacoterapia::Antiinfecciosos
¿Cuál es la dosis de Azitromicina en Diarrea del viajero / gastroenteritis por Campylobacter?	500 mg/24 h — Cada 24 h, 3 días (o 1 g dosis única), vía VO	Farmacoterapia::Antiinfecciosos
¿Cuál es la dosis de Azitromicina en Exacerbaciones repetidas de EPOC o bronquiectasias (uso inmunomodulador)?	250-500 mg — 3 días por semana, vía VO	Farmacoterapia::Antiinfecciosos
¿Cuál es la dosis de Azitromicina en Profilaxis de infección diseminada por complejo Mycobacterium avium en VIH con CD4 <50?	1200 mg — Semanal, vía VO	Farmacoterapia::Antiinfecciosos
¿Cuánto dura el tratamiento con Azitromicina?	3-5 días en la mayoría de indicaciones — su vida media tisular mantiene concentraciones activas varios días tras la última toma. Uso inmunomodulador: 6-12 meses.	Farmacoterapia::Antiinfecciosos
¿Cómo se suspende Azitromicina?	Suspensión brusca. Recordar al paciente que el efecto persiste días tras la última dosis, para que no interprete la pauta corta como tratamiento insuficiente.	Farmacoterapia::Antiinfecciosos
¿Qué hay que monitorizar durante el tratamiento con Azitromicina?	ECG con QTc en pacientes con cardiopatía, otros fármacos que alargan el QT o alteraciones electrolíticas. Audiometría si se usa de forma crónica.	Farmacoterapia::Antiinfecciosos
¿Cuál es la vida media de Azitromicina?	68 h (tisular aún más larga).	Farmacoterapia::Antiinfecciosos
¿Requiere Azitromicina ajuste en insuficiencia renal?	No precisa ajuste hasta FG <10.	Farmacoterapia::Antiinfecciosos
Interacción crítica de Azitromicina con Fármacos que prolongan el QT (antiarrítmicos de clase III, haloperidol, quinolonas, ondansetrón, metadona): ¿qué ocurre y qué se hace?	Suma de prolongación del QT y riesgo de torsade de pointes. Manejo: ECG previo, corregir K y Mg, evitar la asociación si el QTc basal >470-480 ms	Farmacoterapia::Antiinfecciosos
Efecto adverso grave de Azitromicina: Prolongación del QT y torsade de pointes — ¿en qué consiste?	Prolongación del QT y torsade de pointes	Farmacoterapia::Antiinfecciosos
Efecto adverso grave de Azitromicina: Hepatotoxicidad colestásica — ¿en qué consiste?	Hepatotoxicidad colestásica	Farmacoterapia::Antiinfecciosos
Efecto adverso grave de Azitromicina: Hipoacusia neurosensorial con uso prolongado — ¿en qué consiste?	Hipoacusia neurosensorial con uso prolongado (generalmente reversible)	Farmacoterapia::Antiinfecciosos
Efecto adverso grave de Azitromicina: Estenosis hipertrófica de píloro en lactantes <1 mes — ¿en qué consiste?	Estenosis hipertrófica de píloro en lactantes <1 mes	Farmacoterapia::Antiinfecciosos
Efecto adverso grave de Azitromicina: Exacerbación de miastenia gravis — ¿en qué consiste?	Exacerbación de miastenia gravis	Farmacoterapia::Antiinfecciosos
¿Está contraindicado Azitromicina en: Alergia a macrólidos?	Sí — Alergia a macrólidos	Farmacoterapia::Antiinfecciosos
¿Está contraindicado Azitromicina en: Antecedente de hepatotoxicidad por azitromicina?	Sí — Antecedente de hepatotoxicidad por azitromicina	Farmacoterapia::Antiinfecciosos
¿Está contraindicado Azitromicina en: QT largo congénito o adquirido significativo?	Sí — QT largo congénito o adquirido significativo	Farmacoterapia::Antiinfecciosos
¿Está contraindicado Azitromicina en: Precaución en miastenia gravis?	Sí — Precaución en miastenia gravis	Farmacoterapia::Antiinfecciosos
Particularidad de Azitromicina que hay que tener en cuenta:	Es el macrólido que NO inhibe el CYP3A4 de forma relevante: en un paciente polimedicado (estatinas, anticoagulantes, inmunosupresores) azitromicina es mucho más segura que claritromicina.	Farmacoterapia::Antiinfecciosos
¿A qué clase farmacológica pertenece Claritromicina?	Macrólido (Inhibidor potente del CYP3A4)	Farmacoterapia::Antiinfecciosos
¿Cuál es el mecanismo de acción de Claritromicina?	Igual que azitromicina: bloquea la subunidad 50S ribosómica e inhibe la síntesis proteica. Su metabolito 14-hidroxi es activo y potencia la actividad frente a Haemophilus.	Farmacoterapia::Antiinfecciosos
¿Qué distingue a Claritromicina de los demás fármacos de su clase (Macrólido)?	<b>Inhibidor POTENTE del CYP3A4 y de la P-gp</b>: rabdomiólisis con simvastatina, toxicidad por colchicina, digoxina, anticalcineurínicos.	Farmacoterapia::Antiinfecciosos
¿Cuál es el espectro de Claritromicina?	Atípicas, Helicobacter pylori (indicación diferencial frente a azitromicina), micobacterias atípicas, Legionella, neumococo (con la misma limitación de resistencias). NO cubre gramnegativos entéricos ni Pseudomonas.	Farmacoterapia::Antiinfecciosos
¿Cuál es la dosis de Claritromicina en Erradicación de Helicobacter pylori (terapia cuádruple concomitante)?	500 mg/12 h — Cada 12 h, vía VO	Farmacoterapia::Antiinfecciosos
¿Cuál es la dosis de Claritromicina en Neumonía adquirida en la comunidad (cobertura de atípicas)?	500 mg/12 h — Cada 12 h, vía VO	Farmacoterapia::Antiinfecciosos
¿Cuál es la dosis de Claritromicina en Infección por complejo Mycobacterium avium?	500 mg/12 h — Cada 12 h, vía VO	Farmacoterapia::Antiinfecciosos
¿Cuál es la dosis de Claritromicina en Faringitis estreptocócica en alérgicos a betalactámicos?	500 mg/12 h — Cada 12 h, vía VO	Farmacoterapia::Antiinfecciosos
¿Cuánto dura el tratamiento con Claritromicina?	5-7 días en infección respiratoria; 14 días en erradicación de H. pylori; ≥12 meses en micobacteriosis atípica.	Farmacoterapia::Antiinfecciosos
¿Cómo se suspende Claritromicina?	Suspensión brusca. En H. pylori, comprobar la erradicación con test del aliento o antígeno en heces al menos 4 semanas después, con el IBP suspendido 2 semanas antes.	Farmacoterapia::Antiinfecciosos
¿Qué hay que monitorizar durante el tratamiento con Claritromicina?	Revisión completa de la medicación del paciente ANTES de prescribirla (interacciones por CYP3A4). ECG si hay riesgo de QT largo.	Farmacoterapia::Antiinfecciosos
¿Cuál es la vida media de Claritromicina?	3-7 h.	Farmacoterapia::Antiinfecciosos
¿Requiere Claritromicina ajuste en insuficiencia renal?	Reducir un 50% si FG <30.	Farmacoterapia::Antiinfecciosos
Interacción crítica de Claritromicina con Estatinas metabolizadas por CYP3A4 (simvastatina, atorvastatina, lovastatina): ¿qué ocurre y qué se hace?	Multiplica sus concentraciones y provoca rabdomiólisis. Manejo: Suspender la estatina durante el tratamiento, o usar azitromicina en su lugar. Pravastatina y rosuvastatina no comparten esta vía	Farmacoterapia::Antiinfecciosos
Interacción crítica de Claritromicina con Colchicina: ¿qué ocurre y qué se hace?	Toxicidad grave por colchicina (mielosupresión, fallo multiorgánico), especialmente en insuficiencia renal. Manejo: Contraindicado en insuficiencia renal o hepática; reducir mucho la dosis de colchicina	Farmacoterapia::Antiinfecciosos
Interacción crítica de Claritromicina con Anticoagulantes orales directos y antivitamina K: ¿qué ocurre y qué se hace?	Aumento del efecto anticoagulante y del riesgo hemorrágico. Manejo: Vigilar INR; valorar cambiar de antibiótico	Farmacoterapia::Antiinfecciosos
Interacción crítica de Claritromicina con Inmunosupresores (tacrolimús, ciclosporina, everolimús): ¿qué ocurre y qué se hace?	Elevación marcada de sus niveles con toxicidad renal y neurológica. Manejo: Monitorizar niveles y ajustar; preferir azitromicina	Farmacoterapia::Antiinfecciosos
Interacción crítica de Claritromicina con Fármacos que prolongan el QT: ¿qué ocurre y qué se hace?	Riesgo de torsade de pointes. Manejo: Evitar la asociación	Farmacoterapia::Antiinfecciosos
Efecto adverso grave de Claritromicina: Prolongación del QT y torsade de pointes — ¿en qué consiste?	Prolongación del QT y torsade de pointes	Farmacoterapia::Antiinfecciosos
Efecto adverso grave de Claritromicina: Hepatotoxicidad — ¿en qué consiste?	Hepatotoxicidad	Farmacoterapia::Antiinfecciosos
Efecto adverso grave de Claritromicina: Toxicidad por interacción farmacológica — ¿en qué consiste?	Toxicidad por interacción farmacológica (rabdomiólisis, toxicidad por colchicina)	Farmacoterapia::Antiinfecciosos
Efecto adverso grave de Claritromicina: Exacerbación de miastenia gravis — ¿en qué consiste?	Exacerbación de miastenia gravis	Farmacoterapia::Antiinfecciosos
Efecto adverso grave de Claritromicina: Aumento de mortalidad cardiovascular a largo plazo descrito en cardiópatas — ¿en qué consiste?	Aumento de mortalidad cardiovascular a largo plazo descrito en cardiópatas	Farmacoterapia::Antiinfecciosos
¿Está contraindicado Claritromicina en: Alergia a macrólidos?	Sí — Alergia a macrólidos	Farmacoterapia::Antiinfecciosos
¿Está contraindicado Claritromicina en: Uso concomitante con simvastatina o lovastatina?	Sí — Uso concomitante con simvastatina o lovastatina	Farmacoterapia::Antiinfecciosos
¿Está contraindicado Claritromicina en: Colchicina en insuficiencia renal o hepática?	Sí — Colchicina en insuficiencia renal o hepática	Farmacoterapia::Antiinfecciosos
¿Está contraindicado Claritromicina en: QT largo?	Sí — QT largo	Farmacoterapia::Antiinfecciosos
¿Está contraindicado Claritromicina en: Primer trimestre del embarazo?	Sí — Primer trimestre del embarazo	Farmacoterapia::Antiinfecciosos
Particularidad de Claritromicina que hay que tener en cuenta:	Es un inhibidor potente del CYP3A4 y de la glicoproteína P: la revisión de la medicación crónica antes de prescribirla no es opcional. La mayoría de los ingresos por interacción con macrólidos son por claritromicina, no por azitromicina.	Farmacoterapia::Antiinfecciosos
¿A qué clase farmacológica pertenece Doxiciclina?	Tetraciclina (Tetraciclina de acción prolongada)	Farmacoterapia::Antiinfecciosos
¿Cuál es el mecanismo de acción de Doxiciclina?	Se une reversiblemente a la subunidad 30S ribosómica e impide la unión del aminoacil-ARNt al sitio aceptor, bloqueando la elongación de la cadena peptídica. Bacteriostático. Entra en la célula bacteriana por transporte activo, lo que explica su gran actividad intracelular.	Farmacoterapia::Antiinfecciosos
¿Cuál es el espectro de Doxiciclina?	Excelente frente a intracelulares y atípicas: Rickettsia, Coxiella, Chlamydia, Mycoplasma, Borrelia, Brucella, Vibrio, Leptospira, Anaplasma. Cubre además SARM comunitario y Propionibacterium acnes. NO cubre Pseudomonas, NO es fiable frente a enterobacterias ni frente a neumococo en infección grave.	Farmacoterapia::Antiinfecciosos
¿Cuál es la dosis de Doxiciclina en Enfermedad de Lyme precoz (eritema migratorio)?	100 mg/12 h — Cada 12 h, vía VO	Farmacoterapia::Antiinfecciosos
¿Cuál es la dosis de Doxiciclina en Neumonía adquirida en la comunidad ambulatoria (alternativa)?	100 mg/12 h — Cada 12 h, vía VO	Farmacoterapia::Antiinfecciosos
¿Cuál es la dosis de Doxiciclina en Uretritis/cervicitis por Chlamydia trachomatis?	100 mg/12 h — Cada 12 h, 7 días, vía VO	Farmacoterapia::Antiinfecciosos
¿Cuál es la dosis de Doxiciclina en Enfermedad inflamatoria pélvica?	100 mg/12 h — Cada 12 h, 14 días, vía VO	Farmacoterapia::Antiinfecciosos
¿Cuál es la dosis de Doxiciclina en Fiebre botonosa mediterránea y otras rickettsiosis?	100 mg/12 h — Cada 12 h, vía VO	Farmacoterapia::Antiinfecciosos
¿Cuál es la dosis de Doxiciclina en Infección de piel y partes blandas por SARM comunitario?	100 mg/12 h — Cada 12 h, vía VO	Farmacoterapia::Antiinfecciosos
¿Cuál es la dosis de Doxiciclina en Acné inflamatorio moderado?	50-100 mg/24 h — Cada 24 h, vía VO	Farmacoterapia::Antiinfecciosos
¿Cuál es la dosis de Doxiciclina en Profilaxis de la malaria?	100 mg/24 h — Cada 24 h, vía VO	Farmacoterapia::Antiinfecciosos
¿Cuánto dura el tratamiento con Doxiciclina?	7 días en clamidia; 10-14 días en Lyme precoz; hasta 3 días tras la defervescencia (mínimo 7) en rickettsiosis; meses en acné.	Farmacoterapia::Antiinfecciosos
¿Cómo se suspende Doxiciclina?	Suspensión brusca. En acné, retirada programada tras 3-4 meses manteniendo el tratamiento tópico para evitar resistencias.	Farmacoterapia::Antiinfecciosos
¿Qué hay que monitorizar durante el tratamiento con Doxiciclina?	Clínica. Advertir siempre de la fotosensibilidad y de la esofagitis.	Farmacoterapia::Antiinfecciosos
¿Cuál es la vida media de Doxiciclina?	18-22 h.	Farmacoterapia::Antiinfecciosos
¿Requiere Doxiciclina ajuste en insuficiencia renal?	NO precisa ajuste, ni siquiera en diálisis. Es la tetraciclina de elección en el paciente con insuficiencia renal.	Farmacoterapia::Antiinfecciosos
Interacción crítica de Doxiciclina con Cationes divalentes y trivalentes: calcio, hierro, magnesio, aluminio, zinc (lácteos, antiácidos, suplementos): ¿qué ocurre y qué se hace?	Quelación en la luz intestinal que anula la absorción del antibiótico. Manejo: Separar al menos 2 h antes o 4 h después. Es la causa más frecuente de fracaso terapéutico evitable con doxiciclina	Farmacoterapia::Antiinfecciosos
Interacción crítica de Doxiciclina con Isotretinoína: ¿qué ocurre y qué se hace?	Riesgo aditivo de hipertensión intracraneal benigna. Manejo: Asociación contraindicada en el tratamiento del acné	Farmacoterapia::Antiinfecciosos
Efecto adverso grave de Doxiciclina: Esofagitis y úlcera esofágica si se toma sin agua o tumbado — ¿en qué consiste?	Esofagitis y úlcera esofágica si se toma sin agua o tumbado	Farmacoterapia::Antiinfecciosos
Efecto adverso grave de Doxiciclina: Hipertensión intracraneal benigna — ¿en qué consiste?	Hipertensión intracraneal benigna (cefalea, papiledema, diplopía)	Farmacoterapia::Antiinfecciosos
Efecto adverso grave de Doxiciclina: Hepatotoxicidad — ¿en qué consiste?	Hepatotoxicidad	Farmacoterapia::Antiinfecciosos
Efecto adverso grave de Doxiciclina: Coloración permanente de los dientes y alteración del esmalte si se administra en <8 años o en el 2.º-3.er trimestre del embarazo — ¿en qué consiste?	Coloración permanente de los dientes y alteración del esmalte si se administra en <8 años o en el 2.º-3.er trimestre del embarazo	Farmacoterapia::Antiinfecciosos
Efecto adverso grave de Doxiciclina: Anafilaxia — ¿en qué consiste?	Anafilaxia (rara)	Farmacoterapia::Antiinfecciosos
¿Está contraindicado Doxiciclina en: Embarazo?	Sí — Embarazo (2.º y 3.er trimestre)	Farmacoterapia::Antiinfecciosos
¿Está contraindicado Doxiciclina en: Niños menores de 8 años, salvo en rickettsiosis grave donde el beneficio supera claramente el riesgo?	Sí — Niños menores de 8 años, salvo en rickettsiosis grave donde el beneficio supera claramente el riesgo	Farmacoterapia::Antiinfecciosos
¿Está contraindicado Doxiciclina en: Alergia a tetraciclinas?	Sí — Alergia a tetraciclinas	Farmacoterapia::Antiinfecciosos
Particularidad de Doxiciclina que hay que tener en cuenta:	Debe tomarse sentado o de pie, con un vaso lleno de agua y sin acostarse en la hora siguiente: la úlcera esofágica por doxiciclina es un cuadro real, doloroso y evitable con esa simple instrucción.	Farmacoterapia::Antiinfecciosos
¿A qué clase farmacológica pertenece Ciprofloxacino?	Fluoroquinolona (2.ª generación, la más antipseudomónica)	Farmacoterapia::Antiinfecciosos
¿Cuál es el mecanismo de acción de Ciprofloxacino?	Inhibe la ADN-girasa (topoisomerasa II) en gramnegativos y la topoisomerasa IV en grampositivos, impidiendo el superenrollamiento y la separación del ADN replicado. Bactericida concentración-dependiente: su eficacia depende del cociente Cmáx/CMI, lo que justifica dosis altas espaciadas.	Farmacoterapia::Antiinfecciosos
¿Qué distingue a Ciprofloxacino de los demás fármacos de su clase (Fluoroquinolona)?	<b>La fluoroquinolona MÁS ANTIPSEUDOMÓNICA</b> y la única oral con actividad útil frente a Pseudomonas.	Farmacoterapia::Antiinfecciosos
¿Cuál es el espectro de Ciprofloxacino?	El mejor de las quinolonas frente a gramnegativos, incluida Pseudomonas aeruginosa; enterobacterias, Salmonella, Shigella, Campylobacter (con resistencias crecientes), Neisseria. Actividad DÉBIL frente a neumococo y grampositivos — no usar en neumonía. NO cubre anaerobios ni SARM.	Farmacoterapia::Antiinfecciosos
¿Cuál es la dosis de Ciprofloxacino en Pielonefritis aguda no complicada?	500 mg/12 h (VO) o 400 mg/12 h (IV) — Cada 12 h, vía VO o IV	Farmacoterapia::Antiinfecciosos
¿Cuál es la dosis de Ciprofloxacino en Prostatitis bacteriana aguda y crónica?	500 mg/12 h — Cada 12 h, vía VO	Farmacoterapia::Antiinfecciosos
¿Cuál es la dosis de Ciprofloxacino en Infección por Pseudomonas aeruginosa sensible (otitis externa maligna, ITU, exacerbación en bronquiectasias)?	750 mg/12 h — Cada 12 h, vía VO	Farmacoterapia::Antiinfecciosos
¿Cuál es la dosis de Ciprofloxacino en Diarrea del viajero / shigelosis / fiebre tifoidea?	500 mg/12 h — Cada 12 h, vía VO	Farmacoterapia::Antiinfecciosos
¿Cuál es la dosis de Ciprofloxacino en Profilaxis de contactos de meningitis meningocócica?	500 mg — Dosis única, vía VO	Farmacoterapia::Antiinfecciosos
¿Cuánto dura el tratamiento con Ciprofloxacino?	3 días en diarrea del viajero; 7 días en pielonefritis; 4-6 semanas en prostatitis crónica.	Farmacoterapia::Antiinfecciosos
¿Cómo se suspende Ciprofloxacino?	Suspensión brusca. Ante cualquier dolor tendinoso, parestesia o síntoma neuropsiquiátrico, suspender inmediatamente y NO reintroducir ninguna quinolona.	Farmacoterapia::Antiinfecciosos
¿Qué hay que monitorizar durante el tratamiento con Ciprofloxacino?	Vigilancia clínica activa de tendinopatía, neuropatía y síntomas del SNC. Glucemia en diabéticos. ECG si hay riesgo de QT largo.	Farmacoterapia::Antiinfecciosos
¿Cuál es la vida media de Ciprofloxacino?	3-5 h.	Farmacoterapia::Antiinfecciosos
¿Requiere Ciprofloxacino ajuste en insuficiencia renal?	FG 30-50: 250-500 mg/12 h. FG <30: 500 mg/24 h.	Farmacoterapia::Antiinfecciosos
Interacción crítica de Ciprofloxacino con Cationes divalentes: antiácidos, hierro, calcio, sucralfato, lácteos: ¿qué ocurre y qué se hace?	Quelación que anula la absorción oral. Manejo: Separar 2 h antes o 6 h después	Farmacoterapia::Antiinfecciosos
Interacción crítica de Ciprofloxacino con Teofilina: ¿qué ocurre y qué se hace?	Inhibe su metabolismo (CYP1A2) y puede provocar convulsiones y arritmias por intoxicación. Manejo: Evitar la asociación o reducir la teofilina y monitorizar niveles	Farmacoterapia::Antiinfecciosos
Interacción crítica de Ciprofloxacino con Tizanidina: ¿qué ocurre y qué se hace?	Elevación masiva de sus niveles con hipotensión y sedación profunda. Manejo: Asociación contraindicada	Farmacoterapia::Antiinfecciosos
Interacción crítica de Ciprofloxacino con Corticoides sistémicos: ¿qué ocurre y qué se hace?	Multiplican el riesgo de rotura tendinosa, sobre todo en mayores de 60 años. Manejo: Evitar la combinación; si es imprescindible, advertir y vigilar	Farmacoterapia::Antiinfecciosos
Efecto adverso grave de Ciprofloxacino: Tendinopatía y rotura del tendón de Aquiles — ¿en qué consiste?	Tendinopatía y rotura del tendón de Aquiles (riesgo máximo en >60 años, corticoterapia y trasplante renal)	Farmacoterapia::Antiinfecciosos
Efecto adverso grave de Ciprofloxacino: Neuropatía periférica, que puede ser irreversible — ¿en qué consiste?	Neuropatía periférica, que puede ser irreversible	Farmacoterapia::Antiinfecciosos
Efecto adverso grave de Ciprofloxacino: Efectos neuropsiquiátricos — ¿en qué consiste?	Efectos neuropsiquiátricos: confusión, alucinaciones, psicosis, convulsiones	Farmacoterapia::Antiinfecciosos
Efecto adverso grave de Ciprofloxacino: Prolongación del QT — ¿en qué consiste?	Prolongación del QT	Farmacoterapia::Antiinfecciosos
Efecto adverso grave de Ciprofloxacino: Aneurisma y disección aórticos — ¿en qué consiste?	Aneurisma y disección aórticos	Farmacoterapia::Antiinfecciosos
Efecto adverso grave de Ciprofloxacino: Colitis por C. difficile — ¿en qué consiste?	Colitis por C. difficile (de las tasas más altas)	Farmacoterapia::Antiinfecciosos
Efecto adverso grave de Ciprofloxacino: Desprendimiento de retina — ¿en qué consiste?	Desprendimiento de retina	Farmacoterapia::Antiinfecciosos
Efecto adverso grave de Ciprofloxacino: Exacerbación de la miastenia gravis — ¿en qué consiste?	Exacerbación de la miastenia gravis	Farmacoterapia::Antiinfecciosos
¿Está contraindicado Ciprofloxacino en: Antecedente de tendinopatía por quinolonas?	Sí — Antecedente de tendinopatía por quinolonas	Farmacoterapia::Antiinfecciosos
¿Está contraindicado Ciprofloxacino en: Miastenia gravis?	Sí — Miastenia gravis	Farmacoterapia::Antiinfecciosos
¿Está contraindicado Ciprofloxacino en: Embarazo y lactancia?	Sí — Embarazo y lactancia (salvo ausencia de alternativa)	Farmacoterapia::Antiinfecciosos
¿Está contraindicado Ciprofloxacino en: Menores de 18 años, salvo indicaciones concretas?	Sí — Menores de 18 años, salvo indicaciones concretas (fibrosis quística, ITU complicada por Pseudomonas)	Farmacoterapia::Antiinfecciosos
¿Está contraindicado Ciprofloxacino en: Uso para infecciones leves autolimitadas?	Sí — Uso para infecciones leves autolimitadas: restricción regulatoria expresa de la EMA	Farmacoterapia::Antiinfecciosos
Particularidad de Ciprofloxacino que hay que tener en cuenta:	La EMA restringió formalmente las fluoroquinolonas: no deben usarse en infecciones leves o autolimitadas (bronquitis aguda, cistitis no complicada, faringitis) ni como primera opción cuando exista alternativa, por sus reacciones adversas graves y potencialmente irreversibles.	Farmacoterapia::Antiinfecciosos
¿A qué clase farmacológica pertenece Levofloxacino?	Fluoroquinolona (3.ª generación, «quinolona respiratoria»)	Farmacoterapia::Antiinfecciosos
¿Cuál es el mecanismo de acción de Levofloxacino?	Igual que ciprofloxacino (inhibición de ADN-girasa y topoisomerasa IV), pero con mayor afinidad por la topoisomerasa IV de los grampositivos, lo que le confiere actividad fiable frente a Streptococcus pneumoniae.	Farmacoterapia::Antiinfecciosos
¿Qué distingue a Levofloxacino de los demás fármacos de su clase (Fluoroquinolona)?	<b>«Quinolona respiratoria»</b> (neumococo y atípicos) <b>con buena eliminación urinaria</b>: útil en NAC y en ITU/prostatitis.	Farmacoterapia::Antiinfecciosos
¿Cuál es el espectro de Levofloxacino?	Neumococo (incluidas cepas resistentes a penicilina y a macrólidos), atípicas (Legionella, Mycoplasma, Chlamydia), Haemophilus, enterobacterias y Pseudomonas (algo menos que ciprofloxacino, requiere 750 mg). NO cubre SARM ni anaerobios de forma fiable.	Farmacoterapia::Antiinfecciosos
¿Cuál es la dosis de Levofloxacino en Neumonía adquirida en la comunidad (monoterapia)?	500 mg/24 h o 750 mg/24 h — Cada 24 h, vía VO o IV	Farmacoterapia::Antiinfecciosos
¿Cuál es la dosis de Levofloxacino en Legionelosis?	500-750 mg/24 h — Cada 24 h, vía VO o IV	Farmacoterapia::Antiinfecciosos
¿Cuál es la dosis de Levofloxacino en Pielonefritis aguda / ITU complicada?	750 mg/24 h — Cada 24 h, vía VO o IV	Farmacoterapia::Antiinfecciosos
¿Cuál es la dosis de Levofloxacino en Exacerbación de EPOC grave con riesgo de Pseudomonas?	750 mg/24 h — Cada 24 h, vía VO	Farmacoterapia::Antiinfecciosos
¿Cuál es la dosis de Levofloxacino en Tuberculosis multirresistente (fármaco de segunda línea)?	750-1000 mg/24 h — Cada 24 h, vía VO	Farmacoterapia::Antiinfecciosos
¿Cuánto dura el tratamiento con Levofloxacino?	5-7 días en NAC; 5 días en ITU con dosis alta; 7-10 días en legionelosis; meses en tuberculosis resistente.	Farmacoterapia::Antiinfecciosos
¿Cómo se suspende Levofloxacino?	Suspensión brusca. Retirada inmediata ante síntomas tendinosos o neurológicos.	Farmacoterapia::Antiinfecciosos
¿Qué hay que monitorizar durante el tratamiento con Levofloxacino?	Igual que ciprofloxacino: tendinopatía, neuropatía, síntomas del SNC, glucemia en diabéticos, QTc si hay riesgo.	Farmacoterapia::Antiinfecciosos
¿Cuál es la vida media de Levofloxacino?	6-8 h.	Farmacoterapia::Antiinfecciosos
¿Requiere Levofloxacino ajuste en insuficiencia renal?	FG 20-49: 500 mg de carga y luego 250 mg/24 h. FG <20: 500 mg de carga y luego 250 mg/48 h.	Farmacoterapia::Antiinfecciosos
Interacción crítica de Levofloxacino con Cationes divalentes (antiácidos, hierro, calcio, sucralfato): ¿qué ocurre y qué se hace?	Quelación con pérdida de absorción. Manejo: Separar 2 h antes o 2 h después	Farmacoterapia::Antiinfecciosos
Interacción crítica de Levofloxacino con Corticoides sistémicos: ¿qué ocurre y qué se hace?	Multiplican el riesgo de rotura tendinosa. Manejo: Evitar la asociación en mayores de 60 años	Farmacoterapia::Antiinfecciosos
Interacción crítica de Levofloxacino con Fármacos que prolongan el QT: ¿qué ocurre y qué se hace?	Riesgo aditivo de torsade de pointes. Manejo: ECG previo y corrección de electrolitos	Farmacoterapia::Antiinfecciosos
Efecto adverso grave de Levofloxacino: Tendinopatía y rotura tendinosa — ¿en qué consiste?	Tendinopatía y rotura tendinosa	Farmacoterapia::Antiinfecciosos
Efecto adverso grave de Levofloxacino: Neuropatía periférica potencialmente irreversible — ¿en qué consiste?	Neuropatía periférica potencialmente irreversible	Farmacoterapia::Antiinfecciosos
Efecto adverso grave de Levofloxacino: Efectos neuropsiquiátricos — ¿en qué consiste?	Efectos neuropsiquiátricos (delirium, psicosis, convulsiones), especialmente en ancianos	Farmacoterapia::Antiinfecciosos
Efecto adverso grave de Levofloxacino: Prolongación del QT — ¿en qué consiste?	Prolongación del QT	Farmacoterapia::Antiinfecciosos
Efecto adverso grave de Levofloxacino: Aneurisma y disección aórticos — ¿en qué consiste?	Aneurisma y disección aórticos	Farmacoterapia::Antiinfecciosos
Efecto adverso grave de Levofloxacino: Hepatotoxicidad — ¿en qué consiste?	Hepatotoxicidad	Farmacoterapia::Antiinfecciosos
Efecto adverso grave de Levofloxacino: Colitis por C. difficile — ¿en qué consiste?	Colitis por C. difficile	Farmacoterapia::Antiinfecciosos
Efecto adverso grave de Levofloxacino: Negativización de cultivos de micobacterias enmascarando una tuberculosis — ¿en qué consiste?	Negativización de cultivos de micobacterias enmascarando una tuberculosis	Farmacoterapia::Antiinfecciosos
¿Está contraindicado Levofloxacino en: Antecedente de tendinopatía por quinolonas?	Sí — Antecedente de tendinopatía por quinolonas	Farmacoterapia::Antiinfecciosos
¿Está contraindicado Levofloxacino en: Miastenia gravis?	Sí — Miastenia gravis	Farmacoterapia::Antiinfecciosos
¿Está contraindicado Levofloxacino en: Embarazo y lactancia?	Sí — Embarazo y lactancia	Farmacoterapia::Antiinfecciosos
¿Está contraindicado Levofloxacino en: Menores de 18 años salvo indicación específica?	Sí — Menores de 18 años salvo indicación específica	Farmacoterapia::Antiinfecciosos
¿Está contraindicado Levofloxacino en: Infecciones leves o autolimitadas?	Sí — Infecciones leves o autolimitadas (restricción EMA)	Farmacoterapia::Antiinfecciosos
Particularidad de Levofloxacino que hay que tener en cuenta:	Nunca dar levofloxacino en monoterapia a un paciente con tos y fiebre sin haber descartado tuberculosis: es activo frente a M. tuberculosis, negativiza cultivos, retrasa el diagnóstico y genera resistencia a un fármaco clave de segunda línea.	Farmacoterapia::Antiinfecciosos
¿A qué clase farmacológica pertenece Cotrimoxazol (trimetoprim-sulfametoxazol)?	Sulfonamida + inhibidor de la dihidrofolato reductasa (Bloqueo secuencial de la síntesis de folato)	Farmacoterapia::Antiinfecciosos
¿Cuál es el mecanismo de acción de Cotrimoxazol (trimetoprim-sulfametoxazol)?	Bloqueo secuencial de dos pasos consecutivos de la vía del folato bacteriano: el sulfametoxazol inhibe la dihidropteroato sintetasa (análogo del PABA) y el trimetoprim inhibe la dihidrofolato reductasa bacteriana. La combinación es sinérgica y bactericida, mientras que cada fármaco por separado es bacteriostático. Las bacterias, a diferencia de las células humanas, no pueden captar folato exógeno.	Farmacoterapia::Antiinfecciosos
¿Cuál es el espectro de Cotrimoxazol (trimetoprim-sulfametoxazol)?	Muy amplio: SARM comunitario, Listeria, enterobacterias (E. coli, Klebsiella, Proteus), Stenotrophomonas maltophilia (donde es de elección y casi único), Nocardia, Pneumocystis jirovecii, Toxoplasma. NO cubre Pseudomonas, NO cubre anaerobios, NO cubre estreptococos del grupo A de forma fiable.	Farmacoterapia::Antiinfecciosos
¿Cuál es la dosis de Cotrimoxazol (trimetoprim-sulfametoxazol) en Neumonía por Pneumocystis jirovecii (tratamiento)?	15-20 mg/kg/día de trimetoprim, repartidos en 3-4 tomas — Cada 6-8 h, 21 días, vía VO o IV	Farmacoterapia::Antiinfecciosos
¿Cuál es la dosis de Cotrimoxazol (trimetoprim-sulfametoxazol) en Profilaxis de Pneumocystis en inmunodeprimidos (VIH con CD4 <200, corticoterapia prolongada, trasplante)?	160/800 mg — 3 días por semana o 80/400 mg diarios, vía VO	Farmacoterapia::Antiinfecciosos
¿Cuál es la dosis de Cotrimoxazol (trimetoprim-sulfametoxazol) en Infección de piel y partes blandas por SARM comunitario?	160/800 mg/12 h (1-2 comprimidos) — Cada 12 h, vía VO	Farmacoterapia::Antiinfecciosos
¿Cuál es la dosis de Cotrimoxazol (trimetoprim-sulfametoxazol) en Cistitis no complicada?	160/800 mg/12 h — Cada 12 h, 3 días, vía VO	Farmacoterapia::Antiinfecciosos
¿Cuál es la dosis de Cotrimoxazol (trimetoprim-sulfametoxazol) en Infección por Stenotrophomonas maltophilia?	15 mg/kg/día de trimetoprim — Cada 8 h, vía IV	Farmacoterapia::Antiinfecciosos
¿Cuál es la dosis de Cotrimoxazol (trimetoprim-sulfametoxazol) en Nocardiosis?	10-15 mg/kg/día de trimetoprim — Cada 8-12 h, vía VO o IV	Farmacoterapia::Antiinfecciosos
¿Cuánto dura el tratamiento con Cotrimoxazol (trimetoprim-sulfametoxazol)?	3 días en cistitis; 5-10 días en piel y partes blandas; 21 días en Pneumocystis; 6-12 meses en nocardiosis; indefinida mientras persista la inmunodepresión en profilaxis.	Farmacoterapia::Antiinfecciosos
¿Cómo se suspende Cotrimoxazol (trimetoprim-sulfametoxazol)?	En profilaxis, se suspende cuando los CD4 superan 200 durante más de 3 meses con tratamiento antirretroviral, o cuando cesa la inmunosupresión.	Farmacoterapia::Antiinfecciosos
¿Qué hay que monitorizar durante el tratamiento con Cotrimoxazol (trimetoprim-sulfametoxazol)?	Potasio y creatinina a los 3-7 días en tratamientos a dosis altas (hiperpotasemia y aumento de creatinina son esperables). Hemograma en tratamientos prolongados. INR si el paciente toma anticoagulante oral.	Farmacoterapia::Antiinfecciosos
¿Cuál es la vida media de Cotrimoxazol (trimetoprim-sulfametoxazol)?	Trimetoprim 8-10 h; sulfametoxazol 10-12 h.	Farmacoterapia::Antiinfecciosos
¿Requiere Cotrimoxazol (trimetoprim-sulfametoxazol) ajuste en insuficiencia renal?	FG 15-30: reducir la dosis a la mitad. FG <15: evitar, salvo en Pneumocystis con monitorización estrecha.	Farmacoterapia::Antiinfecciosos
Interacción crítica de Cotrimoxazol (trimetoprim-sulfametoxazol) con IECA, ARA-II, espironolactona y otros ahorradores de potasio: ¿qué ocurre y qué se hace?	Hiperpotasemia grave: el trimetoprim bloquea el canal epitelial de sodio del túbulo colector igual que la amilorida. Manejo: Controlar el potasio a los 3-5 días; en el anciano con IECA es una causa reconocida de muerte súbita	Farmacoterapia::Antiinfecciosos
Interacción crítica de Cotrimoxazol (trimetoprim-sulfametoxazol) con Warfarina / acenocumarol: ¿qué ocurre y qué se hace?	Aumento marcado del INR con riesgo hemorrágico (inhibición del CYP2C9 y desplazamiento de la unión proteica). Manejo: Controlar el INR a las 72 h y reducir la dosis del anticoagulante de forma preventiva	Farmacoterapia::Antiinfecciosos
Interacción crítica de Cotrimoxazol (trimetoprim-sulfametoxazol) con Metotrexato: ¿qué ocurre y qué se hace?	Suma de bloqueo del folato con pancitopenia grave. Manejo: Asociación contraindicada	Farmacoterapia::Antiinfecciosos
Efecto adverso grave de Cotrimoxazol (trimetoprim-sulfametoxazol): Síndrome de Stevens-Johnson y necrólisis epidérmica tóxica — ¿en qué consiste?	Síndrome de Stevens-Johnson y necrólisis epidérmica tóxica (es uno de los fármacos más implicados)	Farmacoterapia::Antiinfecciosos
Efecto adverso grave de Cotrimoxazol (trimetoprim-sulfametoxazol): Hiperpotasemia grave con arritmias — ¿en qué consiste?	Hiperpotasemia grave con arritmias	Farmacoterapia::Antiinfecciosos
Efecto adverso grave de Cotrimoxazol (trimetoprim-sulfametoxazol): Mielosupresión — ¿en qué consiste?	Mielosupresión: anemia megaloblástica, neutropenia, trombocitopenia	Farmacoterapia::Antiinfecciosos
Efecto adverso grave de Cotrimoxazol (trimetoprim-sulfametoxazol): Nefritis intersticial y cristaluria — ¿en qué consiste?	Nefritis intersticial y cristaluria	Farmacoterapia::Antiinfecciosos
Efecto adverso grave de Cotrimoxazol (trimetoprim-sulfametoxazol): Hepatitis fulminante — ¿en qué consiste?	Hepatitis fulminante	Farmacoterapia::Antiinfecciosos
Efecto adverso grave de Cotrimoxazol (trimetoprim-sulfametoxazol): Anemia hemolítica en el déficit de G6PD — ¿en qué consiste?	Anemia hemolítica en el déficit de G6PD	Farmacoterapia::Antiinfecciosos
Efecto adverso grave de Cotrimoxazol (trimetoprim-sulfametoxazol): Kernícterus en el neonato — ¿en qué consiste?	Kernícterus en el neonato	Farmacoterapia::Antiinfecciosos
¿Está contraindicado Cotrimoxazol (trimetoprim-sulfametoxazol) en: Alergia a sulfamidas?	Sí — Alergia a sulfamidas	Farmacoterapia::Antiinfecciosos
¿Está contraindicado Cotrimoxazol (trimetoprim-sulfametoxazol) en: Embarazo en el primer trimestre?	Sí — Embarazo en el primer trimestre (antifolato: defectos del tubo neural) y a término (kernícterus)	Farmacoterapia::Antiinfecciosos
¿Está contraindicado Cotrimoxazol (trimetoprim-sulfametoxazol) en: Lactantes menores de 2 meses?	Sí — Lactantes menores de 2 meses	Farmacoterapia::Antiinfecciosos
¿Está contraindicado Cotrimoxazol (trimetoprim-sulfametoxazol) en: Déficit de G6PD?	Sí — Déficit de G6PD	Farmacoterapia::Antiinfecciosos
¿Está contraindicado Cotrimoxazol (trimetoprim-sulfametoxazol) en: Anemia megaloblástica por déficit de folato?	Sí — Anemia megaloblástica por déficit de folato	Farmacoterapia::Antiinfecciosos
¿Está contraindicado Cotrimoxazol (trimetoprim-sulfametoxazol) en: Insuficiencia renal grave?	Sí — Insuficiencia renal grave	Farmacoterapia::Antiinfecciosos
Particularidad de Cotrimoxazol (trimetoprim-sulfametoxazol) que hay que tener en cuenta:	El aumento de creatinina que produce es a menudo un artefacto: el trimetoprim bloquea la secreción tubular de creatinina sin reducir el filtrado glomerular real. La urea no sube en paralelo. Antes de suspenderlo por «fracaso renal», comprobar si hay verdadera oliguria o elevación de la urea.	Farmacoterapia::Antiinfecciosos
¿A qué clase farmacológica pertenece Clindamicina?	Lincosamida (Inhibidor de la síntesis proteica con efecto antitoxina)	Farmacoterapia::Antiinfecciosos
¿Cuál es el mecanismo de acción de Clindamicina?	Se une a la subunidad 50S ribosómica (mismo sitio que los macrólidos) e inhibe la síntesis proteica. Bacteriostático. Su rasgo clínico diferencial es que, al bloquear la síntesis de proteínas, suprime la producción de exotoxinas por estreptococo y estafilococo incluso cuando la carga bacteriana es alta y los betalactámicos pierden eficacia (efecto inóculo).	Farmacoterapia::Antiinfecciosos
¿Cuál es el espectro de Clindamicina?	Anaerobios (especialmente los de la boca y por encima del diafragma), estreptococos, SASM y buena parte del SARM comunitario, Toxoplasma, Plasmodium, Babesia. Actividad limitada frente a Bacteroides fragilis por resistencias crecientes. NO cubre gramnegativos aerobios ni enterococos.	Farmacoterapia::Antiinfecciosos
¿Cuál es la dosis de Clindamicina en Fascitis necrosante y síndrome de shock tóxico estreptocócico?	600-900 mg/8 h — Cada 8 h, vía IV	Farmacoterapia::Antiinfecciosos
¿Cuál es la dosis de Clindamicina en Infección odontógena y absceso pulmonar por aspiración?	600 mg/8 h (IV) o 300 mg/8 h (VO) — Cada 8 h, vía IV o VO	Farmacoterapia::Antiinfecciosos
¿Cuál es la dosis de Clindamicina en Infección de piel y partes blandas por SARM comunitario?	300-450 mg/8 h — Cada 8 h, vía VO	Farmacoterapia::Antiinfecciosos
¿Cuál es la dosis de Clindamicina en Toxoplasmosis cerebral en alérgicos a sulfamidas?	600 mg/6 h — Cada 6 h, vía VO o IV	Farmacoterapia::Antiinfecciosos
¿Cuál es la dosis de Clindamicina en Profilaxis de endocarditis en alérgicos a penicilina (procedimientos dentales)?	600 mg — Dosis única 30-60 min antes, vía VO	Farmacoterapia::Antiinfecciosos
¿Cuál es la dosis de Clindamicina en Vaginosis bacteriana?	Crema al 2%, 5 g — Cada 24 h por la noche, 7 días, vía vaginal	Farmacoterapia::Antiinfecciosos
¿Cuánto dura el tratamiento con Clindamicina?	5-10 días en piel y partes blandas; en fascitis necrosante, hasta 48-72 h después de la última intervención quirúrgica y con estabilidad clínica; 3-4 semanas en absceso pulmonar.	Farmacoterapia::Antiinfecciosos
¿Cómo se suspende Clindamicina?	Suspensión brusca. Ante diarrea durante o después del tratamiento, sospechar C. difficile y suspender.	Farmacoterapia::Antiinfecciosos
¿Qué hay que monitorizar durante el tratamiento con Clindamicina?	Vigilancia activa de diarrea (C. difficile). Hemograma y transaminasas en tratamientos prolongados.	Farmacoterapia::Antiinfecciosos
¿Cuál es la vida media de Clindamicina?	2-3 h.	Farmacoterapia::Antiinfecciosos
¿Requiere Clindamicina ajuste en insuficiencia renal?	No precisa ajuste.	Farmacoterapia::Antiinfecciosos
Interacción crítica de Clindamicina con Bloqueantes neuromusculares: ¿qué ocurre y qué se hace?	Potencia el bloqueo neuromuscular y puede prolongar la parálisis y la ventilación mecánica. Manejo: Comunicarlo a anestesia; vigilar la reversión del bloqueo	Farmacoterapia::Antiinfecciosos
Efecto adverso grave de Clindamicina: Colitis pseudomembranosa por C. difficile — es el antibiótico clásicamente más asociado a este cuadro — ¿en qué consiste?	Colitis pseudomembranosa por C. difficile — es el antibiótico clásicamente más asociado a este cuadro	Farmacoterapia::Antiinfecciosos
Efecto adverso grave de Clindamicina: Reacciones cutáneas graves — ¿en qué consiste?	Reacciones cutáneas graves (DRESS, Stevens-Johnson)	Farmacoterapia::Antiinfecciosos
Efecto adverso grave de Clindamicina: Hepatotoxicidad — ¿en qué consiste?	Hepatotoxicidad	Farmacoterapia::Antiinfecciosos
Efecto adverso grave de Clindamicina: Bloqueo neuromuscular — ¿en qué consiste?	Bloqueo neuromuscular	Farmacoterapia::Antiinfecciosos
Efecto adverso grave de Clindamicina: Esofagitis — ¿en qué consiste?	Esofagitis	Farmacoterapia::Antiinfecciosos
¿Está contraindicado Clindamicina en: Alergia a lincosamidas?	Sí — Alergia a lincosamidas	Farmacoterapia::Antiinfecciosos
¿Está contraindicado Clindamicina en: Antecedente de colitis por C. difficile?	Sí — Antecedente de colitis por C. difficile	Farmacoterapia::Antiinfecciosos
¿Está contraindicado Clindamicina en: Infección del SNC?	Sí — Infección del SNC (no penetra en LCR)	Farmacoterapia::Antiinfecciosos
Particularidad de Clindamicina que hay que tener en cuenta:	En la fascitis necrosante y el shock tóxico estreptocócico su papel no es matar la bacteria, sino apagar la fábrica de toxinas: por eso se asocia a la penicilina y no la sustituye. Es un ejemplo puro de antibiótico usado por su efecto antitoxina.	Farmacoterapia::Antiinfecciosos
¿A qué clase farmacológica pertenece Metronidazol?	Nitroimidazol (Antianaerobio y antiprotozoario)	Farmacoterapia::Antiinfecciosos
¿Cuál es el mecanismo de acción de Metronidazol?	Profármaco que solo se activa en condiciones de bajo potencial redox: dentro de bacterias anaerobias y protozoos, la ferredoxina reduce su grupo nitro y genera radicales nitro tóxicos que fragmentan el ADN. Esta activación selectiva explica que sea inocuo para las células humanas aerobias y que carezca por completo de actividad frente a aerobios.	Farmacoterapia::Antiinfecciosos
¿Cuál es el espectro de Metronidazol?	Anaerobios estrictos (Bacteroides fragilis, Clostridium, Fusobacterium, Prevotella) y protozoos (Trichomonas vaginalis, Giardia lamblia, Entamoeba histolytica). Activo también frente a Clostridioides difficile y Helicobacter pylori. NO tiene NINGUNA actividad frente a bacterias aerobias ni anaerobias facultativas.	Farmacoterapia::Antiinfecciosos
¿Cuál es la dosis de Metronidazol en Infección intraabdominal (asociado a cobertura de gramnegativos)?	500 mg/8 h — Cada 8 h, vía IV o VO	Farmacoterapia::Antiinfecciosos
¿Cuál es la dosis de Metronidazol en Vaginosis bacteriana?	500 mg/12 h — Cada 12 h, 7 días, vía VO	Farmacoterapia::Antiinfecciosos
¿Cuál es la dosis de Metronidazol en Tricomoniasis?	2 g — Dosis única (o 500 mg/12 h 7 días), vía VO	Farmacoterapia::Antiinfecciosos
¿Cuál es la dosis de Metronidazol en Giardiasis?	250 mg/8 h — Cada 8 h, 5-7 días, vía VO	Farmacoterapia::Antiinfecciosos
¿Cuál es la dosis de Metronidazol en Amebiasis invasiva / absceso hepático amebiano?	750 mg/8 h — Cada 8 h, 7-10 días, vía VO o IV	Farmacoterapia::Antiinfecciosos
¿Cuál es la dosis de Metronidazol en Colitis por Clostridioides difficile no grave (alternativa)?	500 mg/8 h — Cada 8 h, 10 días, vía VO	Farmacoterapia::Antiinfecciosos
¿Cuál es la dosis de Metronidazol en Erradicación de Helicobacter pylori?	500 mg/12 h — Cada 12 h, 14 días, vía VO	Farmacoterapia::Antiinfecciosos
¿Cuánto dura el tratamiento con Metronidazol?	7 días en vaginosis; dosis única en tricomoniasis; 7-10 días en amebiasis; 4-7 días en infección intraabdominal con foco controlado. Evitar cursos superiores a 10-14 días por la neuropatía.	Farmacoterapia::Antiinfecciosos
¿Cómo se suspende Metronidazol?	Suspensión brusca. Mantener la abstinencia de alcohol hasta 72 h después de la última dosis.	Farmacoterapia::Antiinfecciosos
¿Qué hay que monitorizar durante el tratamiento con Metronidazol?	Exploración neurológica si el tratamiento se prolonga más de 2 semanas (parestesias distales). Hemograma en tratamientos largos.	Farmacoterapia::Antiinfecciosos
¿Cuál es la vida media de Metronidazol?	8 h.	Farmacoterapia::Antiinfecciosos
¿Requiere Metronidazol ajuste en insuficiencia renal?	No precisa ajuste salvo en diálisis.	Farmacoterapia::Antiinfecciosos
Interacción crítica de Metronidazol con Alcohol: ¿qué ocurre y qué se hace?	Reacción tipo disulfiram: rubefacción, cefalea intensa, náuseas, vómitos, taquicardia e hipotensión. Manejo: Abstinencia absoluta durante el tratamiento y hasta 72 h después. Advertirlo explícitamente, incluida la presencia de alcohol en jarabes y colutorios	Farmacoterapia::Antiinfecciosos
Interacción crítica de Metronidazol con Warfarina / acenocumarol: ¿qué ocurre y qué se hace?	Aumento marcado del INR con riesgo hemorrágico. Manejo: Controlar INR y reducir preventivamente la dosis del anticoagulante	Farmacoterapia::Antiinfecciosos
Interacción crítica de Metronidazol con Litio: ¿qué ocurre y qué se hace?	Aumenta la litemia con riesgo de intoxicación. Manejo: Monitorizar litemia	Farmacoterapia::Antiinfecciosos
Efecto adverso grave de Metronidazol: Neuropatía periférica sensitiva, dosis y tiempo dependiente, puede ser irreversible — ¿en qué consiste?	Neuropatía periférica sensitiva, dosis y tiempo dependiente, puede ser irreversible	Farmacoterapia::Antiinfecciosos
Efecto adverso grave de Metronidazol: Encefalopatía y disfunción cerebelosa — ¿en qué consiste?	Encefalopatía y disfunción cerebelosa (ataxia, disartria) con lesiones características del núcleo dentado en la RM, reversibles al suspender	Farmacoterapia::Antiinfecciosos
Efecto adverso grave de Metronidazol: Crisis convulsivas — ¿en qué consiste?	Crisis convulsivas	Farmacoterapia::Antiinfecciosos
Efecto adverso grave de Metronidazol: Reacción tipo disulfiram con alcohol — ¿en qué consiste?	Reacción tipo disulfiram con alcohol	Farmacoterapia::Antiinfecciosos
Efecto adverso grave de Metronidazol: Neutropenia reversible — ¿en qué consiste?	Neutropenia reversible	Farmacoterapia::Antiinfecciosos
¿Está contraindicado Metronidazol en: Primer trimestre del embarazo?	Sí — Primer trimestre del embarazo (uso restringido a indicaciones claras)	Farmacoterapia::Antiinfecciosos
¿Está contraindicado Metronidazol en: Consumo de alcohol?	Sí — Consumo de alcohol	Farmacoterapia::Antiinfecciosos
¿Está contraindicado Metronidazol en: Alergia a nitroimidazoles?	Sí — Alergia a nitroimidazoles	Farmacoterapia::Antiinfecciosos
¿Está contraindicado Metronidazol en: Precaución en enfermedad neurológica preexistente?	Sí — Precaución en enfermedad neurológica preexistente	Farmacoterapia::Antiinfecciosos
Particularidad de Metronidazol que hay que tener en cuenta:	Advertir del alcohol no es una formalidad: la reacción disulfiram es intensa y ocurre también con jarabes, colutorios y alimentos que contengan alcohol. Debe mantenerse hasta 72 h después de terminar.	Farmacoterapia::Antiinfecciosos
¿A qué clase farmacológica pertenece Vancomicina?	Antibiótico frente a grampositivos resistentes (anti-SARM) (Glucopéptido)	Farmacoterapia::Antiinfecciosos
¿Cuál es el mecanismo de acción de Vancomicina?	Se une con alta afinidad al extremo D-alanil-D-alanina del precursor del peptidoglucano, impidiendo físicamente la transglucosilación y la transpeptidación. Al actuar sobre el sustrato y no sobre la enzima, no le afectan las betalactamasas. La resistencia (VRE) surge por sustitución del terminal por D-alanil-D-lactato, que reduce la afinidad mil veces. Bactericida lento, tiempo-dependiente (eficacia guiada por el AUC/CMI).	Farmacoterapia::Antiinfecciosos
¿Qué distingue a Vancomicina de los demás fármacos de su clase (Antibiótico frente a grampositivos resistentes (anti-SARM))?	<b>El anti-SARM clásico</b>, IV de elección empírica; <b>VO solo para C. difficile</b> (no se absorbe).	Farmacoterapia::Antiinfecciosos
¿Cuál es el espectro de Vancomicina?	Solo grampositivos: SARM, estafilococos coagulasa negativos, Enterococcus (salvo VRE), Streptococcus, Clostridioides difficile (solo por vía oral y actuando en la luz intestinal), Corynebacterium. NO cubre ningún gramnegativo (la molécula es demasiado grande para atravesar sus porinas).	Farmacoterapia::Antiinfecciosos
¿Cuál es la dosis de Vancomicina en Bacteriemia y endocarditis por SARM?	15-20 mg/kg/8-12 h (dosis de carga 25-30 mg/kg en infección grave) — Cada 8-12 h, vía IV	Farmacoterapia::Antiinfecciosos
¿Cuál es la dosis de Vancomicina en Colitis por Clostridioides difficile?	125 mg/6 h — Cada 6 h, 10 días, vía VO	Farmacoterapia::Antiinfecciosos
¿Cuál es la dosis de Vancomicina en Meningitis bacteriana (empírico, junto a cefalosporina de 3.ª generación)?	15-20 mg/kg/8-12 h — Cada 8-12 h, vía IV	Farmacoterapia::Antiinfecciosos
¿Cuál es la dosis de Vancomicina en Infección de catéter o de prótesis por estafilococo coagulasa negativo?	15-20 mg/kg/12 h — Cada 12 h, vía IV	Farmacoterapia::Antiinfecciosos
¿Cuál es la dosis de Vancomicina en Neutropenia febril con sospecha de infección de catéter o mucositis grave?	15-20 mg/kg/12 h — Cada 12 h, vía IV	Farmacoterapia::Antiinfecciosos
¿Cuánto dura el tratamiento con Vancomicina?	Bacteriemia por SARM no complicada: 14 días desde el primer hemocultivo negativo. Endocarditis: 6 semanas. C. difficile: 10 días.	Farmacoterapia::Antiinfecciosos
¿Cómo se suspende Vancomicina?	Desescalar a cloxacilina o cefazolina en cuanto se documente sensibilidad a meticilina. Suspender si a las 48-72 h no se aísla ningún grampositivo resistente que la justifique.	Farmacoterapia::Antiinfecciosos
¿Qué hay que monitorizar durante el tratamiento con Vancomicina?	Niveles valle o AUC, creatinina cada 2-3 días (a diario si hay otros nefrotóxicos), hemograma semanal, y audición en tratamientos prolongados.	Farmacoterapia::Antiinfecciosos
¿Cuál es la vida media de Vancomicina?	6-8 h con función renal normal; hasta 7 días en la anuria.	Farmacoterapia::Antiinfecciosos
¿Requiere Vancomicina ajuste en insuficiencia renal?	Imprescindible y guiado por niveles. FG 30-50: cada 24 h. FG 10-30: cada 48 h. FG <10 o diálisis: dosificar por niveles, no por pauta fija.	Farmacoterapia::Antiinfecciosos
Interacción crítica de Vancomicina con Piperacilina-tazobactam: ¿qué ocurre y qué se hace?	Aumento sinérgico del riesgo de fracaso renal agudo. Manejo: Preferir cefepima o meropenem como acompañante; si no es posible, creatinina diaria	Farmacoterapia::Antiinfecciosos
Interacción crítica de Vancomicina con Aminoglucósidos: ¿qué ocurre y qué se hace?	Nefrotoxicidad y ototoxicidad aditivas. Manejo: Evitar la combinación prolongada; monitorizar niveles de ambos	Farmacoterapia::Antiinfecciosos
Efecto adverso grave de Vancomicina: Nefrotoxicidad, dosis-dependiente y potenciada por otros nefrotóxicos — ¿en qué consiste?	Nefrotoxicidad, dosis-dependiente y potenciada por otros nefrotóxicos	Farmacoterapia::Antiinfecciosos
Efecto adverso grave de Vancomicina: Ototoxicidad — ¿en qué consiste?	Ototoxicidad (hipoacusia neurosensorial), sobre todo con niveles altos mantenidos	Farmacoterapia::Antiinfecciosos
Efecto adverso grave de Vancomicina: Neutropenia con tratamientos >2 semanas — ¿en qué consiste?	Neutropenia con tratamientos >2 semanas	Farmacoterapia::Antiinfecciosos
Efecto adverso grave de Vancomicina: Trombocitopenia inmune — ¿en qué consiste?	Trombocitopenia inmune	Farmacoterapia::Antiinfecciosos
Efecto adverso grave de Vancomicina: DRESS y reacciones cutáneas graves — ¿en qué consiste?	DRESS y reacciones cutáneas graves	Farmacoterapia::Antiinfecciosos
Efecto adverso grave de Vancomicina: Anafilaxia verdadera — ¿en qué consiste?	Anafilaxia verdadera (rara, distinta del hombre rojo)	Farmacoterapia::Antiinfecciosos
¿Está contraindicado Vancomicina en: Alergia verdadera a glucopéptidos?	Sí — Alergia verdadera a glucopéptidos	Farmacoterapia::Antiinfecciosos
¿Está contraindicado Vancomicina en: Uso IV para tratar colitis por C. difficile?	Sí — Uso IV para tratar colitis por C. difficile (es ineficaz por esa vía)	Farmacoterapia::Antiinfecciosos
Particularidad de Vancomicina que hay que tener en cuenta:	El síndrome del hombre rojo NO es una alergia: se resuelve enlenteciendo la infusión y premedicando con antihistamínico, y no obliga a etiquetar al paciente como alérgico ni a cambiar de fármaco.	Farmacoterapia::Antiinfecciosos
¿A qué clase farmacológica pertenece Linezolid?	Antibiótico frente a grampositivos resistentes (anti-SARM) (Oxazolidinona: inhibidor de la iniciación de la síntesis proteica)	Farmacoterapia::Antiinfecciosos
¿Cuál es el mecanismo de acción de Linezolid?	Se une al ARNr 23S de la subunidad 50S e impide la formación del complejo de iniciación 70S. Al actuar en un paso previo al de macrólidos, lincosamidas y cloranfenicol, no presenta resistencia cruzada con ellos. Bacteriostático frente a estafilococos y enterococos, bactericida frente a estreptococos. Inhibe además la producción de toxinas.	Farmacoterapia::Antiinfecciosos
¿Qué distingue a Linezolid de los demás fármacos de su clase (Antibiótico frente a grampositivos resistentes (anti-SARM))?	<b>Biodisponibilidad oral del 100%</b>: el anti-SARM que se puede dar por VO.	Farmacoterapia::Antiinfecciosos
¿Cuál es el espectro de Linezolid?	Exclusivamente grampositivos, incluidos los más resistentes: SARM, enterococo resistente a vancomicina (VRE), neumococo multirresistente, Nocardia y micobacterias (uso en tuberculosis resistente). NO cubre gramnegativos.	Farmacoterapia::Antiinfecciosos
¿Cuál es la dosis de Linezolid en Neumonía nosocomial por SARM?	600 mg/12 h — Cada 12 h, vía VO o IV	Farmacoterapia::Antiinfecciosos
¿Cuál es la dosis de Linezolid en Infección de piel y partes blandas complicada por SARM?	600 mg/12 h — Cada 12 h, vía VO o IV	Farmacoterapia::Antiinfecciosos
¿Cuál es la dosis de Linezolid en Infección por Enterococcus faecium resistente a vancomicina (VRE)?	600 mg/12 h — Cada 12 h, vía VO o IV	Farmacoterapia::Antiinfecciosos
¿Cuál es la dosis de Linezolid en Tuberculosis multirresistente / extremadamente resistente?	600 mg/24 h — Cada 24 h, vía VO	Farmacoterapia::Antiinfecciosos
¿Cuánto dura el tratamiento con Linezolid?	7-14 días en la mayoría de indicaciones. Evitar superar 28 días por la toxicidad hematológica y neurológica acumulativas; en tuberculosis resistente se usa más tiempo con vigilancia estrecha.	Farmacoterapia::Antiinfecciosos
¿Cómo se suspende Linezolid?	Suspensión brusca. Ante trombocitopenia progresiva o parestesias, suspender.	Farmacoterapia::Antiinfecciosos
¿Qué hay que monitorizar durante el tratamiento con Linezolid?	Hemograma SEMANAL (trombocitopenia). Exploración neurológica y agudeza visual si supera las 4 semanas. Revisar la medicación serotoninérgica antes de iniciar.	Farmacoterapia::Antiinfecciosos
¿Cuál es la vida media de Linezolid?	5-7 h.	Farmacoterapia::Antiinfecciosos
¿Requiere Linezolid ajuste en insuficiencia renal?	NO precisa ajuste, ni siquiera en diálisis (aunque sus metabolitos se acumulan).	Farmacoterapia::Antiinfecciosos
Interacción crítica de Linezolid con ISRS, IRSN, tramadol, triptanes, mirtazapina: ¿qué ocurre y qué se hace?	Síndrome serotoninérgico: linezolid es un inhibidor reversible no selectivo de la monoaminooxidasa. Manejo: Suspender el serotoninérgico o elegir otro antibiótico. Si la asociación es inevitable, vigilar agitación, hipertermia, clonus e hiperreflexia	Farmacoterapia::Antiinfecciosos
Interacción crítica de Linezolid con Simpaticomiméticos (pseudoefedrina), tiramina en alimentos (quesos curados, embutidos, vino tinto): ¿qué ocurre y qué se hace?	Crisis hipertensiva por inhibición de la MAO. Manejo: Dieta baja en tiramina y evitar descongestionantes	Farmacoterapia::Antiinfecciosos
Efecto adverso grave de Linezolid: Mielosupresión, sobre todo trombocitopenia, tiempo-dependiente y prácticamente esperable a partir de las 2 semanas — ¿en qué consiste?	Mielosupresión, sobre todo trombocitopenia, tiempo-dependiente y prácticamente esperable a partir de las 2 semanas	Farmacoterapia::Antiinfecciosos
Efecto adverso grave de Linezolid: Neuropatía periférica y neuritis óptica — ¿en qué consiste?	Neuropatía periférica y neuritis óptica (esta puede ser irreversible) con uso prolongado	Farmacoterapia::Antiinfecciosos
Efecto adverso grave de Linezolid: Síndrome serotoninérgico — ¿en qué consiste?	Síndrome serotoninérgico	Farmacoterapia::Antiinfecciosos
Efecto adverso grave de Linezolid: Acidosis láctica por toxicidad mitocondrial — ¿en qué consiste?	Acidosis láctica por toxicidad mitocondrial	Farmacoterapia::Antiinfecciosos
Efecto adverso grave de Linezolid: Crisis hipertensiva con tiramina o simpaticomiméticos — ¿en qué consiste?	Crisis hipertensiva con tiramina o simpaticomiméticos	Farmacoterapia::Antiinfecciosos
¿Está contraindicado Linezolid en: Tratamiento concomitante con IMAO?	Sí — Tratamiento concomitante con IMAO	Farmacoterapia::Antiinfecciosos
¿Está contraindicado Linezolid en: Precaución/contraindicación relativa con ISRS y otros serotoninérgicos?	Sí — Precaución/contraindicación relativa con ISRS y otros serotoninérgicos	Farmacoterapia::Antiinfecciosos
¿Está contraindicado Linezolid en: Feocromocitoma, tirotoxicosis o hipertensión no controlada?	Sí — Feocromocitoma, tirotoxicosis o hipertensión no controlada	Farmacoterapia::Antiinfecciosos
Particularidad de Linezolid que hay que tener en cuenta:	Es un IMAO encubierto: el paciente psiquiátrico en tratamiento con ISRS que recibe linezolid puede desarrollar un síndrome serotoninérgico. Revisar la medicación psicotrópica antes de prescribirlo es obligatorio.	Farmacoterapia::Antiinfecciosos
¿A qué clase farmacológica pertenece Gentamicina?	Aminoglucósido (Bactericida concentración-dependiente)	Farmacoterapia::Antiinfecciosos
¿Cuál es el mecanismo de acción de Gentamicina?	Penetra en la bacteria por un transporte dependiente de oxígeno (por eso es inactivo frente a anaerobios y en medios ácidos/anaeróbicos como el absceso) y se une irreversiblemente a la subunidad 30S, provocando errores de lectura del ARNm y proteínas aberrantes que dañan la membrana. Bactericida rápido, concentración-dependiente, con efecto postantibiótico prolongado — lo que justifica la dosis única diaria.	Farmacoterapia::Antiinfecciosos
¿Qué distingue a Gentamicina de los demás fármacos de su clase (Aminoglucósido)?	<b>El aminoglucósido de uso general más barato</b>: <b>sinergia con betalactámicos en la endocarditis por grampositivos</b> (enterococo, estreptococos).	Farmacoterapia::Antiinfecciosos
¿Cuál es el espectro de Gentamicina?	Gramnegativos aerobios: enterobacterias, Pseudomonas (con menos potencia que amikacina o tobramicina). Sinergia con betalactámicos frente a grampositivos (Enterococcus, Streptococcus, Staphylococcus) en la endocarditis. NO cubre anaerobios, NO actúa en el interior de abscesos ni en medio ácido, NO cubre neumococo en monoterapia.	Farmacoterapia::Antiinfecciosos
¿Cuál es la dosis de Gentamicina en Sepsis de origen urinario o abdominal (combinado, primeras 48-72 h)?	5-7 mg/kg/24 h — Dosis única diaria, vía IV	Farmacoterapia::Antiinfecciosos
¿Cuál es la dosis de Gentamicina en Endocarditis enterocócica (sinergia)?	3 mg/kg/día — Repartida cada 8-12 h (aquí NO en dosis única), vía IV	Farmacoterapia::Antiinfecciosos
¿Cuál es la dosis de Gentamicina en Pielonefritis complicada por gramnegativo multirresistente?	5-7 mg/kg/24 h — Dosis única diaria, vía IV	Farmacoterapia::Antiinfecciosos
¿Cuál es la dosis de Gentamicina en Conjuntivitis bacteriana?	1 gota — Cada 4-6 h, vía oftálmica	Farmacoterapia::Antiinfecciosos
¿Cuánto dura el tratamiento con Gentamicina?	REGLA CLAVE: limitar a 48-72 h siempre que sea posible. Más allá de 7 días el riesgo de nefrotoxicidad y ototoxicidad crece de forma acusada.	Farmacoterapia::Antiinfecciosos
¿Cómo se suspende Gentamicina?	Retirada precoz en cuanto el antibiograma permita desescalar a un fármaco menos tóxico. No prolongar «por seguridad».	Farmacoterapia::Antiinfecciosos
¿Qué hay que monitorizar durante el tratamiento con Gentamicina?	Creatinina cada 48 h, niveles valle antes de la 3.ª dosis, y preguntar activamente por acúfenos, hipoacusia o inestabilidad. Audiometría basal si se prevén más de 7 días.	Farmacoterapia::Antiinfecciosos
¿Cuál es la vida media de Gentamicina?	2-3 h con función renal normal; se prolonga enormemente en la insuficiencia renal.	Farmacoterapia::Antiinfecciosos
¿Requiere Gentamicina ajuste en insuficiencia renal?	Imprescindible: se alarga el intervalo, no se reduce la dosis (para preservar el pico bactericida). FG 40-60: cada 36 h. FG 20-40: cada 48 h. FG <20: dosificar solo por niveles.	Farmacoterapia::Antiinfecciosos
Interacción crítica de Gentamicina con Vancomicina, anfotericina B, contrastes yodados, AINE, cisplatino: ¿qué ocurre y qué se hace?	Nefrotoxicidad aditiva. Manejo: Evitar la coincidencia; si es inevitable, creatinina diaria y la menor duración posible	Farmacoterapia::Antiinfecciosos
Interacción crítica de Gentamicina con Furosemida: ¿qué ocurre y qué se hace?	Potencia la ototoxicidad. Manejo: Evitar la asociación cuando sea posible	Farmacoterapia::Antiinfecciosos
Interacción crítica de Gentamicina con Bloqueantes neuromusculares: ¿qué ocurre y qué se hace?	Potencian el bloqueo y pueden causar parálisis respiratoria prolongada. Manejo: Avisar a anestesia; especial precaución en miastenia gravis	Farmacoterapia::Antiinfecciosos
Efecto adverso grave de Gentamicina: Nefrotoxicidad — ¿en qué consiste?	Nefrotoxicidad: necrosis tubular aguda no oligúrica, típicamente a los 5-7 días, generalmente reversible	Farmacoterapia::Antiinfecciosos
Efecto adverso grave de Gentamicina: Ototoxicidad coclear — ¿en qué consiste?	Ototoxicidad coclear (hipoacusia para frecuencias altas) y vestibular (vértigo, oscilopsia, inestabilidad) — habitualmente IRREVERSIBLE	Farmacoterapia::Antiinfecciosos
Efecto adverso grave de Gentamicina: Bloqueo neuromuscular con parálisis respiratoria — ¿en qué consiste?	Bloqueo neuromuscular con parálisis respiratoria	Farmacoterapia::Antiinfecciosos
Efecto adverso grave de Gentamicina: Toxicidad fetal — ¿en qué consiste?	Toxicidad fetal: sordera congénita	Farmacoterapia::Antiinfecciosos
¿Está contraindicado Gentamicina en: Embarazo?	Sí — Embarazo (sordera congénita fetal documentada con aminoglucósidos)	Farmacoterapia::Antiinfecciosos
¿Está contraindicado Gentamicina en: Miastenia gravis?	Sí — Miastenia gravis	Farmacoterapia::Antiinfecciosos
¿Está contraindicado Gentamicina en: Hipoacusia o disfunción vestibular preexistentes?	Sí — Hipoacusia o disfunción vestibular preexistentes	Farmacoterapia::Antiinfecciosos
¿Está contraindicado Gentamicina en: Mutación mitocondrial A1555G?	Sí — Mutación mitocondrial A1555G (predispone a sordera profunda incluso con una sola dosis)	Farmacoterapia::Antiinfecciosos
Particularidad de Gentamicina que hay que tener en cuenta:	La ototoxicidad es irreversible y la nefrotoxicidad no: por eso la pregunta clínica correcta no es «¿ha subido la creatinina?», sino «¿tiene acúfenos, se marea al caminar, oye peor?». Hay que preguntarlo activamente cada día.	Farmacoterapia::Antiinfecciosos
¿A qué clase farmacológica pertenece Fosfomicina?	Derivado del ácido fosfónico (Inhibidor del primer paso de la síntesis de la pared)	Farmacoterapia::Antiinfecciosos
¿Cuál es el mecanismo de acción de Fosfomicina?	Inhibe la enolpiruvil transferasa (MurA), la primera enzima de la síntesis del peptidoglucano, bloqueando la formación del ácido N-acetilmurámico. Al actuar en un paso anterior al de betalactámicos y glucopéptidos, no presenta resistencia cruzada con ellos, lo que la hace útil frente a multirresistentes.	Farmacoterapia::Antiinfecciosos
¿Cuál es el espectro de Fosfomicina?	E. coli (incluidas cepas BLEE), Enterococcus faecalis, otras enterobacterias urinarias, y actividad variable frente a Pseudomonas y Klebsiella. Su papel clínico principal es urinario, donde alcanza concentraciones muy altas.	Farmacoterapia::Antiinfecciosos
¿Cuál es la dosis de Fosfomicina en Cistitis no complicada en la mujer?	3 g — Dosis única (repetir a las 72 h en cistitis complicada), vía VO	Farmacoterapia::Antiinfecciosos
¿Cuál es la dosis de Fosfomicina en Cistitis por E. coli productor de BLEE?	3 g — Dosis única o cada 72 h, 2-3 dosis, vía VO	Farmacoterapia::Antiinfecciosos
¿Cuál es la dosis de Fosfomicina en Bacteriuria asintomática en el embarazo?	3 g — Dosis única, vía VO	Farmacoterapia::Antiinfecciosos
¿Cuál es la dosis de Fosfomicina en Profilaxis en biopsia prostática transrectal?	3 g — Una dosis antes y otra 24 h después, vía VO	Farmacoterapia::Antiinfecciosos
¿Cuánto dura el tratamiento con Fosfomicina?	Dosis única en la cistitis no complicada. Las concentraciones urinarias se mantienen bactericidas 48-72 h.	Farmacoterapia::Antiinfecciosos
¿Cómo se suspende Fosfomicina?	Termina con la propia dosis. Si a las 72 h persisten los síntomas, hay que hacer urocultivo y replantear el diagnóstico.	Farmacoterapia::Antiinfecciosos
¿Qué hay que monitorizar durante el tratamiento con Fosfomicina?	Clínica. En la formulación IV, vigilar sodio y potasio (aporta gran carga de sodio).	Farmacoterapia::Antiinfecciosos
¿Cuál es la vida media de Fosfomicina?	4-8 h (plasmática), pero el efecto urinario dura mucho más.	Farmacoterapia::Antiinfecciosos
¿Requiere Fosfomicina ajuste en insuficiencia renal?	No usar si FG <20: no alcanza concentraciones urinarias eficaces.	Farmacoterapia::Antiinfecciosos
Efecto adverso grave de Fosfomicina: Colitis por C. difficile — ¿en qué consiste?	Colitis por C. difficile (rara)	Farmacoterapia::Antiinfecciosos
Efecto adverso grave de Fosfomicina: Angioedema — ¿en qué consiste?	Angioedema (raro)	Farmacoterapia::Antiinfecciosos
¿Está contraindicado Fosfomicina en: Insuficiencia renal con FG <20?	Sí — Insuficiencia renal con FG <20 (no alcanza concentración urinaria eficaz)	Farmacoterapia::Antiinfecciosos
¿Está contraindicado Fosfomicina en: Alergia a fosfomicina?	Sí — Alergia a fosfomicina	Farmacoterapia::Antiinfecciosos
¿Está contraindicado Fosfomicina en: Pielonefritis o infección sistémica?	Sí — Pielonefritis o infección sistémica: la formulación oral NO alcanza concentraciones tisulares suficientes	Farmacoterapia::Antiinfecciosos
Particularidad de Fosfomicina que hay que tener en cuenta:	Su gran valor actual es tratar por vía oral y en dosis única una cistitis por E. coli BLEE que, de otro modo, obligaría a ingresar al paciente para un carbapenem intravenoso.	Farmacoterapia::Antiinfecciosos
¿A qué clase farmacológica pertenece Nitrofurantoína?	Nitrofurano (Antiséptico urinario)	Farmacoterapia::Antiinfecciosos
¿Cuál es el mecanismo de acción de Nitrofurantoína?	Profármaco que las nitrorreductasas bacterianas convierten en intermediarios reactivos que dañan el ADN, los ribosomas y varias enzimas simultáneamente. Ese ataque multidiana explica que, tras décadas de uso, la resistencia de E. coli siga siendo excepcionalmente baja.	Farmacoterapia::Antiinfecciosos
¿Cuál es el espectro de Nitrofurantoína?	E. coli (>95% de sensibilidad mantenida), Enterococcus faecalis, Staphylococcus saprophyticus, Klebsiella (variable). NO cubre Proteus (intrínsecamente resistente), NO cubre Pseudomonas, NO cubre Serratia.	Farmacoterapia::Antiinfecciosos
¿Cuál es la dosis de Nitrofurantoína en Cistitis aguda no complicada en la mujer?	100 mg/12 h (formulación de liberación modificada) — Cada 12 h, 5 días, vía VO	Farmacoterapia::Antiinfecciosos
¿Cuál es la dosis de Nitrofurantoína en Profilaxis de infecciones urinarias de repetición?	50-100 mg — Una vez al día, por la noche, vía VO	Farmacoterapia::Antiinfecciosos
¿Cuál es la dosis de Nitrofurantoína en Bacteriuria asintomática en el embarazo (2.º trimestre)?	100 mg/12 h — Cada 12 h, 5-7 días, vía VO	Farmacoterapia::Antiinfecciosos
¿Cuánto dura el tratamiento con Nitrofurantoína?	5 días en cistitis aguda (nunca 3 días: es la única pauta corta que requiere 5). En profilaxis, 3-6 meses con reevaluación periódica.	Farmacoterapia::Antiinfecciosos
¿Cómo se suspende Nitrofurantoína?	Suspensión brusca. En profilaxis prolongada, revisar cada 3-6 meses la indicación y la aparición de disnea o tos.	Farmacoterapia::Antiinfecciosos
¿Qué hay que monitorizar durante el tratamiento con Nitrofurantoína?	En uso prolongado: función respiratoria (disnea, tos seca), transaminasas y exploración neurológica cada 3-6 meses.	Farmacoterapia::Antiinfecciosos
¿Cuál es la vida media de Nitrofurantoína?	20-60 min en plasma.	Farmacoterapia::Antiinfecciosos
¿Requiere Nitrofurantoína ajuste en insuficiencia renal?	CONTRAINDICADA si FG <45 (algunas guías <30): no alcanza concentración urinaria eficaz y aumenta la toxicidad sistémica, sobre todo la neuropatía.	Farmacoterapia::Antiinfecciosos
Efecto adverso grave de Nitrofurantoína: Neumonitis aguda por hipersensibilidad — ¿en qué consiste?	Neumonitis aguda por hipersensibilidad: fiebre, disnea y eosinofilia en los primeros días, reversible al suspender	Farmacoterapia::Antiinfecciosos
Efecto adverso grave de Nitrofurantoína: Fibrosis pulmonar crónica con el uso prolongado, potencialmente irreversible — ¿en qué consiste?	Fibrosis pulmonar crónica con el uso prolongado, potencialmente irreversible	Farmacoterapia::Antiinfecciosos
Efecto adverso grave de Nitrofurantoína: Neuropatía periférica, especialmente en insuficiencia renal y en ancianos — ¿en qué consiste?	Neuropatía periférica, especialmente en insuficiencia renal y en ancianos	Farmacoterapia::Antiinfecciosos
Efecto adverso grave de Nitrofurantoína: Hepatitis crónica activa — ¿en qué consiste?	Hepatitis crónica activa	Farmacoterapia::Antiinfecciosos
Efecto adverso grave de Nitrofurantoína: Anemia hemolítica en el déficit de G6PD — ¿en qué consiste?	Anemia hemolítica en el déficit de G6PD	Farmacoterapia::Antiinfecciosos
¿Está contraindicado Nitrofurantoína en: FG <45 mL/min?	Sí — FG <45 mL/min	Farmacoterapia::Antiinfecciosos
¿Está contraindicado Nitrofurantoína en: Déficit de G6PD?	Sí — Déficit de G6PD	Farmacoterapia::Antiinfecciosos
¿Está contraindicado Nitrofurantoína en: Embarazo a término?	Sí — Embarazo a término (≥37 semanas) y durante el parto (hemólisis neonatal)	Farmacoterapia::Antiinfecciosos
¿Está contraindicado Nitrofurantoína en: Lactantes menores de 1 mes?	Sí — Lactantes menores de 1 mes	Farmacoterapia::Antiinfecciosos
¿Está contraindicado Nitrofurantoína en: Pielonefritis o cualquier infección no confinada a la vejiga?	Sí — Pielonefritis o cualquier infección no confinada a la vejiga	Farmacoterapia::Antiinfecciosos
Particularidad de Nitrofurantoína que hay que tener en cuenta:	Es un antibiótico exclusivamente vesical: su nula concentración tisular la hace inútil en pielonefritis o prostatitis, pero también extraordinariamente «limpia» desde el punto de vista ecológico, sin presión selectiva sobre la flora sistémica.	Farmacoterapia::Antiinfecciosos
¿A qué clase farmacológica pertenece Cefalosporinas orales (cefuroxima axetilo, cefixima, cefditoreno, cefalexina)?	Betalactámico — cefalosporinas orales (Betalactámicos de administración oral)	Farmacoterapia::Antiinfecciosos
¿Cuál es el mecanismo de acción de Cefalosporinas orales (cefuroxima axetilo, cefixima, cefditoreno, cefalexina)?	Se unen a las proteínas fijadoras de penicilina e inhiben la transpeptidación que entrecruza el peptidoglicano, con lo que la pared bacteriana pierde su resistencia y la célula se lisa: acción BACTERICIDA dependiente del TIEMPO por encima de la concentración mínima inhibitoria, y de ahí que lo que importe sea repartir bien las dosis y no dar picos altos. La progresión por generaciones sigue una regla que ordena toda la familia: al avanzar de la primera a la tercera generación se GANA cobertura de gramnegativos y se PIERDE actividad frente a grampositivos. La CEFALEXINA (primera generación) cubre bien estafilococo y estreptococo y sirve para la piel; la CEFUROXIMA (segunda) equilibra ambos y añade Haemophilus y Moraxella, lo que la hace idónea para la vía respiratoria; la CEFIXIMA (tercera) es potente frente a gramnegativos pero MALA frente a neumococo y estafilococo, y por eso no sirve para la neumonía ni para la piel. Ninguna cefalosporina cubre ENTEROCOCO ni SARM, y ninguna oral cubre Pseudomonas.	Farmacoterapia::Antiinfecciosos
¿Cuál es el espectro de Cefalosporinas orales (cefuroxima axetilo, cefixima, cefditoreno, cefalexina)?	CEFALEXINA: estreptococo, S. aureus sensible a meticilina, E. coli, Proteus. CEFUROXIMA: lo anterior más Haemophilus influenzae, Moraxella y mejor cobertura de neumococo. CEFIXIMA y CEFDITORENO: gramnegativos y, en el caso del cefditoreno, buena actividad frente a neumococo. NUNCA cubren: ENTEROCOCO, SARM, Listeria, Pseudomonas ni atípicas.	Farmacoterapia::Antiinfecciosos
¿Cuál es la dosis de Cefalosporinas orales (cefuroxima axetilo, cefixima, cefditoreno, cefalexina) en Neumonía adquirida en la comunidad ambulatoria y exacerbación de EPOC?	Cefuroxima axetilo 500 mg cada 12 horas, o cefditoreno 200-400 mg cada 12 horas, durante 5-7 días — Cada 12 horas CON alimento, vía VO	Farmacoterapia::Antiinfecciosos
¿A qué objetivo se ajusta la dosis de Cefalosporinas orales (cefuroxima axetilo, cefixima, cefditoreno, cefalexina) en Neumonía adquirida en la comunidad ambulatoria y exacerbación de EPOC?	Resolución clínica; asociar macrólido si se sospecha atípica	Farmacoterapia::Antiinfecciosos
¿Cuál es la dosis de Cefalosporinas orales (cefuroxima axetilo, cefixima, cefditoreno, cefalexina) en Otitis media aguda y sinusitis con alergia NO grave a penicilina?	Cefuroxima axetilo 250-500 mg cada 12 horas durante 5-7 días — Cada 12 horas, vía VO	Farmacoterapia::Antiinfecciosos
¿Cuál es la dosis de Cefalosporinas orales (cefuroxima axetilo, cefixima, cefditoreno, cefalexina) en INFECCIÓN URINARIA en la embarazada y pielonefritis no complicada?	Cefuroxima axetilo 250 mg cada 12 horas, o cefixima 400 mg al día, durante 7-10 días — Cada 12 o 24 horas, vía VO	Farmacoterapia::Antiinfecciosos
¿Cuál es la dosis de Cefalosporinas orales (cefuroxima axetilo, cefixima, cefditoreno, cefalexina) en Infección de piel y partes blandas no complicada?	Cefalexina 500 mg cada 6-8 horas durante 7 días — Cada 6-8 horas, vía VO	Farmacoterapia::Antiinfecciosos
¿Cuál es la dosis de Cefalosporinas orales (cefuroxima axetilo, cefixima, cefditoreno, cefalexina) en Terapia secuencial tras tratamiento intravenoso?	Cefuroxima axetilo 500 mg cada 12 horas para completar el ciclo — Cada 12 horas, vía VO	Farmacoterapia::Antiinfecciosos
¿Cuánto dura el tratamiento con Cefalosporinas orales (cefuroxima axetilo, cefixima, cefditoreno, cefalexina)?	Cursos CORTOS: 5-7 días en la mayoría de las infecciones respiratorias, con evidencia sólida de que no son inferiores a los ciclos largos.	Farmacoterapia::Antiinfecciosos
¿Cómo se suspende Cefalosporinas orales (cefuroxima axetilo, cefixima, cefditoreno, cefalexina)?	Al completar el ciclo previsto; no se prolonga por la persistencia de tos o de secreción, que son residuales.	Farmacoterapia::Antiinfecciosos
¿Qué hay que monitorizar durante el tratamiento con Cefalosporinas orales (cefuroxima axetilo, cefixima, cefditoreno, cefalexina)?	Respuesta clínica a las 48-72 horas. Vigilar diarrea (Clostridioides difficile).	Farmacoterapia::Antiinfecciosos
¿Cuál es la vida media de Cefalosporinas orales (cefuroxima axetilo, cefixima, cefditoreno, cefalexina)?	1-4 horas según el compuesto.	Farmacoterapia::Antiinfecciosos
¿Requiere Cefalosporinas orales (cefuroxima axetilo, cefixima, cefditoreno, cefalexina) ajuste en insuficiencia renal?	OBLIGATORIO ajustar por filtrado glomerular: se eliminan por el riñón y su acumulación produce neurotoxicidad y convulsiones.	Farmacoterapia::Antiinfecciosos
Interacción crítica de Cefalosporinas orales (cefuroxima axetilo, cefixima, cefditoreno, cefalexina) con INHIBIDORES DE LA BOMBA DE PROTONES y antiácidos: ¿qué ocurre y qué se hace?	Reducen la absorción de la CEFUROXIMA y del cefditoreno, que necesitan medio ácido. Manejo: Muy relevante porque muchos pacientes toman omeprazol de forma crónica: separar las tomas o elegir otro antibiótico	Farmacoterapia::Antiinfecciosos
Efecto adverso grave de Cefalosporinas orales (cefuroxima axetilo, cefixima, cefditoreno, cefalexina): COLITIS por CLOSTRIDIOIDES DIFFICILE — ¿en qué consiste?	COLITIS por CLOSTRIDIOIDES DIFFICILE: las cefalosporinas son, junto con las quinolonas y la clindamicina, las que más la producen	Farmacoterapia::Antiinfecciosos
Efecto adverso grave de Cefalosporinas orales (cefuroxima axetilo, cefixima, cefditoreno, cefalexina): Reacciones de hipersensibilidad, incluida la anafilaxia — ¿en qué consiste?	Reacciones de hipersensibilidad, incluida la anafilaxia	Farmacoterapia::Antiinfecciosos
Efecto adverso grave de Cefalosporinas orales (cefuroxima axetilo, cefixima, cefditoreno, cefalexina): Síndrome de Stevens-Johnson y DRESS — ¿en qué consiste?	Síndrome de Stevens-Johnson y DRESS	Farmacoterapia::Antiinfecciosos
Efecto adverso grave de Cefalosporinas orales (cefuroxima axetilo, cefixima, cefditoreno, cefalexina): NEUROTOXICIDAD con convulsiones por acumulación en la insuficiencia renal sin ajuste — ¿en qué consiste?	NEUROTOXICIDAD con convulsiones por acumulación en la insuficiencia renal sin ajuste	Farmacoterapia::Antiinfecciosos
Efecto adverso grave de Cefalosporinas orales (cefuroxima axetilo, cefixima, cefditoreno, cefalexina): Anemia hemolítica inmune y test de Coombs positivo — ¿en qué consiste?	Anemia hemolítica inmune y test de Coombs positivo	Farmacoterapia::Antiinfecciosos
Efecto adverso grave de Cefalosporinas orales (cefuroxima axetilo, cefixima, cefditoreno, cefalexina): Nefritis intersticial — ¿en qué consiste?	Nefritis intersticial	Farmacoterapia::Antiinfecciosos
¿Está contraindicado Cefalosporinas orales (cefuroxima axetilo, cefixima, cefditoreno, cefalexina) en: Anafilaxia previa a cefalosporinas?	Sí — Anafilaxia previa a cefalosporinas	Farmacoterapia::Antiinfecciosos
¿Está contraindicado Cefalosporinas orales (cefuroxima axetilo, cefixima, cefditoreno, cefalexina) en: Anafilaxia previa a penicilina con cadena lateral compartida?	Sí — Anafilaxia previa a penicilina con cadena lateral compartida (valoración individualizada)	Farmacoterapia::Antiinfecciosos
¿Está contraindicado Cefalosporinas orales (cefuroxima axetilo, cefixima, cefditoreno, cefalexina) en: Precaución en la insuficiencia renal sin ajuste de dosis?	Sí — Precaución en la insuficiencia renal sin ajuste de dosis	Farmacoterapia::Antiinfecciosos
Particularidad de Cefalosporinas orales (cefuroxima axetilo, cefixima, cefditoreno, cefalexina) que hay que tener en cuenta:	La regla que ordena toda la familia: al subir de generación se GANA gramnegativo y se PIERDE grampositivo. De ahí se deduce sin memorizar que la cefalexina sirve para la piel, la cefuroxima para la vía respiratoria y la cefixima para la orina.	Farmacoterapia::Antiinfecciosos
