¿A qué clase farmacológica pertenece Cilostazol?	Antiagregante plaquetario (Inhibidor de la fosfodiesterasa 3)	Farmacoterapia::Hematología y antitrombóticos
¿Cuál es el mecanismo de acción de Cilostazol?	Inhibe la fosfodiesterasa 3: aumenta el AMPc en plaquetas (antiagregación) y en el músculo liso vascular (vasodilatación).	Farmacoterapia::Hematología y antitrombóticos
¿Qué distingue a Cilostazol de los demás fármacos de su clase (Antiagregante plaquetario)?	<b>Indicación propia: CLAUDICACIÓN INTERMITENTE</b> (aumenta la distancia caminada); <b>no</b> sustituye al AAS o clopidogrel en la prevención cardiovascular.	Farmacoterapia::Hematología y antitrombóticos
¿Cuál es la dosis de Cilostazol en Claudicación intermitente (enfermedad arterial periférica)?	100 mg — Cada 12 h, 30 min antes o 2 h después de comer, vía VO	Farmacoterapia::Hematología y antitrombóticos
¿Cuánto dura el tratamiento con Cilostazol?	Reevaluar a los 3 meses: <b>suspender si no mejora</b>.	Farmacoterapia::Hematología y antitrombóticos
¿Cómo se suspende Cilostazol?	—	Farmacoterapia::Hematología y antitrombóticos
¿Qué hay que monitorizar durante el tratamiento con Cilostazol?	Distancia de claudicación, palpitaciones, sangrado.	Farmacoterapia::Hematología y antitrombóticos
¿Cuál es la vida media de Cilostazol?	11-13 h.	Farmacoterapia::Hematología y antitrombóticos
¿Requiere Cilostazol ajuste en insuficiencia renal?	Contraindicado con FG <25.	Farmacoterapia::Hematología y antitrombóticos
Interacción crítica de Cilostazol con AAS + clopidogrel, anticoagulantes: ¿qué ocurre y qué se hace?	Sangrado. Manejo: Evitar con doble antiagregación o anticoagulación	Farmacoterapia::Hematología y antitrombóticos
Efecto adverso grave de Cilostazol: Arritmias ventriculares — ¿en qué consiste?	Arritmias ventriculares	Farmacoterapia::Hematología y antitrombóticos
Efecto adverso grave de Cilostazol: Hemorragia — ¿en qué consiste?	Hemorragia	Farmacoterapia::Hematología y antitrombóticos
¿Está contraindicado Cilostazol en: <b>Insuficiencia cardiaca de cualquier grado</b>?	Sí — <b>Insuficiencia cardiaca de cualquier grado</b>	Farmacoterapia::Hematología y antitrombóticos
¿Está contraindicado Cilostazol en: Angina inestable o IAM en los 6 meses previos?	Sí — Angina inestable o IAM en los 6 meses previos	Farmacoterapia::Hematología y antitrombóticos
¿Está contraindicado Cilostazol en: Taquiarritmias?	Sí — Taquiarritmias	Farmacoterapia::Hematología y antitrombóticos
¿Está contraindicado Cilostazol en: Hemorragia activa?	Sí — Hemorragia activa	Farmacoterapia::Hematología y antitrombóticos
Particularidad de Cilostazol que hay que tener en cuenta:	Antes de pautarlo, preguntar por disnea o edemas: si hay insuficiencia cardiaca, está contraindicado.	Farmacoterapia::Hematología y antitrombóticos
¿A qué clase farmacológica pertenece Hidroxiurea (hidroxicarbamida)?	Inhibidor de la ribonucleótido reductasa (Citorreductor oral)	Farmacoterapia::Hematología y antitrombóticos
¿Cuál es el mecanismo de acción de Hidroxiurea (hidroxicarbamida)?	Inhibe la ribonucleótido reductasa y la síntesis de ADN; en la drepanocitosis aumenta la hemoglobina fetal, reduce los neutrófilos y la adhesión celular.	Farmacoterapia::Hematología y antitrombóticos
¿Cuál es la dosis de Hidroxiurea (hidroxicarbamida) en Drepanocitosis (prevención de crisis vasooclusivas y síndrome torácico agudo)?	15 mg/kg/día; subir 5 mg/kg cada 8 semanas hasta 20-35 mg/kg/día — Cada 24 h, vía VO	Farmacoterapia::Hematología y antitrombóticos
¿Cuál es la dosis de Hidroxiurea (hidroxicarbamida) en Policitemia vera y trombocitemia esencial de alto riesgo?	500-1000 mg/día — Cada 24 h, vía VO	Farmacoterapia::Hematología y antitrombóticos
¿Cuánto dura el tratamiento con Hidroxiurea (hidroxicarbamida)?	Indefinida.	Farmacoterapia::Hematología y antitrombóticos
¿Cómo se suspende Hidroxiurea (hidroxicarbamida)?	—	Farmacoterapia::Hematología y antitrombóticos
¿Qué hay que monitorizar durante el tratamiento con Hidroxiurea (hidroxicarbamida)?	<b>Hemograma cada 2-4 semanas</b> al titular, después cada 2-3 meses.	Farmacoterapia::Hematología y antitrombóticos
¿Cuál es la vida media de Hidroxiurea (hidroxicarbamida)?	3-4 h.	Farmacoterapia::Hematología y antitrombóticos
¿Requiere Hidroxiurea (hidroxicarbamida) ajuste en insuficiencia renal?	FG <60: reducir un 50%.	Farmacoterapia::Hematología y antitrombóticos
Interacción crítica de Hidroxiurea (hidroxicarbamida) con Vacunas vivas: ¿qué ocurre y qué se hace?	Infección por la vacuna. Manejo: Evitar	Farmacoterapia::Hematología y antitrombóticos
Efecto adverso grave de Hidroxiurea (hidroxicarbamida): <b>Mielosupresión</b> — ¿en qué consiste?	<b>Mielosupresión</b>	Farmacoterapia::Hematología y antitrombóticos
Efecto adverso grave de Hidroxiurea (hidroxicarbamida): Úlceras en las piernas — ¿en qué consiste?	Úlceras en las piernas	Farmacoterapia::Hematología y antitrombóticos
Efecto adverso grave de Hidroxiurea (hidroxicarbamida): Teratogenia — ¿en qué consiste?	Teratogenia	Farmacoterapia::Hematología y antitrombóticos
¿Está contraindicado Hidroxiurea (hidroxicarbamida) en: Embarazo?	Sí — Embarazo	Farmacoterapia::Hematología y antitrombóticos
¿Está contraindicado Hidroxiurea (hidroxicarbamida) en: Mielosupresión grave?	Sí — Mielosupresión grave	Farmacoterapia::Hematología y antitrombóticos
Particularidad de Hidroxiurea (hidroxicarbamida) que hay que tener en cuenta:	La macrocitosis indica adherencia al tratamiento en la drepanocitosis.	Farmacoterapia::Hematología y antitrombóticos
¿A qué clase farmacológica pertenece Rivaroxabán?	Anticoagulante oral (ACOD: inhibidor directo del factor Xa (una toma, con comida))	Farmacoterapia::Hematología y antitrombóticos
¿Cuál es el mecanismo de acción de Rivaroxabán?	Inhibe de forma directa, reversible y selectiva el factor Xa libre y unido al complejo protrombinasa, sin necesitar antitrombina. Reduce la generación de trombina. Efecto predecible sin monitorización analítica.	Farmacoterapia::Hematología y antitrombóticos
¿Qué distingue a Rivaroxabán de los demás fármacos de su clase (Anticoagulante oral)?	<b>Dosis ÚNICA DIARIA en la fibrilación auricular</b> (20 mg; 15 mg con FG 15-49), frente a las dos tomas de apixabán y dabigatrán.	Farmacoterapia::Hematología y antitrombóticos
¿Cuál es la dosis de Rivaroxabán en Fibrilación auricular no valvular (prevención de ictus y embolia sistémica)?	20 mg (15 mg si FG 15-49) — Cada 24 h, con la cena, vía VO	Farmacoterapia::Hematología y antitrombóticos
¿Cuál es la dosis de Rivaroxabán en Trombosis venosa profunda y tromboembolia pulmonar: tratamiento?	15 mg cada 12 h × 21 días; después 20 mg — Cada 12 h → cada 24 h, con comida, vía VO	Farmacoterapia::Hematología y antitrombóticos
¿Cuál es la dosis de Rivaroxabán en Profilaxis tromboembólica tras artroplastia de cadera o rodilla?	10 mg — Cada 24 h (6-10 h tras la cirugía), vía VO	Farmacoterapia::Hematología y antitrombóticos
¿Cuál es la dosis de Rivaroxabán en Enfermedad coronaria o arteriopatía periférica estables (alto riesgo isquémico)?	2,5 mg (con AAS 100 mg) — Cada 12 h, vía VO	Farmacoterapia::Hematología y antitrombóticos
¿Cuánto dura el tratamiento con Rivaroxabán?	Indefinida en FA; 3-6 meses (o indefinida si ETV no provocada o recurrente) en ETV.	Farmacoterapia::Hematología y antitrombóticos
¿Cómo se suspende Rivaroxabán?	Suspensión preoperatoria: 24 h (riesgo hemorrágico bajo) o 48 h (alto), más si FG <30. No precisa terapia puente.	Farmacoterapia::Hematología y antitrombóticos
¿Qué hay que monitorizar durante el tratamiento con Rivaroxabán?	Función renal al menos anual (cada 3-6 meses si FG <60 o >75 años), hemograma, adherencia.	Farmacoterapia::Hematología y antitrombóticos
¿Cuál es la vida media de Rivaroxabán?	5-9 h (11-13 h en ancianos).	Farmacoterapia::Hematología y antitrombóticos
¿Requiere Rivaroxabán ajuste en insuficiencia renal?	FA: 15 mg/día con FG 15-49. ETV: igual dosis, valorar 15 mg en la fase de mantenimiento si alto riesgo hemorrágico. <b>No usar con FG <15.</b>	Farmacoterapia::Hematología y antitrombóticos
Interacción crítica de Rivaroxabán con Inhibidores potentes del CYP3A4 y de la P-gp (ketoconazol, itraconazol, voriconazol, posaconazol, ritonavir): ¿qué ocurre y qué se hace?	Aumento marcado de sus niveles y del sangrado. Manejo: No combinar	Farmacoterapia::Hematología y antitrombóticos
Interacción crítica de Rivaroxabán con Inductores potentes (rifampicina, carbamazepina, fenitoína, hipérico): ¿qué ocurre y qué se hace?	Pérdida de eficacia: trombosis. Manejo: Evitar; usar HBPM o AVK	Farmacoterapia::Hematología y antitrombóticos
Interacción crítica de Rivaroxabán con Antiagregantes y AINE: ¿qué ocurre y qué se hace?	Aumento del riesgo hemorrágico. Manejo: Limitar la duración de la doble/triple terapia; IBP como protección	Farmacoterapia::Hematología y antitrombóticos
Efecto adverso grave de Rivaroxabán: Hemorragia mayor, incluida la digestiva — ¿en qué consiste?	Hemorragia mayor, incluida la digestiva (más que apixabán)	Farmacoterapia::Hematología y antitrombóticos
Efecto adverso grave de Rivaroxabán: Hemorragia intracraneal — ¿en qué consiste?	Hemorragia intracraneal (menos que con AVK)	Farmacoterapia::Hematología y antitrombóticos
Efecto adverso grave de Rivaroxabán: Hepatotoxicidad — ¿en qué consiste?	Hepatotoxicidad (rara)	Farmacoterapia::Hematología y antitrombóticos
¿Está contraindicado Rivaroxabán en: Hemorragia activa clínicamente significativa?	Sí — Hemorragia activa clínicamente significativa	Farmacoterapia::Hematología y antitrombóticos
¿Está contraindicado Rivaroxabán en: <b>Prótesis valvulares mecánicas y estenosis mitral moderada-grave</b>?	Sí — <b>Prótesis valvulares mecánicas y estenosis mitral moderada-grave</b>	Farmacoterapia::Hematología y antitrombóticos
¿Está contraindicado Rivaroxabán en: FG <15 mL/min?	Sí — FG <15 mL/min	Farmacoterapia::Hematología y antitrombóticos
¿Está contraindicado Rivaroxabán en: Hepatopatía con coagulopatía?	Sí — Hepatopatía con coagulopatía	Farmacoterapia::Hematología y antitrombóticos
¿Está contraindicado Rivaroxabán en: Embarazo y lactancia?	Sí — Embarazo y lactancia	Farmacoterapia::Hematología y antitrombóticos
¿Está contraindicado Rivaroxabán en: <b>Síndrome antifosfolípido triple positivo</b>?	Sí — <b>Síndrome antifosfolípido triple positivo</b> (más trombosis que con AVK)	Farmacoterapia::Hematología y antitrombóticos
Particularidad de Rivaroxabán que hay que tener en cuenta:	<b>«Rivaroxabán en ayunas es rivaroxabán infradosificado»</b>: preguntar siempre con qué comida lo toma.	Farmacoterapia::Hematología y antitrombóticos
¿A qué clase farmacológica pertenece Edoxabán?	Anticoagulante oral (ACOD: inhibidor directo del factor Xa (una toma))	Farmacoterapia::Hematología y antitrombóticos
¿Cuál es el mecanismo de acción de Edoxabán?	Inhibidor directo, selectivo y reversible del factor Xa, independiente de la antitrombina.	Farmacoterapia::Hematología y antitrombóticos
¿Qué distingue a Edoxabán de los demás fármacos de su clase (Anticoagulante oral)?	<b>Dosis única diaria (60 mg) con reducción a 30 mg si se cumple CUALQUIERA de estos criterios</b>: FG 15-50, peso ≤60 kg o tratamiento con inhibidores de la P-gp (ciclosporina, dronedarona, eritromicina, ketoconazol).	Farmacoterapia::Hematología y antitrombóticos
¿Cuál es la dosis de Edoxabán en Fibrilación auricular no valvular?	60 mg (30 mg si FG 15-50, peso ≤60 kg o inhibidor de P-gp) — Cada 24 h, vía VO	Farmacoterapia::Hematología y antitrombóticos
¿Cuál es la dosis de Edoxabán en Trombosis venosa profunda y tromboembolia pulmonar?	60 mg (30 mg con los mismos criterios) — Cada 24 h, tras ≥5 días de HBPM, vía VO	Farmacoterapia::Hematología y antitrombóticos
¿Cuánto dura el tratamiento con Edoxabán?	Indefinida en FA; según la causa en ETV.	Farmacoterapia::Hematología y antitrombóticos
¿Cómo se suspende Edoxabán?	Suspender 24 h antes de cirugía de bajo riesgo hemorrágico y 48 h antes de alto riesgo.	Farmacoterapia::Hematología y antitrombóticos
¿Qué hay que monitorizar durante el tratamiento con Edoxabán?	FG y peso al menos anuales; reevaluar la dosis si cambian.	Farmacoterapia::Hematología y antitrombóticos
¿Cuál es la vida media de Edoxabán?	10-14 h.	Farmacoterapia::Hematología y antitrombóticos
¿Requiere Edoxabán ajuste en insuficiencia renal?	<b>FG 15-50: 30 mg. FG <15: no usar. FG >95: menos eficaz, evitar en FA.</b>	Farmacoterapia::Hematología y antitrombóticos
Interacción crítica de Edoxabán con Inhibidores de la P-gp (ciclosporina, dronedarona, eritromicina, ketoconazol): ¿qué ocurre y qué se hace?	Aumentan sus niveles. Manejo: <b>Reducir a 30 mg/día</b>	Farmacoterapia::Hematología y antitrombóticos
Interacción crítica de Edoxabán con Rifampicina: ¿qué ocurre y qué se hace?	Reduce sus niveles a la mitad. Manejo: Evitar	Farmacoterapia::Hematología y antitrombóticos
Interacción crítica de Edoxabán con Antiagregantes, AINE, ISRS: ¿qué ocurre y qué se hace?	Más sangrado. Manejo: Limitar la combinación y proteger con IBP	Farmacoterapia::Hematología y antitrombóticos
Efecto adverso grave de Edoxabán: Hemorragia mayor y digestiva — ¿en qué consiste?	Hemorragia mayor y digestiva	Farmacoterapia::Hematología y antitrombóticos
Efecto adverso grave de Edoxabán: Hemorragia intracraneal — ¿en qué consiste?	Hemorragia intracraneal (menos que con AVK)	Farmacoterapia::Hematología y antitrombóticos
¿Está contraindicado Edoxabán en: Hemorragia activa?	Sí — Hemorragia activa	Farmacoterapia::Hematología y antitrombóticos
¿Está contraindicado Edoxabán en: Prótesis valvulares mecánicas y estenosis mitral moderada-grave?	Sí — Prótesis valvulares mecánicas y estenosis mitral moderada-grave	Farmacoterapia::Hematología y antitrombóticos
¿Está contraindicado Edoxabán en: FG <15 mL/min?	Sí — FG <15 mL/min	Farmacoterapia::Hematología y antitrombóticos
¿Está contraindicado Edoxabán en: Hepatopatía con coagulopatía?	Sí — Hepatopatía con coagulopatía	Farmacoterapia::Hematología y antitrombóticos
¿Está contraindicado Edoxabán en: Embarazo y lactancia?	Sí — Embarazo y lactancia	Farmacoterapia::Hematología y antitrombóticos
Particularidad de Edoxabán que hay que tener en cuenta:	<b>Revisar los tres criterios de reducción (FG, peso, P-gp)</b>: el error más frecuente con edoxabán es mantener 60 mg en una anciana de 55 kg.	Farmacoterapia::Hematología y antitrombóticos
¿A qué clase farmacológica pertenece Dabigatrán?	Anticoagulante oral (ACOD: inhibidor directo de la trombina)	Farmacoterapia::Hematología y antitrombóticos
¿Cuál es el mecanismo de acción de Dabigatrán?	Profármaco que se convierte en dabigatrán, inhibidor directo, competitivo y reversible de la trombina libre y unida al coágulo. Bloquea la conversión de fibrinógeno en fibrina y la activación plaquetaria inducida por trombina.	Farmacoterapia::Hematología y antitrombóticos
¿Qué distingue a Dabigatrán de los demás fármacos de su clase (Anticoagulante oral)?	<b>El único ACOD que inhibe la TROMBINA</b>; los demás inhiben el factor Xa.	Farmacoterapia::Hematología y antitrombóticos
¿Cuál es la dosis de Dabigatrán en Fibrilación auricular no valvular?	150 mg (110 mg si ≥80 años, verapamilo o alto riesgo hemorrágico) — Cada 12 h, vía VO	Farmacoterapia::Hematología y antitrombóticos
¿Cuál es la dosis de Dabigatrán en Trombosis venosa profunda y tromboembolia pulmonar?	150 mg — Cada 12 h, tras ≥5 días de heparina parenteral, vía VO	Farmacoterapia::Hematología y antitrombóticos
¿Cuál es la dosis de Dabigatrán en Profilaxis tromboembólica tras artroplastia de cadera o rodilla?	110 mg el día 1, después 220 mg — Cada 24 h, vía VO	Farmacoterapia::Hematología y antitrombóticos
¿Cuánto dura el tratamiento con Dabigatrán?	Indefinida en FA; según la causa en ETV.	Farmacoterapia::Hematología y antitrombóticos
¿Cómo se suspende Dabigatrán?	<b>Suspensión preoperatoria según FG</b>: FG ≥80: 24-48 h; FG 50-80: 36-72 h; FG 30-50: 48-96 h (según riesgo hemorrágico).	Farmacoterapia::Hematología y antitrombóticos
¿Qué hay que monitorizar durante el tratamiento con Dabigatrán?	<b>FG al menos anual y cada 6 meses si FG 30-60 o ≥75 años</b>; tiempo de trombina diluido si se necesita confirmar efecto.	Farmacoterapia::Hematología y antitrombóticos
¿Cuál es la vida media de Dabigatrán?	12-17 h (hasta 28 h con FG <30).	Farmacoterapia::Hematología y antitrombóticos
¿Requiere Dabigatrán ajuste en insuficiencia renal?	FG 30-50: valorar 110 mg cada 12 h si alto riesgo hemorrágico. <b>FG <30: contraindicado.</b>	Farmacoterapia::Hematología y antitrombóticos
Interacción crítica de Dabigatrán con Ketoconazol, itraconazol, ciclosporina, dronedarona, glecaprevir/pibrentasvir (inhibidores potentes de la P-gp): ¿qué ocurre y qué se hace?	Elevación marcada de sus niveles. Manejo: <b>Contraindicado</b>	Farmacoterapia::Hematología y antitrombóticos
Interacción crítica de Dabigatrán con Verapamilo, amiodarona, claritromicina, ticagrelor: ¿qué ocurre y qué se hace?	Aumento moderado de sus niveles. Manejo: Verapamilo: 110 mg cada 12 h; vigilancia clínica con los demás	Farmacoterapia::Hematología y antitrombóticos
Interacción crítica de Dabigatrán con Rifampicina, carbamazepina, hipérico: ¿qué ocurre y qué se hace?	Pérdida de eficacia. Manejo: Evitar	Farmacoterapia::Hematología y antitrombóticos
Efecto adverso grave de Dabigatrán: <b>Hemorragia digestiva</b> — ¿en qué consiste?	<b>Hemorragia digestiva</b> (más con 150 mg que con warfarina)	Farmacoterapia::Hematología y antitrombóticos
Efecto adverso grave de Dabigatrán: Acumulación con hemorragia grave en el fracaso renal agudo — ¿en qué consiste?	Acumulación con hemorragia grave en el fracaso renal agudo	Farmacoterapia::Hematología y antitrombóticos
Efecto adverso grave de Dabigatrán: Hemorragia intracraneal — ¿en qué consiste?	Hemorragia intracraneal (menos que con warfarina)	Farmacoterapia::Hematología y antitrombóticos
¿Está contraindicado Dabigatrán en: <b>FG <30 mL/min</b>?	Sí — <b>FG <30 mL/min</b>	Farmacoterapia::Hematología y antitrombóticos
¿Está contraindicado Dabigatrán en: Hemorragia activa?	Sí — Hemorragia activa	Farmacoterapia::Hematología y antitrombóticos
¿Está contraindicado Dabigatrán en: <b>Prótesis valvular mecánica</b>?	Sí — <b>Prótesis valvular mecánica</b> (más trombosis y sangrado en RE-ALIGN)	Farmacoterapia::Hematología y antitrombóticos
¿Está contraindicado Dabigatrán en: Uso con inhibidores potentes de la P-gp?	Sí — Uso con inhibidores potentes de la P-gp	Farmacoterapia::Hematología y antitrombóticos
¿Está contraindicado Dabigatrán en: Embarazo y lactancia?	Sí — Embarazo y lactancia	Farmacoterapia::Hematología y antitrombóticos
Particularidad de Dabigatrán que hay que tener en cuenta:	<b>Ante una hemorragia grave o cirugía urgente: idarucizumab 5 g IV revierte el efecto en minutos.</b>	Farmacoterapia::Hematología y antitrombóticos
¿A qué clase farmacológica pertenece Warfarina?	Anticoagulante oral (Antivitamina K de vida media larga)	Farmacoterapia::Hematología y antitrombóticos
¿Cuál es el mecanismo de acción de Warfarina?	Inhibe la vitamina K epóxido reductasa (VKORC1): impide la carboxilación de los factores II, VII, IX y X y de las proteínas C y S. <b>El efecto antitrombótico completo tarda 5-7 días</b> (vida media de la protrombina); al principio cae antes la proteína C, lo que crea un estado protrombótico transitorio.	Farmacoterapia::Hematología y antitrombóticos
¿Qué distingue a Warfarina de los demás fármacos de su clase (Anticoagulante oral)?	<b>Vida media LARGA (36-42 h) frente a la del acenocumarol (8-11 h)</b>: INR más estable entre tomas y frente a olvidos, pero tarda más en alcanzar el rango y en desaparecer al suspender (5 días).	Farmacoterapia::Hematología y antitrombóticos
¿Cuál es la dosis de Warfarina en Prótesis valvular mecánica?	Dosis individualizada (habitualmente 2-10 mg) — Cada 24 h, a la misma hora, vía VO	Farmacoterapia::Hematología y antitrombóticos
¿A qué objetivo se ajusta la dosis de Warfarina en Prótesis valvular mecánica?	INR 2,5-3,5 (mitral o con factores de riesgo) o 2,0-3,0 (aórtica sin factores de riesgo)	Farmacoterapia::Hematología y antitrombóticos
¿Cuál es la dosis de Warfarina en Fibrilación auricular con estenosis mitral moderada-grave, y FA cuando los ACOD no son posibles?	Dosis individualizada — Cada 24 h, vía VO	Farmacoterapia::Hematología y antitrombóticos
¿A qué objetivo se ajusta la dosis de Warfarina en Fibrilación auricular con estenosis mitral moderada-grave, y FA cuando los ACOD no son posibles?	INR 2,0-3,0	Farmacoterapia::Hematología y antitrombóticos
¿Cuál es la dosis de Warfarina en Tromboembolia venosa y síndrome antifosfolípido?	Dosis individualizada — Cada 24 h, solapada con heparina ≥5 días y hasta INR ≥2 dos días consecutivos, vía VO	Farmacoterapia::Hematología y antitrombóticos
¿A qué objetivo se ajusta la dosis de Warfarina en Tromboembolia venosa y síndrome antifosfolípido?	INR 2,0-3,0	Farmacoterapia::Hematología y antitrombóticos
¿Cuánto dura el tratamiento con Warfarina?	Indefinida en prótesis mecánicas y FA; 3-6 meses o indefinida en ETV.	Farmacoterapia::Hematología y antitrombóticos
¿Cómo se suspende Warfarina?	Suspender 5 días antes de cirugía (INR <1,5). Terapia puente con HBPM solo en alto riesgo trombótico (prótesis mitral mecánica, ictus reciente).	Farmacoterapia::Hematología y antitrombóticos
¿Qué hay que monitorizar durante el tratamiento con Warfarina?	INR cada 4 semanas en fase estable (hasta 12 semanas si muy estable) y siempre al iniciar o retirar otro fármaco.	Farmacoterapia::Hematología y antitrombóticos
¿Cuál es la vida media de Warfarina?	<b>36-42 h.</b>	Farmacoterapia::Hematología y antitrombóticos
¿Requiere Warfarina ajuste en insuficiencia renal?	No precisa ajuste de dosis, pero el INR es más inestable en la ERC avanzada.	Farmacoterapia::Hematología y antitrombóticos
Interacción crítica de Warfarina con Amiodarona, fluconazol, metronidazol, cotrimoxazol (inhibidores del CYP2C9): ¿qué ocurre y qué se hace?	<b>Elevación marcada del INR y hemorragia</b>. Manejo: Reducir la dosis un 25-50% y controlar INR en 3-5 días	Farmacoterapia::Hematología y antitrombóticos
Interacción crítica de Warfarina con Rifampicina, carbamazepina, fenitoína, hipérico: ¿qué ocurre y qué se hace?	Caída del INR. Manejo: Aumentar dosis con INR frecuente; reajustar al retirar el inductor	Farmacoterapia::Hematología y antitrombóticos
Interacción crítica de Warfarina con AINE, antiagregantes, ISRS: ¿qué ocurre y qué se hace?	Más sangrado sin cambiar el INR. Manejo: Evitar AINE; protección gástrica	Farmacoterapia::Hematología y antitrombóticos
Efecto adverso grave de Warfarina: Hemorragia mayor e intracraneal — ¿en qué consiste?	Hemorragia mayor e intracraneal	Farmacoterapia::Hematología y antitrombóticos
Efecto adverso grave de Warfarina: <b>Necrosis cutánea</b> al inicio — ¿en qué consiste?	<b>Necrosis cutánea</b> al inicio (déficit de proteína C) sin solapamiento con heparina	Farmacoterapia::Hematología y antitrombóticos
Efecto adverso grave de Warfarina: Calcifilaxis y síndrome de los dedos morados — ¿en qué consiste?	Calcifilaxis y síndrome de los dedos morados (raros)	Farmacoterapia::Hematología y antitrombóticos
Efecto adverso grave de Warfarina: Embriopatía warfarínica — ¿en qué consiste?	Embriopatía warfarínica (semanas 6-12)	Farmacoterapia::Hematología y antitrombóticos
¿Está contraindicado Warfarina en: Hemorragia activa o diátesis hemorrágica?	Sí — Hemorragia activa o diátesis hemorrágica	Farmacoterapia::Hematología y antitrombóticos
¿Está contraindicado Warfarina en: Embarazo?	Sí — Embarazo (1.er trimestre y final)	Farmacoterapia::Hematología y antitrombóticos
¿Está contraindicado Warfarina en: Hipertensión grave no controlada?	Sí — Hipertensión grave no controlada	Farmacoterapia::Hematología y antitrombóticos
¿Está contraindicado Warfarina en: Mala adherencia o imposibilidad de control del INR?	Sí — Mala adherencia o imposibilidad de control del INR	Farmacoterapia::Hematología y antitrombóticos
Particularidad de Warfarina que hay que tener en cuenta:	<b>Reversión</b>: INR alto sin sangrado: suspender y vitamina K oral 1-2,5 mg; hemorragia grave: vitamina K 10 mg IV + complejo protrombínico.	Farmacoterapia::Hematología y antitrombóticos
¿A qué clase farmacológica pertenece Bemiparina?	Anticoagulante parenteral (heparinas y fondaparinux) (Heparina de bajo peso molecular de segunda generación)	Farmacoterapia::Hematología y antitrombóticos
¿Cuál es el mecanismo de acción de Bemiparina?	Potencia la antitrombina, con acción predominante sobre el factor Xa y menor sobre la trombina. Respuesta más predecible que la heparina no fraccionada, sin necesidad de controles de coagulación.	Farmacoterapia::Hematología y antitrombóticos
¿Qué distingue a Bemiparina de los demás fármacos de su clase (Anticoagulante parenteral (heparinas y fondaparinux))?	<b>La HBPM de menor peso molecular y mayor relación anti-Xa/anti-IIa (8:1)</b>, con la <b>vida media más larga del grupo (5-6 h)</b>.	Farmacoterapia::Hematología y antitrombóticos
¿Cuál es la dosis de Bemiparina en Tratamiento de la trombosis venosa profunda?	115 UI/kg — Cada 24 h, vía SC	Farmacoterapia::Hematología y antitrombóticos
¿Cuál es la dosis de Bemiparina en Profilaxis tromboembólica quirúrgica y médica?	2.500 UI (riesgo moderado) o 3.500 UI (riesgo alto) — Cada 24 h, vía SC	Farmacoterapia::Hematología y antitrombóticos
¿Cuánto dura el tratamiento con Bemiparina?	Profilaxis: 7-10 días (hasta 4-5 semanas en cirugía ortopédica mayor u oncológica). Tratamiento: hasta anticoagulación oral eficaz o mínimo 3 meses si se mantiene como tratamiento.	Farmacoterapia::Hematología y antitrombóticos
¿Cómo se suspende Bemiparina?	Suspensión directa. Última dosis profiláctica 12 h y terapéutica 24 h antes de anestesia neuroaxial.	Farmacoterapia::Hematología y antitrombóticos
¿Qué hay que monitorizar durante el tratamiento con Bemiparina?	Plaquetas al inicio y entre los días 5 y 14 si hay exposición previa a heparina; FG.	Farmacoterapia::Hematología y antitrombóticos
¿Cuál es la vida media de Bemiparina?	<b>5-6 h.</b>	Farmacoterapia::Hematología y antitrombóticos
¿Requiere Bemiparina ajuste en insuficiencia renal?	FG <30: reducir la dosis terapéutica (~85 UI/kg/día) y vigilar anti-Xa; profilaxis 2.500 UI.	Farmacoterapia::Hematología y antitrombóticos
Interacción crítica de Bemiparina con Antiagregantes, AINE, otros anticoagulantes: ¿qué ocurre y qué se hace?	Más sangrado. Manejo: Evitar combinaciones no imprescindibles	Farmacoterapia::Hematología y antitrombóticos
Efecto adverso grave de Bemiparina: Hemorragia mayor — ¿en qué consiste?	Hemorragia mayor	Farmacoterapia::Hematología y antitrombóticos
Efecto adverso grave de Bemiparina: Trombocitopenia inducida por heparina — ¿en qué consiste?	Trombocitopenia inducida por heparina (menos que con HNF)	Farmacoterapia::Hematología y antitrombóticos
Efecto adverso grave de Bemiparina: <b>Hematoma espinal con anestesia neuroaxial</b> — ¿en qué consiste?	<b>Hematoma espinal con anestesia neuroaxial</b>	Farmacoterapia::Hematología y antitrombóticos
Efecto adverso grave de Bemiparina: Osteoporosis con uso prolongado — ¿en qué consiste?	Osteoporosis con uso prolongado	Farmacoterapia::Hematología y antitrombóticos
¿Está contraindicado Bemiparina en: Antecedente de trombocitopenia inducida por heparina?	Sí — Antecedente de trombocitopenia inducida por heparina	Farmacoterapia::Hematología y antitrombóticos
¿Está contraindicado Bemiparina en: Hemorragia activa?	Sí — Hemorragia activa	Farmacoterapia::Hematología y antitrombóticos
¿Está contraindicado Bemiparina en: Endocarditis bacteriana aguda?	Sí — Endocarditis bacteriana aguda	Farmacoterapia::Hematología y antitrombóticos
¿Está contraindicado Bemiparina en: Lesión o cirugía reciente del SNC, ojo u oído?	Sí — Lesión o cirugía reciente del SNC, ojo u oído	Farmacoterapia::Hematología y antitrombóticos
Particularidad de Bemiparina que hay que tener en cuenta:	<b>Una sola inyección al día también en dosis terapéutica</b>: ventaja práctica en el tratamiento domiciliario.	Farmacoterapia::Hematología y antitrombóticos
¿A qué clase farmacológica pertenece Fondaparinux?	Anticoagulante parenteral (heparinas y fondaparinux) (Pentasacárido sintético, inhibidor indirecto selectivo del factor Xa)	Farmacoterapia::Hematología y antitrombóticos
¿Cuál es el mecanismo de acción de Fondaparinux?	Pentasacárido que se une a la antitrombina y acelera unas 300 veces su inhibición del factor Xa. <b>No inhibe la trombina</b> (es demasiado corto para formar el puente antitrombina-trombina) ni se une al factor plaquetario 4.	Farmacoterapia::Hematología y antitrombóticos
¿Qué distingue a Fondaparinux de los demás fármacos de su clase (Anticoagulante parenteral (heparinas y fondaparinux))?	<b>Sintético y sin cadena de heparina: NO produce trombocitopenia inducida por heparina</b> y no reacciona con sus anticuerpos (alternativa en pacientes con antecedente de TIH).	Farmacoterapia::Hematología y antitrombóticos
¿Cuál es la dosis de Fondaparinux en Profilaxis tromboembólica (cirugía ortopédica, abdominal, paciente médico)?	2,5 mg — Cada 24 h (primera dosis 6 h tras la cirugía), vía SC	Farmacoterapia::Hematología y antitrombóticos
¿Cuál es la dosis de Fondaparinux en Síndrome coronario agudo sin elevación del ST?	2,5 mg — Cada 24 h, vía SC	Farmacoterapia::Hematología y antitrombóticos
¿Cuál es la dosis de Fondaparinux en Tratamiento de TVP y TEP hemodinámicamente estable?	5 mg (<50 kg), 7,5 mg (50-100 kg), 10 mg (>100 kg) — Cada 24 h, vía SC	Farmacoterapia::Hematología y antitrombóticos
¿Cuál es la dosis de Fondaparinux en Trombosis venosa superficial extensa (≥5 cm, a >3 cm de la unión safenofemoral)?	2,5 mg — Cada 24 h, vía SC	Farmacoterapia::Hematología y antitrombóticos
¿Cuánto dura el tratamiento con Fondaparinux?	Profilaxis 5-9 días (hasta 4-5 semanas en fractura de cadera); SCASEST hasta 8 días; ETV hasta paso a oral; trombosis superficial 45 días.	Farmacoterapia::Hematología y antitrombóticos
¿Cómo se suspende Fondaparinux?	Suspensión directa. <b>Por su vida media larga, suspender ≥36-42 h antes de anestesia neuroaxial.</b>	Farmacoterapia::Hematología y antitrombóticos
¿Qué hay que monitorizar durante el tratamiento con Fondaparinux?	FG; no requiere control de plaquetas por TIH.	Farmacoterapia::Hematología y antitrombóticos
¿Cuál es la vida media de Fondaparinux?	<b>17-21 h</b> (mucho más en la insuficiencia renal).	Farmacoterapia::Hematología y antitrombóticos
¿Requiere Fondaparinux ajuste en insuficiencia renal?	Profilaxis: 1,5 mg con FG 20-50; <b>contraindicado con FG <20</b>. Tratamiento: evitar con FG <30.	Farmacoterapia::Hematología y antitrombóticos
Interacción crítica de Fondaparinux con Antiagregantes, AINE y otros anticoagulantes: ¿qué ocurre y qué se hace?	Más sangrado. Manejo: Evitar combinaciones innecesarias	Farmacoterapia::Hematología y antitrombóticos
Efecto adverso grave de Fondaparinux: Hemorragia mayor <b>sin antídoto específico</b> — ¿en qué consiste?	Hemorragia mayor <b>sin antídoto específico</b>	Farmacoterapia::Hematología y antitrombóticos
Efecto adverso grave de Fondaparinux: Hematoma espinal con anestesia neuroaxial — ¿en qué consiste?	Hematoma espinal con anestesia neuroaxial	Farmacoterapia::Hematología y antitrombóticos
Efecto adverso grave de Fondaparinux: Trombosis del catéter en angioplastia sin HNF adicional — ¿en qué consiste?	Trombosis del catéter en angioplastia sin HNF adicional	Farmacoterapia::Hematología y antitrombóticos
¿Está contraindicado Fondaparinux en: FG <20 mL/min?	Sí — FG <20 mL/min (profilaxis) o <30 (tratamiento)	Farmacoterapia::Hematología y antitrombóticos
¿Está contraindicado Fondaparinux en: Hemorragia activa?	Sí — Hemorragia activa	Farmacoterapia::Hematología y antitrombóticos
¿Está contraindicado Fondaparinux en: Endocarditis bacteriana aguda?	Sí — Endocarditis bacteriana aguda	Farmacoterapia::Hematología y antitrombóticos
¿Está contraindicado Fondaparinux en: Peso <50 kg en profilaxis?	Sí — Peso <50 kg en profilaxis (riesgo de acumulación)	Farmacoterapia::Hematología y antitrombóticos
Particularidad de Fondaparinux que hay que tener en cuenta:	<b>En el paciente con antecedente de TIH que necesita profilaxis, fondaparinux es una opción lógica</b> (uso fuera de ficha en la TIH aguda).	Farmacoterapia::Hematología y antitrombóticos
¿A qué clase farmacológica pertenece Hierro intravenoso (carboximaltosa férrica)?	Hierro (hematínico) (Hierro intravenoso de alta dosis en complejo estable)	Farmacoterapia::Hematología y antitrombóticos
¿Cuál es el mecanismo de acción de Hierro intravenoso (carboximaltosa férrica)?	Complejo de hierro férrico con un núcleo de carbohidrato que libera el hierro de forma lenta y controlada al sistema reticuloendotelial, donde se une a transferrina y ferritina para la eritropoyesis. La estabilidad del complejo permite dosis altas sin liberar hierro libre tóxico.	Farmacoterapia::Hematología y antitrombóticos
¿Qué distingue a Hierro intravenoso (carboximaltosa férrica) de los demás fármacos de su clase (Hierro (hematínico))?	<b>Repone en 1-2 infusiones de 15 min lo que el hierro oral tarda meses</b>: hasta 1.000 mg por dosis (20 mg/kg).	Farmacoterapia::Hematología y antitrombóticos
¿Cuál es la dosis de Hierro intravenoso (carboximaltosa férrica) en Anemia ferropénica con intolerancia, fracaso o necesidad de corrección rápida del hierro oral?	1.000 mg (o 20 mg/kg; máximo 1.000 mg por semana) — Infusión de 15 min; 2.ª dosis a la semana si el déficit es mayor, vía IV	Farmacoterapia::Hematología y antitrombóticos
¿Cuál es la dosis de Hierro intravenoso (carboximaltosa férrica) en Ferropenia en insuficiencia cardiaca con FEVI ≤45-50% (con o sin anemia)?	500-1.000 mg — Dosis única; repetir a las 6 semanas y luego a los 3-6 meses si persiste la ferropenia, vía IV	Farmacoterapia::Hematología y antitrombóticos
¿Cuál es la dosis de Hierro intravenoso (carboximaltosa férrica) en Anemia ferropénica del embarazo (2.º-3.er trimestre) y preoperatoria?	500-1.000 mg — Dosis única, repetible, vía IV	Farmacoterapia::Hematología y antitrombóticos
¿Cuánto dura el tratamiento con Hierro intravenoso (carboximaltosa férrica)?	1-2 dosis por ciclo; repetir solo si se repite la ferropenia.	Farmacoterapia::Hematología y antitrombóticos
¿Cómo se suspende Hierro intravenoso (carboximaltosa férrica)?	Tras reponer el déficit calculado. No asociar hierro oral simultáneo.	Farmacoterapia::Hematología y antitrombóticos
¿Qué hay que monitorizar durante el tratamiento con Hierro intravenoso (carboximaltosa férrica)?	Hb a las 2-4 semanas; <b>ferritina e IST no antes de 4-8 semanas</b> (falsamente elevadas antes). Fósforo si hay síntomas o dosis repetidas. Observación 30 min tras la infusión.	Farmacoterapia::Hematología y antitrombóticos
¿Cuál es la vida media de Hierro intravenoso (carboximaltosa férrica)?	7-12 h (el complejo en plasma).	Farmacoterapia::Hematología y antitrombóticos
¿Requiere Hierro intravenoso (carboximaltosa férrica) ajuste en insuficiencia renal?	No precisa; muy usado en la ERC.	Farmacoterapia::Hematología y antitrombóticos
Efecto adverso grave de Hierro intravenoso (carboximaltosa férrica): <b>Reacción de hipersensibilidad o anafilaxia</b> — ¿en qué consiste?	<b>Reacción de hipersensibilidad o anafilaxia</b> (rara)	Farmacoterapia::Hematología y antitrombóticos
Efecto adverso grave de Hierro intravenoso (carboximaltosa férrica): <b>Osteomalacia hipofosfatémica</b> con dosis repetidas — ¿en qué consiste?	<b>Osteomalacia hipofosfatémica</b> con dosis repetidas	Farmacoterapia::Hematología y antitrombóticos
Efecto adverso grave de Hierro intravenoso (carboximaltosa férrica): Reacción de Fishbane — ¿en qué consiste?	Reacción de Fishbane (artralgias y rubor autolimitados; no es anafilaxia)	Farmacoterapia::Hematología y antitrombóticos
¿Está contraindicado Hierro intravenoso (carboximaltosa férrica) en: Anemia no ferropénica?	Sí — Anemia no ferropénica	Farmacoterapia::Hematología y antitrombóticos
¿Está contraindicado Hierro intravenoso (carboximaltosa férrica) en: Sobrecarga de hierro?	Sí — Sobrecarga de hierro	Farmacoterapia::Hematología y antitrombóticos
¿Está contraindicado Hierro intravenoso (carboximaltosa férrica) en: Hipersensibilidad al hierro parenteral?	Sí — Hipersensibilidad al hierro parenteral	Farmacoterapia::Hematología y antitrombóticos
¿Está contraindicado Hierro intravenoso (carboximaltosa férrica) en: Primer trimestre del embarazo?	Sí — Primer trimestre del embarazo	Farmacoterapia::Hematología y antitrombóticos
¿Está contraindicado Hierro intravenoso (carboximaltosa férrica) en: Infección activa bacteriémica?	Sí — Infección activa bacteriémica (relativa)	Farmacoterapia::Hematología y antitrombóticos
Particularidad de Hierro intravenoso (carboximaltosa férrica) que hay que tener en cuenta:	<b>No medir la ferritina a los pocos días de la infusión</b>: estará muy alta por el hierro aún no utilizado y llevará a conclusiones erróneas.	Farmacoterapia::Hematología y antitrombóticos
¿A qué clase farmacológica pertenece Ácido acetilsalicílico (dosis antiagregante)?	Antiagregante plaquetario (Inhibidor irreversible de la ciclooxigenasa 1)	Farmacoterapia::Hematología y antitrombóticos
¿Cuál es el mecanismo de acción de Ácido acetilsalicílico (dosis antiagregante)?	ACETILA de forma IRREVERSIBLE la serina 529 de la COX-1 plaquetaria, bloqueando la síntesis de TROMBOXANO A2 y con ella la agregación. Como la plaqueta carece de núcleo, no puede sintetizar COX nueva: el efecto dura los 7-10 días de vida de la plaqueta, y la recuperación de la hemostasia depende de la generación de plaquetas nuevas (en torno al 10% al día). A dosis bajas la acetilación es selectiva de la COX-1 plaquetaria y respeta la prostaciclina endotelial; a dosis altas se pierde esa selectividad, lo que explica por qué más dosis no significa más efecto antitrombótico y sí más sangrado.	Farmacoterapia::Hematología y antitrombóticos
¿Qué distingue a Ácido acetilsalicílico (dosis antiagregante) de los demás fármacos de su clase (Antiagregante plaquetario)?	<b>Inhibición IRREVERSIBLE de la COX-1 plaquetaria</b> a dosis bajas (75-100 mg): efecto que dura la vida de la plaqueta (7-10 días).	Farmacoterapia::Hematología y antitrombóticos
¿Cuál es la dosis de Ácido acetilsalicílico (dosis antiagregante) en Prevención secundaria cardiovascular (cardiopatía isquémica, ictus isquémico, arteriopatía periférica)?	75-100 mg/24 h — Una vez al día, vía VO	Farmacoterapia::Hematología y antitrombóticos
¿Cuál es la dosis de Ácido acetilsalicílico (dosis antiagregante) en Síndrome coronario agudo: fase aguda?	Carga de 150-300 mg MASTICADOS, después 75-100 mg/24 h — Dosis de carga única y mantenimiento diario, vía VO	Farmacoterapia::Hematología y antitrombóticos
¿Cuál es la dosis de Ácido acetilsalicílico (dosis antiagregante) en Doble antiagregación tras intervencionismo coronario percutáneo?	100 mg/24 h junto a clopidogrel, prasugrel o ticagrelor — Una vez al día, vía VO	Farmacoterapia::Hematología y antitrombóticos
¿Cuál es la dosis de Ácido acetilsalicílico (dosis antiagregante) en Prevención de la preeclampsia en la gestante de riesgo?	100-150 mg/24 h por la NOCHE, desde la semana 12 hasta la 36 — Una vez al día por la noche, vía VO	Farmacoterapia::Hematología y antitrombóticos
¿Cuánto dura el tratamiento con Ácido acetilsalicílico (dosis antiagregante)?	Indefinida en prevención secundaria.	Farmacoterapia::Hematología y antitrombóticos
¿Cómo se suspende Ácido acetilsalicílico (dosis antiagregante)?	En cirugía de bajo riesgo hemorrágico se MANTIENE. Si hay que suspenderlo, se hace 7 días antes. Retirarlo de forma innecesaria en un paciente con stent reciente es una causa evitable de trombosis del stent.	Farmacoterapia::Hematología y antitrombóticos
¿Qué hay que monitorizar durante el tratamiento con Ácido acetilsalicílico (dosis antiagregante)?	Ninguna analítica de rutina. Vigilancia clínica de sangrado digestivo, anemia ferropénica y síntomas dispépticos.	Farmacoterapia::Hematología y antitrombóticos
¿Cuál es la vida media de Ácido acetilsalicílico (dosis antiagregante)?	15-20 minutos del fármaco, pero efecto biológico de 7-10 DÍAS por su irreversibilidad. Esta disociación entre vida media y duración del efecto es la clave de su manejo perioperatorio.	Farmacoterapia::Hematología y antitrombóticos
¿Requiere Ácido acetilsalicílico (dosis antiagregante) ajuste en insuficiencia renal?	Evitar con FG por debajo de 30 salvo indicación cardiovascular clara; a dosis antiagregante el riesgo es menor que con dosis antiinflamatorias.	Farmacoterapia::Hematología y antitrombóticos
Interacción crítica de Ácido acetilsalicílico (dosis antiagregante) con IBUPROFENO: ¿qué ocurre y qué se hace?	Compite por el canal de la COX-1 y BLOQUEA el acceso del AAS, ANULANDO su efecto cardioprotector. Manejo: Tomar el AAS al menos 30 minutos ANTES del ibuprofeno, o 8 h después. Preferir paracetamol o un AINE que no interfiera	Farmacoterapia::Hematología y antitrombóticos
Interacción crítica de Ácido acetilsalicílico (dosis antiagregante) con Anticoagulantes (heparinas, antivitamina K, anticoagulantes directos): ¿qué ocurre y qué se hace?	Riesgo hemorrágico marcadamente aditivo. Manejo: Asociar solo con indicación firme y por el menor tiempo posible; añadir protección gástrica	Farmacoterapia::Hematología y antitrombóticos
Interacción crítica de Ácido acetilsalicílico (dosis antiagregante) con AINE y corticoides: ¿qué ocurre y qué se hace?	Sangrado y úlcera gastroduodenal. Manejo: Evitar la asociación; si es imprescindible, inhibidor de la bomba de protones	Farmacoterapia::Hematología y antitrombóticos
Interacción crítica de Ácido acetilsalicílico (dosis antiagregante) con Metotrexato: ¿qué ocurre y qué se hace?	Reduce su eliminación renal y aumenta su toxicidad hematológica. Manejo: Precaución con metotrexato a dosis altas	Farmacoterapia::Hematología y antitrombóticos
Efecto adverso grave de Ácido acetilsalicílico (dosis antiagregante): HEMORRAGIA DIGESTIVA ALTA por úlcera péptica — ¿en qué consiste?	HEMORRAGIA DIGESTIVA ALTA por úlcera péptica	Farmacoterapia::Hematología y antitrombóticos
Efecto adverso grave de Ácido acetilsalicílico (dosis antiagregante): Hemorragia intracraneal — ¿en qué consiste?	Hemorragia intracraneal (poco frecuente pero grave)	Farmacoterapia::Hematología y antitrombóticos
Efecto adverso grave de Ácido acetilsalicílico (dosis antiagregante): SÍNDROME DE REYE en niños y adolescentes con infección vírica — ¿en qué consiste?	SÍNDROME DE REYE en niños y adolescentes con infección vírica (gripe, varicela): encefalopatía y esteatosis hepática, potencialmente mortal	Farmacoterapia::Hematología y antitrombóticos
Efecto adverso grave de Ácido acetilsalicílico (dosis antiagregante): Broncoespasmo en la enfermedad respiratoria exacerbada por AAS — ¿en qué consiste?	Broncoespasmo en la enfermedad respiratoria exacerbada por AAS (asma, poliposis nasal e intolerancia a AINE: tríada de Widal)	Farmacoterapia::Hematología y antitrombóticos
Efecto adverso grave de Ácido acetilsalicílico (dosis antiagregante): Crisis gotosa por reducción de la excreción de ácido úrico a dosis bajas — ¿en qué consiste?	Crisis gotosa por reducción de la excreción de ácido úrico a dosis bajas	Farmacoterapia::Hematología y antitrombóticos
¿Está contraindicado Ácido acetilsalicílico (dosis antiagregante) en: Alergia o intolerancia conocida al AAS y a los AINE?	Sí — Alergia o intolerancia conocida al AAS y a los AINE (enfermedad respiratoria exacerbada por AAS)	Farmacoterapia::Hematología y antitrombóticos
¿Está contraindicado Ácido acetilsalicílico (dosis antiagregante) en: Hemorragia activa, úlcera péptica activa?	Sí — Hemorragia activa, úlcera péptica activa	Farmacoterapia::Hematología y antitrombóticos
¿Está contraindicado Ácido acetilsalicílico (dosis antiagregante) en: NIÑOS Y ADOLESCENTES con infección vírica, por el síndrome de Reye?	Sí — NIÑOS Y ADOLESCENTES con infección vírica, por el síndrome de Reye	Farmacoterapia::Hematología y antitrombóticos
¿Está contraindicado Ácido acetilsalicílico (dosis antiagregante) en: Hemofilia y otras coagulopatías graves?	Sí — Hemofilia y otras coagulopatías graves	Farmacoterapia::Hematología y antitrombóticos
¿Está contraindicado Ácido acetilsalicílico (dosis antiagregante) en: Tercer trimestre del embarazo a dosis analgésicas?	Sí — Tercer trimestre del embarazo a dosis analgésicas	Farmacoterapia::Hematología y antitrombóticos
Particularidad de Ácido acetilsalicílico (dosis antiagregante) que hay que tener en cuenta:	La disociación entre su vida media (20 minutos) y la duración de su efecto (7-10 días) es lo que gobierna todo su manejo práctico: no se puede revertir farmacológicamente, hay que esperar a que se generen plaquetas nuevas, y por eso se suspende 7 días antes de una cirugía de alto riesgo hemorrágico.	Farmacoterapia::Hematología y antitrombóticos
¿A qué clase farmacológica pertenece Clopidogrel?	Antiagregante plaquetario (Inhibidor P2Y12: tienopiridina, profármaco de acción irreversible)	Farmacoterapia::Hematología y antitrombóticos
¿Cuál es el mecanismo de acción de Clopidogrel?	Es un PROFÁRMACO que requiere dos pasos de activación hepática (CYP2C19 sobre todo) para generar un metabolito activo que se une de forma IRREVERSIBLE al receptor P2Y12 del ADP en la plaqueta. Al bloquear la vía del ADP impide la amplificación de la agregación y la activación de la glucoproteína IIb/IIIa. Como el AAS bloquea la vía del tromboxano, ambos actúan sobre vías distintas y su efecto es sinérgico: ese es el fundamento de la doble antiagregación.	Farmacoterapia::Hematología y antitrombóticos
¿Qué distingue a Clopidogrel de los demás fármacos de su clase (Antiagregante plaquetario)?	<b>Profármaco que requiere activación por CYP2C19</b>: metabolizadores lentos y omeprazol/esomeprazol reducen su eficacia (usar pantoprazol).	Farmacoterapia::Hematología y antitrombóticos
¿Cuál es la dosis de Clopidogrel en Doble antiagregación tras síndrome coronario agudo o implante de stent?	Carga de 300-600 mg, después 75 mg/24 h — Una vez al día, vía VO	Farmacoterapia::Hematología y antitrombóticos
¿Cuál es la dosis de Clopidogrel en Prevención secundaria en pacientes con intolerancia o alergia al AAS?	75 mg/24 h — Una vez al día, vía VO	Farmacoterapia::Hematología y antitrombóticos
¿Cuál es la dosis de Clopidogrel en Arteriopatía periférica sintomática?	75 mg/24 h — Una vez al día, vía VO	Farmacoterapia::Hematología y antitrombóticos
¿Cuál es la dosis de Clopidogrel en Ictus isquémico o accidente isquémico transitorio de alto riesgo?	Carga de 300 mg y después 75 mg/24 h junto a AAS durante 21 días, seguido de monoterapia — Una vez al día, vía VO	Farmacoterapia::Hematología y antitrombóticos
¿Cuánto dura el tratamiento con Clopidogrel?	La doble antiagregación dura 6-12 meses tras el stent según el balance isquémico-hemorrágico (más corta si el riesgo de sangrado es alto), y solo 21-30 días tras el ictus.	Farmacoterapia::Hematología y antitrombóticos
¿Cómo se suspende Clopidogrel?	Suspender 5-7 días antes de cirugía mayor. En un paciente con stent reciente, la decisión de suspender debe consultarse con cardiología: la trombosis del stent tiene alta mortalidad.	Farmacoterapia::Hematología y antitrombóticos
¿Qué hay que monitorizar durante el tratamiento con Clopidogrel?	Ninguna de rutina. Vigilancia de sangrado y de hemoglobina. Las pruebas de función plaquetaria y el genotipado de CYP2C19 no se recomiendan de forma sistemática, sino en casos seleccionados.	Farmacoterapia::Hematología y antitrombóticos
¿Cuál es la vida media de Clopidogrel?	El metabolito activo tiene vida media corta, pero la unión irreversible al receptor hace que el efecto dure toda la vida de la plaqueta (7-10 días).	Farmacoterapia::Hematología y antitrombóticos
¿Requiere Clopidogrel ajuste en insuficiencia renal?	No precisa ajuste, aunque la uremia añade disfunción plaquetaria.	Farmacoterapia::Hematología y antitrombóticos
Interacción crítica de Clopidogrel con AAS, anticoagulantes, AINE, ISRS: ¿qué ocurre y qué se hace?	Riesgo hemorrágico aditivo. Manejo: Limitar la duración de la terapia combinada y añadir protección gástrica	Farmacoterapia::Hematología y antitrombóticos
Efecto adverso grave de Clopidogrel: HEMORRAGIA MAYOR, sobre todo digestiva — ¿en qué consiste?	HEMORRAGIA MAYOR, sobre todo digestiva	Farmacoterapia::Hematología y antitrombóticos
Efecto adverso grave de Clopidogrel: PÚRPURA TROMBÓTICA TROMBOCITOPÉNICA — ¿en qué consiste?	PÚRPURA TROMBÓTICA TROMBOCITOPÉNICA (muy rara pero potencialmente mortal, típicamente en las primeras 2 semanas)	Farmacoterapia::Hematología y antitrombóticos
Efecto adverso grave de Clopidogrel: Neutropenia y aplasia medular — ¿en qué consiste?	Neutropenia y aplasia medular (raras)	Farmacoterapia::Hematología y antitrombóticos
Efecto adverso grave de Clopidogrel: Trombosis del stent si se suspende prematuramente — ¿en qué consiste?	Trombosis del stent si se suspende prematuramente	Farmacoterapia::Hematología y antitrombóticos
¿Está contraindicado Clopidogrel en: Hemorragia activa?	Sí — Hemorragia activa (úlcera péptica sangrante, hemorragia intracraneal)	Farmacoterapia::Hematología y antitrombóticos
¿Está contraindicado Clopidogrel en: Hipersensibilidad al fármaco?	Sí — Hipersensibilidad al fármaco	Farmacoterapia::Hematología y antitrombóticos
¿Está contraindicado Clopidogrel en: Insuficiencia hepática grave?	Sí — Insuficiencia hepática grave	Farmacoterapia::Hematología y antitrombóticos
Particularidad de Clopidogrel que hay que tener en cuenta:	Es un PROFÁRMACO, y de ahí derivan sus dos grandes problemas: los METABOLIZADORES LENTOS de CYP2C19 (hasta el 30% de la población, con mayor prevalencia en asiáticos) obtienen una antiagregación insuficiente, y cualquier inhibidor del CYP2C19 reproduce farmacológicamente ese mismo defecto. El ticagrelor, que no es profármaco, escapa a ambos problemas.	Farmacoterapia::Hematología y antitrombóticos
¿A qué clase farmacológica pertenece Sulfato ferroso (hierro oral)?	Hierro (hematínico) (Hierro oral: sal ferrosa (Fe2+))	Farmacoterapia::Hematología y antitrombóticos
¿Cuál es el mecanismo de acción de Sulfato ferroso (hierro oral)?	Aporta hierro FERROSO (Fe2+), la única forma que absorbe el transportador DMT1 del enterocito duodenal. El hierro absorbido se incorpora a la transferrina y se destina a la síntesis del grupo HEMO en el eritroblasto. La absorción está regulada por la HEPCIDINA hepática, que se eleva con la inflamación y con cada dosis de hierro: por eso el hierro oral se absorbe mal en los procesos inflamatorios y por eso dar dosis diarias repetidas es MENOS eficiente que darlas en días alternos.	Farmacoterapia::Hematología y antitrombóticos
¿Qué distingue a Sulfato ferroso (hierro oral) de los demás fármacos de su clase (Hierro (hematínico))?	<b>Hierro ORAL de primera línea</b>, barato y eficaz si se absorbe.	Farmacoterapia::Hematología y antitrombóticos
¿Cuál es la dosis de Sulfato ferroso (hierro oral) en Anemia ferropénica?	100-200 mg de hierro elemental al día, o 60-120 mg en DÍAS ALTERNOS — Una vez al día en ayunas, o en días alternos, vía VO	Farmacoterapia::Hematología y antitrombóticos
¿Cuál es la dosis de Sulfato ferroso (hierro oral) en Ferropenia sin anemia (astenia, síndrome de piernas inquietas, ferritina baja)?	60-100 mg de hierro elemental en días alternos — Días alternos, vía VO	Farmacoterapia::Hematología y antitrombóticos
¿Cuál es la dosis de Sulfato ferroso (hierro oral) en Profilaxis en el embarazo y en la mujer con menorragia?	30-60 mg de hierro elemental al día — Una vez al día, vía VO	Farmacoterapia::Hematología y antitrombóticos
¿Cuál es la dosis de Sulfato ferroso (hierro oral) en Ferropenia del lactante y del niño?	3-6 mg/kg/día de hierro elemental — 1-2 veces al día, vía VO	Farmacoterapia::Hematología y antitrombóticos
¿Cuánto dura el tratamiento con Sulfato ferroso (hierro oral)?	Hasta normalizar la hemoglobina y después 3 MESES MÁS para rellenar los depósitos, con objetivo de ferritina por encima de 100 ng/mL.	Farmacoterapia::Hematología y antitrombóticos
¿Cómo se suspende Sulfato ferroso (hierro oral)?	Se retira cuando los depósitos están repletos y la causa está corregida. Si la causa persiste (menorragia, malabsorción), el tratamiento puede ser prolongado o intermitente.	Farmacoterapia::Hematología y antitrombóticos
¿Qué hay que monitorizar durante el tratamiento con Sulfato ferroso (hierro oral)?	RETICULOCITOS a los 7-10 días (primera señal de respuesta), hemoglobina a las 4 semanas (debe subir al menos 2 g/dL) y FERRITINA al final para confirmar la repleción de depósitos.	Farmacoterapia::Hematología y antitrombóticos
¿Cuál es la vida media de Sulfato ferroso (hierro oral)?	No aplicable en el sentido convencional; los depósitos tardan meses en repletarse.	Farmacoterapia::Hematología y antitrombóticos
¿Requiere Sulfato ferroso (hierro oral) ajuste en insuficiencia renal?	En la enfermedad renal crónica suele preferirse el hierro INTRAVENOSO, porque la hepcidina elevada por la inflamación bloquea la absorción intestinal.	Farmacoterapia::Hematología y antitrombóticos
Interacción crítica de Sulfato ferroso (hierro oral) con LEVOTIROXINA, bisfosfonatos, quinolonas, tetraciclinas, dolutegravir, bictegravir, penicilamina: ¿qué ocurre y qué se hace?	QUELACIÓN mutua con pérdida de eficacia de AMBOS fármacos. Manejo: Separar al menos 2-4 horas. Es una de las interacciones por quelación más frecuentes de la prescripción habitual	Farmacoterapia::Hematología y antitrombóticos
Efecto adverso grave de Sulfato ferroso (hierro oral): INTOXICACIÓN AGUDA por ingesta accidental en niños — ¿en qué consiste?	INTOXICACIÓN AGUDA por ingesta accidental en niños: una de las causas más frecuentes de intoxicación mortal en la infancia, con gastroenteritis hemorrágica, shock, acidosis metabólica y necrosis hepática	Farmacoterapia::Hematología y antitrombóticos
Efecto adverso grave de Sulfato ferroso (hierro oral): Sobrecarga férrica con administración prolongada sin indicación — ¿en qué consiste?	Sobrecarga férrica con administración prolongada sin indicación	Farmacoterapia::Hematología y antitrombóticos
Efecto adverso grave de Sulfato ferroso (hierro oral): Ulceración esofágica si el comprimido queda retenido — ¿en qué consiste?	Ulceración esofágica si el comprimido queda retenido	Farmacoterapia::Hematología y antitrombóticos
¿Está contraindicado Sulfato ferroso (hierro oral) en: Hemocromatosis y otras situaciones de sobrecarga férrica?	Sí — Hemocromatosis y otras situaciones de sobrecarga férrica	Farmacoterapia::Hematología y antitrombóticos
¿Está contraindicado Sulfato ferroso (hierro oral) en: Anemias no ferropénicas?	Sí — Anemias no ferropénicas (talasemia, anemia sideroblástica) sin ferropenia asociada	Farmacoterapia::Hematología y antitrombóticos
¿Está contraindicado Sulfato ferroso (hierro oral) en: Hipersensibilidad al preparado?	Sí — Hipersensibilidad al preparado	Farmacoterapia::Hematología y antitrombóticos
Particularidad de Sulfato ferroso (hierro oral) que hay que tener en cuenta:	El cambio de práctica más útil de los últimos años: las dosis en DÍAS ALTERNOS se absorben MEJOR que las diarias. Cada dosis eleva la hepcidina durante unas 24 h y bloquea la absorción de la siguiente, de modo que dar hierro todos los días es contraproducente. Los días alternos consiguen más hierro absorbido con menos efectos digestivos.	Farmacoterapia::Hematología y antitrombóticos
¿A qué clase farmacológica pertenece Ácido tranexámico?	Hemostático y reversor de la anticoagulación (Análogo de la lisina)	Farmacoterapia::Hematología y antitrombóticos
¿Cuál es el mecanismo de acción de Ácido tranexámico?	Ocupa de forma reversible los sitios de unión a LISINA del PLASMINÓGENO, impidiendo que este se ancle a la fibrina y se convierta en plasmina activa sobre el coágulo. El resultado es que el coágulo ya formado NO se disuelve. No favorece la formación de trombos nuevos: solo impide la lisis del existente, y esa distinción es lo que explica su buen perfil de seguridad trombótica.	Farmacoterapia::Hematología y antitrombóticos
¿Qué distingue a Ácido tranexámico de los demás fármacos de su clase (Hemostático y reversor de la anticoagulación)?	<b>ANTIFIBRINOLÍTICO</b>: no revierte ningún anticoagulante; frena la lisis del coágulo ya formado.	Farmacoterapia::Hematología y antitrombóticos
¿Cuál es la dosis de Ácido tranexámico en Hemorragia traumática grave o con riesgo de sangrado significativo?	1 g IV en 10 minutos, seguido de 1 g en perfusión durante 8 h — Bolo y perfusión, vía IV	Farmacoterapia::Hematología y antitrombóticos
¿Cuál es la dosis de Ácido tranexámico en Hemorragia posparto?	1 g IV, repetible a los 30 minutos si persiste el sangrado — Dosis única repetible, vía IV	Farmacoterapia::Hematología y antitrombóticos
¿Cuál es la dosis de Ácido tranexámico en Menorragia (sangrado menstrual abundante)?	1 g/8 h durante los días de sangrado (máximo 4 días) — Cada 8 h, vía VO	Farmacoterapia::Hematología y antitrombóticos
¿Cuál es la dosis de Ácido tranexámico en Profilaxis y tratamiento del sangrado quirúrgico (cirugía cardiaca, ortopédica mayor)?	10-15 mg/kg IV antes de la incisión, con o sin perfusión posterior — Preoperatoria y perioperatoria, vía IV	Farmacoterapia::Hematología y antitrombóticos
¿Cuál es la dosis de Ácido tranexámico en Epistaxis y sangrado de mucosas, incluido el paciente anticoagulado?	Aplicación tópica con gasa empapada, o 1 g/8 h VO — Según el cuadro, vía Tópica o VO	Farmacoterapia::Hematología y antitrombóticos
¿Cuánto dura el tratamiento con Ácido tranexámico?	8 h en el traumatismo; los días de sangrado en la menorragia (máximo 4); perioperatoria en cirugía.	Farmacoterapia::Hematología y antitrombóticos
¿Cómo se suspende Ácido tranexámico?	Suspensión sin descenso progresivo.	Farmacoterapia::Hematología y antitrombóticos
¿Qué hay que monitorizar durante el tratamiento con Ácido tranexámico?	Clínica del sangrado; vigilancia de síntomas trombóticos; función renal para ajustar la dosis; convulsiones a dosis altas en cirugía cardiaca.	Farmacoterapia::Hematología y antitrombóticos
¿Cuál es la vida media de Ácido tranexámico?	2-3 h; se prolonga de forma marcada con el filtrado glomerular reducido.	Farmacoterapia::Hematología y antitrombóticos
¿Requiere Ácido tranexámico ajuste en insuficiencia renal?	OBLIGATORIO: reducir la dosis según el filtrado glomerular (aproximadamente a la mitad con FG 30-60 y a un cuarto por debajo de 30). La acumulación es la causa principal de las convulsiones.	Farmacoterapia::Hematología y antitrombóticos
Interacción crítica de Ácido tranexámico con Complejo protrombínico y factor VII activado: ¿qué ocurre y qué se hace?	Riesgo trombótico aditivo. Manejo: Usar solo con indicación clara en la hemorragia masiva	Farmacoterapia::Hematología y antitrombóticos
Interacción crítica de Ácido tranexámico con Fibrinolíticos (alteplasa, tenecteplasa): ¿qué ocurre y qué se hace?	Antagonismo directo de su mecanismo de acción. Manejo: Contraindicados de forma simultánea, salvo que se busque revertir la fibrinólisis	Farmacoterapia::Hematología y antitrombóticos
Efecto adverso grave de Ácido tranexámico: CONVULSIONES, dosis-dependientes, descritas sobre todo con dosis altas en cirugía cardiaca y en la insuficiencia renal no ajustada — ¿en qué consiste?	CONVULSIONES, dosis-dependientes, descritas sobre todo con dosis altas en cirugía cardiaca y en la insuficiencia renal no ajustada (por antagonismo de los receptores de glicina)	Farmacoterapia::Hematología y antitrombóticos
Efecto adverso grave de Ácido tranexámico: Fenómenos trombóticos — ¿en qué consiste?	Fenómenos trombóticos (poco frecuentes con las pautas habituales)	Farmacoterapia::Hematología y antitrombóticos
Efecto adverso grave de Ácido tranexámico: Alteración de la visión de los colores con el uso prolongado — ¿en qué consiste?	Alteración de la visión de los colores con el uso prolongado	Farmacoterapia::Hematología y antitrombóticos
Efecto adverso grave de Ácido tranexámico: Obstrucción de la vía urinaria por coágulos si se administra en hematuria de origen alto — ¿en qué consiste?	Obstrucción de la vía urinaria por coágulos si se administra en hematuria de origen alto	Farmacoterapia::Hematología y antitrombóticos
¿Está contraindicado Ácido tranexámico en: Enfermedad tromboembólica activa?	Sí — Enfermedad tromboembólica activa	Farmacoterapia::Hematología y antitrombóticos
¿Está contraindicado Ácido tranexámico en: HEMATURIA DE ORIGEN ALTO?	Sí — HEMATURIA DE ORIGEN ALTO (renal), por riesgo de obstrucción ureteral por coágulos	Farmacoterapia::Hematología y antitrombóticos
¿Está contraindicado Ácido tranexámico en: Coagulación intravascular diseminada activa?	Sí — Coagulación intravascular diseminada activa (salvo casos muy seleccionados y con hematología)	Farmacoterapia::Hematología y antitrombóticos
¿Está contraindicado Ácido tranexámico en: Convulsiones no controladas?	Sí — Convulsiones no controladas	Farmacoterapia::Hematología y antitrombóticos
¿Está contraindicado Ácido tranexámico en: Hipersensibilidad al fármaco?	Sí — Hipersensibilidad al fármaco	Farmacoterapia::Hematología y antitrombóticos
Particularidad de Ácido tranexámico que hay que tener en cuenta:	La VENTANA DE 3 HORAS en el traumatismo no es una recomendación blanda: administrado más tarde no solo pierde eficacia, sino que en los ensayos se asoció a MAYOR mortalidad por sangrado. La hora de la lesión, y no la de llegada al hospital, es la que cuenta.	Farmacoterapia::Hematología y antitrombóticos
¿A qué clase farmacológica pertenece Enoxaparina (heparina de bajo peso molecular)?	Anticoagulante parenteral (heparinas y fondaparinux) (Heparina de bajo peso molecular: inhibidor indirecto del factor Xa)	Farmacoterapia::Hematología y antitrombóticos
¿Cuál es el mecanismo de acción de Enoxaparina (heparina de bajo peso molecular)?	Se une a la ANTITROMBINA y multiplica por mil su capacidad de inactivar factores de la coagulación. Al ser cadenas cortas (menos de 18 sacáridos), no puede formar el puente ternario necesario para inactivar la TROMBINA (factor IIa) y actúa casi exclusivamente sobre el FACTOR Xa: el cociente anti-Xa/anti-IIa es de 3-4 a 1, frente al 1 a 1 de la heparina no fraccionada. De esa selectividad derivan sus tres ventajas: respuesta predecible sin controles, menor unión a proteínas y plaquetas (menos trombocitopenia inducida por heparina) y administración subcutánea cada 12-24 h.	Farmacoterapia::Hematología y antitrombóticos
¿Qué distingue a Enoxaparina (heparina de bajo peso molecular) de los demás fármacos de su clase (Anticoagulante parenteral (heparinas y fondaparinux))?	<b>La HBPM con MÁS evidencia</b> y la de referencia en síndrome coronario agudo, ETV y profilaxis.	Farmacoterapia::Hematología y antitrombóticos
¿Cuál es la dosis de Enoxaparina (heparina de bajo peso molecular) en Profilaxis de la enfermedad tromboembólica en el paciente médico o quirúrgico hospitalizado?	40 mg/24 h (20 mg/24 h si el peso es bajo o el filtrado glomerular está reducido) — Una vez al día, vía SC	Farmacoterapia::Hematología y antitrombóticos
¿Cuál es la dosis de Enoxaparina (heparina de bajo peso molecular) en Tratamiento de la trombosis venosa profunda y del tromboembolismo pulmonar?	1 mg/kg/12 h, o 1,5 mg/kg/24 h — Cada 12 h (preferida) o cada 24 h, vía SC	Farmacoterapia::Hematología y antitrombóticos
¿Cuál es la dosis de Enoxaparina (heparina de bajo peso molecular) en Enfermedad tromboembólica asociada a CÁNCER?	1 mg/kg/12 h el primer mes, después 1,5 mg/kg/24 h — Diaria o cada 12 h, vía SC	Farmacoterapia::Hematología y antitrombóticos
¿Cuál es la dosis de Enoxaparina (heparina de bajo peso molecular) en Síndrome coronario agudo sin elevación del ST?	1 mg/kg/12 h — Cada 12 h, vía SC	Farmacoterapia::Hematología y antitrombóticos
¿Cuál es la dosis de Enoxaparina (heparina de bajo peso molecular) en Anticoagulación en el embarazo (terapia puente o tratamiento)?	Profiláctica 40 mg/24 h; terapéutica 1 mg/kg/12 h — Diaria o cada 12 h, vía SC	Farmacoterapia::Hematología y antitrombóticos
¿Cuánto dura el tratamiento con Enoxaparina (heparina de bajo peso molecular)?	Profilaxis mientras dure el ingreso o el periodo de riesgo. Tratamiento: mínimo 3 meses en la enfermedad tromboembólica; indefinido si el episodio fue no provocado y con bajo riesgo hemorrágico, o mientras el cáncer esté activo.	Farmacoterapia::Hematología y antitrombóticos
¿Cómo se suspende Enoxaparina (heparina de bajo peso molecular)?	Suspensión sin necesidad de descenso progresivo. Antes de una punción neuroaxial hay que respetar 12 h desde la dosis profiláctica y 24 h desde la terapéutica.	Farmacoterapia::Hematología y antitrombóticos
¿Qué hay que monitorizar durante el tratamiento con Enoxaparina (heparina de bajo peso molecular)?	PLAQUETAS antes de empezar y periódicamente en tratamientos prolongados o tras cirugía, para detectar trombocitopenia inducida por heparina; función renal; hemoglobina; signos de sangrado.	Farmacoterapia::Hematología y antitrombóticos
¿Cuál es la vida media de Enoxaparina (heparina de bajo peso molecular)?	4-7 h; se prolonga de forma marcada con filtrado glomerular reducido.	Farmacoterapia::Hematología y antitrombóticos
¿Requiere Enoxaparina (heparina de bajo peso molecular) ajuste en insuficiencia renal?	FG 15-30: reducir a 1 mg/kg/24 h en tratamiento y a 20 mg/24 h en profilaxis. FG por debajo de 15: preferir HEPARINA NO FRACCIONADA, que no depende del riñón.	Farmacoterapia::Hematología y antitrombóticos
Interacción crítica de Enoxaparina (heparina de bajo peso molecular) con Antiagregantes (AAS, clopidogrel), AINE, anticoagulantes orales: ¿qué ocurre y qué se hace?	Riesgo hemorrágico aditivo. Manejo: Combinar solo cuando exista indicación clara; evitar AINE, y valorar protección gástrica	Farmacoterapia::Hematología y antitrombóticos
Interacción crítica de Enoxaparina (heparina de bajo peso molecular) con Anestesia neuroaxial y punción lumbar: ¿qué ocurre y qué se hace?	HEMATOMA EPIDURAL o espinal con paraplejía. Manejo: Respetar 12 h (dosis profiláctica) o 24 h (terapéutica) antes de la punción y 4 h después de retirar el catéter	Farmacoterapia::Hematología y antitrombóticos
Efecto adverso grave de Enoxaparina (heparina de bajo peso molecular): HEMORRAGIA MAYOR — ¿en qué consiste?	HEMORRAGIA MAYOR: digestiva, intracraneal o retroperitoneal (esta última con dolor lumbar o inguinal y anemización, fácil de pasar por alto)	Farmacoterapia::Hematología y antitrombóticos
Efecto adverso grave de Enoxaparina (heparina de bajo peso molecular): TROMBOCITOPENIA INDUCIDA POR HEPARINA tipo II — ¿en qué consiste?	TROMBOCITOPENIA INDUCIDA POR HEPARINA tipo II: mediada por anticuerpos frente al complejo heparina-factor 4 plaquetario, PROTROMBÓTICA pese a la trombopenia; menos frecuente que con heparina no fraccionada pero posible	Farmacoterapia::Hematología y antitrombóticos
Efecto adverso grave de Enoxaparina (heparina de bajo peso molecular): HEMATOMA EPIDURAL tras punción neuroaxial — ¿en qué consiste?	HEMATOMA EPIDURAL tras punción neuroaxial	Farmacoterapia::Hematología y antitrombóticos
Efecto adverso grave de Enoxaparina (heparina de bajo peso molecular): Osteoporosis en tratamientos muy prolongados — ¿en qué consiste?	Osteoporosis en tratamientos muy prolongados (menor que con heparina no fraccionada)	Farmacoterapia::Hematología y antitrombóticos
Efecto adverso grave de Enoxaparina (heparina de bajo peso molecular): Necrosis cutánea en el punto de inyección — ¿en qué consiste?	Necrosis cutánea en el punto de inyección	Farmacoterapia::Hematología y antitrombóticos
¿Está contraindicado Enoxaparina (heparina de bajo peso molecular) en: Hemorragia activa mayor?	Sí — Hemorragia activa mayor	Farmacoterapia::Hematología y antitrombóticos
¿Está contraindicado Enoxaparina (heparina de bajo peso molecular) en: Antecedente de trombocitopenia inducida por heparina?	Sí — Antecedente de trombocitopenia inducida por heparina	Farmacoterapia::Hematología y antitrombóticos
¿Está contraindicado Enoxaparina (heparina de bajo peso molecular) en: Hemorragia intracraneal reciente?	Sí — Hemorragia intracraneal reciente	Farmacoterapia::Hematología y antitrombóticos
¿Está contraindicado Enoxaparina (heparina de bajo peso molecular) en: Endocarditis infecciosa aguda con vegetaciones?	Sí — Endocarditis infecciosa aguda con vegetaciones (contraindicación relativa)	Farmacoterapia::Hematología y antitrombóticos
¿Está contraindicado Enoxaparina (heparina de bajo peso molecular) en: Punción neuroaxial reciente sin respetar los intervalos?	Sí — Punción neuroaxial reciente sin respetar los intervalos	Farmacoterapia::Hematología y antitrombóticos
Particularidad de Enoxaparina (heparina de bajo peso molecular) que hay que tener en cuenta:	La TROMBOCITOPENIA INDUCIDA POR HEPARINA tipo II es contraintuitiva y hay que tenerla presente: el paciente tiene POCAS plaquetas y sin embargo TROMBOSA. Se sospecha por la regla de las 4 T (trombopenia de más del 50% entre los días 5 y 10, trombosis nueva, ausencia de otra causa). El tratamiento es RETIRAR TODA HEPARINA y anticoagular con un inhibidor directo de la trombina, NUNCA transfundir plaquetas ni pasar a antivitamina K en fase aguda.	Farmacoterapia::Hematología y antitrombóticos
¿A qué clase farmacológica pertenece Heparina sódica no fraccionada?	Anticoagulante parenteral (heparinas y fondaparinux) (Heparina no fraccionada: inhibidor indirecto de trombina y factor Xa)	Farmacoterapia::Hematología y antitrombóticos
¿Cuál es el mecanismo de acción de Heparina sódica no fraccionada?	Se une a la ANTITROMBINA a través de un pentasacárido específico y acelera mil veces su acción. Al tratarse de cadenas LARGAS, puede formar el puente ternario heparina-antitrombina-trombina y por tanto inactiva por igual la TROMBINA (IIa) y el factor Xa (cociente 1 a 1). Su unión inespecífica a proteínas plasmáticas, a células endoteliales y a macrófagos explica su respuesta impredecible y la necesidad de monitorizar el TTPA.	Farmacoterapia::Hematología y antitrombóticos
¿Qué distingue a Heparina sódica no fraccionada de los demás fármacos de su clase (Anticoagulante parenteral (heparinas y fondaparinux))?	<b>Vida media CORTA (60-90 min) y REVERSIBLE por completo con protamina</b>: de elección cuando puede necesitarse una reversión rápida (cirugía inminente, alto riesgo hemorrágico) y en la <b>insuficiencia renal grave</b>.	Farmacoterapia::Hematología y antitrombóticos
¿Cuál es la dosis de Heparina sódica no fraccionada en Anticoagulación terapéutica en el paciente con insuficiencia renal grave o alto riesgo hemorrágico?	Bolo de 80 UI/kg seguido de perfusión de 18 UI/kg/h, ajustada por TTPA — Perfusión continua, vía IV	Farmacoterapia::Hematología y antitrombóticos
¿Cuál es la dosis de Heparina sódica no fraccionada en Tromboembolismo pulmonar de alto riesgo (con inestabilidad hemodinámica)?	Bolo de 80 UI/kg y perfusión ajustada por TTPA — Perfusión continua, vía IV	Farmacoterapia::Hematología y antitrombóticos
¿Cuál es la dosis de Heparina sódica no fraccionada en Síndrome coronario agudo y intervencionismo coronario percutáneo?	Bolo de 60-70 UI/kg (máximo 5000 UI) y perfusión de 12-15 UI/kg/h — Perfusión continua, vía IV	Farmacoterapia::Hematología y antitrombóticos
¿Cuál es la dosis de Heparina sódica no fraccionada en Anticoagulación de circuitos extracorpóreos (hemodiálisis, ECMO)?	Según protocolo del circuito — Perfusión o bolos, vía IV	Farmacoterapia::Hematología y antitrombóticos
¿A qué objetivo se ajusta la dosis de Heparina sódica no fraccionada en Anticoagulación de circuitos extracorpóreos (hemodiálisis, ECMO)?	Tiempo de coagulación activado según el protocolo de la unidad (habitualmente 180-220 s en ECMO)	Farmacoterapia::Hematología y antitrombóticos
¿Cuál es la dosis de Heparina sódica no fraccionada en Profilaxis tromboembólica en insuficiencia renal grave?	5000 UI/8-12 h — Cada 8-12 h, vía SC	Farmacoterapia::Hematología y antitrombóticos
¿Cuánto dura el tratamiento con Heparina sódica no fraccionada?	Habitualmente días, como puente hasta un anticoagulante oral o hasta que el escenario agudo se resuelva.	Farmacoterapia::Hematología y antitrombóticos
¿Cómo se suspende Heparina sódica no fraccionada?	Suspensión SIN descenso progresivo: su efecto desaparece en 1-2 h. Si se pasa a antivitamina K, hay que solapar al menos 5 días y hasta dos INR en rango.	Farmacoterapia::Hematología y antitrombóticos
¿Qué hay que monitorizar durante el tratamiento con Heparina sódica no fraccionada?	TTPA o actividad anti-Xa a las 6 h del inicio y de cada cambio, después cada 24 h; PLAQUETAS cada 2-3 días (riesgo de trombocitopenia inducida por heparina, mayor que con las de bajo peso molecular); hemoglobina y potasio.	Farmacoterapia::Hematología y antitrombóticos
¿Cuál es la vida media de Heparina sódica no fraccionada?	60-90 minutos, dosis-dependiente. Esa brevedad es su gran ventaja en el paciente inestable.	Farmacoterapia::Hematología y antitrombóticos
¿Requiere Heparina sódica no fraccionada ajuste en insuficiencia renal?	NO precisa ajuste: es la principal razón para elegirla frente a la de bajo peso molecular.	Farmacoterapia::Hematología y antitrombóticos
Interacción crítica de Heparina sódica no fraccionada con Antiagregantes, AINE, trombolíticos, anticoagulantes orales: ¿qué ocurre y qué se hace?	Riesgo hemorrágico aditivo. Manejo: Asociar solo con indicación clara y vigilancia estrecha	Farmacoterapia::Hematología y antitrombóticos
Interacción crítica de Heparina sódica no fraccionada con Anestesia neuroaxial: ¿qué ocurre y qué se hace?	Hematoma espinal. Manejo: Suspender la perfusión y comprobar la normalización del TTPA antes de la punción	Farmacoterapia::Hematología y antitrombóticos
Efecto adverso grave de Heparina sódica no fraccionada: HEMORRAGIA MAYOR — ¿en qué consiste?	HEMORRAGIA MAYOR	Farmacoterapia::Hematología y antitrombóticos
Efecto adverso grave de Heparina sódica no fraccionada: TROMBOCITOPENIA INDUCIDA POR HEPARINA tipo II, más frecuente que con las heparinas de bajo peso molecular — ¿en qué consiste?	TROMBOCITOPENIA INDUCIDA POR HEPARINA tipo II, más frecuente que con las heparinas de bajo peso molecular (hasta el 3-5% en cirugía cardiaca)	Farmacoterapia::Hematología y antitrombóticos
Efecto adverso grave de Heparina sódica no fraccionada: OSTEOPOROSIS con fracturas en tratamientos prolongados — ¿en qué consiste?	OSTEOPOROSIS con fracturas en tratamientos prolongados (más de 3 meses)	Farmacoterapia::Hematología y antitrombóticos
Efecto adverso grave de Heparina sódica no fraccionada: Necrosis cutánea y reacciones de hipersensibilidad — ¿en qué consiste?	Necrosis cutánea y reacciones de hipersensibilidad	Farmacoterapia::Hematología y antitrombóticos
Efecto adverso grave de Heparina sódica no fraccionada: Hipoaldosteronismo con hiperpotasemia grave — ¿en qué consiste?	Hipoaldosteronismo con hiperpotasemia grave	Farmacoterapia::Hematología y antitrombóticos
¿Está contraindicado Heparina sódica no fraccionada en: Hemorragia activa mayor?	Sí — Hemorragia activa mayor	Farmacoterapia::Hematología y antitrombóticos
¿Está contraindicado Heparina sódica no fraccionada en: Antecedente de trombocitopenia inducida por heparina?	Sí — Antecedente de trombocitopenia inducida por heparina	Farmacoterapia::Hematología y antitrombóticos
¿Está contraindicado Heparina sódica no fraccionada en: Hemorragia intracraneal reciente?	Sí — Hemorragia intracraneal reciente	Farmacoterapia::Hematología y antitrombóticos
¿Está contraindicado Heparina sódica no fraccionada en: Hipertensión arterial grave no controlada?	Sí — Hipertensión arterial grave no controlada	Farmacoterapia::Hematología y antitrombóticos
¿Está contraindicado Heparina sódica no fraccionada en: Cirugía reciente del sistema nervioso central o del ojo?	Sí — Cirugía reciente del sistema nervioso central o del ojo	Farmacoterapia::Hematología y antitrombóticos
Particularidad de Heparina sódica no fraccionada que hay que tener en cuenta:	Se elige por dos motivos muy concretos: porque se REVIERTE por completo con protamina y porque su efecto desaparece en 1-2 horas. Es decir, se usa precisamente cuando se prevé que puede hacer falta apagarla deprisa: paciente inestable, candidato a fibrinólisis o a cirugía urgente, o alto riesgo hemorrágico.	Farmacoterapia::Hematología y antitrombóticos
¿A qué clase farmacológica pertenece Apixabán?	Anticoagulante oral (ACOD: inhibidor directo del factor Xa (dos tomas))	Farmacoterapia::Hematología y antitrombóticos
¿Cuál es el mecanismo de acción de Apixabán?	Inhibe de forma directa, selectiva y reversible el FACTOR Xa, tanto el libre como el unido al complejo protrombinasa y el ligado al coágulo, sin necesidad de antitrombina como cofactor. Al actuar sobre un único factor situado en el punto de convergencia de las vías intrínseca y extrínseca, produce una anticoagulación PREVISIBLE que no requiere controles ni ajustes dietéticos, a diferencia de los antivitamina K, que deplecionan cuatro factores por una vía indirecta y lenta.	Farmacoterapia::Hematología y antitrombóticos
¿Qué distingue a Apixabán de los demás fármacos de su clase (Anticoagulante oral)?	<b>El ACOD con MENOS SANGRADO</b> (incluido digestivo) en los ensayos y estudios observacionales (ARISTOTLE).	Farmacoterapia::Hematología y antitrombóticos
¿Cuál es la dosis de Apixabán en Prevención de ictus en la fibrilación auricular NO valvular?	5 mg/12 h; 2,5 mg/12 h si cumple 2 de 3 criterios: edad 80 años o más, peso 60 kg o menos, creatinina 1,5 mg/dL o más — Cada 12 h, vía VO	Farmacoterapia::Hematología y antitrombóticos
¿Cuál es la dosis de Apixabán en Tratamiento de la trombosis venosa profunda y del tromboembolismo pulmonar?	10 mg/12 h durante 7 días, después 5 mg/12 h — Cada 12 h, vía VO	Farmacoterapia::Hematología y antitrombóticos
¿Cuál es la dosis de Apixabán en Prevención secundaria prolongada de la enfermedad tromboembólica?	2,5 mg/12 h a partir de los 6 meses — Cada 12 h, vía VO	Farmacoterapia::Hematología y antitrombóticos
¿Cuál es la dosis de Apixabán en Profilaxis tras artroplastia de cadera o rodilla?	2,5 mg/12 h — Cada 12 h, vía VO	Farmacoterapia::Hematología y antitrombóticos
¿Cuánto dura el tratamiento con Apixabán?	Indefinida en la fibrilación auricular. Mínimo 3 meses en la enfermedad tromboembólica, prolongado o indefinido según si fue provocada o no.	Farmacoterapia::Hematología y antitrombóticos
¿Cómo se suspende Apixabán?	Suspensión 24-48 h antes de cirugía según el riesgo hemorrágico y la función renal. NO requiere terapia puente con heparina en la mayoría de los casos: hacerla aumenta el sangrado sin reducir la trombosis.	Farmacoterapia::Hematología y antitrombóticos
¿Qué hay que monitorizar durante el tratamiento con Apixabán?	NO precisa control de coagulación. Se monitoriza la FUNCIÓN RENAL al menos anualmente (más a menudo si el aclaramiento es menor de 60 o el paciente es anciano), el hemograma y, sobre todo, la ADHERENCIA.	Farmacoterapia::Hematología y antitrombóticos
¿Cuál es la vida media de Apixabán?	12 h, que sostiene la posología cada 12 h.	Farmacoterapia::Hematología y antitrombóticos
¿Requiere Apixabán ajuste en insuficiencia renal?	Reducir a 2,5 mg/12 h si cumple 2 de los 3 criterios clínicos, o si el aclaramiento está entre 15 y 29 mL/min. Por debajo de 15 no está autorizado de forma general, aunque es el que más se ha usado en diálisis.	Farmacoterapia::Hematología y antitrombóticos
Interacción crítica de Apixabán con Inhibidores potentes de CYP3A4 y glucoproteína P: ketoconazol, itraconazol, ritonavir, claritromicina: ¿qué ocurre y qué se hace?	Aumento marcado de las concentraciones con riesgo HEMORRÁGICO. Manejo: Evitar la combinación; si es imprescindible, reducir la dosis o cambiar de anticoagulante	Farmacoterapia::Hematología y antitrombóticos
Interacción crítica de Apixabán con Inductores potentes: rifampicina, carbamazepina, fenitoína, fenobarbital, hierba de San Juan: ¿qué ocurre y qué se hace?	Descenso de las concentraciones con riesgo de TROMBOSIS. Manejo: Contraindicados; usar antivitamina K si el inductor no puede retirarse	Farmacoterapia::Hematología y antitrombóticos
Interacción crítica de Apixabán con Antiagregantes y AINE: ¿qué ocurre y qué se hace?	Riesgo hemorrágico aditivo, sobre todo digestivo. Manejo: Evitar los AINE; la triple terapia con doble antiagregación se limita al menor tiempo posible tras un intervencionismo coronario	Farmacoterapia::Hematología y antitrombóticos
Efecto adverso grave de Apixabán: HEMORRAGIA MAYOR digestiva o genitourinaria — ¿en qué consiste?	HEMORRAGIA MAYOR digestiva o genitourinaria	Farmacoterapia::Hematología y antitrombóticos
Efecto adverso grave de Apixabán: Hemorragia intracraneal — ¿en qué consiste?	Hemorragia intracraneal (netamente MENOS frecuente que con antivitamina K: es su principal ventaja clínica)	Farmacoterapia::Hematología y antitrombóticos
Efecto adverso grave de Apixabán: Sangrado por acumulación en la insuficiencia renal no detectada — ¿en qué consiste?	Sangrado por acumulación en la insuficiencia renal no detectada	Farmacoterapia::Hematología y antitrombóticos
Efecto adverso grave de Apixabán: Trombosis por dosis insuficiente o por mala adherencia — ¿en qué consiste?	Trombosis por dosis insuficiente o por mala adherencia	Farmacoterapia::Hematología y antitrombóticos
¿Está contraindicado Apixabán en: Hemorragia activa clínicamente significativa?	Sí — Hemorragia activa clínicamente significativa	Farmacoterapia::Hematología y antitrombóticos
¿Está contraindicado Apixabán en: PRÓTESIS VALVULAR MECÁNICA y ESTENOSIS MITRAL REUMÁTICA moderada-grave?	Sí — PRÓTESIS VALVULAR MECÁNICA y ESTENOSIS MITRAL REUMÁTICA moderada-grave (en ambas, solo antivitamina K)	Farmacoterapia::Hematología y antitrombóticos
¿Está contraindicado Apixabán en: Síndrome antifosfolípido con triple positividad?	Sí — Síndrome antifosfolípido con triple positividad	Farmacoterapia::Hematología y antitrombóticos
¿Está contraindicado Apixabán en: Hepatopatía con coagulopatía?	Sí — Hepatopatía con coagulopatía (Child C)	Farmacoterapia::Hematología y antitrombóticos
¿Está contraindicado Apixabán en: Embarazo y lactancia?	Sí — Embarazo y lactancia	Farmacoterapia::Hematología y antitrombóticos
Particularidad de Apixabán que hay que tener en cuenta:	El error más frecuente y más grave con esta clase es prescribirlos en una PRÓTESIS VALVULAR MECÁNICA o en una estenosis mitral reumática: el ensayo con dabigatrán en prótesis mecánicas se detuvo por exceso de trombosis y de sangrado. En esas dos situaciones el único anticoagulante válido sigue siendo el antivitamina K.	Farmacoterapia::Hematología y antitrombóticos
¿A qué clase farmacológica pertenece Acenocumarol?	Anticoagulante oral (Antivitamina K de vida media corta)	Farmacoterapia::Hematología y antitrombóticos
¿Cuál es el mecanismo de acción de Acenocumarol?	Inhibe la enzima VITAMINA K EPÓXIDO REDUCTASA (VKORC1), impidiendo regenerar la vitamina K reducida necesaria para la gamma-carboxilación de los factores II, VII, IX y X y de las proteínas C y S. No inactiva los factores ya circulantes: el efecto aparece a medida que estos se van consumiendo, lo que explica el retraso de 3-5 días en alcanzar la anticoagulación plena. Como la PROTEÍNA C tiene una vida media MUY CORTA (8 h), en las primeras horas cae antes que los factores procoagulantes y se genera un estado transitoriamente PROTROMBÓTICO: ese es el fundamento de la necrosis cutánea cumarínica y de la necesidad de solapar con heparina.	Farmacoterapia::Hematología y antitrombóticos
¿Qué distingue a Acenocumarol de los demás fármacos de su clase (Anticoagulante oral)?	<b>El AVK de referencia en algunos países europeos</b> (en el resto, la warfarina); <b>vida media CORTA (8-11 h)</b>: INR más inestable que con warfarina y más sensible a los olvidos, pero desaparece antes.	Farmacoterapia::Hematología y antitrombóticos
¿Cuál es la dosis de Acenocumarol en Prótesis valvular MECÁNICA?	Individualizada según INR (objetivo 2,5-3,5 según posición y tipo de prótesis) — Una vez al día, a la misma hora, vía VO	Farmacoterapia::Hematología y antitrombóticos
¿A qué objetivo se ajusta la dosis de Acenocumarol en Prótesis valvular MECÁNICA?	INR 2,5-3,5 (2-3 en prótesis aórtica de bajo riesgo)	Farmacoterapia::Hematología y antitrombóticos
¿Cuál es la dosis de Acenocumarol en Fibrilación auricular VALVULAR (estenosis mitral reumática o prótesis mecánica)?	Ajustada a INR 2-3 — Una vez al día, vía VO	Farmacoterapia::Hematología y antitrombóticos
¿A qué objetivo se ajusta la dosis de Acenocumarol en Fibrilación auricular VALVULAR (estenosis mitral reumática o prótesis mecánica)?	INR 2-3	Farmacoterapia::Hematología y antitrombóticos
¿Cuál es la dosis de Acenocumarol en Síndrome antifosfolípido, especialmente con triple positividad?	Ajustada a INR 2-3 (o 3-4 en trombosis recurrente) — Una vez al día, vía VO	Farmacoterapia::Hematología y antitrombóticos
¿A qué objetivo se ajusta la dosis de Acenocumarol en Síndrome antifosfolípido, especialmente con triple positividad?	INR 2-3, o 3-4 si hay trombosis recurrente pese a rango correcto	Farmacoterapia::Hematología y antitrombóticos
¿Cuál es la dosis de Acenocumarol en Enfermedad tromboembólica venosa cuando no se puede usar un anticoagulante directo?	Ajustada a INR 2-3, con solapamiento inicial con heparina — Una vez al día, vía VO	Farmacoterapia::Hematología y antitrombóticos
¿A qué objetivo se ajusta la dosis de Acenocumarol en Enfermedad tromboembólica venosa cuando no se puede usar un anticoagulante directo?	INR 2-3	Farmacoterapia::Hematología y antitrombóticos
¿Cuánto dura el tratamiento con Acenocumarol?	Indefinida en la prótesis mecánica y en la fibrilación auricular valvular; según indicación en el resto.	Farmacoterapia::Hematología y antitrombóticos
¿Cómo se suspende Acenocumarol?	Suspender 3-5 días antes de una cirugía, comprobando el INR. La terapia PUENTE con heparina solo se hace en pacientes de ALTO riesgo trombótico (prótesis mecánica, ictus reciente, trombosis reciente); en el resto añade sangrado sin beneficio.	Farmacoterapia::Hematología y antitrombóticos
¿Qué hay que monitorizar durante el tratamiento con Acenocumarol?	INR, que es el único parámetro válido. Objetivo 2-3 en la mayoría de las indicaciones y 2,5-3,5 en prótesis mecánicas mitrales o de alto riesgo. Valorar el TIEMPO EN RANGO TERAPÉUTICO: por debajo del 65% hay que replantear el tratamiento.	Farmacoterapia::Hematología y antitrombóticos
¿Cuál es la vida media de Acenocumarol?	8-11 h el acenocumarol (frente a 40 h la warfarina): por eso el acenocumarol es más maniobrable pero también más lábil frente a los olvidos.	Farmacoterapia::Hematología y antitrombóticos
¿Requiere Acenocumarol ajuste en insuficiencia renal?	No precisa ajuste de dosis, pero la uremia altera la función plaquetaria y aumenta el riesgo hemorrágico.	Farmacoterapia::Hematología y antitrombóticos
Interacción crítica de Acenocumarol con Antibióticos: cotrimoxazol, metronidazol, ciprofloxacino, macrólidos, fluconazol: ¿qué ocurre y qué se hace?	Inhiben el CYP2C9 y destruyen la flora productora de vitamina K: elevación importante del INR con riesgo de hemorragia. Manejo: Controlar el INR a los 3-5 días de iniciar cualquier antibiótico y reducir la dosis de forma anticipada	Farmacoterapia::Hematología y antitrombóticos
Interacción crítica de Acenocumarol con AMIODARONA: ¿qué ocurre y qué se hace?	Inhibición del metabolismo con elevación del INR que aparece de forma diferida y persiste semanas por su larga vida media. Manejo: Reducir la dosis del cumarínico entre un 30 y un 50% al iniciar amiodarona y controlar el INR estrechamente	Farmacoterapia::Hematología y antitrombóticos
Interacción crítica de Acenocumarol con Rifampicina, carbamazepina, fenitoína, hierba de San Juan: ¿qué ocurre y qué se hace?	Inducción enzimática con caída del INR y riesgo de TROMBOSIS. Manejo: Aumentar la dosis con controles frecuentes; recordar reducirla al retirar el inductor	Farmacoterapia::Hematología y antitrombóticos
Interacción crítica de Acenocumarol con AINE, AAS, antiagregantes, ISRS: ¿qué ocurre y qué se hace?	Riesgo hemorrágico aditivo, digestivo sobre todo, incluso sin cambio del INR. Manejo: Evitar los AINE; usar paracetamol como analgésico y valorar protección gástrica	Farmacoterapia::Hematología y antitrombóticos
Efecto adverso grave de Acenocumarol: HEMORRAGIA MAYOR, incluida la INTRACRANEAL — ¿en qué consiste?	HEMORRAGIA MAYOR, incluida la INTRACRANEAL (más frecuente que con los anticoagulantes directos)	Farmacoterapia::Hematología y antitrombóticos
Efecto adverso grave de Acenocumarol: NECROSIS CUTÁNEA CUMARÍNICA en los primeros días, en zonas de tejido graso — ¿en qué consiste?	NECROSIS CUTÁNEA CUMARÍNICA en los primeros días, en zonas de tejido graso (mama, muslo, nalga), especialmente en el déficit de proteína C o S	Farmacoterapia::Hematología y antitrombóticos
Efecto adverso grave de Acenocumarol: SÍNDROME DEL DEDO AZUL por microembolias de colesterol — ¿en qué consiste?	SÍNDROME DEL DEDO AZUL por microembolias de colesterol	Farmacoterapia::Hematología y antitrombóticos
Efecto adverso grave de Acenocumarol: TERATOGENIA — ¿en qué consiste?	TERATOGENIA: embriopatía warfarínica con hipoplasia nasal y punteado epifisario si se usa entre las semanas 6 y 12	Farmacoterapia::Hematología y antitrombóticos
Efecto adverso grave de Acenocumarol: Calcificación vascular y osteoporosis en tratamientos muy prolongados — ¿en qué consiste?	Calcificación vascular y osteoporosis en tratamientos muy prolongados	Farmacoterapia::Hematología y antitrombóticos
¿Está contraindicado Acenocumarol en: EMBARAZO, sobre todo el primer trimestre?	Sí — EMBARAZO, sobre todo el primer trimestre (teratógeno) y el final de la gestación (hemorragia fetal)	Farmacoterapia::Hematología y antitrombóticos
¿Está contraindicado Acenocumarol en: Hemorragia activa mayor?	Sí — Hemorragia activa mayor	Farmacoterapia::Hematología y antitrombóticos
¿Está contraindicado Acenocumarol en: Hepatopatía grave con coagulopatía?	Sí — Hepatopatía grave con coagulopatía	Farmacoterapia::Hematología y antitrombóticos
¿Está contraindicado Acenocumarol en: Hipertensión arterial grave no controlada?	Sí — Hipertensión arterial grave no controlada	Farmacoterapia::Hematología y antitrombóticos
¿Está contraindicado Acenocumarol en: Riesgo elevado de caídas con mal cumplimiento y sin posibilidad de control del INR?	Sí — Riesgo elevado de caídas con mal cumplimiento y sin posibilidad de control del INR	Farmacoterapia::Hematología y antitrombóticos
Particularidad de Acenocumarol que hay que tener en cuenta:	Pese a la llegada de los anticoagulantes directos, sigue siendo INSUSTITUIBLE en tres escenarios que hay que tener siempre presentes: PRÓTESIS VALVULAR MECÁNICA, ESTENOSIS MITRAL REUMÁTICA y SÍNDROME ANTIFOSFOLÍPIDO con triple positividad. En ellos los directos han demostrado ser peores.	Farmacoterapia::Hematología y antitrombóticos
¿A qué clase farmacológica pertenece Ácido fólico y vitamina B12?	Visión de clase: ácido fólico y vitamina B12 (Vitaminas del complejo B implicadas en la síntesis de ADN)	Farmacoterapia::Hematología y antitrombóticos
¿Cuál es el mecanismo de acción de Ácido fólico y vitamina B12?	Ambas convergen en la misma reacción y por eso su déficit produce la misma anemia. El FOLATO, en forma de metilentetrahidrofolato, cede un grupo metilo para convertir el dUMP en dTMP, es decir, para fabricar TIMIDINA. Sin timidina no se sintetiza ADN, la célula no puede dividirse pero sigue creciendo, y de ahí la MEGALOBLASTOSIS: núcleos inmaduros en células de citoplasma maduro, con hipersegmentación de los neutrófilos y hematopoyesis ineficaz. La VITAMINA B12 es el cofactor de dos reacciones: la metionina sintasa, que regenera el tetrahidrofolato a partir del metiltetrahidrofolato (por eso su déficit produce una TRAMPA DEL FOLATO y una anemia idéntica), y la metilmalonil-CoA mutasa, que NO depende del folato y cuyo fallo acumula ácido metilmalónico y propionato, alterando la síntesis de mielina. Esa segunda reacción, exclusiva de la B12, es la que explica la afectación NEUROLÓGICA y la razón por la que dar folato a un paciente con déficit de B12 corrige la anemia mientras la médula espinal sigue degenerándose.	Farmacoterapia::Hematología y antitrombóticos
¿Cuál es la dosis de Ácido fólico y vitamina B12 en ANEMIA MEGALOBLÁSTICA por déficit de B12 y ANEMIA PERNICIOSA?	Hidroxocobalamina 1 mg IM en días alternos durante 1-2 semanas y después 1 mg cada 1-3 MESES de por vida — Intramuscular mensual o trimestral, indefinida, vía IM	Farmacoterapia::Hematología y antitrombóticos
¿A qué objetivo se ajusta la dosis de Ácido fólico y vitamina B12 en ANEMIA MEGALOBLÁSTICA por déficit de B12 y ANEMIA PERNICIOSA?	Normalización del hemograma, del ácido metilmalónico y estabilización o mejoría neurológica	Farmacoterapia::Hematología y antitrombóticos
¿Cuál es la dosis de Ácido fólico y vitamina B12 en PROFILAXIS PRECONCEPCIONAL de los defectos del tubo neural?	Ácido fólico 0,4 mg al día desde al menos 1 MES ANTES de la concepción hasta la semana 12 — Una toma diaria, vía VO	Farmacoterapia::Hematología y antitrombóticos
¿A qué objetivo se ajusta la dosis de Ácido fólico y vitamina B12 en PROFILAXIS PRECONCEPCIONAL de los defectos del tubo neural?	Cierre normal del tubo neural, que ocurre en la semana 4, ANTES de que muchas mujeres sepan que están embarazadas	Farmacoterapia::Hematología y antitrombóticos
¿Cuál es la dosis de Ácido fólico y vitamina B12 en Suplementación con METOTREXATO?	Ácido fólico 5 mg SEMANALES, en un día DISTINTO al del metotrexato — Una toma semanal, vía VO	Farmacoterapia::Hematología y antitrombóticos
¿Cuál es la dosis de Ácido fólico y vitamina B12 en Déficit de folato por alcoholismo, malabsorción, hemólisis crónica o embarazo múltiple?	Ácido fólico 5 mg al día durante 1-4 meses — Una toma diaria, vía VO	Farmacoterapia::Hematología y antitrombóticos
¿Cuál es la dosis de Ácido fólico y vitamina B12 en Déficit de B12 por metformina, gastrectomía, cirugía bariátrica o vegetarianismo estricto?	Cianocobalamina 1000-2000 microgramos al día por VÍA ORAL — Una toma diaria, vía VO	Farmacoterapia::Hematología y antitrombóticos
¿Cuánto dura el tratamiento con Ácido fólico y vitamina B12?	De por vida en la anemia perniciosa y en la gastrectomía; limitada en los déficits nutricionales corregibles.	Farmacoterapia::Hematología y antitrombóticos
¿Cómo se suspende Ácido fólico y vitamina B12?	Se retira el folato cuando se corrige la causa; la B12 de la anemia perniciosa nunca.	Farmacoterapia::Hematología y antitrombóticos
¿Qué hay que monitorizar durante el tratamiento con Ácido fólico y vitamina B12?	Hemograma y reticulocitos a la semana (respuesta reticulocitaria), POTASIO en los primeros días del tratamiento de una anemia megaloblástica grave, y evaluación neurológica.	Farmacoterapia::Hematología y antitrombóticos
¿Cuál es la vida media de Ácido fólico y vitamina B12?	Depósitos hepáticos de B12 de años.	Farmacoterapia::Hematología y antitrombóticos
¿Requiere Ácido fólico y vitamina B12 ajuste en insuficiencia renal?	Sin ajuste.	Farmacoterapia::Hematología y antitrombóticos
Interacción crítica de Ácido fólico y vitamina B12 con METOTREXATO, trimetoprim, pirimetamina y fenitoína: ¿qué ocurre y qué se hace?	Antifolatos: producen déficit funcional de folato. Manejo: Suplementar de forma sistemática con metotrexato; recordar que en la toxicidad AGUDA por metotrexato el rescate es con ácido FOLÍNICO, no fólico	Farmacoterapia::Hematología y antitrombóticos
Interacción crítica de Ácido fólico y vitamina B12 con ÓXIDO NITROSO (anestesia): ¿qué ocurre y qué se hace?	INACTIVA irreversiblemente la B12 oxidando el cobalto: puede precipitar una degeneración medular aguda en el paciente con déficit subclínico. Manejo: Es una causa clásica de mielopatía postoperatoria inexplicada, y explica también la mielopatía por consumo recreativo de óxido nitroso, hoy en aumento	Farmacoterapia::Hematología y antitrombóticos
Efecto adverso grave de Ácido fólico y vitamina B12: ENMASCARAMIENTO del déficit de B12 por el folato, con progresión de la degeneración medular pese a un hemograma normalizado — ¿en qué consiste?	ENMASCARAMIENTO del déficit de B12 por el folato, con progresión de la degeneración medular pese a un hemograma normalizado: es el error clásico y sus secuelas neurológicas pueden ser irreversibles	Farmacoterapia::Hematología y antitrombóticos
Efecto adverso grave de Ácido fólico y vitamina B12: HIPOPOTASEMIA GRAVE en los primeros días del tratamiento de una anemia megaloblástica intensa, por consumo masivo de potasio en la eritropoyesis súbita — ¿en qué consiste?	HIPOPOTASEMIA GRAVE en los primeros días del tratamiento de una anemia megaloblástica intensa, por consumo masivo de potasio en la eritropoyesis súbita	Farmacoterapia::Hematología y antitrombóticos
Efecto adverso grave de Ácido fólico y vitamina B12: Reacciones anafilácticas a la cianocobalamina parenteral — ¿en qué consiste?	Reacciones anafilácticas a la cianocobalamina parenteral (raras)	Farmacoterapia::Hematología y antitrombóticos
Efecto adverso grave de Ácido fólico y vitamina B12: Acné y reacciones cutáneas con la B12 — ¿en qué consiste?	Acné y reacciones cutáneas con la B12	Farmacoterapia::Hematología y antitrombóticos
¿Está contraindicado Ácido fólico y vitamina B12 en: Iniciar FOLATO solo sin haber descartado un déficit de B12?	Sí — Iniciar FOLATO solo sin haber descartado un déficit de B12	Farmacoterapia::Hematología y antitrombóticos
¿Está contraindicado Ácido fólico y vitamina B12 en: Hipersensibilidad a la cobalamina?	Sí — Hipersensibilidad a la cobalamina	Farmacoterapia::Hematología y antitrombóticos
¿Está contraindicado Ácido fólico y vitamina B12 en: Enfermedad de Leber y ambliopía tabaco-alcohol?	Sí — Enfermedad de Leber y ambliopía tabaco-alcohol (la cianocobalamina puede agravarlas; usar hidroxocobalamina)	Farmacoterapia::Hematología y antitrombóticos
Particularidad de Ácido fólico y vitamina B12 que hay que tener en cuenta:	El error clásico y el que más secuelas deja: dar FOLATO a un paciente con déficit de B12. La anemia se corrige, el hemograma se normaliza, todo el mundo se queda tranquilo, y mientras tanto la degeneración combinada subaguda de la médula sigue progresando y puede llegar a ser irreversible. Por eso SIEMPRE se determinan LAS DOS antes de suplementar.	Farmacoterapia::Hematología y antitrombóticos
¿A qué clase farmacológica pertenece Agentes estimulantes de la eritropoyesis (epoetina, darbepoetina)?	Factor de crecimiento hematopoyético (Análogos recombinantes de la eritropoyetina)	Farmacoterapia::Hematología y antitrombóticos
¿Cuál es el mecanismo de acción de Agentes estimulantes de la eritropoyesis (epoetina, darbepoetina)?	Reproducen la acción de la eritropoyetina endógena, la hormona que produce el riñón (concretamente los fibroblastos peritubulares) en respuesta a la hipoxia y que estimula la proliferación y la diferenciación de los progenitores eritroides en la médula, impidiendo además su apoptosis. En la ENFERMEDAD RENAL CRÓNICA el déficit es el mecanismo principal de la anemia, y por eso la respuesta es excelente. Pero hay un requisito que se olvida constantemente: para fabricar hematíes hace falta HIERRO, y estimular la médula sin asegurar el aporte férrico produce una ferropenia FUNCIONAL en la que la médula está estimulada pero sin materia prima, y el fármaco no funciona. La DARBEPOETINA lleva cadenas de glúcidos adicionales que prolongan su vida media y permiten administrarla cada 2-4 semanas en lugar de tres veces por semana.	Farmacoterapia::Hematología y antitrombóticos
¿Qué distingue a Agentes estimulantes de la eritropoyesis (epoetina, darbepoetina) de los demás fármacos de su clase (Factor de crecimiento hematopoyético)?	<b>Estimula la serie ROJA</b> (eritropoyesis); el G-CSF estimula los neutrófilos.	Farmacoterapia::Hematología y antitrombóticos
¿Cuál es la dosis de Agentes estimulantes de la eritropoyesis (epoetina, darbepoetina) en ANEMIA de la ENFERMEDAD RENAL CRÓNICA?	Epoetina 50-100 UI/kg tres veces por semana, o darbepoetina 0,45 microgramos/kg semanal o cada 2 semanas — Una a tres veces por semana según el preparado, vía SC	Farmacoterapia::Hematología y antitrombóticos
¿A qué objetivo se ajusta la dosis de Agentes estimulantes de la eritropoyesis (epoetina, darbepoetina) en ANEMIA de la ENFERMEDAD RENAL CRÓNICA?	Hemoglobina entre 10 y 12 g/dL: NUNCA normalizarla por encima de 13	Farmacoterapia::Hematología y antitrombóticos
¿Cuál es la dosis de Agentes estimulantes de la eritropoyesis (epoetina, darbepoetina) en Anemia inducida por QUIMIOTERAPIA?	Epoetina 40.000 UI semanales o darbepoetina 500 microgramos cada 3 semanas — Semanal o cada 3 semanas, vía SC	Farmacoterapia::Hematología y antitrombóticos
¿A qué objetivo se ajusta la dosis de Agentes estimulantes de la eritropoyesis (epoetina, darbepoetina) en Anemia inducida por QUIMIOTERAPIA?	Hemoglobina de 10-12 g/dL, con el objetivo de evitar transfusiones	Farmacoterapia::Hematología y antitrombóticos
¿Cuál es la dosis de Agentes estimulantes de la eritropoyesis (epoetina, darbepoetina) en Síndromes mielodisplásicos de bajo riesgo?	Epoetina 30.000-60.000 UI semanales, a menudo con G-CSF — Semanal, vía SC	Farmacoterapia::Hematología y antitrombóticos
¿A qué objetivo se ajusta la dosis de Agentes estimulantes de la eritropoyesis (epoetina, darbepoetina) en Síndromes mielodisplásicos de bajo riesgo?	Independencia transfusional	Farmacoterapia::Hematología y antitrombóticos
¿Cuál es la dosis de Agentes estimulantes de la eritropoyesis (epoetina, darbepoetina) en Programa de autotransfusión y anemia perioperatoria?	Epoetina 600 UI/kg semanal durante 3 semanas antes de la cirugía, con hierro — Semanal, vía SC	Farmacoterapia::Hematología y antitrombóticos
¿Cuánto dura el tratamiento con Agentes estimulantes de la eritropoyesis (epoetina, darbepoetina)?	Indefinida en la enfermedad renal crónica; limitada al periodo de quimioterapia en oncología.	Farmacoterapia::Hematología y antitrombóticos
¿Cómo se suspende Agentes estimulantes de la eritropoyesis (epoetina, darbepoetina)?	Se suspende si la hemoglobina supera los 12-13 g/dL, si no hay respuesta tras 8-12 semanas con hierro adecuado, o si aparece hipertensión no controlable.	Farmacoterapia::Hematología y antitrombóticos
¿Qué hay que monitorizar durante el tratamiento con Agentes estimulantes de la eritropoyesis (epoetina, darbepoetina)?	Hemoglobina cada 2-4 semanas al inicio, TENSIÓN ARTERIAL, y estado del hierro (ferritina y saturación de transferrina) de forma periódica.	Farmacoterapia::Hematología y antitrombóticos
¿Cuál es la vida media de Agentes estimulantes de la eritropoyesis (epoetina, darbepoetina)?	Epoetina 4-13 horas; DARBEPOETINA unas 25 horas subcutáneas, lo que permite administrarla cada 2-4 semanas.	Farmacoterapia::Hematología y antitrombóticos
¿Requiere Agentes estimulantes de la eritropoyesis (epoetina, darbepoetina) ajuste en insuficiencia renal?	No requiere ajuste; es su población diana.	Farmacoterapia::Hematología y antitrombóticos
Interacción crítica de Agentes estimulantes de la eritropoyesis (epoetina, darbepoetina) con DÉFICIT DE HIERRO: ¿qué ocurre y qué se hace?	FERROPENIA FUNCIONAL: la médula estimulada consume el hierro disponible y el fármaco deja de funcionar. Manejo: Es la causa NÚMERO UNO de resistencia. Hay que asegurar el hierro ANTES y DURANTE, con frecuencia por vía intravenosa en el paciente renal	Farmacoterapia::Hematología y antitrombóticos
Interacción crítica de Agentes estimulantes de la eritropoyesis (epoetina, darbepoetina) con INFLAMACIÓN e infección activa: ¿qué ocurre y qué se hace?	La hepcidina secuestra el hierro en los macrófagos y produce resistencia. Manejo: Buscar y tratar el foco inflamatorio antes de subir la dosis	Farmacoterapia::Hematología y antitrombóticos
Interacción crítica de Agentes estimulantes de la eritropoyesis (epoetina, darbepoetina) con Estados protrombóticos y accesos vasculares: ¿qué ocurre y qué se hace?	Aumento del riesgo de TROMBOSIS del acceso de diálisis y de eventos tromboembólicos. Manejo: No sobrepasar el objetivo de hemoglobina	Farmacoterapia::Hematología y antitrombóticos
Efecto adverso grave de Agentes estimulantes de la eritropoyesis (epoetina, darbepoetina): ICTUS, infarto y TROMBOSIS, sobre todo si se sobrepasa el objetivo de hemoglobina o se corrige demasiado deprisa — ¿en qué consiste?	ICTUS, infarto y TROMBOSIS, sobre todo si se sobrepasa el objetivo de hemoglobina o se corrige demasiado deprisa	Farmacoterapia::Hematología y antitrombóticos
Efecto adverso grave de Agentes estimulantes de la eritropoyesis (epoetina, darbepoetina): TROMBOSIS del acceso vascular de diálisis — ¿en qué consiste?	TROMBOSIS del acceso vascular de diálisis	Farmacoterapia::Hematología y antitrombóticos
Efecto adverso grave de Agentes estimulantes de la eritropoyesis (epoetina, darbepoetina): Crisis HIPERTENSIVAS y encefalopatía con convulsiones — ¿en qué consiste?	Crisis HIPERTENSIVAS y encefalopatía con convulsiones	Farmacoterapia::Hematología y antitrombóticos
Efecto adverso grave de Agentes estimulantes de la eritropoyesis (epoetina, darbepoetina): APLASIA PURA DE SERIE ROJA por anticuerpos neutralizantes anti-eritropoyetina, que anulan también la hormona ENDÓGENA y dejan al paciente dependiente de transfusiones — ¿en qué consiste?	APLASIA PURA DE SERIE ROJA por anticuerpos neutralizantes anti-eritropoyetina, que anulan también la hormona ENDÓGENA y dejan al paciente dependiente de transfusiones	Farmacoterapia::Hematología y antitrombóticos
Efecto adverso grave de Agentes estimulantes de la eritropoyesis (epoetina, darbepoetina): Progresión tumoral y menor supervivencia en algunos tumores tratados con intención curativa — ¿en qué consiste?	Progresión tumoral y menor supervivencia en algunos tumores tratados con intención curativa	Farmacoterapia::Hematología y antitrombóticos
¿Está contraindicado Agentes estimulantes de la eritropoyesis (epoetina, darbepoetina) en: HIPERTENSIÓN ARTERIAL no controlada?	Sí — HIPERTENSIÓN ARTERIAL no controlada	Farmacoterapia::Hematología y antitrombóticos
¿Está contraindicado Agentes estimulantes de la eritropoyesis (epoetina, darbepoetina) en: Antecedente de aplasia pura de serie roja por estos fármacos?	Sí — Antecedente de aplasia pura de serie roja por estos fármacos	Farmacoterapia::Hematología y antitrombóticos
¿Está contraindicado Agentes estimulantes de la eritropoyesis (epoetina, darbepoetina) en: Tumor tratado con intención CURATIVA?	Sí — Tumor tratado con intención CURATIVA	Farmacoterapia::Hematología y antitrombóticos
¿Está contraindicado Agentes estimulantes de la eritropoyesis (epoetina, darbepoetina) en: Trombosis reciente?	Sí — Trombosis reciente (valoración individualizada)	Farmacoterapia::Hematología y antitrombóticos
Particularidad de Agentes estimulantes de la eritropoyesis (epoetina, darbepoetina) que hay que tener en cuenta:	MÁS HEMOGLOBINA NO ES MEJOR, y esta es una de las lecciones más importantes que ha dado la nefrología. Los ensayos que intentaron NORMALIZAR la hemoglobina encontraron más ictus, más trombosis y más mortalidad. El objetivo es 10-12 g/dL: se trata de que el paciente no esté sintomático ni necesite transfusiones, no de que su analítica parezca normal.	Farmacoterapia::Hematología y antitrombóticos
¿A qué clase farmacológica pertenece Vitamina K (fitomenadiona)?	Hemostático y reversor de la anticoagulación (Cofactor de la carboxilación de los factores II, VII, IX y X)	Farmacoterapia::Hematología y antitrombóticos
¿Cuál es el mecanismo de acción de Vitamina K (fitomenadiona)?	Cofactor de la gamma-glutamil carboxilasa hepática que activa los factores dependientes de vitamina K.	Farmacoterapia::Hematología y antitrombóticos
¿Qué distingue a Vitamina K (fitomenadiona) de los demás fármacos de su clase (Hemostático y reversor de la anticoagulación)?	<b>Revierte los ANTIVITAMINA K</b> (acenocumarol, warfarina) de forma LENTA (6-24 h): para un efecto inmediato hay que añadir complejo protrombínico.	Farmacoterapia::Hematología y antitrombóticos
¿Cuál es la dosis de Vitamina K (fitomenadiona) en INR elevado sin sangrado (INR >10) por antivitamina K?	1-2,5 mg — Dosis única, vía VO	Farmacoterapia::Hematología y antitrombóticos
¿Cuál es la dosis de Vitamina K (fitomenadiona) en Hemorragia grave en paciente con antivitamina K?	10 mg — IV lenta en 20-30 min, vía IV	Farmacoterapia::Hematología y antitrombóticos
¿Cuál es la dosis de Vitamina K (fitomenadiona) en Coagulopatía por déficit de vitamina K (malabsorción, colestasis, desnutrición)?	10 mg — Cada 24 h × 3 días, vía IV / VO	Farmacoterapia::Hematología y antitrombóticos
¿Cuánto dura el tratamiento con Vitamina K (fitomenadiona)?	Dosis únicas o 3 días.	Farmacoterapia::Hematología y antitrombóticos
¿Cómo se suspende Vitamina K (fitomenadiona)?	—	Farmacoterapia::Hematología y antitrombóticos
¿Qué hay que monitorizar durante el tratamiento con Vitamina K (fitomenadiona)?	INR a las 12-24 h.	Farmacoterapia::Hematología y antitrombóticos
¿Cuál es la vida media de Vitamina K (fitomenadiona)?	Efecto en 6-24 h.	Farmacoterapia::Hematología y antitrombóticos
¿Requiere Vitamina K (fitomenadiona) ajuste en insuficiencia renal?	No precisa.	Farmacoterapia::Hematología y antitrombóticos
Efecto adverso grave de Vitamina K (fitomenadiona): Reacción anafilactoide con IV rápida — ¿en qué consiste?	Reacción anafilactoide con IV rápida	Farmacoterapia::Hematología y antitrombóticos
¿Está contraindicado Vitamina K (fitomenadiona) en: Hipersensibilidad?	Sí — Hipersensibilidad	Farmacoterapia::Hematología y antitrombóticos
Particularidad de Vitamina K (fitomenadiona) que hay que tener en cuenta:	10 mg en un portador de válvula mecánica dificulta la reanticoagulación durante días: dosis bajas si no hay sangrado grave.	Farmacoterapia::Hematología y antitrombóticos
¿A qué clase farmacológica pertenece Concentrado de complejo protrombínico (CCP)?	Hemostático y reversor de la anticoagulación (Concentrado de factores II, VII, IX y X)	Farmacoterapia::Hematología y antitrombóticos
¿Cuál es el mecanismo de acción de Concentrado de complejo protrombínico (CCP)?	Aporte directo de los factores de coagulación dependientes de vitamina K (con proteínas C y S y heparina en pequeña cantidad).	Farmacoterapia::Hematología y antitrombóticos
¿Qué distingue a Concentrado de complejo protrombínico (CCP) de los demás fármacos de su clase (Hemostático y reversor de la anticoagulación)?	<b>Revierte los AVK en MINUTOS</b> (con vitamina K para mantener el efecto): de elección en la hemorragia grave o la cirugía urgente.	Farmacoterapia::Hematología y antitrombóticos
¿Cuál es la dosis de Concentrado de complejo protrombínico (CCP) en Hemorragia grave o cirugía urgente con antivitamina K?	25-50 UI/kg (según INR) — Dosis única IV, vía IV	Farmacoterapia::Hematología y antitrombóticos
¿Cuál es la dosis de Concentrado de complejo protrombínico (CCP) en Hemorragia grave con inhibidor del factor Xa (sin andexanet)?	50 UI/kg — Dosis única IV, vía IV	Farmacoterapia::Hematología y antitrombóticos
¿Cuánto dura el tratamiento con Concentrado de complejo protrombínico (CCP)?	Dosis única.	Farmacoterapia::Hematología y antitrombóticos
¿Cómo se suspende Concentrado de complejo protrombínico (CCP)?	—	Farmacoterapia::Hematología y antitrombóticos
¿Qué hay que monitorizar durante el tratamiento con Concentrado de complejo protrombínico (CCP)?	INR, signos de trombosis.	Farmacoterapia::Hematología y antitrombóticos
¿Cuál es la vida media de Concentrado de complejo protrombínico (CCP)?	Factor VII 6 h; II 60 h.	Farmacoterapia::Hematología y antitrombóticos
¿Requiere Concentrado de complejo protrombínico (CCP) ajuste en insuficiencia renal?	No precisa.	Farmacoterapia::Hematología y antitrombóticos
Efecto adverso grave de Concentrado de complejo protrombínico (CCP): <b>Trombosis arterial y venosa</b> — ¿en qué consiste?	<b>Trombosis arterial y venosa</b>	Farmacoterapia::Hematología y antitrombóticos
Efecto adverso grave de Concentrado de complejo protrombínico (CCP): CID — ¿en qué consiste?	CID (raro)	Farmacoterapia::Hematología y antitrombóticos
Efecto adverso grave de Concentrado de complejo protrombínico (CCP): TIH — ¿en qué consiste?	TIH (contiene heparina)	Farmacoterapia::Hematología y antitrombóticos
¿Está contraindicado Concentrado de complejo protrombínico (CCP) en: Antecedente de TIH?	Sí — Antecedente de TIH	Farmacoterapia::Hematología y antitrombóticos
¿Está contraindicado Concentrado de complejo protrombínico (CCP) en: CID?	Sí — CID (relativa)	Farmacoterapia::Hematología y antitrombóticos
Particularidad de Concentrado de complejo protrombínico (CCP) que hay que tener en cuenta:	El plasma fresco es más lento y aporta mucho volumen: el CCP es preferible en la reversión urgente de AVK.	Farmacoterapia::Hematología y antitrombóticos
¿A qué clase farmacológica pertenece Idarucizumab?	Hemostático y reversor de la anticoagulación (Fragmento de anticuerpo anti-dabigatrán)	Farmacoterapia::Hematología y antitrombóticos
¿Cuál es el mecanismo de acción de Idarucizumab?	Fragmento Fab humanizado que se une al dabigatrán con afinidad 350 veces mayor que la trombina.	Farmacoterapia::Hematología y antitrombóticos
¿Qué distingue a Idarucizumab de los demás fármacos de su clase (Hemostático y reversor de la anticoagulación)?	<b>Antídoto ESPECÍFICO del DABIGATRÁN</b>: lo neutraliza en MINUTOS de forma completa.	Farmacoterapia::Hematología y antitrombóticos
¿Cuál es la dosis de Idarucizumab en Hemorragia grave o cirugía urgente en paciente con dabigatrán?	5 g (2 viales de 2,5 g) — Dos infusiones/bolos consecutivos, vía IV	Farmacoterapia::Hematología y antitrombóticos
¿Cuánto dura el tratamiento con Idarucizumab?	Dosis única.	Farmacoterapia::Hematología y antitrombóticos
¿Cómo se suspende Idarucizumab?	Reiniciar anticoagulante a las 24 h si es seguro.	Farmacoterapia::Hematología y antitrombóticos
¿Qué hay que monitorizar durante el tratamiento con Idarucizumab?	Tiempo de trombina diluido/TTPa.	Farmacoterapia::Hematología y antitrombóticos
¿Cuál es la vida media de Idarucizumab?	45 min.	Farmacoterapia::Hematología y antitrombóticos
¿Requiere Idarucizumab ajuste en insuficiencia renal?	No precisa.	Farmacoterapia::Hematología y antitrombóticos
Efecto adverso grave de Idarucizumab: Eventos trombóticos por la enfermedad de base al quedar sin anticoagulación — ¿en qué consiste?	Eventos trombóticos por la enfermedad de base al quedar sin anticoagulación	Farmacoterapia::Hematología y antitrombóticos
Efecto adverso grave de Idarucizumab: Hipersensibilidad — ¿en qué consiste?	Hipersensibilidad	Farmacoterapia::Hematología y antitrombóticos
¿Está contraindicado Idarucizumab en: Hipersensibilidad?	Sí — Hipersensibilidad	Farmacoterapia::Hematología y antitrombóticos
Particularidad de Idarucizumab que hay que tener en cuenta:	Hemorragia con dabigatrán: idarucizumab 5 g; con anti-Xa: andexanet o CCP 50 UI/kg.	Farmacoterapia::Hematología y antitrombóticos
¿A qué clase farmacológica pertenece Protamina?	Hemostático y reversor de la anticoagulación (Proteína catiónica neutralizante de la heparina)	Farmacoterapia::Hematología y antitrombóticos
¿Cuál es el mecanismo de acción de Protamina?	Se une iónicamente a la heparina (polianiónica) formando un complejo inactivo.	Farmacoterapia::Hematología y antitrombóticos
¿Qué distingue a Protamina de los demás fármacos de su clase (Hemostático y reversor de la anticoagulación)?	<b>Revierte por completo la HEPARINA NO FRACCIONADA</b> (1 mg por cada 100 UI) y <b>solo un 60% las HBPM</b>; no revierte fondaparinux.	Farmacoterapia::Hematología y antitrombóticos
¿Cuál es la dosis de Protamina en Reversión de heparina no fraccionada (cirugía cardiaca, hemorragia)?	1 mg por cada 100 UI de heparina de las últimas 2-3 h (máx. 50 mg) — IV lenta en 10 min, vía IV	Farmacoterapia::Hematología y antitrombóticos
¿Cuál es la dosis de Protamina en Hemorragia con HBPM (reversión parcial)?	1 mg por cada 1 mg (100 UI anti-Xa) de enoxaparina de las últimas 8 h — IV lenta; 0,5 mg/mg adicional si persiste, vía IV	Farmacoterapia::Hematología y antitrombóticos
¿Cuánto dura el tratamiento con Protamina?	Dosis puntual.	Farmacoterapia::Hematología y antitrombóticos
¿Cómo se suspende Protamina?	—	Farmacoterapia::Hematología y antitrombóticos
¿Qué hay que monitorizar durante el tratamiento con Protamina?	PA, FC, TTPa.	Farmacoterapia::Hematología y antitrombóticos
¿Cuál es la vida media de Protamina?	7 min.	Farmacoterapia::Hematología y antitrombóticos
¿Requiere Protamina ajuste en insuficiencia renal?	No precisa.	Farmacoterapia::Hematología y antitrombóticos
Efecto adverso grave de Protamina: <b>Anafilaxia</b> — ¿en qué consiste?	<b>Anafilaxia</b>	Farmacoterapia::Hematología y antitrombóticos
Efecto adverso grave de Protamina: Hipertensión pulmonar aguda — ¿en qué consiste?	Hipertensión pulmonar aguda	Farmacoterapia::Hematología y antitrombóticos
Efecto adverso grave de Protamina: Bradicardia — ¿en qué consiste?	Bradicardia	Farmacoterapia::Hematología y antitrombóticos
¿Está contraindicado Protamina en: Alergia previa a protamina?	Sí — Alergia previa a protamina (relativa)	Farmacoterapia::Hematología y antitrombóticos
Particularidad de Protamina que hay que tener en cuenta:	Administrarla despacio: la infusión rápida causa colapso hemodinámico.	Farmacoterapia::Hematología y antitrombóticos
¿A qué clase farmacológica pertenece Ácido fólico?	Vitamina del grupo B (Vitamina B9)	Farmacoterapia::Hematología y antitrombóticos
¿Cuál es el mecanismo de acción de Ácido fólico?	Precursor del tetrahidrofolato, necesario para la síntesis de purinas y timidilato (ADN).	Farmacoterapia::Hematología y antitrombóticos
¿Qué distingue a Ácido fólico de los demás fármacos de su clase (Vitamina del grupo B)?	<b>Prevención de DEFECTOS DEL TUBO NEURAL</b> (0,4 mg; 4-5 mg en alto riesgo) desde antes de la concepción.	Farmacoterapia::Hematología y antitrombóticos
¿Cuál es la dosis de Ácido fólico en Anemia megaloblástica por déficit de folato?	5 mg — Cada 24 h, vía VO	Farmacoterapia::Hematología y antitrombóticos
¿Cuál es la dosis de Ácido fólico en Prevención de defectos del tubo neural?	0,4 mg (4-5 mg alto riesgo) — Cada 24 h, vía VO	Farmacoterapia::Hematología y antitrombóticos
¿Cuál es la dosis de Ácido fólico en Reducción de toxicidad del metotrexato semanal?	5 mg — Semanal, 24-48 h tras el metotrexato, vía VO	Farmacoterapia::Hematología y antitrombóticos
¿Cuánto dura el tratamiento con Ácido fólico?	Según indicación.	Farmacoterapia::Hematología y antitrombóticos
¿Cómo se suspende Ácido fólico?	—	Farmacoterapia::Hematología y antitrombóticos
¿Qué hay que monitorizar durante el tratamiento con Ácido fólico?	Hemograma en anemia.	Farmacoterapia::Hematología y antitrombóticos
¿Cuál es la vida media de Ácido fólico?	—	Farmacoterapia::Hematología y antitrombóticos
¿Requiere Ácido fólico ajuste en insuficiencia renal?	No precisa.	Farmacoterapia::Hematología y antitrombóticos
Efecto adverso grave de Ácido fólico: Enmascaramiento de un déficit de B12 — ¿en qué consiste?	Enmascaramiento de un déficit de B12 (neuropatía progresa)	Farmacoterapia::Hematología y antitrombóticos
¿Está contraindicado Ácido fólico en: Anemia megaloblástica por B12 no tratada?	Sí — Anemia megaloblástica por B12 no tratada	Farmacoterapia::Hematología y antitrombóticos
Particularidad de Ácido fólico que hay que tener en cuenta:	Antiepilépticos en mujer fértil: ácido fólico 4-5 mg diario.	Farmacoterapia::Hematología y antitrombóticos
¿A qué clase farmacológica pertenece Vitamina B12 (cianocobalamina e hidroxocobalamina)?	Vitamina del grupo B (Vitamina B12 (cobalamina))	Farmacoterapia::Hematología y antitrombóticos
¿Cuál es el mecanismo de acción de Vitamina B12 (cianocobalamina e hidroxocobalamina)?	Cofactor de la metionina sintasa (síntesis de ADN) y de la metilmalonil-CoA mutasa (mielina).	Farmacoterapia::Hematología y antitrombóticos
¿Qué distingue a Vitamina B12 (cianocobalamina e hidroxocobalamina) de los demás fármacos de su clase (Vitamina del grupo B)?	<b>Corrige la anemia Y la NEUROPATÍA</b> (degeneración combinada subaguda) del déficit de B12.	Farmacoterapia::Hematología y antitrombóticos
¿Cuál es la dosis de Vitamina B12 (cianocobalamina e hidroxocobalamina) en Déficit de vitamina B12 / anemia perniciosa?	1.000 µg — IM diaria o a días alternos 1-2 semanas, semanal hasta normalizar, después mensual, vía IM	Farmacoterapia::Hematología y antitrombóticos
¿Cuál es la dosis de Vitamina B12 (cianocobalamina e hidroxocobalamina) en Déficit leve o mantenimiento (metformina, IBP, veganos)?	1.000-2.000 µg — Cada 24 h, vía VO	Farmacoterapia::Hematología y antitrombóticos
¿Cuánto dura el tratamiento con Vitamina B12 (cianocobalamina e hidroxocobalamina)?	Indefinida si causa permanente.	Farmacoterapia::Hematología y antitrombóticos
¿Cómo se suspende Vitamina B12 (cianocobalamina e hidroxocobalamina)?	—	Farmacoterapia::Hematología y antitrombóticos
¿Qué hay que monitorizar durante el tratamiento con Vitamina B12 (cianocobalamina e hidroxocobalamina)?	Reticulocitos a los 5-7 días, potasio, hemograma.	Farmacoterapia::Hematología y antitrombóticos
¿Cuál es la vida media de Vitamina B12 (cianocobalamina e hidroxocobalamina)?	Depósito de 3-5 años.	Farmacoterapia::Hematología y antitrombóticos
¿Requiere Vitamina B12 (cianocobalamina e hidroxocobalamina) ajuste en insuficiencia renal?	No precisa.	Farmacoterapia::Hematología y antitrombóticos
Efecto adverso grave de Vitamina B12 (cianocobalamina e hidroxocobalamina): Hipopotasemia inicial — ¿en qué consiste?	Hipopotasemia inicial	Farmacoterapia::Hematología y antitrombóticos
Efecto adverso grave de Vitamina B12 (cianocobalamina e hidroxocobalamina): Anafilaxia — ¿en qué consiste?	Anafilaxia (rara)	Farmacoterapia::Hematología y antitrombóticos
¿Está contraindicado Vitamina B12 (cianocobalamina e hidroxocobalamina) en: Hipersensibilidad?	Sí — Hipersensibilidad	Farmacoterapia::Hematología y antitrombóticos
Particularidad de Vitamina B12 (cianocobalamina e hidroxocobalamina) que hay que tener en cuenta:	La hidroxocobalamina a dosis muy altas (5 g) es además el antídoto del cianuro.	Farmacoterapia::Hematología y antitrombóticos
¿A qué clase farmacológica pertenece Tiamina (vitamina B1)?	Vitamina del grupo B (Vitamina B1)	Farmacoterapia::Hematología y antitrombóticos
¿Cuál es el mecanismo de acción de Tiamina (vitamina B1)?	Cofactor (pirofosfato de tiamina) de la piruvato deshidrogenasa y la alfa-cetoglutarato deshidrogenasa: imprescindible para el metabolismo de la glucosa.	Farmacoterapia::Hematología y antitrombóticos
¿Qué distingue a Tiamina (vitamina B1) de los demás fármacos de su clase (Vitamina del grupo B)?	<b>Prevención y tratamiento de la ENCEFALOPATÍA DE WERNICKE</b>: siempre <b>ANTES de la glucosa</b> en alcohólicos, desnutridos e hiperémesis.	Farmacoterapia::Hematología y antitrombóticos
¿Cuál es la dosis de Tiamina (vitamina B1) en Sospecha de encefalopatía de Wernicke?	500 mg — Cada 8 h, vía IV	Farmacoterapia::Hematología y antitrombóticos
¿Cuál es la dosis de Tiamina (vitamina B1) en Prevención en alcohólicos o desnutridos ingresados?	100-300 mg — Cada 24 h, vía IV / IM / VO	Farmacoterapia::Hematología y antitrombóticos
¿Cuánto dura el tratamiento con Tiamina (vitamina B1)?	Días y después VO.	Farmacoterapia::Hematología y antitrombóticos
¿Cómo se suspende Tiamina (vitamina B1)?	—	Farmacoterapia::Hematología y antitrombóticos
¿Qué hay que monitorizar durante el tratamiento con Tiamina (vitamina B1)?	Clínica neurológica (oftalmoplejía, ataxia, confusión).	Farmacoterapia::Hematología y antitrombóticos
¿Cuál es la vida media de Tiamina (vitamina B1)?	Horas; depósitos para 2-3 semanas.	Farmacoterapia::Hematología y antitrombóticos
¿Requiere Tiamina (vitamina B1) ajuste en insuficiencia renal?	No precisa.	Farmacoterapia::Hematología y antitrombóticos
Interacción crítica de Tiamina (vitamina B1) con Glucosa IV: ¿qué ocurre y qué se hace?	Sin tiamina precipita Wernicke. Manejo: Tiamina primero	Farmacoterapia::Hematología y antitrombóticos
Efecto adverso grave de Tiamina (vitamina B1): Anafilaxia — ¿en qué consiste?	Anafilaxia (muy rara, IV)	Farmacoterapia::Hematología y antitrombóticos
¿Está contraindicado Tiamina (vitamina B1) en: Hipersensibilidad?	Sí — Hipersensibilidad	Farmacoterapia::Hematología y antitrombóticos
Particularidad de Tiamina (vitamina B1) que hay que tener en cuenta:	La tríada completa de Wernicke aparece en <20%: ante la duda, tratar.	Farmacoterapia::Hematología y antitrombóticos
¿A qué clase farmacológica pertenece Piridoxina (vitamina B6)?	Vitamina del grupo B (Vitamina B6)	Farmacoterapia::Hematología y antitrombóticos
¿Cuál es el mecanismo de acción de Piridoxina (vitamina B6)?	Precursor del piridoxal-5-fosfato, cofactor de transaminasas, descarboxilasas (síntesis de GABA) y de la síntesis del grupo hemo.	Farmacoterapia::Hematología y antitrombóticos
¿Qué distingue a Piridoxina (vitamina B6) de los demás fármacos de su clase (Vitamina del grupo B)?	<b>Prevención de la NEUROPATÍA por ISONIAZIDA</b> (y tratamiento de su intoxicación con convulsiones).	Farmacoterapia::Hematología y antitrombóticos
¿Cuál es la dosis de Piridoxina (vitamina B6) en Prevención de neuropatía por isoniazida?	25-50 mg — Cada 24 h, vía VO	Farmacoterapia::Hematología y antitrombóticos
¿Cuál es la dosis de Piridoxina (vitamina B6) en Intoxicación por isoniazida con convulsiones?	1 g por cada gramo de isoniazida ingerido (o 5 g empíricos) — IV lenta, vía IV	Farmacoterapia::Hematología y antitrombóticos
¿Cuál es la dosis de Piridoxina (vitamina B6) en Náuseas y vómitos del embarazo (doxilamina 10 mg + piridoxina 10 mg)?	2 comprimidos (hasta 4) — Al acostarse (+1 mañana y 1 tarde si es necesario), vía VO	Farmacoterapia::Hematología y antitrombóticos
¿Cuánto dura el tratamiento con Piridoxina (vitamina B6)?	Mientras dure la isoniazida.	Farmacoterapia::Hematología y antitrombóticos
¿Cómo se suspende Piridoxina (vitamina B6)?	—	Farmacoterapia::Hematología y antitrombóticos
¿Qué hay que monitorizar durante el tratamiento con Piridoxina (vitamina B6)?	Síntomas neuropáticos.	Farmacoterapia::Hematología y antitrombóticos
¿Cuál es la vida media de Piridoxina (vitamina B6)?	15-20 días (depósitos).	Farmacoterapia::Hematología y antitrombóticos
¿Requiere Piridoxina (vitamina B6) ajuste en insuficiencia renal?	No precisa.	Farmacoterapia::Hematología y antitrombóticos
Efecto adverso grave de Piridoxina (vitamina B6): Neuropatía sensitiva con dosis altas crónicas — ¿en qué consiste?	Neuropatía sensitiva con dosis altas crónicas	Farmacoterapia::Hematología y antitrombóticos
¿Está contraindicado Piridoxina (vitamina B6) en: Hipersensibilidad?	Sí — Hipersensibilidad	Farmacoterapia::Hematología y antitrombóticos
Particularidad de Piridoxina (vitamina B6) que hay que tener en cuenta:	Convulsiones refractarias en un paciente con isoniazida: piridoxina IV.	Farmacoterapia::Hematología y antitrombóticos
¿A qué clase farmacológica pertenece Alteplasa?	Fibrinolítico (Activador tisular del plasminógeno recombinante)	Farmacoterapia::Hematología y antitrombóticos
¿Cuál es el mecanismo de acción de Alteplasa?	Convierte el plasminógeno unido a fibrina en plasmina, que lisa el trombo (relativamente fibrinoespecífico).	Farmacoterapia::Hematología y antitrombóticos
¿Qué distingue a Alteplasa de los demás fármacos de su clase (Fibrinolítico)?	<b>Fibrinolítico del ICTUS ISQUÉMICO</b> (0,9 mg/kg en ≤4,5 h) y del <b>TEP de alto riesgo</b> (100 mg en 2 h).	Farmacoterapia::Hematología y antitrombóticos
¿Cuál es la dosis de Alteplasa en Ictus isquémico agudo ≤4,5 h (sin contraindicaciones)?	0,9 mg/kg (máx. 90 mg): 10% en bolo y 90% en 60 min — Dosis única, vía IV	Farmacoterapia::Hematología y antitrombóticos
¿Cuál es la dosis de Alteplasa en TEP de alto riesgo (shock)?	100 mg en 2 h (o 0,6 mg/kg en 15 min en parada) — Dosis única, vía IV	Farmacoterapia::Hematología y antitrombóticos
¿Cuánto dura el tratamiento con Alteplasa?	Dosis única.	Farmacoterapia::Hematología y antitrombóticos
¿Cómo se suspende Alteplasa?	No antitrombóticos 24 h (ictus).	Farmacoterapia::Hematología y antitrombóticos
¿Qué hay que monitorizar durante el tratamiento con Alteplasa?	PA, neurológica, signos de sangrado, angioedema orolingual.	Farmacoterapia::Hematología y antitrombóticos
¿Cuál es la vida media de Alteplasa?	<b>5 min.</b>	Farmacoterapia::Hematología y antitrombóticos
¿Requiere Alteplasa ajuste en insuficiencia renal?	No precisa.	Farmacoterapia::Hematología y antitrombóticos
Interacción crítica de Alteplasa con Anticoagulantes y antiagregantes: ¿qué ocurre y qué se hace?	Hemorragia. Manejo: Evaluar contraindicación	Farmacoterapia::Hematología y antitrombóticos
Efecto adverso grave de Alteplasa: <b>Hemorragia intracraneal</b> — ¿en qué consiste?	<b>Hemorragia intracraneal</b>	Farmacoterapia::Hematología y antitrombóticos
Efecto adverso grave de Alteplasa: Hemorragia mayor — ¿en qué consiste?	Hemorragia mayor	Farmacoterapia::Hematología y antitrombóticos
Efecto adverso grave de Alteplasa: Angioedema orolingual — ¿en qué consiste?	Angioedema orolingual	Farmacoterapia::Hematología y antitrombóticos
¿Está contraindicado Alteplasa en: Hemorragia intracraneal previa o activa?	Sí — Hemorragia intracraneal previa o activa	Farmacoterapia::Hematología y antitrombóticos
¿Está contraindicado Alteplasa en: Ictus o TCE grave en 3 meses?	Sí — Ictus o TCE grave en 3 meses	Farmacoterapia::Hematología y antitrombóticos
¿Está contraindicado Alteplasa en: Cirugía mayor reciente?	Sí — Cirugía mayor reciente	Farmacoterapia::Hematología y antitrombóticos
¿Está contraindicado Alteplasa en: Anticoagulación eficaz?	Sí — Anticoagulación eficaz	Farmacoterapia::Hematología y antitrombóticos
¿Está contraindicado Alteplasa en: PA >185/110 no controlable?	Sí — PA >185/110 no controlable	Farmacoterapia::Hematología y antitrombóticos
Particularidad de Alteplasa que hay que tener en cuenta:	«Tiempo es cerebro»: cada minuto de retraso reduce el beneficio.	Farmacoterapia::Hematología y antitrombóticos
¿A qué clase farmacológica pertenece Tenecteplasa?	Fibrinolítico (Variante de alteplasa más fibrinoespecífica y de vida media larga)	Farmacoterapia::Hematología y antitrombóticos
¿Cuál es el mecanismo de acción de Tenecteplasa?	Activador del plasminógeno modificado (mayor vida media y especificidad por fibrina).	Farmacoterapia::Hematología y antitrombóticos
¿Qué distingue a Tenecteplasa de los demás fármacos de su clase (Fibrinolítico)?	<b>BOLO ÚNICO</b> (vida media más larga): ideal para la <b>fibrinólisis prehospitalaria del SCACEST</b> y, cada vez más, en el ictus (0,25 mg/kg).	Farmacoterapia::Hematología y antitrombóticos
¿Cuál es la dosis de Tenecteplasa en SCACEST cuando la angioplastia primaria no es posible en <120 min?	30-50 mg según peso (mitad en ≥75 años) — Bolo único, vía IV	Farmacoterapia::Hematología y antitrombóticos
¿Cuál es la dosis de Tenecteplasa en Ictus isquémico agudo?	0,25 mg/kg (máx. 25 mg) — Bolo único, vía IV	Farmacoterapia::Hematología y antitrombóticos
¿Cuánto dura el tratamiento con Tenecteplasa?	Dosis única.	Farmacoterapia::Hematología y antitrombóticos
¿Cómo se suspende Tenecteplasa?	—	Farmacoterapia::Hematología y antitrombóticos
¿Qué hay que monitorizar durante el tratamiento con Tenecteplasa?	Criterios de reperfusión, sangrado.	Farmacoterapia::Hematología y antitrombóticos
¿Cuál es la vida media de Tenecteplasa?	20-24 min.	Farmacoterapia::Hematología y antitrombóticos
¿Requiere Tenecteplasa ajuste en insuficiencia renal?	No precisa.	Farmacoterapia::Hematología y antitrombóticos
Interacción crítica de Tenecteplasa con Anticoagulantes, antiagregantes: ¿qué ocurre y qué se hace?	Hemorragia. Manejo: Pauta establecida	Farmacoterapia::Hematología y antitrombóticos
Efecto adverso grave de Tenecteplasa: Hemorragia intracraneal — ¿en qué consiste?	Hemorragia intracraneal	Farmacoterapia::Hematología y antitrombóticos
Efecto adverso grave de Tenecteplasa: Arritmias de reperfusión — ¿en qué consiste?	Arritmias de reperfusión	Farmacoterapia::Hematología y antitrombóticos
¿Está contraindicado Tenecteplasa en: Las mismas que la alteplasa?	Sí — Las mismas que la alteplasa	Farmacoterapia::Hematología y antitrombóticos
Particularidad de Tenecteplasa que hay que tener en cuenta:	En el SCACEST, si no hay reperfusión a los 60-90 min: angioplastia de rescate.	Farmacoterapia::Hematología y antitrombóticos
¿A qué clase farmacológica pertenece Uroquinasa?	Fibrinolítico (Activador directo del plasminógeno no fibrinoespecífico)	Farmacoterapia::Hematología y antitrombóticos
¿Cuál es el mecanismo de acción de Uroquinasa?	Proteasa que activa directamente el plasminógeno circulante y unido a fibrina.	Farmacoterapia::Hematología y antitrombóticos
¿Qué distingue a Uroquinasa de los demás fármacos de su clase (Fibrinolítico)?	<b>Uso LOCAL</b>: desobstrucción de <b>catéteres venosos centrales</b> y fibrinólisis dirigida por catéter (arterial periférica, TVP iliofemoral).	Farmacoterapia::Hematología y antitrombóticos
¿Cuál es la dosis de Uroquinasa en Oclusión trombótica de catéter venoso central?	5.000-10.000 UI en el volumen del catéter — Dejar 30-60 min y aspirar; repetir si es necesario, vía IV	Farmacoterapia::Hematología y antitrombóticos
¿Cuál es la dosis de Uroquinasa en Derrame pleural complicado / empiema (fibrinólisis intrapleural)?	100.000 UI — Cada 12-24 h por el tubo de tórax, vía intrapleural	Farmacoterapia::Hematología y antitrombóticos
¿Cuánto dura el tratamiento con Uroquinasa?	Corta.	Farmacoterapia::Hematología y antitrombóticos
¿Cómo se suspende Uroquinasa?	—	Farmacoterapia::Hematología y antitrombóticos
¿Qué hay que monitorizar durante el tratamiento con Uroquinasa?	Sangrado.	Farmacoterapia::Hematología y antitrombóticos
¿Cuál es la vida media de Uroquinasa?	15-20 min.	Farmacoterapia::Hematología y antitrombóticos
¿Requiere Uroquinasa ajuste en insuficiencia renal?	No precisa.	Farmacoterapia::Hematología y antitrombóticos
Efecto adverso grave de Uroquinasa: Hemorragia — ¿en qué consiste?	Hemorragia	Farmacoterapia::Hematología y antitrombóticos
¿Está contraindicado Uroquinasa en: Hemorragia activa?	Sí — Hemorragia activa	Farmacoterapia::Hematología y antitrombóticos
¿Está contraindicado Uroquinasa en: Cirugía mayor reciente?	Sí — Cirugía mayor reciente (uso sistémico)	Farmacoterapia::Hematología y antitrombóticos
Particularidad de Uroquinasa que hay que tener en cuenta:	Antes de retirar un reservorio ocluido, probar la desobstrucción con fibrinolítico.	Farmacoterapia::Hematología y antitrombóticos
¿A qué clase farmacológica pertenece Hierro sacarosa?	Hierro (hematínico) (Hierro intravenoso de dosis limitada)	Farmacoterapia::Hematología y antitrombóticos
¿Cuál es el mecanismo de acción de Hierro sacarosa?	Complejo de hidróxido de hierro y sacarosa captado por el sistema reticuloendotelial.	Farmacoterapia::Hematología y antitrombóticos
¿Qué distingue a Hierro sacarosa de los demás fármacos de su clase (Hierro (hematínico))?	<b>Dosis máxima por infusión baja (200 mg)</b>: requiere VARIAS infusiones (la carboximaltosa repone 1.000 mg en una).	Farmacoterapia::Hematología y antitrombóticos
¿Cuál es la dosis de Hierro sacarosa en Ferropenia con intolerancia o fracaso del hierro oral, ERC en diálisis?	100-200 mg — 1-3 veces por semana hasta completar el déficit, vía IV	Farmacoterapia::Hematología y antitrombóticos
¿Cuánto dura el tratamiento con Hierro sacarosa?	Hasta completar el déficit.	Farmacoterapia::Hematología y antitrombóticos
¿Cómo se suspende Hierro sacarosa?	—	Farmacoterapia::Hematología y antitrombóticos
¿Qué hay que monitorizar durante el tratamiento con Hierro sacarosa?	Hb a las 4 semanas; ferritina tras 4-8 semanas.	Farmacoterapia::Hematología y antitrombóticos
¿Cuál es la vida media de Hierro sacarosa?	6 h.	Farmacoterapia::Hematología y antitrombóticos
¿Requiere Hierro sacarosa ajuste en insuficiencia renal?	No precisa.	Farmacoterapia::Hematología y antitrombóticos
Efecto adverso grave de Hierro sacarosa: Hipersensibilidad — ¿en qué consiste?	Hipersensibilidad (rara)	Farmacoterapia::Hematología y antitrombóticos
Efecto adverso grave de Hierro sacarosa: Extravasación — ¿en qué consiste?	Extravasación (tinción)	Farmacoterapia::Hematología y antitrombóticos
¿Está contraindicado Hierro sacarosa en: Anemia no ferropénica?	Sí — Anemia no ferropénica	Farmacoterapia::Hematología y antitrombóticos
¿Está contraindicado Hierro sacarosa en: Sobrecarga de hierro?	Sí — Sobrecarga de hierro	Farmacoterapia::Hematología y antitrombóticos
¿Está contraindicado Hierro sacarosa en: 1.er trimestre del embarazo?	Sí — 1.er trimestre del embarazo	Farmacoterapia::Hematología y antitrombóticos
Particularidad de Hierro sacarosa que hay que tener en cuenta:	En hemodiálisis se administra al final de la sesión por la vía del circuito.	Farmacoterapia::Hematología y antitrombóticos
¿A qué clase farmacológica pertenece Eltrombopag?	Factor de crecimiento hematopoyético (Agonista oral del receptor de trombopoyetina)	Farmacoterapia::Hematología y antitrombóticos
¿Cuál es el mecanismo de acción de Eltrombopag?	Agonista no peptídico del receptor de trombopoyetina (c-Mpl) en los megacariocitos.	Farmacoterapia::Hematología y antitrombóticos
¿Qué distingue a Eltrombopag de los demás fármacos de su clase (Factor de crecimiento hematopoyético)?	<b>Estimula la serie PLAQUETARIA</b> (la EPO, la roja; el G-CSF, la blanca).	Farmacoterapia::Hematología y antitrombóticos
¿Cuál es la dosis de Eltrombopag en Trombocitopenia inmune crónica refractaria?	25-50 mg (máx. 75 mg) — Cada 24 h, vía VO	Farmacoterapia::Hematología y antitrombóticos
¿A qué objetivo se ajusta la dosis de Eltrombopag en Trombocitopenia inmune crónica refractaria?	Plaquetas ≥50.000/µL	Farmacoterapia::Hematología y antitrombóticos
¿Cuánto dura el tratamiento con Eltrombopag?	Indefinida si eficaz.	Farmacoterapia::Hematología y antitrombóticos
¿Cómo se suspende Eltrombopag?	Retirada gradual (trombocitopenia de rebote).	Farmacoterapia::Hematología y antitrombóticos
¿Qué hay que monitorizar durante el tratamiento con Eltrombopag?	Plaquetas semanales al inicio, transaminasas.	Farmacoterapia::Hematología y antitrombóticos
¿Cuál es la vida media de Eltrombopag?	21-35 h.	Farmacoterapia::Hematología y antitrombóticos
¿Requiere Eltrombopag ajuste en insuficiencia renal?	Precaución.	Farmacoterapia::Hematología y antitrombóticos
Efecto adverso grave de Eltrombopag: Hepatotoxicidad — ¿en qué consiste?	Hepatotoxicidad	Farmacoterapia::Hematología y antitrombóticos
Efecto adverso grave de Eltrombopag: Trombosis — ¿en qué consiste?	Trombosis (incluida portal en cirróticos)	Farmacoterapia::Hematología y antitrombóticos
Efecto adverso grave de Eltrombopag: Fibrosis medular — ¿en qué consiste?	Fibrosis medular	Farmacoterapia::Hematología y antitrombóticos
¿Está contraindicado Eltrombopag en: Insuficiencia hepática moderada-grave?	Sí — Insuficiencia hepática moderada-grave (relativa)	Farmacoterapia::Hematología y antitrombóticos
Particularidad de Eltrombopag que hay que tener en cuenta:	No es para la trombocitopenia aguda grave con sangrado (ahí, corticoides, IGIV, transfusión).	Farmacoterapia::Hematología y antitrombóticos
¿A qué clase farmacológica pertenece Ticagrelor y prasugrel?	Antiagregante plaquetario (Inhibidores del receptor P2Y12 de nueva generación)	Farmacoterapia::Hematología y antitrombóticos
¿Cuál es el mecanismo de acción de Ticagrelor y prasugrel?	Bloquean el receptor P2Y12 del ADP en la plaqueta, impidiendo la amplificación de la agregación. La diferencia con el clopidogrel es doble y explica su superioridad. El CLOPIDOGREL y el PRASUGREL son PROFÁRMACOS que requieren activación hepática, pero el clopidogrel depende del CYP2C19, cuyo polimorfismo hace que hasta un 30% de la población sea mala respondedora; el prasugrel se activa por una vía más eficiente y no tiene ese problema. El TICAGRELOR va más allá: NO es un profármaco, actúa directamente y se une de forma REVERSIBLE y no competitiva al receptor, lo que le da un inicio más rápido, una inhibición más constante y una recuperación de la función plaquetaria más rápida al suspenderlo. Esa reversibilidad tiene una contrapartida: exige DOS tomas al día, y olvidar una dosis deja al paciente desprotegido antes que con los irreversibles. El ticagrelor inhibe además la recaptación de ADENOSINA, y de ahí salen sus dos efectos adversos más característicos y desconcertantes: la DISNEA y las pausas ventriculares.	Farmacoterapia::Hematología y antitrombóticos
¿Qué distingue a Ticagrelor y prasugrel de los demás fármacos de su clase (Antiagregante plaquetario)?	<b>Más POTENTES y rápidos que el clopidogrel</b>: de elección en el <b>síndrome coronario agudo</b> (doble antiagregación con AAS 12 meses).	Farmacoterapia::Hematología y antitrombóticos
¿Cuál es la dosis de Ticagrelor y prasugrel en SÍNDROME CORONARIO AGUDO, con o sin elevación del segmento ST?	Ticagrelor 180 mg de carga y después 90 mg cada 12 horas, con AAS 100 mg al día — Cada 12 horas, vía VO	Farmacoterapia::Hematología y antitrombóticos
¿A qué objetivo se ajusta la dosis de Ticagrelor y prasugrel en SÍNDROME CORONARIO AGUDO, con o sin elevación del segmento ST?	Doble antiagregación durante 12 meses, ajustable según el riesgo isquémico y hemorrágico	Farmacoterapia::Hematología y antitrombóticos
¿Cuál es la dosis de Ticagrelor y prasugrel en Síndrome coronario agudo con intervencionismo coronario percutáneo (prasugrel)?	Prasugrel 60 mg de carga y después 10 mg al día (5 mg si pesa menos de 60 kg o tiene más de 75 años) — Una toma diaria, vía VO	Farmacoterapia::Hematología y antitrombóticos
¿Cuál es la dosis de Ticagrelor y prasugrel en Prevención secundaria a largo plazo en el paciente de alto riesgo isquémico?	Ticagrelor 60 mg cada 12 horas más AAS, más allá del primer año — Cada 12 horas, vía VO	Farmacoterapia::Hematología y antitrombóticos
¿Cuál es la dosis de Ticagrelor y prasugrel en Paciente con mala respuesta a clopidogrel o con stent trombosado?	Ticagrelor 90 mg cada 12 horas — Cada 12 horas, vía VO	Farmacoterapia::Hematología y antitrombóticos
¿Cuánto dura el tratamiento con Ticagrelor y prasugrel?	12 meses de doble antiagregación tras un síndrome coronario agudo, acortable a 3-6 meses si el riesgo hemorrágico es alto, o prolongable si el isquémico predomina.	Farmacoterapia::Hematología y antitrombóticos
¿Cómo se suspende Ticagrelor y prasugrel?	Antes de una cirugía se suspenden: TICAGRELOR 3-5 días antes, PRASUGREL 7 días. Nunca se suspende la doble antiagregación en los primeros meses tras un stent sin consultar con cardiología: el riesgo de trombosis del stent es alto y a menudo mortal.	Farmacoterapia::Hematología y antitrombóticos
¿Qué hay que monitorizar durante el tratamiento con Ticagrelor y prasugrel?	Hemoglobina, signos de sangrado, tolerancia (disnea con ticagrelor) y adherencia, que es crítica.	Farmacoterapia::Hematología y antitrombóticos
¿Cuál es la vida media de Ticagrelor y prasugrel?	Ticagrelor 7-9 horas (metabolito 9-12), lo que obliga a dos tomas diarias.	Farmacoterapia::Hematología y antitrombóticos
¿Requiere Ticagrelor y prasugrel ajuste en insuficiencia renal?	Sin ajuste, aunque el riesgo hemorrágico aumenta.	Farmacoterapia::Hematología y antitrombóticos
Interacción crítica de Ticagrelor y prasugrel con Inhibidores potentes del CYP3A4 (ketoconazol, claritromicina, ritonavir) con TICAGRELOR: ¿qué ocurre y qué se hace?	Aumentan sus concentraciones y el riesgo hemorrágico. Manejo: CONTRAINDICADOS; elegir azitromicina en lugar de claritromicina	Farmacoterapia::Hematología y antitrombóticos
Interacción crítica de Ticagrelor y prasugrel con Inductores del CYP3A4 (rifampicina, carbamazepina): ¿qué ocurre y qué se hace?	Reducen su eficacia con riesgo de TROMBOSIS DEL STENT. Manejo: Evitar la combinación	Farmacoterapia::Hematología y antitrombóticos
Interacción crítica de Ticagrelor y prasugrel con AAS a dosis superiores a 100 mg (con ticagrelor): ¿qué ocurre y qué se hace?	REDUCE la eficacia del ticagrelor, un hallazgo del ensayo PLATO. Manejo: Es un dato muy concreto y fácil de incumplir: con ticagrelor, el AAS debe ser de 75-100 mg al día, nunca más	Farmacoterapia::Hematología y antitrombóticos
Interacción crítica de Ticagrelor y prasugrel con Anticoagulantes, AINE e ISRS: ¿qué ocurre y qué se hace?	Riesgo hemorrágico aditivo. Manejo: Evitar AINE; en la triple terapia con anticoagulante se prefiere CLOPIDOGREL y no ticagrelor ni prasugrel	Farmacoterapia::Hematología y antitrombóticos
Efecto adverso grave de Ticagrelor y prasugrel: HEMORRAGIA GRAVE, incluida la intracraneal — ¿en qué consiste?	HEMORRAGIA GRAVE, incluida la intracraneal	Farmacoterapia::Hematología y antitrombóticos
Efecto adverso grave de Ticagrelor y prasugrel: PAUSAS VENTRICULARES y bradiarritmias con el ticagrelor, sobre todo en la primera semana — ¿en qué consiste?	PAUSAS VENTRICULARES y bradiarritmias con el ticagrelor, sobre todo en la primera semana (por el efecto adenosínico)	Farmacoterapia::Hematología y antitrombóticos
Efecto adverso grave de Ticagrelor y prasugrel: TROMBOSIS DEL STENT si se suspenden precozmente — ¿en qué consiste?	TROMBOSIS DEL STENT si se suspenden precozmente: es una complicación con mortalidad alta	Farmacoterapia::Hematología y antitrombóticos
Efecto adverso grave de Ticagrelor y prasugrel: Ictus hemorrágico con prasugrel en pacientes con antecedente de ictus — ¿en qué consiste?	Ictus hemorrágico con prasugrel en pacientes con antecedente de ictus	Farmacoterapia::Hematología y antitrombóticos
Efecto adverso grave de Ticagrelor y prasugrel: Púrpura trombocitopénica trombótica — ¿en qué consiste?	Púrpura trombocitopénica trombótica (muy rara)	Farmacoterapia::Hematología y antitrombóticos
¿Está contraindicado Ticagrelor y prasugrel en: Hemorragia activa?	Sí — Hemorragia activa	Farmacoterapia::Hematología y antitrombóticos
¿Está contraindicado Ticagrelor y prasugrel en: Antecedente de HEMORRAGIA INTRACRANEAL?	Sí — Antecedente de HEMORRAGIA INTRACRANEAL	Farmacoterapia::Hematología y antitrombóticos
¿Está contraindicado Ticagrelor y prasugrel en: PRASUGREL con antecedente de ICTUS o accidente isquémico transitorio?	Sí — PRASUGREL con antecedente de ICTUS o accidente isquémico transitorio	Farmacoterapia::Hematología y antitrombóticos
¿Está contraindicado Ticagrelor y prasugrel en: Insuficiencia hepática grave?	Sí — Insuficiencia hepática grave (ticagrelor)	Farmacoterapia::Hematología y antitrombóticos
¿Está contraindicado Ticagrelor y prasugrel en: Uso concomitante de inhibidores potentes del CYP3A4?	Sí — Uso concomitante de inhibidores potentes del CYP3A4 (ticagrelor)	Farmacoterapia::Hematología y antitrombóticos
Particularidad de Ticagrelor y prasugrel que hay que tener en cuenta:	La DISNEA del ticagrelor desconcierta si no se conoce: afecta a en torno al 15% de los pacientes, aparece en las primeras semanas, es benigna y no refleja ninguna alteración respiratoria ni cardiaca. Se debe a la inhibición de la recaptación de ADENOSINA. Advertirla evita estudios innecesarios y, sobre todo, evita que el paciente lo abandone pensando que su corazón va peor.	Farmacoterapia::Hematología y antitrombóticos
¿A qué clase farmacológica pertenece Reversión de la anticoagulación (vitamina K, complejo protrombínico, idarucizumab, andexanet, protamina)?	Visión de clase: reversión de la anticoagulación (Agentes de reversión específicos e inespecíficos)	Farmacoterapia::Hematología y antitrombóticos
¿Cuál es el mecanismo de acción de Reversión de la anticoagulación (vitamina K, complejo protrombínico, idarucizumab, andexanet, protamina)?	Cada anticoagulante tiene su propia lógica de reversión. La VITAMINA K restaura la capacidad del hígado de gamma-carboxilar los factores II, VII, IX y X, pero necesita HORAS porque hay que sintetizar factores nuevos: revierte la causa, no el efecto inmediato. El COMPLEJO PROTROMBÍNICO aporta esos mismos factores YA FABRICADOS, de modo que corrige el INR en minutos; por eso en una hemorragia grave se administran LOS DOS: el complejo para ahora y la vitamina K para que no rebote cuando el complejo se consuma. El IDARUCIZUMAB es un fragmento de anticuerpo que se une al dabigatrán con una afinidad 350 veces mayor que la de este por la trombina y lo secuestra por completo. El ANDEXANET ALFA es un factor Xa modificado, catalíticamente inactivo, que actúa como SEÑUELO: atrae y neutraliza al apixabán y al rivaroxabán. La PROTAMINA es una proteína muy básica que se une por carga a la heparina, que es fuertemente ácida, formando un complejo inerte: revierte por completo la heparina no fraccionada y solo parcialmente las de bajo peso molecular.	Farmacoterapia::Hematología y antitrombóticos
¿Cuál es la dosis de Reversión de la anticoagulación (vitamina K, complejo protrombínico, idarucizumab, andexanet, protamina) en HEMORRAGIA GRAVE con antivitamina K (acenocumarol, warfarina)?	Complejo protrombínico de 4 factores 25-50 UI/kg según el INR, MÁS vitamina K 10 mg IV lenta — Dosis única, con reevaluación del INR a los 30 minutos, vía IV	Farmacoterapia::Hematología y antitrombóticos
¿A qué objetivo se ajusta la dosis de Reversión de la anticoagulación (vitamina K, complejo protrombínico, idarucizumab, andexanet, protamina) en HEMORRAGIA GRAVE con antivitamina K (acenocumarol, warfarina)?	INR menor de 1,5 y control del sangrado	Farmacoterapia::Hematología y antitrombóticos
¿Cuál es la dosis de Reversión de la anticoagulación (vitamina K, complejo protrombínico, idarucizumab, andexanet, protamina) en INR excesivo SIN hemorragia?	INR de 4,5-10: omitir dosis y control. INR mayor de 10: vitamina K 2,5-5 mg por vía ORAL — Dosis única con control a las 24 horas, vía VO	Farmacoterapia::Hematología y antitrombóticos
¿A qué objetivo se ajusta la dosis de Reversión de la anticoagulación (vitamina K, complejo protrombínico, idarucizumab, andexanet, protamina) en INR excesivo SIN hemorragia?	INR dentro del rango terapéutico sin sobrecorregir	Farmacoterapia::Hematología y antitrombóticos
¿Cuál es la dosis de Reversión de la anticoagulación (vitamina K, complejo protrombínico, idarucizumab, andexanet, protamina) en Hemorragia grave o cirugía urgente con DABIGATRÁN?	Idarucizumab 5 g IV (dos viales de 2,5 g consecutivos) — Dosis única, vía IV	Farmacoterapia::Hematología y antitrombóticos
¿A qué objetivo se ajusta la dosis de Reversión de la anticoagulación (vitamina K, complejo protrombínico, idarucizumab, andexanet, protamina) en Hemorragia grave o cirugía urgente con DABIGATRÁN?	Normalización del tiempo de trombina y control del sangrado, en minutos	Farmacoterapia::Hematología y antitrombóticos
¿Cuál es la dosis de Reversión de la anticoagulación (vitamina K, complejo protrombínico, idarucizumab, andexanet, protamina) en Hemorragia grave con APIXABÁN o RIVAROXABÁN?	Andexanet alfa: dosis baja de 400 mg en bolo y 480 mg en perfusión de 2 horas, o dosis alta de 800 mg en bolo y 960 mg en perfusión, según el fármaco, la dosis y el tiempo transcurrido — Bolo y perfusión de 2 horas, vía IV	Farmacoterapia::Hematología y antitrombóticos
¿Cuál es la dosis de Reversión de la anticoagulación (vitamina K, complejo protrombínico, idarucizumab, andexanet, protamina) en Reversión de la HEPARINA?	Protamina 1 mg por cada 100 UI de heparina no fraccionada administrada en las 2-3 horas previas; 1 mg por cada 1 mg de enoxaparina — Perfusión LENTA en 10 minutos, vía IV	Farmacoterapia::Hematología y antitrombóticos
¿A qué objetivo se ajusta la dosis de Reversión de la anticoagulación (vitamina K, complejo protrombínico, idarucizumab, andexanet, protamina) en Reversión de la HEPARINA?	Normalización del TTPa	Farmacoterapia::Hematología y antitrombóticos
¿Cuánto dura el tratamiento con Reversión de la anticoagulación (vitamina K, complejo protrombínico, idarucizumab, andexanet, protamina)?	Dosis única en la mayoría de los casos, con reevaluación clínica y analítica.	Farmacoterapia::Hematología y antitrombóticos
¿Cómo se suspende Reversión de la anticoagulación (vitamina K, complejo protrombínico, idarucizumab, andexanet, protamina)?	Hay que REANUDAR la anticoagulación en cuanto sea seguro: el paciente sigue teniendo el motivo por el que se anticoaguló, y el periodo posterior a la reversión es protrombótico.	Farmacoterapia::Hematología y antitrombóticos
¿Qué hay que monitorizar durante el tratamiento con Reversión de la anticoagulación (vitamina K, complejo protrombínico, idarucizumab, andexanet, protamina)?	INR, TTPa, hemoglobina, y vigilancia de trombosis en los días siguientes.	Farmacoterapia::Hematología y antitrombóticos
¿Cuál es la vida media de Reversión de la anticoagulación (vitamina K, complejo protrombínico, idarucizumab, andexanet, protamina)?	Complejo protrombínico: horas (los factores tienen vidas medias distintas, y el VII es el más corto). Andexanet: efecto de unas 2 horas, y de ahí la necesidad de perfusión.	Farmacoterapia::Hematología y antitrombóticos
¿Requiere Reversión de la anticoagulación (vitamina K, complejo protrombínico, idarucizumab, andexanet, protamina) ajuste en insuficiencia renal?	Sin ajuste; el dabigatrán, en cambio, se acumula en la insuficiencia renal, que es la causa habitual de su sobredosificación.	Farmacoterapia::Hematología y antitrombóticos
Interacción crítica de Reversión de la anticoagulación (vitamina K, complejo protrombínico, idarucizumab, andexanet, protamina) con Reanudación del anticoagulante tras la reversión: ¿qué ocurre y qué se hace?	Estado PROTROMBÓTICO tras revertir, con riesgo de ictus o de trombosis de válvula. Manejo: Hay que planificar el reinicio desde el mismo momento de la reversión: el paciente sigue teniendo su indicación	Farmacoterapia::Hematología y antitrombóticos
Interacción crítica de Reversión de la anticoagulación (vitamina K, complejo protrombínico, idarucizumab, andexanet, protamina) con Vitamina K a DOSIS ALTAS: ¿qué ocurre y qué se hace?	RESISTENCIA al antivitamina K durante una semana o más. Manejo: En el portador de válvula mecánica esa resistencia es peligrosa: usar la dosis mínima necesaria (1-2,5 mg) cuando no hay sangrado	Farmacoterapia::Hematología y antitrombóticos
Interacción crítica de Reversión de la anticoagulación (vitamina K, complejo protrombínico, idarucizumab, andexanet, protamina) con PROTAMINA en exceso: ¿qué ocurre y qué se hace?	Paradójicamente ANTICOAGULA por sí misma e inhibe la función plaquetaria. Manejo: No sobredosificar: hay que calcular la heparina realmente circulante, no la total administrada	Farmacoterapia::Hematología y antitrombóticos
Interacción crítica de Reversión de la anticoagulación (vitamina K, complejo protrombínico, idarucizumab, andexanet, protamina) con PROTAMINA en pacientes con insulina NPH, alergia al pescado o vasectomizados: ¿qué ocurre y qué se hace?	ANAFILAXIA e hipotensión grave. Manejo: Administrar LENTA, en 10 minutos, con el paciente monitorizado y adrenalina disponible	Farmacoterapia::Hematología y antitrombóticos
Efecto adverso grave de Reversión de la anticoagulación (vitamina K, complejo protrombínico, idarucizumab, andexanet, protamina): TROMBOSIS tras la reversión — ¿en qué consiste?	TROMBOSIS tras la reversión: infarto, ictus, trombosis de válvula y tromboembolia, descritos con complejo protrombínico y con andexanet	Farmacoterapia::Hematología y antitrombóticos
Efecto adverso grave de Reversión de la anticoagulación (vitamina K, complejo protrombínico, idarucizumab, andexanet, protamina): ANAFILAXIA por vitamina K INTRAVENOSA rápida — ¿en qué consiste?	ANAFILAXIA por vitamina K INTRAVENOSA rápida: por eso se administra diluida y en 20-30 minutos	Farmacoterapia::Hematología y antitrombóticos
Efecto adverso grave de Reversión de la anticoagulación (vitamina K, complejo protrombínico, idarucizumab, andexanet, protamina): ANAFILAXIA e hipotensión grave por PROTAMINA, con mayor riesgo en diabéticos con insulina NPH — ¿en qué consiste?	ANAFILAXIA e hipotensión grave por PROTAMINA, con mayor riesgo en diabéticos con insulina NPH (que contiene protamina), alérgicos al pescado y vasectomizados	Farmacoterapia::Hematología y antitrombóticos
Efecto adverso grave de Reversión de la anticoagulación (vitamina K, complejo protrombínico, idarucizumab, andexanet, protamina): Hipertensión pulmonar aguda por protamina — ¿en qué consiste?	Hipertensión pulmonar aguda por protamina	Farmacoterapia::Hematología y antitrombóticos
Efecto adverso grave de Reversión de la anticoagulación (vitamina K, complejo protrombínico, idarucizumab, andexanet, protamina): Sobrecarga de volumen con plasma fresco congelado — ¿en qué consiste?	Sobrecarga de volumen con plasma fresco congelado (motivo por el que el complejo protrombínico lo ha desplazado)	Farmacoterapia::Hematología y antitrombóticos
¿Está contraindicado Reversión de la anticoagulación (vitamina K, complejo protrombínico, idarucizumab, andexanet, protamina) en: Coagulación intravascular diseminada activa?	Sí — Coagulación intravascular diseminada activa (relativa para el complejo protrombínico)	Farmacoterapia::Hematología y antitrombóticos
¿Está contraindicado Reversión de la anticoagulación (vitamina K, complejo protrombínico, idarucizumab, andexanet, protamina) en: Trombocitopenia inducida por heparina para la heparina, no para los antídotos?	Sí — Trombocitopenia inducida por heparina para la heparina, no para los antídotos	Farmacoterapia::Hematología y antitrombóticos
¿Está contraindicado Reversión de la anticoagulación (vitamina K, complejo protrombínico, idarucizumab, andexanet, protamina) en: Antecedente de anafilaxia a protamina?	Sí — Antecedente de anafilaxia a protamina	Farmacoterapia::Hematología y antitrombóticos
¿Está contraindicado Reversión de la anticoagulación (vitamina K, complejo protrombínico, idarucizumab, andexanet, protamina) en: Uso de complejo protrombínico sin hemorragia significativa?	Sí — Uso de complejo protrombínico sin hemorragia significativa	Farmacoterapia::Hematología y antitrombóticos
Particularidad de Reversión de la anticoagulación (vitamina K, complejo protrombínico, idarucizumab, andexanet, protamina) que hay que tener en cuenta:	En la hemorragia grave por antivitamina K hay que dar SIEMPRE LOS DOS: COMPLEJO PROTROMBÍNICO para corregir ahora y VITAMINA K para que no rebote. El complejo se consume en horas, y si no se ha repuesto la capacidad de síntesis, el INR vuelve a subir y el paciente vuelve a sangrar. Es el error más frecuente del manejo.	Farmacoterapia::Hematología y antitrombóticos
