¿A qué clase farmacológica pertenece Omeprazol?	Inhibidor de la bomba de protones (Benzimidazol sustituido, profármaco)	Farmacoterapia::Digestivo y hepatología
¿Cuál es el mecanismo de acción de Omeprazol?	Es un PROFÁRMACO base débil que se concentra selectivamente en el medio ácido del canalículo secretor de la célula parietal, donde se protona y se transforma en sulfenamida activa que se une de forma COVALENTE e IRREVERSIBLE a la H+/K+-ATPasa (la bomba de protones), el paso final común de toda secreción ácida. Al bloquear el paso final, inhibe la secreción venga del estímulo que venga: gastrina, acetilcolina o histamina. La recuperación exige sintetizar bombas nuevas, lo que explica que su efecto dure 24-48 h pese a una vida media de una hora.	Farmacoterapia::Digestivo y hepatología
¿Qué distingue a Omeprazol de los demás fármacos de su clase (Inhibidor de la bomba de protones)?	<b>El IBP de referencia y con más experiencia</b>, incluido el <b>embarazo</b>.	Farmacoterapia::Digestivo y hepatología
¿Cuál es la dosis de Omeprazol en Enfermedad por reflujo gastroesofágico y esofagitis?	20-40 mg/24 h — Una vez al día, 30 minutos ANTES del desayuno, vía VO	Farmacoterapia::Digestivo y hepatología
¿Cuál es la dosis de Omeprazol en Úlcera péptica gástrica o duodenal?	20-40 mg/24 h durante 4-8 semanas — Una vez al día antes del desayuno, vía VO	Farmacoterapia::Digestivo y hepatología
¿Cuál es la dosis de Omeprazol en Erradicación de Helicobacter pylori (terapia cuádruple)?	40 mg/12 h junto a amoxicilina, claritromicina y metronidazol durante 14 días — Cada 12 h, vía VO	Farmacoterapia::Digestivo y hepatología
¿Cuál es la dosis de Omeprazol en Profilaxis de úlcera por AINE o por antiagregación en paciente de riesgo?	20 mg/24 h — Una vez al día, vía VO	Farmacoterapia::Digestivo y hepatología
¿Cuál es la dosis de Omeprazol en Hemorragia digestiva alta por úlcera péptica?	Bolo de 80 mg IV seguido de perfusión de 8 mg/h durante 72 h — Perfusión continua, vía IV	Farmacoterapia::Digestivo y hepatología
¿Cuál es la dosis de Omeprazol en Síndrome de Zollinger-Ellison?	60-120 mg/24 h — 1-2 veces al día, vía VO	Farmacoterapia::Digestivo y hepatología
¿Cuánto dura el tratamiento con Omeprazol?	4-8 semanas en la úlcera y en la esofagitis; 14 días a doble dosis en la erradicación de Helicobacter; indefinida solo en el esófago de Barrett, la esofagitis grave recidivante, el Zollinger-Ellison y la profilaxis mantenida con indicación firme.	Farmacoterapia::Digestivo y hepatología
¿Cómo se suspende Omeprazol?	La retirada brusca tras meses de tratamiento produce HIPERSECRECIÓN ÁCIDA DE REBOTE por hipergastrinemia, con síntomas que el paciente y el médico interpretan como recaída y que llevan a reinstaurarlo indefinidamente. Se retira de forma progresiva o pasando a tratamiento a demanda.	Farmacoterapia::Digestivo y hepatología
¿Qué hay que monitorizar durante el tratamiento con Omeprazol?	Ninguna de rutina. En tratamientos prolongados: MAGNESIO, vitamina B12 y valoración periódica de si la indicación sigue vigente (deprescripción).	Farmacoterapia::Digestivo y hepatología
¿Cuál es la vida media de Omeprazol?	1 h, pero con efecto de 24-48 h por la unión irreversible a la bomba. Es una disociación análoga a la del AAS con la plaqueta.	Farmacoterapia::Digestivo y hepatología
¿Requiere Omeprazol ajuste en insuficiencia renal?	No precisa ajuste.	Farmacoterapia::Digestivo y hepatología
Interacción crítica de Omeprazol con Fármacos que necesitan ACIDEZ para absorberse: ketoconazol, itraconazol, atazanavir, hierro, calcio, levotiroxina, velpatasvir: ¿qué ocurre y qué se hace?	Reducción significativa de su absorción y posible fracaso terapéutico. Manejo: Separar las tomas, retirar el IBP si no está indicado, o elegir alternativas que no dependan del pH	Farmacoterapia::Digestivo y hepatología
Interacción crítica de Omeprazol con Metotrexato a dosis altas: ¿qué ocurre y qué se hace?	Reduce su eliminación renal y aumenta su toxicidad. Manejo: Suspender el IBP durante los ciclos de metotrexato a dosis altas	Farmacoterapia::Digestivo y hepatología
Efecto adverso grave de Omeprazol: HIPOMAGNESEMIA con tetania, arritmias y convulsiones — ¿en qué consiste?	HIPOMAGNESEMIA con tetania, arritmias y convulsiones (tratamientos prolongados)	Farmacoterapia::Digestivo y hepatología
Efecto adverso grave de Omeprazol: Aumento del riesgo de INFECCIÓN POR CLOSTRIDIOIDES DIFFICILE y de otras infecciones entéricas, al perderse la barrera ácida — ¿en qué consiste?	Aumento del riesgo de INFECCIÓN POR CLOSTRIDIOIDES DIFFICILE y de otras infecciones entéricas, al perderse la barrera ácida	Farmacoterapia::Digestivo y hepatología
Efecto adverso grave de Omeprazol: Déficit de VITAMINA B12 y de hierro por malabsorción — ¿en qué consiste?	Déficit de VITAMINA B12 y de hierro por malabsorción	Farmacoterapia::Digestivo y hepatología
Efecto adverso grave de Omeprazol: NEFRITIS INTERSTICIAL AGUDA — ¿en qué consiste?	NEFRITIS INTERSTICIAL AGUDA (reacción idiosincrásica, causa a menudo no reconocida de deterioro renal)	Farmacoterapia::Digestivo y hepatología
Efecto adverso grave de Omeprazol: Neumonía adquirida en la comunidad y sobrecrecimiento bacteriano intestinal — ¿en qué consiste?	Neumonía adquirida en la comunidad y sobrecrecimiento bacteriano intestinal	Farmacoterapia::Digestivo y hepatología
Efecto adverso grave de Omeprazol: Asociación — ¿en qué consiste?	Asociación (no causalidad demostrada) con fracturas osteoporóticas en uso prolongado a dosis altas	Farmacoterapia::Digestivo y hepatología
¿Está contraindicado Omeprazol en: Hipersensibilidad a los benzimidazoles sustituidos?	Sí — Hipersensibilidad a los benzimidazoles sustituidos	Farmacoterapia::Digestivo y hepatología
¿Está contraindicado Omeprazol en: Uso concomitante con rilpivirina, atazanavir y nelfinavir?	Sí — Uso concomitante con rilpivirina, atazanavir y nelfinavir	Farmacoterapia::Digestivo y hepatología
Particularidad de Omeprazol que hay que tener en cuenta:	El problema clínico más importante de este fármaco no es su toxicidad sino su SOBREUTILIZACIÓN: se inicia por una indicación transitoria y se mantiene años sin revisar. La deprescripción periódica forma parte del buen uso, y en una revisión de medicación el IBP debería ser siempre el primer candidato a revisarse.	Farmacoterapia::Digestivo y hepatología
¿A qué clase farmacológica pertenece Metoclopramida?	Antiemético (Antagonista dopaminérgico D2 con acción procinética colinérgica)	Farmacoterapia::Digestivo y hepatología
¿Cuál es el mecanismo de acción de Metoclopramida?	Bloquea los receptores D2 de la ZONA GATILLO QUIMIORRECEPTORA del área postrema (efecto antiemético central) y los del plexo mientérico, donde la dopamina inhibe la liberación de acetilcolina: al bloquearla, aumenta la actividad colinérgica y con ella el tono del esfínter esofágico inferior, la amplitud de las contracciones antrales y el VACIAMIENTO GÁSTRICO (efecto procinético). A dosis altas antagoniza también receptores 5-HT3. El bloqueo D2 en la vía nigroestriada es el que produce sus efectos extrapiramidales.	Farmacoterapia::Digestivo y hepatología
¿Qué distingue a Metoclopramida de los demás fármacos de su clase (Antiemético)?	<b>Atraviesa la barrera hematoencefálica</b>: <b>distonías agudas</b> (jóvenes), acatisia, parkinsonismo y <b>discinesia tardía</b> (por eso máximo 5 días). La domperidona no las produce.	Farmacoterapia::Digestivo y hepatología
¿Cuál es la dosis de Metoclopramida en Náuseas y vómitos de causa diversa (postoperatorios, farmacológicos, gastroenteritis del adulto)?	10 mg/8 h (máximo 30 mg/día) — Cada 8 h, hasta un máximo de 5 días, vía VO, IV o IM	Farmacoterapia::Digestivo y hepatología
¿Cuál es la dosis de Metoclopramida en Gastroparesia diabética?	10 mg antes de las comidas y al acostarse — Antes de cada comida, vía VO	Farmacoterapia::Digestivo y hepatología
¿Cuál es la dosis de Metoclopramida en Náuseas y vómitos inducidos por quimioterapia (esquemas de bajo potencial emetógeno)?	10-20 mg/6-8 h — Cada 6-8 h, vía VO o IV	Farmacoterapia::Digestivo y hepatología
¿Cuál es la dosis de Metoclopramida en Facilitación de la intubación intestinal y de estudios radiológicos digestivos?	10-20 mg en dosis única — Dosis única, vía IV	Farmacoterapia::Digestivo y hepatología
¿Cuál es la dosis de Metoclopramida en Crisis de migraña con náuseas?	10 mg IV junto al analgésico — Dosis única, vía IV	Farmacoterapia::Digestivo y hepatología
¿Cuánto dura el tratamiento con Metoclopramida?	MÁXIMO 5 DÍAS. Esta limitación, establecida por las agencias reguladoras, es una de las restricciones de duración más concretas de la farmacología clínica.	Farmacoterapia::Digestivo y hepatología
¿Cómo se suspende Metoclopramida?	Suspensión sin descenso progresivo.	Farmacoterapia::Digestivo y hepatología
¿Qué hay que monitorizar durante el tratamiento con Metoclopramida?	Vigilar la aparición de síntomas extrapiramidales, sobre todo en jóvenes y en las primeras 48 h. En uso prolongado (que debe evitarse), vigilar discinesia tardía.	Farmacoterapia::Digestivo y hepatología
¿Cuál es la vida media de Metoclopramida?	5-6 h; se prolonga en la insuficiencia renal, lo que aumenta el riesgo de efectos extrapiramidales.	Farmacoterapia::Digestivo y hepatología
¿Requiere Metoclopramida ajuste en insuficiencia renal?	REDUCIR la dosis a la mitad con FG por debajo de 60 y a un cuarto por debajo de 15. La falta de ajuste renal es una causa frecuente de distonía aguda.	Farmacoterapia::Digestivo y hepatología
Interacción crítica de Metoclopramida con ANTIPSICÓTICOS (haloperidol, risperidona) y otros antidopaminérgicos: ¿qué ocurre y qué se hace?	Suma de bloqueo D2 con riesgo elevado de reacción extrapiramidal y de síndrome neuroléptico maligno. Manejo: Evitar la asociación	Farmacoterapia::Digestivo y hepatología
Interacción crítica de Metoclopramida con LEVODOPA y agonistas dopaminérgicos: ¿qué ocurre y qué se hace?	ANTAGONISMO mutuo: empeora el parkinsonismo y reduce la eficacia del tratamiento antiparkinsoniano. Manejo: CONTRAINDICADA en el paciente con enfermedad de Parkinson; usar domperidona u ondansetrón	Farmacoterapia::Digestivo y hepatología
Efecto adverso grave de Metoclopramida: DISTONÍA AGUDA — ¿en qué consiste?	DISTONÍA AGUDA: crisis oculógiras, tortícolis, trismo y protrusión lingual, sobre todo en NIÑOS y ADULTOS JÓVENES, en las primeras 48 h. Muy alarmante pero reversible	Farmacoterapia::Digestivo y hepatología
Efecto adverso grave de Metoclopramida: PARKINSONISMO farmacológico, sobre todo en el anciano — ¿en qué consiste?	PARKINSONISMO farmacológico, sobre todo en el anciano	Farmacoterapia::Digestivo y hepatología
Efecto adverso grave de Metoclopramida: DISCINESIA TARDÍA con el uso prolongado, potencialmente IRREVERSIBLE — ¿en qué consiste?	DISCINESIA TARDÍA con el uso prolongado, potencialmente IRREVERSIBLE: es la razón de la limitación a 5 días	Farmacoterapia::Digestivo y hepatología
Efecto adverso grave de Metoclopramida: Síndrome neuroléptico maligno — ¿en qué consiste?	Síndrome neuroléptico maligno	Farmacoterapia::Digestivo y hepatología
Efecto adverso grave de Metoclopramida: Hiperprolactinemia con galactorrea, ginecomastia y amenorrea — ¿en qué consiste?	Hiperprolactinemia con galactorrea, ginecomastia y amenorrea	Farmacoterapia::Digestivo y hepatología
Efecto adverso grave de Metoclopramida: Metahemoglobinemia en el neonato — ¿en qué consiste?	Metahemoglobinemia en el neonato	Farmacoterapia::Digestivo y hepatología
¿Está contraindicado Metoclopramida en: ENFERMEDAD DE PARKINSON?	Sí — ENFERMEDAD DE PARKINSON	Farmacoterapia::Digestivo y hepatología
¿Está contraindicado Metoclopramida en: Antecedente de discinesia tardía o de reacción extrapiramidal a antidopaminérgicos?	Sí — Antecedente de discinesia tardía o de reacción extrapiramidal a antidopaminérgicos	Farmacoterapia::Digestivo y hepatología
¿Está contraindicado Metoclopramida en: Obstrucción, perforación o hemorragia digestiva?	Sí — Obstrucción, perforación o hemorragia digestiva (un procinético en una obstrucción es peligroso)	Farmacoterapia::Digestivo y hepatología
¿Está contraindicado Metoclopramida en: Feocromocitoma?	Sí — Feocromocitoma (puede desencadenar crisis hipertensiva)	Farmacoterapia::Digestivo y hepatología
¿Está contraindicado Metoclopramida en: Epilepsia no controlada?	Sí — Epilepsia no controlada	Farmacoterapia::Digestivo y hepatología
¿Está contraindicado Metoclopramida en: Menores de 1 año?	Sí — Menores de 1 año	Farmacoterapia::Digestivo y hepatología
Particularidad de Metoclopramida que hay que tener en cuenta:	La DISTONÍA AGUDA es la reacción que hay que saber reconocer y tratar: un joven que acude con tortícolis, crisis oculógira y protrusión lingual tras un antiemético no está teniendo una crisis conversiva ni una convulsión. El tratamiento es BIPERIDENO intramuscular o intravenoso, con respuesta espectacular en minutos.	Farmacoterapia::Digestivo y hepatología
¿A qué clase farmacológica pertenece Ondansetrón?	Antiemético (Antagonista de los receptores 5-HT3 (setrón))	Farmacoterapia::Digestivo y hepatología
¿Cuál es el mecanismo de acción de Ondansetrón?	Bloquea los receptores de SEROTONINA 5-HT3 en dos localizaciones complementarias: los terminales VAGALES AFERENTES del intestino y la ZONA GATILLO QUIMIORRECEPTORA del área postrema. La quimioterapia y la radioterapia dañan las células enterocromafines intestinales, que liberan grandes cantidades de serotonina; esta estimula el vago y desencadena el vómito. Bloquear ese primer eslabón es lo que hace a los setrones tan superiores en el vómito de origen intestinal. NO actúan sobre receptores dopaminérgicos, y de ahí que no produzcan efectos extrapiramidales.	Farmacoterapia::Digestivo y hepatología
¿Qué distingue a Ondansetrón de los demás fármacos de su clase (Antiemético)?	<b>Antagonista 5-HT3: de elección en las náuseas por QUIMIOTERAPIA, posoperatorias y en la GASTROENTERITIS pediátrica</b>.	Farmacoterapia::Digestivo y hepatología
¿Cuál es la dosis de Ondansetrón en Náuseas y vómitos inducidos por quimioterapia o radioterapia?	8 mg antes de la quimioterapia y 8 mg/12 h durante 1-2 días — Cada 12 h, vía VO o IV	Farmacoterapia::Digestivo y hepatología
¿Cuál es la dosis de Ondansetrón en Náuseas y vómitos postoperatorios: prevención y tratamiento?	4 mg IV al final de la cirugía — Dosis única, vía IV	Farmacoterapia::Digestivo y hepatología
¿Cuál es la dosis de Ondansetrón en Gastroenteritis aguda del niño con vómitos que impiden la rehidratación oral?	Dosis ÚNICA de 0,15 mg/kg (2 mg si pesa 8-15 kg, 4 mg si 15-30 kg, 8 mg si más de 30 kg) — Dosis única, vía VO (liofilizado oral)	Farmacoterapia::Digestivo y hepatología
¿Cuál es la dosis de Ondansetrón en Hiperémesis gravídica refractaria?	4-8 mg/8 h — Cada 8 h, vía VO o IV	Farmacoterapia::Digestivo y hepatología
¿Cuánto dura el tratamiento con Ondansetrón?	1-3 días en la quimioterapia; dosis única en el postoperatorio y en la gastroenteritis del niño.	Farmacoterapia::Digestivo y hepatología
¿Cómo se suspende Ondansetrón?	Suspensión directa. Si tras 2-3 días persisten los vómitos, hay que replantear el diagnóstico en lugar de prolongar el antiemético.	Farmacoterapia::Digestivo y hepatología
¿Qué hay que monitorizar durante el tratamiento con Ondansetrón?	ECG con medición del QT en pacientes con factores de riesgo: cardiopatía, alteraciones electrolíticas u otros fármacos que prolongan el QT. Vigilar el estreñimiento en tratamientos repetidos.	Farmacoterapia::Digestivo y hepatología
¿Cuál es la vida media de Ondansetrón?	3-5 h, más prolongada en el anciano y en la hepatopatía.	Farmacoterapia::Digestivo y hepatología
¿Requiere Ondansetrón ajuste en insuficiencia renal?	No precisa ajuste.	Farmacoterapia::Digestivo y hepatología
Interacción crítica de Ondansetrón con Fármacos que prolongan el QT: amiodarona, sotalol, haloperidol, quinolonas, macrólidos, antidepresivos: ¿qué ocurre y qué se hace?	Prolongación aditiva del QT con riesgo de TORSADE DE POINTES. Manejo: Evitar la combinación o monitorizar el ECG; corregir potasio y magnesio	Farmacoterapia::Digestivo y hepatología
Interacción crítica de Ondansetrón con Apomorfina: ¿qué ocurre y qué se hace?	Hipotensión grave y pérdida de conciencia. Manejo: Combinación CONTRAINDICADA	Farmacoterapia::Digestivo y hepatología
Efecto adverso grave de Ondansetrón: PROLONGACIÓN DEL QT y torsade de pointes, dosis-dependiente y máxima con la vía intravenosa rápida — ¿en qué consiste?	PROLONGACIÓN DEL QT y torsade de pointes, dosis-dependiente y máxima con la vía intravenosa rápida	Farmacoterapia::Digestivo y hepatología
Efecto adverso grave de Ondansetrón: Síndrome serotoninérgico en combinación con otros fármacos serotoninérgicos — ¿en qué consiste?	Síndrome serotoninérgico en combinación con otros fármacos serotoninérgicos	Farmacoterapia::Digestivo y hepatología
Efecto adverso grave de Ondansetrón: Reacciones de hipersensibilidad, incluida anafilaxia — ¿en qué consiste?	Reacciones de hipersensibilidad, incluida anafilaxia	Farmacoterapia::Digestivo y hepatología
Efecto adverso grave de Ondansetrón: Isquemia miocárdica transitoria — ¿en qué consiste?	Isquemia miocárdica transitoria (rara)	Farmacoterapia::Digestivo y hepatología
¿Está contraindicado Ondansetrón en: Hipersensibilidad a los setrones?	Sí — Hipersensibilidad a los setrones	Farmacoterapia::Digestivo y hepatología
¿Está contraindicado Ondansetrón en: Uso concomitante con APOMORFINA?	Sí — Uso concomitante con APOMORFINA	Farmacoterapia::Digestivo y hepatología
¿Está contraindicado Ondansetrón en: Síndrome de QT largo congénito?	Sí — Síndrome de QT largo congénito	Farmacoterapia::Digestivo y hepatología
¿Está contraindicado Ondansetrón en: Precaución en alteraciones electrolíticas no corregidas?	Sí — Precaución en alteraciones electrolíticas no corregidas	Farmacoterapia::Digestivo y hepatología
Particularidad de Ondansetrón que hay que tener en cuenta:	Su gran ventaja frente a la metoclopramida es que NO produce efectos extrapiramidales, porque no toca los receptores dopaminérgicos. Eso lo convierte en el antiemético de elección en el paciente con enfermedad de Parkinson, en el joven y en quien ya ha tenido una distonía por antidopaminérgicos.	Farmacoterapia::Digestivo y hepatología
¿A qué clase farmacológica pertenece Lactulosa?	Laxante (Osmótico: disacárido no absorbible fermentable)	Farmacoterapia::Digestivo y hepatología
¿Cuál es el mecanismo de acción de Lactulosa?	Disacárido no absorbible que las bacterias colónicas fermentan a ácidos orgánicos: retiene agua (osmótico), baja el pH y convierte el amoníaco en amonio no absorbible.	Farmacoterapia::Digestivo y hepatología
¿Qué distingue a Lactulosa de los demás fármacos de su clase (Laxante)?	<b>De elección en la ENCEFALOPATÍA HEPÁTICA</b>: acidifica el colon y atrapa el amonio (NH4+), además de laxante.	Farmacoterapia::Digestivo y hepatología
¿Cuál es la dosis de Lactulosa en Encefalopatía hepática (tratamiento y prevención)?	20-30 mL — Cada 8-12 h, vía VO	Farmacoterapia::Digestivo y hepatología
¿A qué objetivo se ajusta la dosis de Lactulosa en Encefalopatía hepática (tratamiento y prevención)?	2-3 deposiciones blandas al día	Farmacoterapia::Digestivo y hepatología
¿Cuál es la dosis de Lactulosa en Estreñimiento?	15-30 mL — Cada 12-24 h, vía VO	Farmacoterapia::Digestivo y hepatología
¿Cuánto dura el tratamiento con Lactulosa?	Indefinida en encefalopatía.	Farmacoterapia::Digestivo y hepatología
¿Cómo se suspende Lactulosa?	—	Farmacoterapia::Digestivo y hepatología
¿Qué hay que monitorizar durante el tratamiento con Lactulosa?	Ritmo intestinal, electrolitos e hidratación (diarrea excesiva).	Farmacoterapia::Digestivo y hepatología
¿Cuál es la vida media de Lactulosa?	No relevante (efecto 24-48 h).	Farmacoterapia::Digestivo y hepatología
¿Requiere Lactulosa ajuste en insuficiencia renal?	No precisa.	Farmacoterapia::Digestivo y hepatología
Efecto adverso grave de Lactulosa: Deshidratación e hipernatremia con dosis excesivas — ¿en qué consiste?	Deshidratación e hipernatremia con dosis excesivas (encefalopatía que empeora)	Farmacoterapia::Digestivo y hepatología
¿Está contraindicado Lactulosa en: Obstrucción intestinal?	Sí — Obstrucción intestinal	Farmacoterapia::Digestivo y hepatología
¿Está contraindicado Lactulosa en: Galactosemia?	Sí — Galactosemia	Farmacoterapia::Digestivo y hepatología
Particularidad de Lactulosa que hay que tener en cuenta:	Sobredosificar la lactulosa deshidrata y puede EMPEORAR la encefalopatía.	Farmacoterapia::Digestivo y hepatología
¿A qué clase farmacológica pertenece Plantago ovata (ispágula)?	Laxante (Formador de masa (fibra))	Farmacoterapia::Digestivo y hepatología
¿Cuál es el mecanismo de acción de Plantago ovata (ispágula)?	Fibra soluble que absorbe agua y aumenta el volumen y la blandura de las heces, estimulando el peristaltismo.	Farmacoterapia::Digestivo y hepatología
¿Qué distingue a Plantago ovata (ispágula) de los demás fármacos de su clase (Laxante)?	<b>Laxante FORMADOR DE MASA</b>: el más fisiológico, primera línea en el estreñimiento crónico funcional y en el colon irritable con estreñimiento.	Farmacoterapia::Digestivo y hepatología
¿Cuál es la dosis de Plantago ovata (ispágula) en Estreñimiento crónico funcional y colon irritable con estreñimiento?	3,5 g (1 sobre) — Cada 8-24 h con 200 mL de agua, vía VO	Farmacoterapia::Digestivo y hepatología
¿Cuál es la dosis de Plantago ovata (ispágula) en Diarrea leve (regulador) y hemorroides o fisura anal?	3,5 g — Cada 12-24 h, vía VO	Farmacoterapia::Digestivo y hepatología
¿Cuánto dura el tratamiento con Plantago ovata (ispágula)?	Continuo.	Farmacoterapia::Digestivo y hepatología
¿Cómo se suspende Plantago ovata (ispágula)?	—	Farmacoterapia::Digestivo y hepatología
¿Qué hay que monitorizar durante el tratamiento con Plantago ovata (ispágula)?	Ritmo intestinal.	Farmacoterapia::Digestivo y hepatología
¿Cuál es la vida media de Plantago ovata (ispágula)?	No relevante.	Farmacoterapia::Digestivo y hepatología
¿Requiere Plantago ovata (ispágula) ajuste en insuficiencia renal?	No precisa.	Farmacoterapia::Digestivo y hepatología
Efecto adverso grave de Plantago ovata (ispágula): Impactación u obstrucción — ¿en qué consiste?	Impactación u obstrucción (sin agua suficiente)	Farmacoterapia::Digestivo y hepatología
Efecto adverso grave de Plantago ovata (ispágula): Reacciones alérgicas — ¿en qué consiste?	Reacciones alérgicas (inhalación del polvo)	Farmacoterapia::Digestivo y hepatología
¿Está contraindicado Plantago ovata (ispágula) en: Obstrucción o impactación intestinal?	Sí — Obstrucción o impactación intestinal	Farmacoterapia::Digestivo y hepatología
¿Está contraindicado Plantago ovata (ispágula) en: Estenosis esofágica?	Sí — Estenosis esofágica	Farmacoterapia::Digestivo y hepatología
¿Está contraindicado Plantago ovata (ispágula) en: Estreñimiento por opioides?	Sí — Estreñimiento por opioides	Farmacoterapia::Digestivo y hepatología
Particularidad de Plantago ovata (ispágula) que hay que tener en cuenta:	Anciano encamado que bebe poco: la fibra puede empeorar el estreñimiento; mejor macrogol.	Farmacoterapia::Digestivo y hepatología
¿A qué clase farmacológica pertenece Sales de bismuto (subsalicilato y subcitrato)?	Antidiarreico (Antisecretor, antimicrobiano y citoprotector)	Farmacoterapia::Digestivo y hepatología
¿Cuál es el mecanismo de acción de Sales de bismuto (subsalicilato y subcitrato)?	Efecto antisecretor (salicilato), antimicrobiano directo frente a H. pylori y E. coli, y formación de una capa protectora sobre la mucosa.	Farmacoterapia::Digestivo y hepatología
¿Qué distingue a Sales de bismuto (subsalicilato y subcitrato) de los demás fármacos de su clase (Antidiarreico)?	<b>Doble uso</b>: el subsalicilato como antidiarreico (diarrea del viajero) y el <b>subcitrato como componente de la CUÁDRUPLE TERAPIA frente a H. pylori</b>.	Farmacoterapia::Digestivo y hepatología
¿Cuál es la dosis de Sales de bismuto (subsalicilato y subcitrato) en Erradicación de H. pylori (cuádruple con bismuto)?	3 cápsulas (140 mg subcitrato + 125 mg metronidazol + 125 mg tetraciclina) — Cada 6 h con omeprazol 20 mg/12 h, vía VO	Farmacoterapia::Digestivo y hepatología
¿Cuál es la dosis de Sales de bismuto (subsalicilato y subcitrato) en Diarrea del viajero leve (subsalicilato)?	524 mg — Cada 30-60 min (máx. 8 dosis/día), vía VO	Farmacoterapia::Digestivo y hepatología
¿Cuánto dura el tratamiento con Sales de bismuto (subsalicilato y subcitrato)?	10 días (H. pylori).	Farmacoterapia::Digestivo y hepatología
¿Cómo se suspende Sales de bismuto (subsalicilato y subcitrato)?	—	Farmacoterapia::Digestivo y hepatología
¿Qué hay que monitorizar durante el tratamiento con Sales de bismuto (subsalicilato y subcitrato)?	—	Farmacoterapia::Digestivo y hepatología
¿Cuál es la vida media de Sales de bismuto (subsalicilato y subcitrato)?	Prolongada para el bismuto absorbido.	Farmacoterapia::Digestivo y hepatología
¿Requiere Sales de bismuto (subsalicilato y subcitrato) ajuste en insuficiencia renal?	Evitar en ERC avanzada (acumulación de bismuto).	Farmacoterapia::Digestivo y hepatología
Efecto adverso grave de Sales de bismuto (subsalicilato y subcitrato): Encefalopatía por bismuto — ¿en qué consiste?	Encefalopatía por bismuto (uso prolongado, ERC)	Farmacoterapia::Digestivo y hepatología
Efecto adverso grave de Sales de bismuto (subsalicilato y subcitrato): Toxicidad salicílica — ¿en qué consiste?	Toxicidad salicílica	Farmacoterapia::Digestivo y hepatología
¿Está contraindicado Sales de bismuto (subsalicilato y subcitrato) en: ERC avanzada?	Sí — ERC avanzada	Farmacoterapia::Digestivo y hepatología
¿Está contraindicado Sales de bismuto (subsalicilato y subcitrato) en: Niños y adolescentes?	Sí — Niños y adolescentes (subsalicilato)	Farmacoterapia::Digestivo y hepatología
¿Está contraindicado Sales de bismuto (subsalicilato y subcitrato) en: Alergia al AAS?	Sí — Alergia al AAS (subsalicilato)	Farmacoterapia::Digestivo y hepatología
Particularidad de Sales de bismuto (subsalicilato y subcitrato) que hay que tener en cuenta:	Heces negras con bismuto: comprobar que no hay anemia ni inestabilidad antes de pensar en hemorragia.	Farmacoterapia::Digestivo y hepatología
¿A qué clase farmacológica pertenece Famotidina?	Protector gástrico y antiácido (no IBP) (Antagonista del receptor H2)	Farmacoterapia::Digestivo y hepatología
¿Cuál es el mecanismo de acción de Famotidina?	Bloquea competitivamente los receptores H2 de la célula parietal, reduciendo la secreción ácida (sobre todo la basal y nocturna).	Farmacoterapia::Digestivo y hepatología
¿Qué distingue a Famotidina de los demás fármacos de su clase (Protector gástrico y antiácido (no IBP))?	<b>Antisecretor MENOS potente que los IBP</b> pero de <b>inicio más rápido</b>; útil para la acidez <b>nocturna</b> y <b>a demanda</b>.	Farmacoterapia::Digestivo y hepatología
¿Cuál es la dosis de Famotidina en Pirosis ocasional o nocturna?	20 mg — Cada 12-24 h o a demanda, vía VO	Farmacoterapia::Digestivo y hepatología
¿Cuál es la dosis de Famotidina en Profilaxis de reacciones de hipersensibilidad (con anti-H1) y de aspiración ácida?	20 mg — Dosis única previa, vía IV / VO	Farmacoterapia::Digestivo y hepatología
¿Cuánto dura el tratamiento con Famotidina?	Corta o a demanda.	Farmacoterapia::Digestivo y hepatología
¿Cómo se suspende Famotidina?	—	Farmacoterapia::Digestivo y hepatología
¿Qué hay que monitorizar durante el tratamiento con Famotidina?	—	Farmacoterapia::Digestivo y hepatología
¿Cuál es la vida media de Famotidina?	3 h.	Farmacoterapia::Digestivo y hepatología
¿Requiere Famotidina ajuste en insuficiencia renal?	<b>FG <50: mitad de dosis.</b>	Farmacoterapia::Digestivo y hepatología
Efecto adverso grave de Famotidina: Confusión y delirium — ¿en qué consiste?	Confusión y delirium (ancianos con ERC)	Farmacoterapia::Digestivo y hepatología
Efecto adverso grave de Famotidina: Prolongación del QT en ERC — ¿en qué consiste?	Prolongación del QT en ERC (rara)	Farmacoterapia::Digestivo y hepatología
¿Está contraindicado Famotidina en: Hipersensibilidad a anti-H2?	Sí — Hipersensibilidad a anti-H2	Farmacoterapia::Digestivo y hepatología
Particularidad de Famotidina que hay que tener en cuenta:	Tomar la famotidina por la noche complementa al IBP en la acidez nocturna refractaria.	Farmacoterapia::Digestivo y hepatología
¿A qué clase farmacológica pertenece Sucralfato?	Protector gástrico y antiácido (no IBP) (Citoprotector de barrera)	Farmacoterapia::Digestivo y hepatología
¿Cuál es el mecanismo de acción de Sucralfato?	Complejo de sacarosa sulfatada e hidróxido de aluminio que, en medio ácido, se polimeriza y se une a las proteínas del lecho ulceroso.	Farmacoterapia::Digestivo y hepatología
¿Qué distingue a Sucralfato de los demás fármacos de su clase (Protector gástrico y antiácido (no IBP))?	<b>NO reduce el ácido</b>: forma una <b>barrera física</b> sobre la úlcera (necesita pH ácido para activarse: no combinar en el mismo momento con antiácidos).	Farmacoterapia::Digestivo y hepatología
¿Cuál es la dosis de Sucralfato en Úlcera duodenal (alternativa) y esofagitis por radiación o química?	1 g — Cada 6 h (1 h antes de comidas y al acostarse), vía VO	Farmacoterapia::Digestivo y hepatología
¿Cuánto dura el tratamiento con Sucralfato?	4-8 semanas.	Farmacoterapia::Digestivo y hepatología
¿Cómo se suspende Sucralfato?	—	Farmacoterapia::Digestivo y hepatología
¿Qué hay que monitorizar durante el tratamiento con Sucralfato?	—	Farmacoterapia::Digestivo y hepatología
¿Cuál es la vida media de Sucralfato?	No relevante.	Farmacoterapia::Digestivo y hepatología
¿Requiere Sucralfato ajuste en insuficiencia renal?	<b>Evitar en ERC</b> (aluminio).	Farmacoterapia::Digestivo y hepatología
Efecto adverso grave de Sucralfato: Toxicidad por aluminio en ERC — ¿en qué consiste?	Toxicidad por aluminio en ERC	Farmacoterapia::Digestivo y hepatología
Efecto adverso grave de Sucralfato: Bezoares — ¿en qué consiste?	Bezoares	Farmacoterapia::Digestivo y hepatología
¿Está contraindicado Sucralfato en: ERC avanzada?	Sí — ERC avanzada	Farmacoterapia::Digestivo y hepatología
¿Está contraindicado Sucralfato en: Gastroparesia grave?	Sí — Gastroparesia grave	Farmacoterapia::Digestivo y hepatología
Particularidad de Sucralfato que hay que tener en cuenta:	Hoy casi desplazado por los IBP; útil en el embarazo y en esofagitis por radiación.	Farmacoterapia::Digestivo y hepatología
¿A qué clase farmacológica pertenece Almagato (y otros antiácidos de magnesio/aluminio)?	Protector gástrico y antiácido (no IBP) (Antiácido neutralizante)	Farmacoterapia::Digestivo y hepatología
¿Cuál es el mecanismo de acción de Almagato (y otros antiácidos de magnesio/aluminio)?	Bases débiles que neutralizan el ácido clorhídrico gástrico; los alginatos forman una balsa que frena el reflujo.	Farmacoterapia::Digestivo y hepatología
¿Qué distingue a Almagato (y otros antiácidos de magnesio/aluminio) de los demás fármacos de su clase (Protector gástrico y antiácido (no IBP))?	<b>NEUTRALIZA el ácido ya secretado</b>: alivio en MINUTOS, pero breve (30-60 min). Para síntomas ocasionales.	Farmacoterapia::Digestivo y hepatología
¿Cuál es la dosis de Almagato (y otros antiácidos de magnesio/aluminio) en Pirosis y dispepsia ocasionales?	1-1,5 g (1 sobre o 10-15 mL) — A demanda, 1 h tras comidas y al acostarse, vía VO	Farmacoterapia::Digestivo y hepatología
¿Cuánto dura el tratamiento con Almagato (y otros antiácidos de magnesio/aluminio)?	Uso ocasional.	Farmacoterapia::Digestivo y hepatología
¿Cómo se suspende Almagato (y otros antiácidos de magnesio/aluminio)?	Si se necesita a diario, valorar IBP y estudiar.	Farmacoterapia::Digestivo y hepatología
¿Qué hay que monitorizar durante el tratamiento con Almagato (y otros antiácidos de magnesio/aluminio)?	—	Farmacoterapia::Digestivo y hepatología
¿Cuál es la vida media de Almagato (y otros antiácidos de magnesio/aluminio)?	Efecto 30-60 min (más con comida).	Farmacoterapia::Digestivo y hepatología
¿Requiere Almagato (y otros antiácidos de magnesio/aluminio) ajuste en insuficiencia renal?	<b>Evitar en ERC</b> (hipermagnesemia, aluminio).	Farmacoterapia::Digestivo y hepatología
Efecto adverso grave de Almagato (y otros antiácidos de magnesio/aluminio): Hipermagnesemia en ERC — ¿en qué consiste?	Hipermagnesemia en ERC	Farmacoterapia::Digestivo y hepatología
Efecto adverso grave de Almagato (y otros antiácidos de magnesio/aluminio): Hipofosfatemia con uso crónico — ¿en qué consiste?	Hipofosfatemia con uso crónico	Farmacoterapia::Digestivo y hepatología
¿Está contraindicado Almagato (y otros antiácidos de magnesio/aluminio) en: ERC avanzada?	Sí — ERC avanzada	Farmacoterapia::Digestivo y hepatología
¿Está contraindicado Almagato (y otros antiácidos de magnesio/aluminio) en: Hipofosfatemia?	Sí — Hipofosfatemia	Farmacoterapia::Digestivo y hepatología
Particularidad de Almagato (y otros antiácidos de magnesio/aluminio) que hay que tener en cuenta:	Necesidad diaria de antiácidos = ERGE no tratada o dispepsia a estudiar.	Farmacoterapia::Digestivo y hepatología
¿A qué clase farmacológica pertenece Budesonida oral (liberación ileal o colónica)?	Fármaco de la enfermedad inflamatoria intestinal (Corticoide de acción local con alto primer paso hepático)	Farmacoterapia::Digestivo y hepatología
¿Cuál es el mecanismo de acción de Budesonida oral (liberación ileal o colónica)?	Glucocorticoide de alta potencia tópica liberado en íleon o colon; metabolismo hepático rápido por CYP3A4.	Farmacoterapia::Digestivo y hepatología
¿Qué distingue a Budesonida oral (liberación ileal o colónica) de los demás fármacos de su clase (Fármaco de la enfermedad inflamatoria intestinal)?	<b>Corticoide de acción LOCAL</b>: el 90% se inactiva en el primer paso hepático, con <b>muchos menos efectos sistémicos</b> que la prednisona.	Farmacoterapia::Digestivo y hepatología
¿Cuál es la dosis de Budesonida oral (liberación ileal o colónica) en Enfermedad de Crohn ileocecal leve-moderada?	9 mg — Cada 24 h, vía VO	Farmacoterapia::Digestivo y hepatología
¿Cuál es la dosis de Budesonida oral (liberación ileal o colónica) en Colitis microscópica?	9 mg — Cada 24 h, vía VO	Farmacoterapia::Digestivo y hepatología
¿Cuál es la dosis de Budesonida oral (liberación ileal o colónica) en Colitis ulcerosa leve-moderada (MMX)?	9 mg — Cada 24 h, vía VO	Farmacoterapia::Digestivo y hepatología
¿Cuánto dura el tratamiento con Budesonida oral (liberación ileal o colónica)?	8 semanas.	Farmacoterapia::Digestivo y hepatología
¿Cómo se suspende Budesonida oral (liberación ileal o colónica)?	Descenso en 2-4 semanas.	Farmacoterapia::Digestivo y hepatología
¿Qué hay que monitorizar durante el tratamiento con Budesonida oral (liberación ileal o colónica)?	Respuesta clínica; glucemia.	Farmacoterapia::Digestivo y hepatología
¿Cuál es la vida media de Budesonida oral (liberación ileal o colónica)?	2-3 h.	Farmacoterapia::Digestivo y hepatología
¿Requiere Budesonida oral (liberación ileal o colónica) ajuste en insuficiencia renal?	No precisa.	Farmacoterapia::Digestivo y hepatología
Interacción crítica de Budesonida oral (liberación ileal o colónica) con Ketoconazol, itraconazol, ritonavir, pomelo: ¿qué ocurre y qué se hace?	Cushing iatrogénico. Manejo: Evitar	Farmacoterapia::Digestivo y hepatología
Efecto adverso grave de Budesonida oral (liberación ileal o colónica): Supresión suprarrenal con uso prolongado — ¿en qué consiste?	Supresión suprarrenal con uso prolongado	Farmacoterapia::Digestivo y hepatología
¿Está contraindicado Budesonida oral (liberación ileal o colónica) en: Infección intestinal activa?	Sí — Infección intestinal activa	Farmacoterapia::Digestivo y hepatología
¿Está contraindicado Budesonida oral (liberación ileal o colónica) en: Cirrosis avanzada?	Sí — Cirrosis avanzada (relativa)	Farmacoterapia::Digestivo y hepatología
Particularidad de Budesonida oral (liberación ileal o colónica) que hay que tener en cuenta:	No sirve como mantenimiento a largo plazo de la remisión.	Farmacoterapia::Digestivo y hepatología
¿A qué clase farmacológica pertenece Vedolizumab?	Fármaco de la enfermedad inflamatoria intestinal (Anticuerpo anti-integrina alfa-4-beta-7 intestino-selectivo)	Farmacoterapia::Digestivo y hepatología
¿Cuál es el mecanismo de acción de Vedolizumab?	Anticuerpo monoclonal frente a la integrina alfa-4-beta-7, que impide su unión a MAdCAM-1 del endotelio intestinal.	Farmacoterapia::Digestivo y hepatología
¿Qué distingue a Vedolizumab de los demás fármacos de su clase (Fármaco de la enfermedad inflamatoria intestinal)?	<b>INTESTINO-SELECTIVO</b>: bloquea el paso de linfocitos solo al intestino → <b>perfil de infecciones muy favorable</b> (útil en ancianos y con riesgo infeccioso).	Farmacoterapia::Digestivo y hepatología
¿Cuál es la dosis de Vedolizumab en Colitis ulcerosa o Crohn moderado-grave con fracaso o intolerancia a convencionales o anti-TNF?	300 mg IV (después opción SC 108 mg/2 semanas) — Semanas 0, 2 y 6; luego cada 8 semanas, vía IV / SC	Farmacoterapia::Digestivo y hepatología
¿Cuánto dura el tratamiento con Vedolizumab?	Indefinida si eficaz.	Farmacoterapia::Digestivo y hepatología
¿Cómo se suspende Vedolizumab?	—	Farmacoterapia::Digestivo y hepatología
¿Qué hay que monitorizar durante el tratamiento con Vedolizumab?	Respuesta clínica, calprotectina.	Farmacoterapia::Digestivo y hepatología
¿Cuál es la vida media de Vedolizumab?	25 días.	Farmacoterapia::Digestivo y hepatología
¿Requiere Vedolizumab ajuste en insuficiencia renal?	No precisa.	Farmacoterapia::Digestivo y hepatología
Efecto adverso grave de Vedolizumab: Reacciones infusionales — ¿en qué consiste?	Reacciones infusionales	Farmacoterapia::Digestivo y hepatología
Efecto adverso grave de Vedolizumab: Infecciones intestinales — ¿en qué consiste?	Infecciones intestinales	Farmacoterapia::Digestivo y hepatología
¿Está contraindicado Vedolizumab en: Infección activa grave?	Sí — Infección activa grave	Farmacoterapia::Digestivo y hepatología
¿Está contraindicado Vedolizumab en: Hipersensibilidad?	Sí — Hipersensibilidad	Farmacoterapia::Digestivo y hepatología
Particularidad de Vedolizumab que hay que tener en cuenta:	Opción interesante en el anciano con EII y comorbilidad infecciosa.	Farmacoterapia::Digestivo y hepatología
¿A qué clase farmacológica pertenece Colestiramina?	Ácido biliar y secuestrador de ácidos biliares (Resina secuestradora de ácidos biliares)	Farmacoterapia::Digestivo y hepatología
¿Cuál es el mecanismo de acción de Colestiramina?	Resina de intercambio aniónico que une ácidos biliares en la luz intestinal e interrumpe su circulación enterohepática.	Farmacoterapia::Digestivo y hepatología
¿Qué distingue a Colestiramina de los demás fármacos de su clase (Ácido biliar y secuestrador de ácidos biliares)?	<b>Usos clínicos variados</b>: <b>prurito colestásico</b>, <b>diarrea por ácidos biliares</b> (postcolecistectomía, resección ileal), hipercolesterolemia (en desuso) y <b>lavado de leflunomida</b>.	Farmacoterapia::Digestivo y hepatología
¿Cuál es la dosis de Colestiramina en Prurito por colestasis?	4 g — Cada 8-24 h (antes y después del desayuno), vía VO	Farmacoterapia::Digestivo y hepatología
¿Cuál es la dosis de Colestiramina en Diarrea por malabsorción de ácidos biliares?	4 g — Cada 12-24 h, vía VO	Farmacoterapia::Digestivo y hepatología
¿Cuál es la dosis de Colestiramina en Eliminación acelerada de leflunomida o teriflunomida?	8 g — Cada 8 h, vía VO	Farmacoterapia::Digestivo y hepatología
¿Cuánto dura el tratamiento con Colestiramina?	Según indicación.	Farmacoterapia::Digestivo y hepatología
¿Cómo se suspende Colestiramina?	—	Farmacoterapia::Digestivo y hepatología
¿Qué hay que monitorizar durante el tratamiento con Colestiramina?	Triglicéridos, vitaminas liposolubles con uso prolongado.	Farmacoterapia::Digestivo y hepatología
¿Cuál es la vida media de Colestiramina?	No relevante.	Farmacoterapia::Digestivo y hepatología
¿Requiere Colestiramina ajuste en insuficiencia renal?	No precisa.	Farmacoterapia::Digestivo y hepatología
Interacción crítica de Colestiramina con Warfarina, digoxina, levotiroxina, anticonceptivos, vitaminas liposolubles, ácido micofenólico: ¿qué ocurre y qué se hace?	Menor absorción. Manejo: Separar 1 h antes o 4-6 h después	Farmacoterapia::Digestivo y hepatología
Efecto adverso grave de Colestiramina: Déficit de vitaminas A, D, E, K — ¿en qué consiste?	Déficit de vitaminas A, D, E, K (coagulopatía)	Farmacoterapia::Digestivo y hepatología
Efecto adverso grave de Colestiramina: Hipertrigliceridemia — ¿en qué consiste?	Hipertrigliceridemia	Farmacoterapia::Digestivo y hepatología
Efecto adverso grave de Colestiramina: Acidosis hiperclorémica — ¿en qué consiste?	Acidosis hiperclorémica (niños)	Farmacoterapia::Digestivo y hepatología
¿Está contraindicado Colestiramina en: Obstrucción biliar completa?	Sí — Obstrucción biliar completa	Farmacoterapia::Digestivo y hepatología
¿Está contraindicado Colestiramina en: Triglicéridos >400 mg/dL?	Sí — Triglicéridos >400 mg/dL	Farmacoterapia::Digestivo y hepatología
Particularidad de Colestiramina que hay que tener en cuenta:	Diarrea crónica tras colecistectomía que responde a colestiramina: malabsorción de ácidos biliares.	Farmacoterapia::Digestivo y hepatología
¿A qué clase farmacológica pertenece Colesevelam?	Ácido biliar y secuestrador de ácidos biliares (Secuestrador de ácidos biliares de segunda generación)	Farmacoterapia::Digestivo y hepatología
¿Cuál es el mecanismo de acción de Colesevelam?	Polímero de alta afinidad por ácidos biliares en la luz intestinal.	Farmacoterapia::Digestivo y hepatología
¿Qué distingue a Colesevelam de los demás fármacos de su clase (Ácido biliar y secuestrador de ácidos biliares)?	<b>Mejor tolerado y con menos interacciones que la colestiramina</b> (en comprimidos).	Farmacoterapia::Digestivo y hepatología
¿Cuál es la dosis de Colesevelam en Diarrea por ácidos biliares o hipercolesterolemia (asociado a estatina)?	1.875 mg (3 comprimidos) — Cada 12 h con comidas, vía VO	Farmacoterapia::Digestivo y hepatología
¿Cuánto dura el tratamiento con Colesevelam?	Indefinida.	Farmacoterapia::Digestivo y hepatología
¿Cómo se suspende Colesevelam?	—	Farmacoterapia::Digestivo y hepatología
¿Qué hay que monitorizar durante el tratamiento con Colesevelam?	Triglicéridos, lípidos.	Farmacoterapia::Digestivo y hepatología
¿Cuál es la vida media de Colesevelam?	No relevante.	Farmacoterapia::Digestivo y hepatología
¿Requiere Colesevelam ajuste en insuficiencia renal?	No precisa.	Farmacoterapia::Digestivo y hepatología
Efecto adverso grave de Colesevelam: Hipertrigliceridemia — ¿en qué consiste?	Hipertrigliceridemia	Farmacoterapia::Digestivo y hepatología
Efecto adverso grave de Colesevelam: Obstrucción intestinal — ¿en qué consiste?	Obstrucción intestinal (raro)	Farmacoterapia::Digestivo y hepatología
¿Está contraindicado Colesevelam en: Obstrucción intestinal o biliar?	Sí — Obstrucción intestinal o biliar	Farmacoterapia::Digestivo y hepatología
¿Está contraindicado Colesevelam en: Triglicéridos >500 mg/dL?	Sí — Triglicéridos >500 mg/dL	Farmacoterapia::Digestivo y hepatología
Particularidad de Colesevelam que hay que tener en cuenta:	Alternativa cuando la colestiramina no se tolera.	Farmacoterapia::Digestivo y hepatología
¿A qué clase farmacológica pertenece Terlipresina?	Fármaco del eje de la vasopresina (Profármaco de la lisina-vasopresina (agonista V1))	Farmacoterapia::Digestivo y hepatología
¿Cuál es el mecanismo de acción de Terlipresina?	Se transforma lentamente en lisina-vasopresina: agonista V1 que contrae las arteriolas esplácnicas y reduce el flujo y la presión portal.	Farmacoterapia::Digestivo y hepatología
¿Qué distingue a Terlipresina de los demás fármacos de su clase (Fármaco del eje de la vasopresina)?	<b>Vasoconstrictor ESPLÁCNICO de elección en la HEMORRAGIA VARICOSA</b> y el único con beneficio en supervivencia.	Farmacoterapia::Digestivo y hepatología
¿Cuál es la dosis de Terlipresina en Hemorragia por varices esofágicas?	2 mg (1 mg si <50 kg) 48 h, después 1 mg — Cada 4 h, vía IV	Farmacoterapia::Digestivo y hepatología
¿Cuál es la dosis de Terlipresina en Síndrome hepatorrenal?	1 mg cada 4-6 h (o perfusión 2 mg/24 h → 12 mg/24 h) — Bolos o perfusión continua, vía IV	Farmacoterapia::Digestivo y hepatología
¿Cuánto dura el tratamiento con Terlipresina?	2-5 días (varices); ≤14 días (hepatorrenal).	Farmacoterapia::Digestivo y hepatología
¿Cómo se suspende Terlipresina?	Suspensión directa.	Farmacoterapia::Digestivo y hepatología
¿Qué hay que monitorizar durante el tratamiento con Terlipresina?	ECG, sodio, signos de isquemia, SpO2 y volemia.	Farmacoterapia::Digestivo y hepatología
¿Cuál es la vida media de Terlipresina?	50 min (efecto 3-4 h).	Farmacoterapia::Digestivo y hepatología
¿Requiere Terlipresina ajuste en insuficiencia renal?	No precisa.	Farmacoterapia::Digestivo y hepatología
Efecto adverso grave de Terlipresina: <b>Isquemia miocárdica, intestinal, cutánea o digital</b> — ¿en qué consiste?	<b>Isquemia miocárdica, intestinal, cutánea o digital</b>	Farmacoterapia::Digestivo y hepatología
Efecto adverso grave de Terlipresina: Hiponatremia — ¿en qué consiste?	Hiponatremia	Farmacoterapia::Digestivo y hepatología
Efecto adverso grave de Terlipresina: Insuficiencia respiratoria por sobrecarga — ¿en qué consiste?	Insuficiencia respiratoria por sobrecarga	Farmacoterapia::Digestivo y hepatología
¿Está contraindicado Terlipresina en: Cardiopatía isquémica?	Sí — Cardiopatía isquémica	Farmacoterapia::Digestivo y hepatología
¿Está contraindicado Terlipresina en: Arteriopatía periférica grave?	Sí — Arteriopatía periférica grave	Farmacoterapia::Digestivo y hepatología
¿Está contraindicado Terlipresina en: Embarazo?	Sí — Embarazo	Farmacoterapia::Digestivo y hepatología
¿Está contraindicado Terlipresina en: Shock séptico?	Sí — Shock séptico (relativa)	Farmacoterapia::Digestivo y hepatología
Particularidad de Terlipresina que hay que tener en cuenta:	Iniciarla ya en urgencias ante sospecha de sangrado varicoso, antes de la endoscopia.	Farmacoterapia::Digestivo y hepatología
¿A qué clase farmacológica pertenece Somatostatina?	Análogo de somatostatina (Hormona natural de vida media ultracorta)	Farmacoterapia::Digestivo y hepatología
¿Cuál es el mecanismo de acción de Somatostatina?	Inhibe la liberación de glucagón e hormonas vasodilatadoras esplácnicas: reduce el flujo y la presión portal; inhibe secreciones digestivas.	Farmacoterapia::Digestivo y hepatología
¿Qué distingue a Somatostatina de los demás fármacos de su clase (Análogo de somatostatina)?	<b>Vida media de 1-3 MIN: perfusión continua</b> obligatoria (los análogos se dan en bolos o mensualmente).	Farmacoterapia::Digestivo y hepatología
¿Cuál es la dosis de Somatostatina en Hemorragia por varices esofágicas?	250 µg bolo, después 250-500 µg/h — Perfusión continua (repetir bolo si resangrado), vía IV	Farmacoterapia::Digestivo y hepatología
¿Cuál es la dosis de Somatostatina en Fístulas pancreáticas o digestivas de alto débito?	250 µg/h — Perfusión continua, vía IV	Farmacoterapia::Digestivo y hepatología
¿Cuánto dura el tratamiento con Somatostatina?	2-5 días.	Farmacoterapia::Digestivo y hepatología
¿Cómo se suspende Somatostatina?	Suspensión directa.	Farmacoterapia::Digestivo y hepatología
¿Qué hay que monitorizar durante el tratamiento con Somatostatina?	Glucemia, signos de resangrado.	Farmacoterapia::Digestivo y hepatología
¿Cuál es la vida media de Somatostatina?	<b>1-3 min.</b>	Farmacoterapia::Digestivo y hepatología
¿Requiere Somatostatina ajuste en insuficiencia renal?	No precisa.	Farmacoterapia::Digestivo y hepatología
Efecto adverso grave de Somatostatina: Bradicardia — ¿en qué consiste?	Bradicardia	Farmacoterapia::Digestivo y hepatología
Efecto adverso grave de Somatostatina: Hipoglucemia al suspender — ¿en qué consiste?	Hipoglucemia al suspender (raro)	Farmacoterapia::Digestivo y hepatología
¿Está contraindicado Somatostatina en: Hipersensibilidad?	Sí — Hipersensibilidad	Farmacoterapia::Digestivo y hepatología
¿Está contraindicado Somatostatina en: Embarazo?	Sí — Embarazo	Farmacoterapia::Digestivo y hepatología
Particularidad de Somatostatina que hay que tener en cuenta:	Una interrupción de la perfusión anula el efecto en minutos.	Farmacoterapia::Digestivo y hepatología
¿A qué clase farmacológica pertenece Octreótido?	Análogo de somatostatina (Análogo sintético de acción intermedia)	Farmacoterapia::Digestivo y hepatología
¿Cuál es el mecanismo de acción de Octreótido?	Agonista de los receptores de somatostatina (SSTR2 y 5): inhibe GH, insulina, glucagón, serotonina, VIP y secreciones digestivas; vasoconstricción esplácnica.	Farmacoterapia::Digestivo y hepatología
¿Qué distingue a Octreótido de los demás fármacos de su clase (Análogo de somatostatina)?	<b>Análogo con vida media de 1,5-2 h: SC cada 8 h</b> o depot mensual.	Farmacoterapia::Digestivo y hepatología
¿Cuál es la dosis de Octreótido en Hipoglucemia refractaria por sulfonilureas?	50-100 µg — Cada 6-8 h, vía SC / IV	Farmacoterapia::Digestivo y hepatología
¿Cuál es la dosis de Octreótido en Síndrome carcinoide y diarrea por tumores neuroendocrinos?	100-200 µg (o 20-30 mg depot) — Cada 8 h SC (depot cada 4 semanas IM), vía SC / IM	Farmacoterapia::Digestivo y hepatología
¿Cuál es la dosis de Octreótido en Hemorragia varicosa (alternativa)?	50 µg bolo, después 50 µg/h — Perfusión continua, vía IV	Farmacoterapia::Digestivo y hepatología
¿Cuánto dura el tratamiento con Octreótido?	Según indicación.	Farmacoterapia::Digestivo y hepatología
¿Cómo se suspende Octreótido?	—	Farmacoterapia::Digestivo y hepatología
¿Qué hay que monitorizar durante el tratamiento con Octreótido?	Glucemia, ecografía biliar en uso prolongado.	Farmacoterapia::Digestivo y hepatología
¿Cuál es la vida media de Octreótido?	1,5-2 h.	Farmacoterapia::Digestivo y hepatología
¿Requiere Octreótido ajuste en insuficiencia renal?	Reducir en ERC grave.	Farmacoterapia::Digestivo y hepatología
Efecto adverso grave de Octreótido: <b>Colelitiasis</b> — ¿en qué consiste?	<b>Colelitiasis</b>	Farmacoterapia::Digestivo y hepatología
Efecto adverso grave de Octreótido: Bradicardia — ¿en qué consiste?	Bradicardia	Farmacoterapia::Digestivo y hepatología
Efecto adverso grave de Octreótido: Hipotiroidismo — ¿en qué consiste?	Hipotiroidismo (supresión de TSH)	Farmacoterapia::Digestivo y hepatología
¿Está contraindicado Octreótido en: Hipersensibilidad?	Sí — Hipersensibilidad	Farmacoterapia::Digestivo y hepatología
Particularidad de Octreótido que hay que tener en cuenta:	Hipoglucemia que recurre pese a glucosa en intoxicación por sulfonilurea: octreótido.	Farmacoterapia::Digestivo y hepatología
¿A qué clase farmacológica pertenece Lanreótido?	Análogo de somatostatina (Análogo depot de administración mensual)	Farmacoterapia::Digestivo y hepatología
¿Cuál es el mecanismo de acción de Lanreótido?	Agonista SSTR2/5 de liberación prolongada.	Farmacoterapia::Digestivo y hepatología
¿Qué distingue a Lanreótido de los demás fármacos de su clase (Análogo de somatostatina)?	<b>Solo DEPOT mensual (SC profunda)</b>: tratamiento crónico de la acromegalia y los tumores neuroendocrinos.	Farmacoterapia::Digestivo y hepatología
¿Cuál es la dosis de Lanreótido en Tumores neuroendocrinos gastroenteropancreáticos y síndrome carcinoide?	120 mg — Cada 28 días, vía SC	Farmacoterapia::Digestivo y hepatología
¿Cuál es la dosis de Lanreótido en Acromegalia?	60-120 mg — Cada 28 días, vía SC	Farmacoterapia::Digestivo y hepatología
¿Cuánto dura el tratamiento con Lanreótido?	Indefinida.	Farmacoterapia::Digestivo y hepatología
¿Cómo se suspende Lanreótido?	—	Farmacoterapia::Digestivo y hepatología
¿Qué hay que monitorizar durante el tratamiento con Lanreótido?	Glucemia, ecografía biliar, FC.	Farmacoterapia::Digestivo y hepatología
¿Cuál es la vida media de Lanreótido?	23-30 días.	Farmacoterapia::Digestivo y hepatología
¿Requiere Lanreótido ajuste en insuficiencia renal?	No precisa habitualmente.	Farmacoterapia::Digestivo y hepatología
Efecto adverso grave de Lanreótido: Colelitiasis — ¿en qué consiste?	Colelitiasis	Farmacoterapia::Digestivo y hepatología
Efecto adverso grave de Lanreótido: Bradicardia — ¿en qué consiste?	Bradicardia	Farmacoterapia::Digestivo y hepatología
Efecto adverso grave de Lanreótido: Alteraciones glucémicas — ¿en qué consiste?	Alteraciones glucémicas	Farmacoterapia::Digestivo y hepatología
¿Está contraindicado Lanreótido en: Hipersensibilidad?	Sí — Hipersensibilidad	Farmacoterapia::Digestivo y hepatología
Particularidad de Lanreótido que hay que tener en cuenta:	Comparte con el octreótido depot la indicación; su ventaja es la jeringa precargada.	Farmacoterapia::Digestivo y hepatología
¿A qué clase farmacológica pertenece Pantoprazol?	Inhibidor de la bomba de protones (IBP con menor afinidad por el CYP2C19 y forma IV)	Farmacoterapia::Digestivo y hepatología
¿Cuál es el mecanismo de acción de Pantoprazol?	Profármaco que se activa en el medio ácido del canalículo de la célula parietal y bloquea de forma IRREVERSIBLE la H+/K+-ATPasa (bomba de protones), paso final de la secreción ácida. Como solo bloquea bombas activas, <b>se toma 30-60 min antes de la primera comida</b>.	Farmacoterapia::Digestivo y hepatología
¿Qué distingue a Pantoprazol de los demás fármacos de su clase (Inhibidor de la bomba de protones)?	<b>El IBP con MENOS interacciones por CYP2C19</b>: de elección con <b>clopidogrel</b> (el omeprazol y el esomeprazol reducen su activación) y en polimedicados.	Farmacoterapia::Digestivo y hepatología
¿Cuál es la dosis de Pantoprazol en Hemorragia digestiva alta por úlcera péptica (tras endoscopia terapéutica)?	80 mg en bolo, después 8 mg/h (o 40 mg cada 12 h) — Perfusión continua 72 h o bolos intermitentes, vía IV	Farmacoterapia::Digestivo y hepatología
¿Cuál es la dosis de Pantoprazol en Gastroprotección en paciente con clopidogrel, AAS o AINE y factores de riesgo?	20-40 mg — Cada 24 h, antes del desayuno, vía VO	Farmacoterapia::Digestivo y hepatología
¿Cuál es la dosis de Pantoprazol en Enfermedad por reflujo gastroesofágico y úlcera péptica?	40 mg — Cada 24 h, vía VO	Farmacoterapia::Digestivo y hepatología
¿Cuánto dura el tratamiento con Pantoprazol?	4-8 semanas en ERGE o úlcera; mientras dure el riesgo en la gastroprotección.	Farmacoterapia::Digestivo y hepatología
¿Cómo se suspende Pantoprazol?	<b>Retirada gradual tras uso prolongado</b> (hipersecreción ácida de rebote). Revisar periódicamente si sigue indicado.	Farmacoterapia::Digestivo y hepatología
¿Qué hay que monitorizar durante el tratamiento con Pantoprazol?	Revisar indicación cada 6-12 meses; magnesio y B12 en uso prolongado.	Farmacoterapia::Digestivo y hepatología
¿Cuál es la vida media de Pantoprazol?	1 h (efecto de 24 h por bloqueo irreversible).	Farmacoterapia::Digestivo y hepatología
¿Requiere Pantoprazol ajuste en insuficiencia renal?	No precisa.	Farmacoterapia::Digestivo y hepatología
Efecto adverso grave de Pantoprazol: Hipomagnesemia — ¿en qué consiste?	Hipomagnesemia (uso prolongado)	Farmacoterapia::Digestivo y hepatología
Efecto adverso grave de Pantoprazol: Infección por Clostridioides difficile — ¿en qué consiste?	Infección por Clostridioides difficile	Farmacoterapia::Digestivo y hepatología
Efecto adverso grave de Pantoprazol: Nefritis intersticial aguda — ¿en qué consiste?	Nefritis intersticial aguda	Farmacoterapia::Digestivo y hepatología
Efecto adverso grave de Pantoprazol: Fracturas óseas y déficit de B12 — ¿en qué consiste?	Fracturas óseas y déficit de B12 (uso prolongado)	Farmacoterapia::Digestivo y hepatología
¿Está contraindicado Pantoprazol en: Hipersensibilidad a benzimidazoles?	Sí — Hipersensibilidad a benzimidazoles	Farmacoterapia::Digestivo y hepatología
¿Está contraindicado Pantoprazol en: Uso con atazanavir o rilpivirina?	Sí — Uso con atazanavir o rilpivirina	Farmacoterapia::Digestivo y hepatología
Particularidad de Pantoprazol que hay que tener en cuenta:	<b>Paciente con doble antiagregación (AAS + clopidogrel): pantoprazol, no omeprazol.</b>	Farmacoterapia::Digestivo y hepatología
¿A qué clase farmacológica pertenece Esomeprazol?	Inhibidor de la bomba de protones (S-enantiómero del omeprazol)	Farmacoterapia::Digestivo y hepatología
¿Cuál es el mecanismo de acción de Esomeprazol?	Inhibidor irreversible de la H+/K+-ATPasa parietal, activado en medio ácido. El enantiómero S sufre menos metabolismo de primer paso, lo que aumenta su biodisponibilidad con la dosis repetida.	Farmacoterapia::Digestivo y hepatología
¿Qué distingue a Esomeprazol de los demás fármacos de su clase (Inhibidor de la bomba de protones)?	<b>Es el S-enantiómero del omeprazol</b>: se metaboliza más lentamente y alcanza <b>niveles más altos y estables</b> (control ácido algo mayor a dosis equipotentes).	Farmacoterapia::Digestivo y hepatología
¿Cuál es la dosis de Esomeprazol en Esofagitis erosiva por reflujo?	40 mg — Cada 24 h, 30 min antes del desayuno, vía VO	Farmacoterapia::Digestivo y hepatología
¿Cuál es la dosis de Esomeprazol en Erradicación de Helicobacter pylori (dentro de terapia cuádruple)?	40 mg — Cada 12 h, vía VO	Farmacoterapia::Digestivo y hepatología
¿Cuánto dura el tratamiento con Esomeprazol?	4-8 semanas; erradicación 14 días.	Farmacoterapia::Digestivo y hepatología
¿Cómo se suspende Esomeprazol?	Retirada gradual tras uso prolongado.	Farmacoterapia::Digestivo y hepatología
¿Qué hay que monitorizar durante el tratamiento con Esomeprazol?	Revisión periódica de la indicación.	Farmacoterapia::Digestivo y hepatología
¿Cuál es la vida media de Esomeprazol?	1,3 h.	Farmacoterapia::Digestivo y hepatología
¿Requiere Esomeprazol ajuste en insuficiencia renal?	No precisa.	Farmacoterapia::Digestivo y hepatología
Interacción crítica de Esomeprazol con Clopidogrel: ¿qué ocurre y qué se hace?	<b>Reduce su activación y su efecto antiagregante</b>. Manejo: Usar pantoprazol	Farmacoterapia::Digestivo y hepatología
Efecto adverso grave de Esomeprazol: Hipomagnesemia — ¿en qué consiste?	Hipomagnesemia	Farmacoterapia::Digestivo y hepatología
Efecto adverso grave de Esomeprazol: Clostridioides difficile — ¿en qué consiste?	Clostridioides difficile	Farmacoterapia::Digestivo y hepatología
Efecto adverso grave de Esomeprazol: Nefritis intersticial — ¿en qué consiste?	Nefritis intersticial	Farmacoterapia::Digestivo y hepatología
Efecto adverso grave de Esomeprazol: Déficit de B12 y fracturas con uso prolongado — ¿en qué consiste?	Déficit de B12 y fracturas con uso prolongado	Farmacoterapia::Digestivo y hepatología
¿Está contraindicado Esomeprazol en: Hipersensibilidad a benzimidazoles?	Sí — Hipersensibilidad a benzimidazoles	Farmacoterapia::Digestivo y hepatología
¿Está contraindicado Esomeprazol en: Uso con atazanavir o nelfinavir?	Sí — Uso con atazanavir o nelfinavir	Farmacoterapia::Digestivo y hepatología
Particularidad de Esomeprazol que hay que tener en cuenta:	<b>La ventaja sobre el omeprazol es pequeña</b>: no justifica el cambio si el omeprazol controla los síntomas.	Farmacoterapia::Digestivo y hepatología
¿A qué clase farmacológica pertenece Lansoprazol?	Inhibidor de la bomba de protones (IBP con formulación bucodispersable)	Farmacoterapia::Digestivo y hepatología
¿Cuál es el mecanismo de acción de Lansoprazol?	Inhibidor irreversible de la H+/K+-ATPasa parietal, activado en medio ácido.	Farmacoterapia::Digestivo y hepatología
¿Qué distingue a Lansoprazol de los demás fármacos de su clase (Inhibidor de la bomba de protones)?	<b>Existe en comprimido BUCODISPERSABLE</b>: se deshace en la boca o se dispersa en agua para <b>sonda nasogástrica</b>, útil en disfagia, ancianos y niños.	Farmacoterapia::Digestivo y hepatología
¿Cuál es la dosis de Lansoprazol en ERGE y úlcera péptica en pacientes con disfagia o sonda?	30 mg — Cada 24 h, antes del desayuno, vía VO	Farmacoterapia::Digestivo y hepatología
¿Cuál es la dosis de Lansoprazol en Gastroprotección en tratamiento con AINE?	15-30 mg — Cada 24 h, vía VO	Farmacoterapia::Digestivo y hepatología
¿Cuánto dura el tratamiento con Lansoprazol?	4-8 semanas.	Farmacoterapia::Digestivo y hepatología
¿Cómo se suspende Lansoprazol?	Retirada gradual si uso prolongado. <b>Suspender ante diarrea acuosa crónica</b> y valorar colitis microscópica.	Farmacoterapia::Digestivo y hepatología
¿Qué hay que monitorizar durante el tratamiento con Lansoprazol?	Hábito intestinal; revisión de la indicación.	Farmacoterapia::Digestivo y hepatología
¿Cuál es la vida media de Lansoprazol?	1,5 h.	Farmacoterapia::Digestivo y hepatología
¿Requiere Lansoprazol ajuste en insuficiencia renal?	No precisa.	Farmacoterapia::Digestivo y hepatología
Efecto adverso grave de Lansoprazol: <b>Colitis microscópica</b> — ¿en qué consiste?	<b>Colitis microscópica</b>	Farmacoterapia::Digestivo y hepatología
Efecto adverso grave de Lansoprazol: Hipomagnesemia — ¿en qué consiste?	Hipomagnesemia	Farmacoterapia::Digestivo y hepatología
Efecto adverso grave de Lansoprazol: Clostridioides difficile — ¿en qué consiste?	Clostridioides difficile	Farmacoterapia::Digestivo y hepatología
¿Está contraindicado Lansoprazol en: Hipersensibilidad a benzimidazoles?	Sí — Hipersensibilidad a benzimidazoles	Farmacoterapia::Digestivo y hepatología
¿Está contraindicado Lansoprazol en: Uso con atazanavir?	Sí — Uso con atazanavir	Farmacoterapia::Digestivo y hepatología
Particularidad de Lansoprazol que hay que tener en cuenta:	<b>Diarrea acuosa crónica en paciente con lansoprazol: pensar en colitis microscópica</b> (biopsias de colon con mucosa de aspecto normal).	Farmacoterapia::Digestivo y hepatología
¿A qué clase farmacológica pertenece Domperidona?	Antiemético (Antagonista dopaminérgico D2 periférico con acción procinética)	Farmacoterapia::Digestivo y hepatología
¿Cuál es el mecanismo de acción de Domperidona?	Antagonista de receptores D2 periféricos: en el estómago aumenta el tono del esfínter esofágico inferior y acelera el vaciamiento gástrico; en la zona gatillo quimiorreceptora del área postrema (sin barrera hematoencefálica) bloquea el estímulo emético.	Farmacoterapia::Digestivo y hepatología
¿Qué distingue a Domperidona de los demás fármacos de su clase (Antiemético)?	<b>NO atraviesa la barrera hematoencefálica</b>: a diferencia de la metoclopramida, <b>no produce efectos extrapiramidales</b> (distonías, discinesia tardía). <b>Es el antiemético de elección en la ENFERMEDAD DE PARKINSON</b> (náuseas por levodopa).	Farmacoterapia::Digestivo y hepatología
¿Cuál es la dosis de Domperidona en Náuseas y vómitos (incluidos los inducidos por fármacos dopaminérgicos en el Parkinson)?	10 mg — Cada 8 h (máximo 30 mg/día), vía VO	Farmacoterapia::Digestivo y hepatología
¿Cuánto dura el tratamiento con Domperidona?	<b>Máximo 7 días</b> (salvo uso especializado en Parkinson con control de QT).	Farmacoterapia::Digestivo y hepatología
¿Cómo se suspende Domperidona?	Suspensión directa.	Farmacoterapia::Digestivo y hepatología
¿Qué hay que monitorizar durante el tratamiento con Domperidona?	QT en pacientes de riesgo; potasio y magnesio.	Farmacoterapia::Digestivo y hepatología
¿Cuál es la vida media de Domperidona?	7-9 h.	Farmacoterapia::Digestivo y hepatología
¿Requiere Domperidona ajuste en insuficiencia renal?	Insuficiencia grave: espaciar a cada 12-24 h.	Farmacoterapia::Digestivo y hepatología
Interacción crítica de Domperidona con Inhibidores potentes del CYP3A4 (ketoconazol, claritromicina, eritromicina, ritonavir): ¿qué ocurre y qué se hace?	<b>Aumento de niveles y del QT: torsade de pointes</b>. Manejo: <b>Contraindicado</b>	Farmacoterapia::Digestivo y hepatología
Interacción crítica de Domperidona con Fármacos que prolongan el QT (antiarrítmicos, citalopram, haloperidol, metadona): ¿qué ocurre y qué se hace?	Prolongación aditiva del QT. Manejo: Contraindicado	Farmacoterapia::Digestivo y hepatología
Efecto adverso grave de Domperidona: <b>Prolongación del QT, arritmias ventriculares y muerte súbita</b> — ¿en qué consiste?	<b>Prolongación del QT, arritmias ventriculares y muerte súbita</b> (sobre todo >60 años o >30 mg/día)	Farmacoterapia::Digestivo y hepatología
¿Está contraindicado Domperidona en: QT prolongado o cardiopatía significativa?	Sí — QT prolongado o cardiopatía significativa	Farmacoterapia::Digestivo y hepatología
¿Está contraindicado Domperidona en: Insuficiencia hepática moderada-grave?	Sí — Insuficiencia hepática moderada-grave	Farmacoterapia::Digestivo y hepatología
¿Está contraindicado Domperidona en: Uso con inhibidores potentes del CYP3A4 o fármacos que prolongan el QT?	Sí — Uso con inhibidores potentes del CYP3A4 o fármacos que prolongan el QT	Farmacoterapia::Digestivo y hepatología
¿Está contraindicado Domperidona en: Prolactinoma?	Sí — Prolactinoma	Farmacoterapia::Digestivo y hepatología
¿Está contraindicado Domperidona en: Hemorragia u obstrucción gastrointestinal?	Sí — Hemorragia u obstrucción gastrointestinal	Farmacoterapia::Digestivo y hepatología
Particularidad de Domperidona que hay que tener en cuenta:	<b>Náuseas en un parkinsoniano: domperidona, nunca metoclopramida ni haloperidol</b> (empeoran el Parkinson).	Farmacoterapia::Digestivo y hepatología
¿A qué clase farmacológica pertenece Bisacodilo?	Laxante (Estimulante (de contacto))	Farmacoterapia::Digestivo y hepatología
¿Cuál es el mecanismo de acción de Bisacodilo?	Profármaco hidrolizado en el colon a su forma activa, que estimula directamente las terminaciones nerviosas de la mucosa colónica (aumenta la peristalsis) y la secreción de agua y electrolitos a la luz.	Farmacoterapia::Digestivo y hepatología
¿Qué distingue a Bisacodilo de los demás fármacos de su clase (Laxante)?	<b>Laxante ESTIMULANTE</b>: actúa sobre el plexo mientérico y la secreción colónica; efecto en <b>6-12 h por VO</b> (se toma por la noche) y en <b>15-60 min por vía rectal</b>. El macrogol (osmótico) tarda 1-3 días.	Farmacoterapia::Digestivo y hepatología
¿Cuál es la dosis de Bisacodilo en Estreñimiento ocasional o refractario a medidas dietéticas y osmóticos?	5-10 mg — Cada 24 h, por la noche, vía VO	Farmacoterapia::Digestivo y hepatología
¿Cuál es la dosis de Bisacodilo en Estreñimiento por opioides?	5-10 mg — Cada 24 h, por la noche, vía VO	Farmacoterapia::Digestivo y hepatología
¿Cuál es la dosis de Bisacodilo en Evacuación rápida (impactación leve, preparación)?	10 mg — Dosis única, vía rectal	Farmacoterapia::Digestivo y hepatología
¿Cuánto dura el tratamiento con Bisacodilo?	Corta en el estreñimiento ocasional; mientras dure el opioide en el inducido por opioides.	Farmacoterapia::Digestivo y hepatología
¿Cómo se suspende Bisacodilo?	Suspensión directa.	Farmacoterapia::Digestivo y hepatología
¿Qué hay que monitorizar durante el tratamiento con Bisacodilo?	Ritmo intestinal, dolor abdominal, potasio en uso crónico intenso.	Farmacoterapia::Digestivo y hepatología
¿Cuál es la vida media de Bisacodilo?	No relevante (acción local).	Farmacoterapia::Digestivo y hepatología
¿Requiere Bisacodilo ajuste en insuficiencia renal?	No precisa.	Farmacoterapia::Digestivo y hepatología
Efecto adverso grave de Bisacodilo: Deshidratación e hipopotasemia por abuso — ¿en qué consiste?	Deshidratación e hipopotasemia por abuso	Farmacoterapia::Digestivo y hepatología
Efecto adverso grave de Bisacodilo: Colitis isquémica — ¿en qué consiste?	Colitis isquémica (rara)	Farmacoterapia::Digestivo y hepatología
¿Está contraindicado Bisacodilo en: Obstrucción intestinal o íleo?	Sí — Obstrucción intestinal o íleo	Farmacoterapia::Digestivo y hepatología
¿Está contraindicado Bisacodilo en: Abdomen agudo?	Sí — Abdomen agudo	Farmacoterapia::Digestivo y hepatología
¿Está contraindicado Bisacodilo en: Enfermedad inflamatoria intestinal activa grave?	Sí — Enfermedad inflamatoria intestinal activa grave	Farmacoterapia::Digestivo y hepatología
¿Está contraindicado Bisacodilo en: Deshidratación grave?	Sí — Deshidratación grave	Farmacoterapia::Digestivo y hepatología
Particularidad de Bisacodilo que hay que tener en cuenta:	<b>Todo paciente que empieza un opioide crónico debe salir con laxante pautado</b> (osmótico ± estimulante), no «si precisa».	Farmacoterapia::Digestivo y hepatología
¿A qué clase farmacológica pertenece Racecadotrilo?	Antidiarreico (Antisecretor intestinal (inhibidor de la encefalinasa))	Farmacoterapia::Digestivo y hepatología
¿Cuál es el mecanismo de acción de Racecadotrilo?	Profármaco de tiorfano, que inhibe la encefalinasa intestinal: las encefalinas endógenas actúan más tiempo sobre los receptores delta del epitelio, reducen el AMPc y la <b>hipersecreción de agua y electrolitos</b>, sin modificar la motilidad.	Farmacoterapia::Digestivo y hepatología
¿Qué distingue a Racecadotrilo de los demás fármacos de su clase (Antidiarreico)?	<b>Antisecretor PURO: NO enlentece el tránsito</b> (la loperamida sí). No produce estreñimiento de rebote ni íleo.	Farmacoterapia::Digestivo y hepatología
¿Cuál es la dosis de Racecadotrilo en Diarrea aguda en adultos (complemento de la rehidratación)?	100 mg (primera dosis cualquier momento) — Cada 8 h, antes de las comidas, vía VO	Farmacoterapia::Digestivo y hepatología
¿Cuál es la dosis de Racecadotrilo en Gastroenteritis aguda en niños ≥3 meses?	1,5 mg/kg — Cada 8 h, vía VO	Farmacoterapia::Digestivo y hepatología
¿Cuánto dura el tratamiento con Racecadotrilo?	Hasta 2 deposiciones normales; máximo 7 días.	Farmacoterapia::Digestivo y hepatología
¿Cómo se suspende Racecadotrilo?	Suspensión directa al ceder la diarrea.	Farmacoterapia::Digestivo y hepatología
¿Qué hay que monitorizar durante el tratamiento con Racecadotrilo?	Hidratación; reevaluar si hay sangre, fiebre alta o >7 días.	Farmacoterapia::Digestivo y hepatología
¿Cuál es la vida media de Racecadotrilo?	3 h (efecto antisecretor ~8 h).	Farmacoterapia::Digestivo y hepatología
¿Requiere Racecadotrilo ajuste en insuficiencia renal?	Precaución en insuficiencia renal.	Farmacoterapia::Digestivo y hepatología
Interacción crítica de Racecadotrilo con IECA: ¿qué ocurre y qué se hace?	<b>Riesgo aumentado de angioedema</b> (ambos reducen la degradación de bradicinina). Manejo: Evitar la combinación	Farmacoterapia::Digestivo y hepatología
Efecto adverso grave de Racecadotrilo: Angioedema — ¿en qué consiste?	Angioedema	Farmacoterapia::Digestivo y hepatología
Efecto adverso grave de Racecadotrilo: Reacciones cutáneas graves — ¿en qué consiste?	Reacciones cutáneas graves (raras)	Farmacoterapia::Digestivo y hepatología
¿Está contraindicado Racecadotrilo en: Diarrea con sangre o fiebre alta?	Sí — Diarrea con sangre o fiebre alta (disentería)	Farmacoterapia::Digestivo y hepatología
¿Está contraindicado Racecadotrilo en: Antecedente de angioedema?	Sí — Antecedente de angioedema	Farmacoterapia::Digestivo y hepatología
¿Está contraindicado Racecadotrilo en: Intolerancia a la fructosa?	Sí — Intolerancia a la fructosa (excipiente sacarosa en sobres)	Farmacoterapia::Digestivo y hepatología
Particularidad de Racecadotrilo que hay que tener en cuenta:	<b>Ningún antidiarreico sustituye a la rehidratación</b>: son complementos.	Farmacoterapia::Digestivo y hepatología
¿A qué clase farmacológica pertenece Loperamida?	Antidiarreico (Agonista opioide mu de acción periférica)	Farmacoterapia::Digestivo y hepatología
¿Cuál es el mecanismo de acción de Loperamida?	Es un agonista de los receptores opioides MU del plexo mientérico intestinal. Inhibe la liberación de acetilcolina y de prostaglandinas, con lo que reduce el peristaltismo propulsivo, aumenta el tono segmentario y prolonga el tiempo de tránsito, favoreciendo la absorción de agua y electrolitos. Además aumenta el tono del esfínter anal. Es sustrato de la GLUCOPROTEÍNA P de la barrera hematoencefálica, que lo expulsa activamente del sistema nervioso central: por eso, a dosis normales, carece de efectos opioides centrales y no produce euforia ni dependencia.	Farmacoterapia::Digestivo y hepatología
¿Qué distingue a Loperamida de los demás fármacos de su clase (Antidiarreico)?	<b>Opioide periférico que ENLENTECE EL TRÁNSITO</b>: el antidiarreico más eficaz, pero <b>contraindicado en la diarrea con sangre o fiebre</b> (disentería) y en la colitis por C. difficile (megacolon tóxico).	Farmacoterapia::Digestivo y hepatología
¿Cuál es la dosis de Loperamida en Diarrea aguda inespecífica del adulto, sin fiebre ni sangre?	4 mg iniciales, después 2 mg tras cada deposición líquida (máximo 16 mg/día) — A demanda tras cada deposición, vía VO	Farmacoterapia::Digestivo y hepatología
¿Cuál es la dosis de Loperamida en Diarrea crónica funcional y síndrome de intestino irritable con predominio de diarrea?	2-4 mg/día, ajustada a la respuesta — 1-2 veces al día, vía VO	Farmacoterapia::Digestivo y hepatología
¿Cuál es la dosis de Loperamida en Diarrea del viajero sin criterios de gravedad?	4 mg iniciales y 2 mg tras cada deposición — A demanda, vía VO	Farmacoterapia::Digestivo y hepatología
¿Cuál es la dosis de Loperamida en Diarrea por quimioterapia, ostomías de alto débito o resección intestinal?	2-4 mg/6 h, con dosis a veces superiores bajo supervisión — Cada 6 h, vía VO	Farmacoterapia::Digestivo y hepatología
¿Cuánto dura el tratamiento con Loperamida?	48 horas como máximo en la diarrea aguda: si no cede, hay que reevaluar el diagnóstico, no aumentar la dosis.	Farmacoterapia::Digestivo y hepatología
¿Cómo se suspende Loperamida?	Se suspende al normalizarse las deposiciones. No produce dependencia ni efecto rebote.	Farmacoterapia::Digestivo y hepatología
¿Qué hay que monitorizar durante el tratamiento con Loperamida?	Vigilancia clínica de distensión abdominal, ausencia de ruidos y dolor: son los signos de alarma de íleo o de megacolon tóxico y obligan a suspenderla.	Farmacoterapia::Digestivo y hepatología
¿Cuál es la vida media de Loperamida?	10-12 h.	Farmacoterapia::Digestivo y hepatología
¿Requiere Loperamida ajuste en insuficiencia renal?	No precisa ajuste.	Farmacoterapia::Digestivo y hepatología
Interacción crítica de Loperamida con Inhibidores de la GLUCOPROTEÍNA P y del CYP3A4: quinidina, verapamilo, ritonavir, itraconazol, claritromicina: ¿qué ocurre y qué se hace?	Permiten el paso al sistema nervioso central y elevan las concentraciones, con depresión respiratoria y efectos opioides centrales. Manejo: Evitar la asociación; extremar la precaución en el paciente polimedicado	Farmacoterapia::Digestivo y hepatología
Interacción crítica de Loperamida con Fármacos que prolongan el QT: ¿qué ocurre y qué se hace?	A dosis SUPRATERAPÉUTICAS la loperamida bloquea canales cardiacos y prolonga QT y QRS: efecto aditivo. Manejo: No superar nunca la dosis máxima; investigar el abuso en pacientes con arritmias inexplicadas	Farmacoterapia::Digestivo y hepatología
Efecto adverso grave de Loperamida: ÍLEO PARALÍTICO y MEGACOLON TÓXICO, sobre todo en colitis infecciosa invasiva o en la enfermedad inflamatoria intestinal grave — ¿en qué consiste?	ÍLEO PARALÍTICO y MEGACOLON TÓXICO, sobre todo en colitis infecciosa invasiva o en la enfermedad inflamatoria intestinal grave	Farmacoterapia::Digestivo y hepatología
Efecto adverso grave de Loperamida: ARRITMIAS VENTRICULARES graves y muerte súbita con dosis muy altas — ¿en qué consiste?	ARRITMIAS VENTRICULARES graves y muerte súbita con dosis muy altas (abuso como sustituto de opioides o para tratar el síndrome de abstinencia)	Farmacoterapia::Digestivo y hepatología
Efecto adverso grave de Loperamida: Depresión del sistema nervioso central en el lactante y en el niño pequeño — ¿en qué consiste?	Depresión del sistema nervioso central en el lactante y en el niño pequeño	Farmacoterapia::Digestivo y hepatología
Efecto adverso grave de Loperamida: Reacciones de hipersensibilidad y necrólisis epidérmica tóxica — ¿en qué consiste?	Reacciones de hipersensibilidad y necrólisis epidérmica tóxica (excepcionales)	Farmacoterapia::Digestivo y hepatología
¿Está contraindicado Loperamida en: DIARREA CON FIEBRE ALTA O SANGRE?	Sí — DIARREA CON FIEBRE ALTA O SANGRE (sospecha de colitis invasiva por Shigella, Salmonella, Campylobacter o E. coli enterohemorrágica)	Farmacoterapia::Digestivo y hepatología
¿Está contraindicado Loperamida en: Colitis por Clostridioides difficile?	Sí — Colitis por Clostridioides difficile	Farmacoterapia::Digestivo y hepatología
¿Está contraindicado Loperamida en: Brote grave de colitis ulcerosa?	Sí — Brote grave de colitis ulcerosa (riesgo de megacolon tóxico)	Farmacoterapia::Digestivo y hepatología
¿Está contraindicado Loperamida en: Íleo, obstrucción o distensión abdominal?	Sí — Íleo, obstrucción o distensión abdominal	Farmacoterapia::Digestivo y hepatología
¿Está contraindicado Loperamida en: MENORES DE 2 AÑOS?	Sí — MENORES DE 2 AÑOS (y no recomendada en menores de 6 en la práctica pediátrica habitual)	Farmacoterapia::Digestivo y hepatología
Particularidad de Loperamida que hay que tener en cuenta:	La regla que hay que tener grabada: FIEBRE ALTA o SANGRE en heces es una contraindicación. Frenar el tránsito en una colitis invasiva prolonga el contacto de la mucosa con el patógeno y sus toxinas, y puede precipitar un megacolon tóxico o, en la infección por E. coli enterohemorrágica, favorecer el síndrome hemolítico urémico.	Farmacoterapia::Digestivo y hepatología
¿A qué clase farmacológica pertenece Macrogol (polietilenglicol)?	Laxante (Osmótico: polímero inerte no absorbible)	Farmacoterapia::Digestivo y hepatología
¿Cuál es el mecanismo de acción de Macrogol (polietilenglicol)?	Es un polímero de alto peso molecular que NO se absorbe, NO se metaboliza y NO es fermentado por la flora colónica. Retiene agua en la luz intestinal por puentes de hidrógeno, aumentando el volumen y ablandando las heces, lo que estimula de forma mecánica el peristaltismo. Al no fermentarse, no produce el gas ni la distensión característicos de la lactulosa, que sí es metabolizada por las bacterias colónicas a ácidos grasos de cadena corta.	Farmacoterapia::Digestivo y hepatología
¿Qué distingue a Macrogol (polietilenglicol) de los demás fármacos de su clase (Laxante)?	<b>Laxante OSMÓTICO de primera elección</b> en el estreñimiento crónico del adulto y del niño y en la <b>impactación fecal</b> (pauta de desimpactación).	Farmacoterapia::Digestivo y hepatología
¿Cuál es la dosis de Macrogol (polietilenglicol) en Estreñimiento crónico funcional del adulto?	1-2 sobres (13-26 g) al día disueltos en agua — 1-2 veces al día, vía VO	Farmacoterapia::Digestivo y hepatología
¿Cuál es la dosis de Macrogol (polietilenglicol) en Estreñimiento e impactación fecal del niño?	0,4-0,8 g/kg/día de mantenimiento; 1-1,5 g/kg/día durante 3-6 días en la desimpactación — Una vez al día, vía VO	Farmacoterapia::Digestivo y hepatología
¿Cuál es la dosis de Macrogol (polietilenglicol) en Estreñimiento inducido por opioides?	1-2 sobres al día, pautados de forma PROFILÁCTICA — 1-2 veces al día, vía VO	Farmacoterapia::Digestivo y hepatología
¿Cuál es la dosis de Macrogol (polietilenglicol) en Preparación para colonoscopia?	Soluciones evacuantes de 2-4 L con electrolitos, o formulaciones de bajo volumen — Fraccionada (dosis dividida la tarde previa y la mañana del procedimiento), vía VO	Farmacoterapia::Digestivo y hepatología
¿Cuánto dura el tratamiento con Macrogol (polietilenglicol)?	Puede usarse durante MESES O AÑOS sin problema: no produce tolerancia, dependencia ni daño de la mucosa.	Farmacoterapia::Digestivo y hepatología
¿Cómo se suspende Macrogol (polietilenglicol)?	Retirada progresiva reduciendo la dosis. En el niño, la retirada prematura es la causa más frecuente de recaída: hay que mantenerlo varios meses tras la normalización.	Farmacoterapia::Digestivo y hepatología
¿Qué hay que monitorizar durante el tratamiento con Macrogol (polietilenglicol)?	Ninguna de rutina. En dosis altas o en el anciano frágil, vigilar los electrolitos.	Farmacoterapia::Digestivo y hepatología
¿Cuál es la vida media de Macrogol (polietilenglicol)?	No aplicable. El efecto aparece en 24-48 h.	Farmacoterapia::Digestivo y hepatología
¿Requiere Macrogol (polietilenglicol) ajuste en insuficiencia renal?	No precisa ajuste (a diferencia de los laxantes con fosfato o magnesio, que están contraindicados en la insuficiencia renal).	Farmacoterapia::Digestivo y hepatología
Efecto adverso grave de Macrogol (polietilenglicol): Alteraciones hidroelectrolíticas con dosis altas prolongadas o en la preparación colonoscópica del anciano — ¿en qué consiste?	Alteraciones hidroelectrolíticas con dosis altas prolongadas o en la preparación colonoscópica del anciano	Farmacoterapia::Digestivo y hepatología
Efecto adverso grave de Macrogol (polietilenglicol): Broncoaspiración de la solución evacuante en pacientes con alteración de la deglución — ¿en qué consiste?	Broncoaspiración de la solución evacuante en pacientes con alteración de la deglución	Farmacoterapia::Digestivo y hepatología
Efecto adverso grave de Macrogol (polietilenglicol): Reacciones alérgicas — ¿en qué consiste?	Reacciones alérgicas (excepcionales)	Farmacoterapia::Digestivo y hepatología
¿Está contraindicado Macrogol (polietilenglicol) en: Obstrucción o perforación intestinal?	Sí — Obstrucción o perforación intestinal	Farmacoterapia::Digestivo y hepatología
¿Está contraindicado Macrogol (polietilenglicol) en: Íleo paralítico?	Sí — Íleo paralítico	Farmacoterapia::Digestivo y hepatología
¿Está contraindicado Macrogol (polietilenglicol) en: Megacolon tóxico y brote grave de enfermedad inflamatoria intestinal?	Sí — Megacolon tóxico y brote grave de enfermedad inflamatoria intestinal	Farmacoterapia::Digestivo y hepatología
¿Está contraindicado Macrogol (polietilenglicol) en: Hipersensibilidad al macrogol?	Sí — Hipersensibilidad al macrogol	Farmacoterapia::Digestivo y hepatología
Particularidad de Macrogol (polietilenglicol) que hay que tener en cuenta:	Ha desplazado a todos los demás laxantes como primera opción por una combinación difícil de igualar: eficaz, no se absorbe, no produce tolerancia y puede usarse durante años, incluso en niños y embarazadas.	Farmacoterapia::Digestivo y hepatología
¿A qué clase farmacológica pertenece Mesalazina (5-ASA)?	Fármaco de la enfermedad inflamatoria intestinal (Aminosalicilato de acción tópica sobre la mucosa colónica)	Farmacoterapia::Digestivo y hepatología
¿Cuál es el mecanismo de acción de Mesalazina (5-ASA)?	Actúa TÓPICAMENTE sobre el epitelio colónico, no por vía sistémica: inhibe la ciclooxigenasa y la lipooxigenasa reduciendo prostaglandinas y leucotrienos, capta radicales libres, inhibe la activación del NF-kappa-B y modula la producción de citocinas proinflamatorias. La consecuencia práctica de que su acción sea tópica es que TODO el diseño farmacéutico del fármaco está orientado a liberarlo en el segmento intestinal enfermo: cubiertas pH-dependientes, matrices de liberación prolongada, profármacos azo-unidos que solo rompen las bacterias colónicas, y formulaciones rectales.	Farmacoterapia::Digestivo y hepatología
¿Qué distingue a Mesalazina (5-ASA) de los demás fármacos de su clase (Fármaco de la enfermedad inflamatoria intestinal)?	<b>Aminosalicilato de acción TÓPICA sobre la mucosa</b>: base del tratamiento de la <b>colitis ulcerosa leve-moderada</b> (oral + rectal), en inducción y mantenimiento.	Farmacoterapia::Digestivo y hepatología
¿Cuál es la dosis de Mesalazina (5-ASA) en Colitis ulcerosa leve-moderada: inducción de la remisión?	2,4-4,8 g/24 h VO, asociada a 1 g/24 h en supositorio o enema si hay afectación distal — Una vez al día (la toma única es tan eficaz como la fraccionada y mejora la adherencia), vía VO más rectal	Farmacoterapia::Digestivo y hepatología
¿Cuál es la dosis de Mesalazina (5-ASA) en Colitis ulcerosa: mantenimiento de la remisión?	2-2,4 g/24 h — Una vez al día, vía VO	Farmacoterapia::Digestivo y hepatología
¿Cuál es la dosis de Mesalazina (5-ASA) en Proctitis ulcerosa (afectación limitada al recto)?	1 g/24 h en supositorio — Una vez al día, por la noche, vía Rectal	Farmacoterapia::Digestivo y hepatología
¿Cuál es la dosis de Mesalazina (5-ASA) en Colitis izquierda?	Enema de 1-4 g por la noche, asociado al tratamiento oral — Una vez al día, vía Rectal	Farmacoterapia::Digestivo y hepatología
¿Cuánto dura el tratamiento con Mesalazina (5-ASA)?	INDEFINIDA en el mantenimiento de la colitis ulcerosa.	Farmacoterapia::Digestivo y hepatología
¿Cómo se suspende Mesalazina (5-ASA)?	No se retira: la suspensión multiplica el riesgo de recaída y pierde el efecto quimiopreventivo sobre el cáncer colorrectal.	Farmacoterapia::Digestivo y hepatología
¿Qué hay que monitorizar durante el tratamiento con Mesalazina (5-ASA)?	FUNCIÓN RENAL (creatinina) antes de iniciar, a los 3 meses y después ANUALMENTE, por el riesgo de nefritis intersticial. Hemograma y transaminasas periódicos.	Farmacoterapia::Digestivo y hepatología
¿Cuál es la vida media de Mesalazina (5-ASA)?	Variable según la formulación; poco relevante clínicamente por su acción tópica.	Farmacoterapia::Digestivo y hepatología
¿Requiere Mesalazina (5-ASA) ajuste en insuficiencia renal?	PRECAUCIÓN: evitar con FG por debajo de 30. La monitorización de la creatinina no es opcional.	Farmacoterapia::Digestivo y hepatología
Interacción crítica de Mesalazina (5-ASA) con AZATIOPRINA y mercaptopurina: ¿qué ocurre y qué se hace?	Inhibe la tiopurina metiltransferasa y aumenta las concentraciones de los metabolitos activos, con riesgo de MIELOSUPRESIÓN. Manejo: Hemograma más frecuente al asociarlos; puede requerir reducir la dosis de la tiopurina	Farmacoterapia::Digestivo y hepatología
Interacción crítica de Mesalazina (5-ASA) con AINE: ¿qué ocurre y qué se hace?	Nefrotoxicidad aditiva y posible reactivación del brote de enfermedad inflamatoria intestinal. Manejo: Evitar los AINE en el paciente con enfermedad inflamatoria intestinal; usar paracetamol	Farmacoterapia::Digestivo y hepatología
Efecto adverso grave de Mesalazina (5-ASA): NEFRITIS INTERSTICIAL con insuficiencia renal, dosis-independiente e idiosincrásica — ¿en qué consiste?	NEFRITIS INTERSTICIAL con insuficiencia renal, dosis-independiente e idiosincrásica: es el efecto adverso que justifica la vigilancia periódica de la creatinina	Farmacoterapia::Digestivo y hepatología
Efecto adverso grave de Mesalazina (5-ASA): PANCREATITIS aguda — ¿en qué consiste?	PANCREATITIS aguda	Farmacoterapia::Digestivo y hepatología
Efecto adverso grave de Mesalazina (5-ASA): SÍNDROME DE INTOLERANCIA AL 5-ASA — ¿en qué consiste?	SÍNDROME DE INTOLERANCIA AL 5-ASA: diarrea sanguinolenta que simula un brote de la propia enfermedad y que empeora al subir la dosis	Farmacoterapia::Digestivo y hepatología
Efecto adverso grave de Mesalazina (5-ASA): Miocarditis y pericarditis — ¿en qué consiste?	Miocarditis y pericarditis (raras)	Farmacoterapia::Digestivo y hepatología
Efecto adverso grave de Mesalazina (5-ASA): Discrasias sanguíneas — ¿en qué consiste?	Discrasias sanguíneas	Farmacoterapia::Digestivo y hepatología
Efecto adverso grave de Mesalazina (5-ASA): Neumonitis intersticial — ¿en qué consiste?	Neumonitis intersticial	Farmacoterapia::Digestivo y hepatología
¿Está contraindicado Mesalazina (5-ASA) en: Hipersensibilidad a los salicilatos o a la mesalazina?	Sí — Hipersensibilidad a los salicilatos o a la mesalazina	Farmacoterapia::Digestivo y hepatología
¿Está contraindicado Mesalazina (5-ASA) en: Insuficiencia renal grave?	Sí — Insuficiencia renal grave	Farmacoterapia::Digestivo y hepatología
¿Está contraindicado Mesalazina (5-ASA) en: Úlcera péptica activa?	Sí — Úlcera péptica activa	Farmacoterapia::Digestivo y hepatología
¿Está contraindicado Mesalazina (5-ASA) en: Discrasias sanguíneas graves?	Sí — Discrasias sanguíneas graves	Farmacoterapia::Digestivo y hepatología
Particularidad de Mesalazina (5-ASA) que hay que tener en cuenta:	El SÍNDROME DE INTOLERANCIA AL 5-ASA es una trampa diagnóstica de manual: el paciente empeora con diarrea sanguinolenta, se interpreta como un brote resistente, se sube la dosis y empeora aún más. La clave es que el cuadro apareció al iniciar o aumentar el fármaco y mejora al retirarlo.	Farmacoterapia::Digestivo y hepatología
¿A qué clase farmacológica pertenece Butilescopolamina (bromuro de hioscina)?	Antimuscarínico (anticolinérgico sistémico) (Anticolinérgico antimuscarínico cuaternario)	Farmacoterapia::Digestivo y hepatología
¿Cuál es el mecanismo de acción de Butilescopolamina (bromuro de hioscina)?	Antagonista competitivo de los receptores MUSCARÍNICOS del músculo liso del tubo digestivo, la vía biliar y el aparato genitourinario, donde relaja la contracción espástica. Es una AMINA CUATERNARIA con carga permanente, lo que le impide atravesar la barrera hematoencefálica: por eso, a diferencia de la escopolamina (amina terciaria), no produce sedación, confusión ni delirio anticolinérgico central. Su acción es esencialmente periférica y visceral.	Farmacoterapia::Digestivo y hepatología
¿Qué distingue a Butilescopolamina (bromuro de hioscina) de los demás fármacos de su clase (Antimuscarínico (anticolinérgico sistémico))?	<b>Amonio CUATERNARIO: no atraviesa la barrera hematoencefálica</b> (sin efectos centrales); espasmolítico digestivo y urinario.	Farmacoterapia::Digestivo y hepatología
¿Cuál es la dosis de Butilescopolamina (bromuro de hioscina) en Dolor cólico abdominal y espasmo digestivo?	10-20 mg/6-8 h — Cada 6-8 h, vía VO, IM o IV lenta	Farmacoterapia::Digestivo y hepatología
¿Cuál es la dosis de Butilescopolamina (bromuro de hioscina) en Cólico biliar?	20 mg IV o IM — Dosis única, repetible, vía IM o IV	Farmacoterapia::Digestivo y hepatología
¿Cuál es la dosis de Butilescopolamina (bromuro de hioscina) en Cólico nefrítico?	20 mg IV o IM — Dosis única, repetible, vía IM o IV	Farmacoterapia::Digestivo y hepatología
¿Cuál es la dosis de Butilescopolamina (bromuro de hioscina) en Dismenorrea y dolor espasmódico genitourinario?	10-20 mg/8 h — Cada 8 h, vía VO	Farmacoterapia::Digestivo y hepatología
¿Cuál es la dosis de Butilescopolamina (bromuro de hioscina) en ESTERTORES PREMORTEM en cuidados paliativos?	20 mg/6-8 h SC o en perfusión continua — Cada 6-8 h o en perfusión, vía SC	Farmacoterapia::Digestivo y hepatología
¿Cuánto dura el tratamiento con Butilescopolamina (bromuro de hioscina)?	Días en el dolor agudo. No es un fármaco de uso crónico.	Farmacoterapia::Digestivo y hepatología
¿Cómo se suspende Butilescopolamina (bromuro de hioscina)?	Suspensión directa sin descenso progresivo.	Farmacoterapia::Digestivo y hepatología
¿Qué hay que monitorizar durante el tratamiento con Butilescopolamina (bromuro de hioscina)?	Vigilancia clínica de efectos anticolinérgicos: retención urinaria en el varón con hipertrofia prostática y taquicardia.	Farmacoterapia::Digestivo y hepatología
¿Cuál es la vida media de Butilescopolamina (bromuro de hioscina)?	5-6 h.	Farmacoterapia::Digestivo y hepatología
¿Requiere Butilescopolamina (bromuro de hioscina) ajuste en insuficiencia renal?	No precisa ajuste relevante.	Farmacoterapia::Digestivo y hepatología
Efecto adverso grave de Butilescopolamina (bromuro de hioscina): RETENCIÓN URINARIA aguda, sobre todo en el varón con hipertrofia prostática — ¿en qué consiste?	RETENCIÓN URINARIA aguda, sobre todo en el varón con hipertrofia prostática	Farmacoterapia::Digestivo y hepatología
Efecto adverso grave de Butilescopolamina (bromuro de hioscina): GLAUCOMA AGUDO DE ÁNGULO CERRADO en el paciente predispuesto — ¿en qué consiste?	GLAUCOMA AGUDO DE ÁNGULO CERRADO en el paciente predispuesto	Farmacoterapia::Digestivo y hepatología
Efecto adverso grave de Butilescopolamina (bromuro de hioscina): Íleo paralítico — ¿en qué consiste?	Íleo paralítico	Farmacoterapia::Digestivo y hepatología
Efecto adverso grave de Butilescopolamina (bromuro de hioscina): Anafilaxia y reacciones cutáneas graves — ¿en qué consiste?	Anafilaxia y reacciones cutáneas graves (raras)	Farmacoterapia::Digestivo y hepatología
Efecto adverso grave de Butilescopolamina (bromuro de hioscina): Taquiarritmia en el cardiópata — ¿en qué consiste?	Taquiarritmia en el cardiópata	Farmacoterapia::Digestivo y hepatología
¿Está contraindicado Butilescopolamina (bromuro de hioscina) en: GLAUCOMA DE ÁNGULO ESTRECHO?	Sí — GLAUCOMA DE ÁNGULO ESTRECHO	Farmacoterapia::Digestivo y hepatología
¿Está contraindicado Butilescopolamina (bromuro de hioscina) en: HIPERTROFIA PROSTÁTICA con retención urinaria?	Sí — HIPERTROFIA PROSTÁTICA con retención urinaria	Farmacoterapia::Digestivo y hepatología
¿Está contraindicado Butilescopolamina (bromuro de hioscina) en: MIASTENIA GRAVIS?	Sí — MIASTENIA GRAVIS	Farmacoterapia::Digestivo y hepatología
¿Está contraindicado Butilescopolamina (bromuro de hioscina) en: Megacolon, íleo paralítico y estenosis mecánica del tubo digestivo?	Sí — Megacolon, íleo paralítico y estenosis mecánica del tubo digestivo	Farmacoterapia::Digestivo y hepatología
¿Está contraindicado Butilescopolamina (bromuro de hioscina) en: Taquiarritmias no controladas?	Sí — Taquiarritmias no controladas	Farmacoterapia::Digestivo y hepatología
Particularidad de Butilescopolamina (bromuro de hioscina) que hay que tener en cuenta:	Su rasgo farmacológico definitorio es la carga cuaternaria que le impide entrar en el cerebro: por eso NO produce el delirio anticolinérgico ni la sedación de la escopolamina clásica, lo que la hace mucho más segura en el anciano en ese aspecto concreto. Los efectos periféricos (retención urinaria, glaucoma, taquicardia), en cambio, se mantienen íntegros.	Farmacoterapia::Digestivo y hepatología
¿A qué clase farmacológica pertenece Lactulosa y rifaximina?	Visión de clase: tratamiento de la encefalopatía hepática (Disacárido no absorbible y rifamicina de acción intraluminal)	Farmacoterapia::Digestivo y hepatología
¿Cuál es el mecanismo de acción de Lactulosa y rifaximina?	La LACTULOSA es un disacárido que el intestino humano NO puede digerir porque carece de la disacaridasa correspondiente: llega intacta al colon, donde la flora la fermenta produciendo ácidos grasos de cadena corta. De ahí salen sus dos efectos, y el segundo es el que importa en la encefalopatía. El primero es OSMÓTICO: retiene agua y produce el efecto laxante. El segundo es la ACIDIFICACIÓN del contenido colónico, que convierte el AMONIACO (NH3, liposoluble y absorbible) en AMONIO (NH4+, ionizado y no absorbible), atrapándolo en la luz para que se elimine con las heces; además el pH ácido desfavorece a las bacterias productoras de ureasa. La RIFAXINIMA es un derivado de la rifamicina con absorción prácticamente NULA (menos del 0,4%), de modo que actúa solo dentro de la luz intestinal reduciendo la flora productora de amoniaco, sin exposición sistémica y sin las interacciones de la rifampicina.	Farmacoterapia::Digestivo y hepatología
¿Cuál es el espectro de Lactulosa y rifaximina?	Rifaximina: flora intestinal aerobia y anaerobia, grampositiva y gramnegativa, dentro de la luz intestinal.	Farmacoterapia::Digestivo y hepatología
¿Cuál es la dosis de Lactulosa y rifaximina en ENCEFALOPATÍA HEPÁTICA aguda y su prevención?	Lactulosa 30-45 mL cada 8-12 horas por vía oral, o 300 mL en 700 mL de agua en enema si hay bajo nivel de conciencia — Ajustada para conseguir 2-3 DEPOSICIONES BLANDAS al día, vía VO	Farmacoterapia::Digestivo y hepatología
¿A qué objetivo se ajusta la dosis de Lactulosa y rifaximina en ENCEFALOPATÍA HEPÁTICA aguda y su prevención?	2-3 deposiciones blandas diarias: es el objetivo terapéutico, ni menos (no funciona) ni más (deshidrata y empeora)	Farmacoterapia::Digestivo y hepatología
¿Cuál es la dosis de Lactulosa y rifaximina en PREVENCIÓN de recurrencias de la encefalopatía hepática?	Rifaximina 550 mg cada 12 horas, AÑADIDA a la lactulosa — Cada 12 horas, vía VO	Farmacoterapia::Digestivo y hepatología
¿Cuál es la dosis de Lactulosa y rifaximina en ESTREÑIMIENTO crónico?	Lactulosa 15-30 mL al día — Una o dos tomas al día, vía VO	Farmacoterapia::Digestivo y hepatología
¿Cuál es la dosis de Lactulosa y rifaximina en Diarrea del viajero y sobrecrecimiento bacteriano intestinal (rifaximina)?	Rifaximina 200 mg cada 8 horas durante 3 días (viajero) o 400-550 mg cada 8-12 horas durante 14 días (sobrecrecimiento) — Cada 8-12 horas, vía VO	Farmacoterapia::Digestivo y hepatología
¿Cuál es la dosis de Lactulosa y rifaximina en Síndrome de intestino irritable con diarrea?	Rifaximina 550 mg cada 8 horas durante 14 días — Cada 8 horas durante 2 semanas, vía VO	Farmacoterapia::Digestivo y hepatología
¿Cuánto dura el tratamiento con Lactulosa y rifaximina?	Indefinida tras un primer episodio de encefalopatía, por el alto riesgo de recurrencia.	Farmacoterapia::Digestivo y hepatología
¿Cómo se suspende Lactulosa y rifaximina?	No se retira, salvo trasplante hepático.	Farmacoterapia::Digestivo y hepatología
¿Qué hay que monitorizar durante el tratamiento con Lactulosa y rifaximina?	Número de deposiciones, estado mental (test psicométricos o simplemente la capacidad de escribir o dibujar), sodio, potasio y función renal. El AMONIACO en sangre NO sirve para seguir la evolución.	Farmacoterapia::Digestivo y hepatología
¿Cuál es la vida media de Lactulosa y rifaximina?	No aplicable clínicamente.	Farmacoterapia::Digestivo y hepatología
¿Requiere Lactulosa y rifaximina ajuste en insuficiencia renal?	No requieren ajuste.	Farmacoterapia::Digestivo y hepatología
Interacción crítica de Lactulosa y rifaximina con Diuréticos: ¿qué ocurre y qué se hace?	La diarrea excesiva por lactulosa suma deshidratación e hipopotasemia, que a su vez PRECIPITAN la encefalopatía. Manejo: Es una trampa clásica: pasarse con la lactulosa empeora la encefalopatía que se quiere tratar, por deshidratación y alcalosis hipopotasémica	Farmacoterapia::Digestivo y hepatología
Efecto adverso grave de Lactulosa y rifaximina: DESHIDRATACIÓN, HIPERNATREMIA e HIPOPOTASEMIA por diarrea excesiva, que PRECIPITAN la encefalopatía en lugar de tratarla — ¿en qué consiste?	DESHIDRATACIÓN, HIPERNATREMIA e HIPOPOTASEMIA por diarrea excesiva, que PRECIPITAN la encefalopatía en lugar de tratarla	Farmacoterapia::Digestivo y hepatología
Efecto adverso grave de Lactulosa y rifaximina: Broncoaspiración al administrar lactulosa oral a un paciente encefalopático con bajo nivel de conciencia — ¿en qué consiste?	Broncoaspiración al administrar lactulosa oral a un paciente encefalopático con bajo nivel de conciencia (por eso se usa el enema)	Farmacoterapia::Digestivo y hepatología
Efecto adverso grave de Lactulosa y rifaximina: Megacolon y neumatosis intestinal — ¿en qué consiste?	Megacolon y neumatosis intestinal (excepcionales)	Farmacoterapia::Digestivo y hepatología
Efecto adverso grave de Lactulosa y rifaximina: Colitis por Clostridioides difficile con rifaximina — ¿en qué consiste?	Colitis por Clostridioides difficile con rifaximina (rara)	Farmacoterapia::Digestivo y hepatología
¿Está contraindicado Lactulosa y rifaximina en: Obstrucción intestinal y sospecha de perforación?	Sí — Obstrucción intestinal y sospecha de perforación	Farmacoterapia::Digestivo y hepatología
¿Está contraindicado Lactulosa y rifaximina en: Galactosemia?	Sí — Galactosemia (la lactulosa contiene galactosa)	Farmacoterapia::Digestivo y hepatología
¿Está contraindicado Lactulosa y rifaximina en: Lactulosa oral en el paciente con bajo nivel de conciencia sin vía aérea protegida?	Sí — Lactulosa oral en el paciente con bajo nivel de conciencia sin vía aérea protegida	Farmacoterapia::Digestivo y hepatología
¿Está contraindicado Lactulosa y rifaximina en: Hipersensibilidad a las rifamicinas?	Sí — Hipersensibilidad a las rifamicinas	Farmacoterapia::Digestivo y hepatología
Particularidad de Lactulosa y rifaximina que hay que tener en cuenta:	La dosis de lactulosa se titula por DEPOSICIONES: el objetivo son 2-3 blandas al día. Ni una menos, porque entonces no funciona, ni cinco más, porque la diarrea deshidrata, produce hipopotasemia y PRECIPITA la encefalopatía que se pretendía tratar. Es el error más frecuente y más contraproducente del manejo del cirrótico.	Farmacoterapia::Digestivo y hepatología
¿A qué clase farmacológica pertenece Ácido ursodesoxicólico?	Ácido biliar y secuestrador de ácidos biliares (Ácido biliar hidrófilo de acción coleréticа y citoprotectora)	Farmacoterapia::Digestivo y hepatología
¿Cuál es el mecanismo de acción de Ácido ursodesoxicólico?	Es un ácido biliar HIDRÓFILO que en el ser humano representa menos del 3% del pool biliar y que, administrado por vía oral, pasa a representar el 40-50%. Ese desplazamiento del pool es su mecanismo esencial: sustituye a los ácidos biliares HIDRÓFOBOS (quenodesoxicólico, litocólico), que son detergentes y tóxicos para la membrana del hepatocito y del colangiocito. A partir de ahí actúa por tres vías: CITOPROTECCIÓN de la membrana frente a la toxicidad de los ácidos biliares retenidos, estimulación de la SECRECIÓN biliar por inserción de transportadores en la membrana canalicular, con lo que aumenta el flujo y arrastra la bilis estancada, y un efecto INMUNOMODULADOR que reduce la expresión de HLA en el epitelio biliar. En la litiasis, además, reduce la saturación de colesterol de la bilis y permite disolver lentamente cálculos pequeños y no calcificados.	Farmacoterapia::Digestivo y hepatología
¿Qué distingue a Ácido ursodesoxicólico de los demás fármacos de su clase (Ácido biliar y secuestrador de ácidos biliares)?	<b>Ácido biliar HIDRÓFILO</b> que sustituye a los tóxicos: de elección en la <b>colangitis biliar primaria</b> (13-15 mg/kg/día) y la <b>colestasis del embarazo</b>.	Farmacoterapia::Digestivo y hepatología
¿Cuál es la dosis de Ácido ursodesoxicólico en COLANGITIS BILIAR PRIMARIA (antigua cirrosis biliar primaria)?	13-15 mg/kg/día — Repartido en 2 tomas o en una toma nocturna, vía VO	Farmacoterapia::Digestivo y hepatología
¿A qué objetivo se ajusta la dosis de Ácido ursodesoxicólico en COLANGITIS BILIAR PRIMARIA (antigua cirrosis biliar primaria)?	Normalización o descenso de la FOSFATASA ALCALINA por debajo de 1,67 veces el límite superior, con bilirrubina normal, a los 12 meses	Farmacoterapia::Digestivo y hepatología
¿Cuál es la dosis de Ácido ursodesoxicólico en COLESTASIS INTRAHEPÁTICA DEL EMBARAZO?	10-15 mg/kg/día — Repartido en 2-3 tomas, vía VO	Farmacoterapia::Digestivo y hepatología
¿A qué objetivo se ajusta la dosis de Ácido ursodesoxicólico en COLESTASIS INTRAHEPÁTICA DEL EMBARAZO?	Alivio del PRURITO y descenso de los ácidos biliares séricos	Farmacoterapia::Digestivo y hepatología
¿Cuál es la dosis de Ácido ursodesoxicólico en Prevención de la litiasis biliar tras cirugía bariátrica o pérdida rápida de peso?	500-600 mg al día durante 6 meses — Una toma diaria, vía VO	Farmacoterapia::Digestivo y hepatología
¿Cuál es la dosis de Ácido ursodesoxicólico en Disolución de cálculos de COLESTEROL pequeños y no calcificados con vesícula funcionante?	8-10 mg/kg/día durante 6-24 meses — Una toma nocturna, vía VO	Farmacoterapia::Digestivo y hepatología
¿A qué objetivo se ajusta la dosis de Ácido ursodesoxicólico en Disolución de cálculos de COLESTEROL pequeños y no calcificados con vesícula funcionante?	Disolución ecográfica del cálculo	Farmacoterapia::Digestivo y hepatología
¿Cuál es la dosis de Ácido ursodesoxicólico en Fibrosis quística con afectación hepática y colestasis del recién nacido?	20 mg/kg/día — Repartido en 2 tomas, vía VO	Farmacoterapia::Digestivo y hepatología
¿Cuánto dura el tratamiento con Ácido ursodesoxicólico?	INDEFINIDA en la colangitis biliar primaria; hasta el parto en la colestasis del embarazo.	Farmacoterapia::Digestivo y hepatología
¿Cómo se suspende Ácido ursodesoxicólico?	No se retira en la colangitis biliar primaria. En la litiasis, la recidiva tras suspenderlo es la norma.	Farmacoterapia::Digestivo y hepatología
¿Qué hay que monitorizar durante el tratamiento con Ácido ursodesoxicólico?	Fosfatasa alcalina, gamma-GT, bilirrubina y transaminasas a los 3, 6 y 12 meses. La RESPUESTA BIOQUÍMICA al año es el mejor factor pronóstico de la enfermedad.	Farmacoterapia::Digestivo y hepatología
¿Cuál es la vida media de Ácido ursodesoxicólico?	3-6 días en el pool biliar.	Farmacoterapia::Digestivo y hepatología
¿Requiere Ácido ursodesoxicólico ajuste en insuficiencia renal?	Sin ajuste.	Farmacoterapia::Digestivo y hepatología
Interacción crítica de Ácido ursodesoxicólico con COLESTIRAMINA, colestipol y antiácidos con aluminio: ¿qué ocurre y qué se hace?	Lo SECUESTRAN e impiden su absorción. Manejo: Interacción muy relevante porque la colestiramina se usa para el mismo síntoma (el PRURITO colestásico): hay que separarlos al menos 4 horas	Farmacoterapia::Digestivo y hepatología
Efecto adverso grave de Ácido ursodesoxicólico: Empeoramiento y descompensación en la CIRROSIS BILIAR AVANZADA, sobre todo a dosis altas — ¿en qué consiste?	Empeoramiento y descompensación en la CIRROSIS BILIAR AVANZADA, sobre todo a dosis altas: en la colangitis esclerosante primaria, las dosis altas (28-30 mg/kg/día) AUMENTARON los eventos graves y la mortalidad en un ensayo, y por eso están desaconsejadas	Farmacoterapia::Digestivo y hepatología
Efecto adverso grave de Ácido ursodesoxicólico: Calcificación de los cálculos con el uso prolongado — ¿en qué consiste?	Calcificación de los cálculos con el uso prolongado	Farmacoterapia::Digestivo y hepatología
Efecto adverso grave de Ácido ursodesoxicólico: Reacciones alérgicas — ¿en qué consiste?	Reacciones alérgicas (raras)	Farmacoterapia::Digestivo y hepatología
¿Está contraindicado Ácido ursodesoxicólico en: Colecistitis aguda y obstrucción de la vía biliar?	Sí — Colecistitis aguda y obstrucción de la vía biliar	Farmacoterapia::Digestivo y hepatología
¿Está contraindicado Ácido ursodesoxicólico en: Cálculos calcificados o radiopacos y vesícula no funcionante?	Sí — Cálculos calcificados o radiopacos y vesícula no funcionante (para la indicación de disolución)	Farmacoterapia::Digestivo y hepatología
¿Está contraindicado Ácido ursodesoxicólico en: Cirrosis descompensada?	Sí — Cirrosis descompensada	Farmacoterapia::Digestivo y hepatología
¿Está contraindicado Ácido ursodesoxicólico en: DOSIS ALTAS en la colangitis esclerosante primaria?	Sí — DOSIS ALTAS en la colangitis esclerosante primaria	Farmacoterapia::Digestivo y hepatología
Particularidad de Ácido ursodesoxicólico que hay que tener en cuenta:	En la COLANGITIS BILIAR PRIMARIA es el único fármaco que modifica el pronóstico, y la RESPUESTA BIOQUÍMICA al año (fosfatasa alcalina por debajo de 1,67 veces el límite superior con bilirrubina normal) es el mejor factor pronóstico disponible: identifica a los pacientes que necesitarán una segunda línea, como el ácido obeticólico o los fibratos.	Farmacoterapia::Digestivo y hepatología
¿A qué clase farmacológica pertenece Terlipresina y somatostatina/octreótido?	Visión de clase: vasoactivos esplácnicos (Análogo de vasopresina y análogos de somatostatina)	Farmacoterapia::Digestivo y hepatología
¿Cuál es el mecanismo de acción de Terlipresina y somatostatina/octreótido?	Ambos reducen la presión portal por el mismo objetivo y por vías distintas. La TERLIPRESINA es un profármaco de la vasopresina que libera lisina-vasopresina de forma lenta y sostenida; actúa sobre receptores V1 del músculo liso de las arteriolas ESPLÁCNICAS produciendo vasoconstricción, con lo que disminuye el flujo que llega al territorio portal y baja la presión en las varices. En el síndrome hepatorrenal ese mismo mecanismo corrige el problema de fondo: la vasodilatación esplácnica del cirrótico secuestra volumen circulante efectivo, el riñón lo interpreta como hipovolemia y se vasoconstriñe; al contraer el lecho esplácnico se redistribuye volumen hacia la circulación sistémica y mejora la perfusión renal. La SOMATOSTATINA y su análogo OCTREÓTIDO inhiben la liberación de péptidos vasodilatadores esplácnicos, sobre todo el glucagón, consiguiendo un efecto similar con menos vasoconstricción sistémica y por tanto menos isquemia.	Farmacoterapia::Digestivo y hepatología
¿Cuál es la dosis de Terlipresina y somatostatina/octreótido en HEMORRAGIA DIGESTIVA ALTA por VARICES esofágicas?	Terlipresina 2 mg IV cada 4 horas las primeras 48 horas y después 1 mg cada 4 horas; u octreótido 50 microgramos en bolo y 50 microgramos/h en perfusión — Bolos cada 4 horas o perfusión continua, vía IV	Farmacoterapia::Digestivo y hepatología
¿A qué objetivo se ajusta la dosis de Terlipresina y somatostatina/octreótido en HEMORRAGIA DIGESTIVA ALTA por VARICES esofágicas?	Control del sangrado y estabilización hasta la endoscopia y en las 48-72 horas siguientes	Farmacoterapia::Digestivo y hepatología
¿Cuál es la dosis de Terlipresina y somatostatina/octreótido en SÍNDROME HEPATORRENAL tipo 1 (lesión renal aguda del cirrótico)?	Terlipresina 1 mg IV cada 4-6 horas, ascendiendo hasta 2 mg cada 4 horas, SIEMPRE asociada a ALBÚMINA 20-40 g al día — Bolos cada 4-6 horas o perfusión continua, vía IV	Farmacoterapia::Digestivo y hepatología
¿A qué objetivo se ajusta la dosis de Terlipresina y somatostatina/octreótido en SÍNDROME HEPATORRENAL tipo 1 (lesión renal aguda del cirrótico)?	Descenso de la creatinina por debajo de 1,5 mg/dL o retorno al valor basal	Farmacoterapia::Digestivo y hepatología
¿Cuál es la dosis de Terlipresina y somatostatina/octreótido en Profilaxis y tratamiento de la hemorragia en la hipertensión portal, junto a medidas endoscópicas?	Terlipresina 1-2 mg IV cada 4 horas durante 2-5 días — Cada 4 horas, vía IV	Farmacoterapia::Digestivo y hepatología
¿Cuál es la dosis de Terlipresina y somatostatina/octreótido en Fístulas digestivas y pancreáticas de alto débito, diarrea secretora y tumores neuroendocrinos (octreótido)?	Octreótido 100 microgramos SC cada 8 horas, o formulación depot mensual — Cada 8 horas o mensual, vía SC	Farmacoterapia::Digestivo y hepatología
¿Cuál es la dosis de Terlipresina y somatostatina/octreótido en ACROMEGALIA (octreótido y lanreótido)?	Octreótido depot 20-30 mg IM cada 4 semanas — Mensual, vía IM	Farmacoterapia::Digestivo y hepatología
¿A qué objetivo se ajusta la dosis de Terlipresina y somatostatina/octreótido en ACROMEGALIA (octreótido y lanreótido)?	Normalización de la IGF-1	Farmacoterapia::Digestivo y hepatología
¿Cuánto dura el tratamiento con Terlipresina y somatostatina/octreótido?	2-5 días en la hemorragia; hasta 14 días en el síndrome hepatorrenal.	Farmacoterapia::Digestivo y hepatología
¿Cómo se suspende Terlipresina y somatostatina/octreótido?	Se suspende tras 24-48 horas sin sangrado, o ante isquemia o hiponatremia grave.	Farmacoterapia::Digestivo y hepatología
¿Qué hay que monitorizar durante el tratamiento con Terlipresina y somatostatina/octreótido?	SODIO (la terlipresina produce hiponatremia rápida y a veces grave), tensión arterial, ECG, y vigilancia de signos de ISQUEMIA periférica, intestinal y coronaria.	Farmacoterapia::Digestivo y hepatología
¿Cuál es la vida media de Terlipresina y somatostatina/octreótido?	Terlipresina 50 minutos, con efecto de 4-6 horas que permite la administración en bolos; octreótido 1,5 horas.	Farmacoterapia::Digestivo y hepatología
¿Requiere Terlipresina y somatostatina/octreótido ajuste en insuficiencia renal?	Precaución.	Farmacoterapia::Digestivo y hepatología
Interacción crítica de Terlipresina y somatostatina/octreótido con Betabloqueantes y fármacos bradicardizantes: ¿qué ocurre y qué se hace?	Bradicardia grave con la terlipresina. Manejo: Muy relevante porque el cirrótico suele estar con propranolol o carvedilol como profilaxis de varices	Farmacoterapia::Digestivo y hepatología
Efecto adverso grave de Terlipresina y somatostatina/octreótido: ISQUEMIA por vasoconstricción — ¿en qué consiste?	ISQUEMIA por vasoconstricción: cutánea (necrosis, sobre todo en el escroto y en zonas acras), INTESTINAL (isquemia mesentérica), CORONARIA y periférica	Farmacoterapia::Digestivo y hepatología
Efecto adverso grave de Terlipresina y somatostatina/octreótido: HIPONATREMIA GRAVE con convulsiones, sobre todo en el cirrótico joven con buena función hepática, en el que puede caer varios puntos en 48 horas — ¿en qué consiste?	HIPONATREMIA GRAVE con convulsiones, sobre todo en el cirrótico joven con buena función hepática, en el que puede caer varios puntos en 48 horas	Farmacoterapia::Digestivo y hepatología
Efecto adverso grave de Terlipresina y somatostatina/octreótido: Insuficiencia respiratoria y edema pulmonar en el síndrome hepatorrenal — ¿en qué consiste?	Insuficiencia respiratoria y edema pulmonar en el síndrome hepatorrenal (advertencia añadida a la ficha técnica)	Farmacoterapia::Digestivo y hepatología
Efecto adverso grave de Terlipresina y somatostatina/octreótido: Bradicardia grave y arritmias — ¿en qué consiste?	Bradicardia grave y arritmias	Farmacoterapia::Digestivo y hepatología
Efecto adverso grave de Terlipresina y somatostatina/octreótido: Colelitiasis con el octreótido de uso prolongado — ¿en qué consiste?	Colelitiasis con el octreótido de uso prolongado (inhibe la contracción vesicular)	Farmacoterapia::Digestivo y hepatología
Efecto adverso grave de Terlipresina y somatostatina/octreótido: Hiperglucemia o hipoglucemia con octreótido — ¿en qué consiste?	Hiperglucemia o hipoglucemia con octreótido	Farmacoterapia::Digestivo y hepatología
¿Está contraindicado Terlipresina y somatostatina/octreótido en: Cardiopatía isquémica y arritmias graves?	Sí — Cardiopatía isquémica y arritmias graves	Farmacoterapia::Digestivo y hepatología
¿Está contraindicado Terlipresina y somatostatina/octreótido en: Arteriopatía periférica avanzada?	Sí — Arteriopatía periférica avanzada	Farmacoterapia::Digestivo y hepatología
¿Está contraindicado Terlipresina y somatostatina/octreótido en: Hipertensión arterial no controlada?	Sí — Hipertensión arterial no controlada	Farmacoterapia::Digestivo y hepatología
¿Está contraindicado Terlipresina y somatostatina/octreótido en: Embarazo?	Sí — Embarazo (terlipresina: efecto oxitócico)	Farmacoterapia::Digestivo y hepatología
¿Está contraindicado Terlipresina y somatostatina/octreótido en: Precaución en el paciente con insuficiencia respiratoria?	Sí — Precaución en el paciente con insuficiencia respiratoria	Farmacoterapia::Digestivo y hepatología
Particularidad de Terlipresina y somatostatina/octreótido que hay que tener en cuenta:	En la hemorragia por varices, tres medidas reducen la mortalidad y ninguna es la endoscopia: el VASOACTIVO precoz, el ANTIBIÓTICO profiláctico (ceftriaxona) y la transfusión RESTRICTIVA con objetivo de hemoglobina de 7-8 g/dL. Transfundir de más aumenta la presión portal y el resangrado, algo que va en contra de la intuición.	Farmacoterapia::Digestivo y hepatología
¿A qué clase farmacológica pertenece Sucralfato, antiácidos y antagonistas H2?	Visión de clase: protectores gástricos no IBP (Agente de barrera, neutralizantes y antagonistas del receptor H2)	Farmacoterapia::Digestivo y hepatología
¿Cuál es el mecanismo de acción de Sucralfato, antiácidos y antagonistas H2?	Son tres estrategias distintas frente al mismo problema. El SUCRALFATO es sacarosa sulfatada con hidróxido de aluminio que, en medio ÁCIDO, se polimeriza formando un gel viscoso y pegajoso que se adhiere selectivamente a la base ULCERADA (donde hay proteínas expuestas) creando una barrera física; además estimula prostaglandinas y bicarbonato locales. La consecuencia práctica es paradójica: NECESITA ácido para activarse, de modo que administrarlo junto a un inhibidor de la bomba de protones lo inutiliza. Los ANTIÁCIDOS (magnesio, aluminio, calcio) neutralizan químicamente el ácido ya secretado, con efecto inmediato y muy breve. Los ANTAGONISTAS H2 (famotidina, ranitidina) bloquean el receptor H2 de la célula parietal y reducen la secreción ácida, sobre todo la NOCTURNA, pero desarrollan TAQUIFILAXIA en pocos días, lo que limita su uso continuado y explica por qué los inhibidores de la bomba de protones los desplazaron.	Farmacoterapia::Digestivo y hepatología
¿Cuál es la dosis de Sucralfato, antiácidos y antagonistas H2 en PIROSIS ocasional y dispepsia leve?	Antiácido de magnesio y aluminio, 10-20 mL o 1-2 comprimidos masticables tras las comidas y al acostarse — A demanda, tras las comidas, vía VO	Farmacoterapia::Digestivo y hepatología
¿A qué objetivo se ajusta la dosis de Sucralfato, antiácidos y antagonistas H2 en PIROSIS ocasional y dispepsia leve?	Alivio inmediato del síntoma	Farmacoterapia::Digestivo y hepatología
¿Cuál es la dosis de Sucralfato, antiácidos y antagonistas H2 en Síntomas de reflujo NOCTURNOS pese a inhibidor de la bomba de protones?	Famotidina 20-40 mg al acostarse — Una toma nocturna, vía VO	Farmacoterapia::Digestivo y hepatología
¿Cuál es la dosis de Sucralfato, antiácidos y antagonistas H2 en Prevención de la úlcera de estrés en el paciente crítico?	Sucralfato 1 g cada 6 horas, o famotidina 20 mg cada 12 horas IV — Cada 6-12 horas, vía VO	Farmacoterapia::Digestivo y hepatología
¿Cuál es la dosis de Sucralfato, antiácidos y antagonistas H2 en MUCOSITIS oral y esofagitis por radioterapia o quimioterapia?	Sucralfato en suspensión 1 g cada 6 horas, en enjuague y deglución — Cada 6 horas, vía VO	Farmacoterapia::Digestivo y hepatología
¿Cuál es la dosis de Sucralfato, antiácidos y antagonistas H2 en REFLUJO en el EMBARAZO?	Antiácidos con calcio o magnesio, o sucralfato 1 g cada 8 horas — Tras las comidas, vía VO	Farmacoterapia::Digestivo y hepatología
¿Cuánto dura el tratamiento con Sucralfato, antiácidos y antagonistas H2?	Corta. Ninguno de los tres es un tratamiento de fondo del reflujo o de la úlcera, que corresponde al inhibidor de la bomba de protones y a la erradicación de Helicobacter.	Farmacoterapia::Digestivo y hepatología
¿Cómo se suspende Sucralfato, antiácidos y antagonistas H2?	Se retiran al ceder los síntomas o al instaurar el tratamiento definitivo.	Farmacoterapia::Digestivo y hepatología
¿Qué hay que monitorizar durante el tratamiento con Sucralfato, antiácidos y antagonistas H2?	En el paciente RENAL tratado con sucralfato o antiácidos con aluminio: aluminio sérico y magnesio.	Farmacoterapia::Digestivo y hepatología
¿Cuál es la vida media de Sucralfato, antiácidos y antagonistas H2?	Sucralfato: efecto local de unas 6 horas. Antiácidos: 30-60 minutos.	Farmacoterapia::Digestivo y hepatología
¿Requiere Sucralfato, antiácidos y antagonistas H2 ajuste en insuficiencia renal?	Precaución en la insuficiencia renal: se acumulan ALUMINIO (neurotoxicidad, osteomalacia) y MAGNESIO (hipermagnesemia con debilidad y bradicardia).	Farmacoterapia::Digestivo y hepatología
Interacción crítica de Sucralfato, antiácidos y antagonistas H2 con LEVOTIROXINA, quinolonas, tetraciclinas, hierro, digoxina, fenitoína y bisfosfonatos: ¿qué ocurre y qué se hace?	El sucralfato y los antiácidos los QUELAN e impiden su absorción. Manejo: Separar al menos 2 HORAS. Es la interacción práctica más importante de este grupo y explica muchos tratamientos que no funcionan sin causa aparente	Farmacoterapia::Digestivo y hepatología
Interacción crítica de Sucralfato, antiácidos y antagonistas H2 con INHIBIDORES DE LA BOMBA DE PROTONES y antiácidos (con sucralfato): ¿qué ocurre y qué se hace?	Elevan el pH e IMPIDEN que el sucralfato se polimerice y se active. Manejo: Es una contradicción farmacológica que se prescribe con frecuencia: si se usan juntos, separar al menos 2 horas	Farmacoterapia::Digestivo y hepatología
Interacción crítica de Sucralfato, antiácidos y antagonistas H2 con Antirretrovirales (atazanavir, rilpivirina) y azoles: ¿qué ocurre y qué se hace?	Los antiácidos y antiH2 reducen su absorción, que requiere acidez. Manejo: Muy relevante en el paciente con VIH: puede comprometer el control virológico	Farmacoterapia::Digestivo y hepatología
Efecto adverso grave de Sucralfato, antiácidos y antagonistas H2: BEZOAR de sucralfato en el paciente con gastroparesia, alimentado por sonda o en cuidados intensivos, con riesgo de obstrucción — ¿en qué consiste?	BEZOAR de sucralfato en el paciente con gastroparesia, alimentado por sonda o en cuidados intensivos, con riesgo de obstrucción	Farmacoterapia::Digestivo y hepatología
Efecto adverso grave de Sucralfato, antiácidos y antagonistas H2: Intoxicación por ALUMINIO en la insuficiencia renal — ¿en qué consiste?	Intoxicación por ALUMINIO en la insuficiencia renal: encefalopatía, osteomalacia y anemia microcítica	Farmacoterapia::Digestivo y hepatología
Efecto adverso grave de Sucralfato, antiácidos y antagonistas H2: HIPERMAGNESEMIA en el paciente renal, con debilidad, hiporreflexia y bradicardia — ¿en qué consiste?	HIPERMAGNESEMIA en el paciente renal, con debilidad, hiporreflexia y bradicardia	Farmacoterapia::Digestivo y hepatología
Efecto adverso grave de Sucralfato, antiácidos y antagonistas H2: ALCALOSIS metabólica y síndrome leche-alcalinos con los antiácidos de calcio a dosis altas — ¿en qué consiste?	ALCALOSIS metabólica y síndrome leche-alcalinos con los antiácidos de calcio a dosis altas	Farmacoterapia::Digestivo y hepatología
Efecto adverso grave de Sucralfato, antiácidos y antagonistas H2: Trombocitopenia y confusión con los antiH2 en el anciano — ¿en qué consiste?	Trombocitopenia y confusión con los antiH2 en el anciano	Farmacoterapia::Digestivo y hepatología
¿Está contraindicado Sucralfato, antiácidos y antagonistas H2 en: Insuficiencia renal grave para los antiácidos con aluminio y magnesio, y precaución con el sucralfato?	Sí — Insuficiencia renal grave para los antiácidos con aluminio y magnesio, y precaución con el sucralfato	Farmacoterapia::Digestivo y hepatología
¿Está contraindicado Sucralfato, antiácidos y antagonistas H2 en: Obstrucción intestinal?	Sí — Obstrucción intestinal	Farmacoterapia::Digestivo y hepatología
¿Está contraindicado Sucralfato, antiácidos y antagonistas H2 en: Precaución en el paciente con sonda de alimentación?	Sí — Precaución en el paciente con sonda de alimentación (riesgo de bezoar)	Farmacoterapia::Digestivo y hepatología
Particularidad de Sucralfato, antiácidos y antagonistas H2 que hay que tener en cuenta:	El SUCRALFATO NECESITA ÁCIDO para funcionar. Prescribirlo junto con un inhibidor de la bomba de protones, que es exactamente lo que se ve en muchas órdenes de tratamiento, lo deja inactivo. Si se usan ambos, hay que separarlos al menos dos horas, y conviene preguntarse si tiene sentido usar los dos.	Farmacoterapia::Digestivo y hepatología
