¿A qué clase farmacológica pertenece Tamsulosina?	Alfabloqueante (Bloqueante alfa-1A uroselectivo)	Farmacoterapia::Nefrología, diuréticos e hidroelectrolítico
¿Cuál es el mecanismo de acción de Tamsulosina?	Antagonista selectivo de receptores alfa-1A/1D del cuello vesical, próstata y uréter distal: relajación del músculo liso.	Farmacoterapia::Nefrología, diuréticos e hidroelectrolítico
¿Qué distingue a Tamsulosina de los demás fármacos de su clase (Alfabloqueante)?	<b>UROSELECTIVO (alfa-1A de próstata y uréter)</b>: apenas baja la PA, <b>no sirve como antihipertensivo</b>.	Farmacoterapia::Nefrología, diuréticos e hidroelectrolítico
¿Cuál es la dosis de Tamsulosina en Hiperplasia benigna de próstata con síntomas del tracto urinario inferior?	0,4 mg — Cada 24 h, tras el desayuno, vía VO	Farmacoterapia::Nefrología, diuréticos e hidroelectrolítico
¿Cuál es la dosis de Tamsulosina en Tratamiento médico expulsivo de cálculo ureteral distal (5-10 mm)?	0,4 mg — Cada 24 h, vía VO	Farmacoterapia::Nefrología, diuréticos e hidroelectrolítico
¿Cuánto dura el tratamiento con Tamsulosina?	Indefinida en HBP; hasta 4 semanas en litiasis.	Farmacoterapia::Nefrología, diuréticos e hidroelectrolítico
¿Cómo se suspende Tamsulosina?	Suspensión directa.	Farmacoterapia::Nefrología, diuréticos e hidroelectrolítico
¿Qué hay que monitorizar durante el tratamiento con Tamsulosina?	Síntomas (IPSS), ortostatismo.	Farmacoterapia::Nefrología, diuréticos e hidroelectrolítico
¿Cuál es la vida media de Tamsulosina?	10-15 h.	Farmacoterapia::Nefrología, diuréticos e hidroelectrolítico
¿Requiere Tamsulosina ajuste en insuficiencia renal?	No precisa (evitar con FG <10).	Farmacoterapia::Nefrología, diuréticos e hidroelectrolítico
Efecto adverso grave de Tamsulosina: <b>Síndrome del iris flácido intraoperatorio</b> — ¿en qué consiste?	<b>Síndrome del iris flácido intraoperatorio</b>	Farmacoterapia::Nefrología, diuréticos e hidroelectrolítico
Efecto adverso grave de Tamsulosina: Hipotensión ortostática — ¿en qué consiste?	Hipotensión ortostática (rara)	Farmacoterapia::Nefrología, diuréticos e hidroelectrolítico
¿Está contraindicado Tamsulosina en: Antecedente de hipotensión ortostática?	Sí — Antecedente de hipotensión ortostática	Farmacoterapia::Nefrología, diuréticos e hidroelectrolítico
¿Está contraindicado Tamsulosina en: Insuficiencia hepática grave?	Sí — Insuficiencia hepática grave	Farmacoterapia::Nefrología, diuréticos e hidroelectrolítico
Particularidad de Tamsulosina que hay que tener en cuenta:	No sustituye a un antihipertensivo; tampoco suele causar hipotensión como la doxazosina.	Farmacoterapia::Nefrología, diuréticos e hidroelectrolítico
¿A qué clase farmacológica pertenece Oxibutinina?	Antimuscarínico (anticolinérgico sistémico) (Antimuscarínico vesical de primera generación)	Farmacoterapia::Nefrología, diuréticos e hidroelectrolítico
¿Cuál es el mecanismo de acción de Oxibutinina?	Antagonista muscarínico (M3) del detrusor: reduce las contracciones involuntarias de la vejiga.	Farmacoterapia::Nefrología, diuréticos e hidroelectrolítico
¿Qué distingue a Oxibutinina de los demás fármacos de su clase (Antimuscarínico (anticolinérgico sistémico))?	<b>El antimuscarínico vesical más ANTICOLINÉRGICO a nivel central</b>: confusión y deterioro cognitivo en ancianos (evitar; Beers).	Farmacoterapia::Nefrología, diuréticos e hidroelectrolítico
¿Cuál es la dosis de Oxibutinina en Vejiga hiperactiva / incontinencia de urgencia?	2,5-5 mg — Cada 8-12 h, vía VO	Farmacoterapia::Nefrología, diuréticos e hidroelectrolítico
¿Cuánto dura el tratamiento con Oxibutinina?	Reevaluar a las 4-8 semanas.	Farmacoterapia::Nefrología, diuréticos e hidroelectrolítico
¿Cómo se suspende Oxibutinina?	Suspensión directa.	Farmacoterapia::Nefrología, diuréticos e hidroelectrolítico
¿Qué hay que monitorizar durante el tratamiento con Oxibutinina?	Residuo posmiccional si riesgo de retención; cognición.	Farmacoterapia::Nefrología, diuréticos e hidroelectrolítico
¿Cuál es la vida media de Oxibutinina?	2-3 h.	Farmacoterapia::Nefrología, diuréticos e hidroelectrolítico
¿Requiere Oxibutinina ajuste en insuficiencia renal?	Precaución.	Farmacoterapia::Nefrología, diuréticos e hidroelectrolítico
Interacción crítica de Oxibutinina con Inhibidores de la acetilcolinesterasa (donepezilo): ¿qué ocurre y qué se hace?	Antagonismo y empeoramiento cognitivo. Manejo: Evitar la combinación	Farmacoterapia::Nefrología, diuréticos e hidroelectrolítico
Efecto adverso grave de Oxibutinina: <b>Confusión, delirium</b> — ¿en qué consiste?	<b>Confusión, delirium</b>	Farmacoterapia::Nefrología, diuréticos e hidroelectrolítico
Efecto adverso grave de Oxibutinina: Retención urinaria — ¿en qué consiste?	Retención urinaria	Farmacoterapia::Nefrología, diuréticos e hidroelectrolítico
Efecto adverso grave de Oxibutinina: Glaucoma agudo — ¿en qué consiste?	Glaucoma agudo	Farmacoterapia::Nefrología, diuréticos e hidroelectrolítico
¿Está contraindicado Oxibutinina en: Glaucoma de ángulo cerrado?	Sí — Glaucoma de ángulo cerrado	Farmacoterapia::Nefrología, diuréticos e hidroelectrolítico
¿Está contraindicado Oxibutinina en: Retención urinaria?	Sí — Retención urinaria	Farmacoterapia::Nefrología, diuréticos e hidroelectrolítico
¿Está contraindicado Oxibutinina en: Miastenia gravis?	Sí — Miastenia gravis	Farmacoterapia::Nefrología, diuréticos e hidroelectrolítico
¿Está contraindicado Oxibutinina en: Demencia?	Sí — Demencia (relativa)	Farmacoterapia::Nefrología, diuréticos e hidroelectrolítico
Particularidad de Oxibutinina que hay que tener en cuenta:	Anciano con demencia y vejiga hiperactiva: mirabegrón antes que oxibutinina.	Farmacoterapia::Nefrología, diuréticos e hidroelectrolítico
¿A qué clase farmacológica pertenece Solifenacina?	Antimuscarínico (anticolinérgico sistémico) (Antimuscarínico vesical selectivo M3)	Farmacoterapia::Nefrología, diuréticos e hidroelectrolítico
¿Cuál es el mecanismo de acción de Solifenacina?	Antagonista competitivo de receptores M3 del detrusor.	Farmacoterapia::Nefrología, diuréticos e hidroelectrolítico
¿Qué distingue a Solifenacina de los demás fármacos de su clase (Antimuscarínico (anticolinérgico sistémico))?	<b>Más uroselectivo y de dosis ÚNICA diaria</b>: menos sequedad de boca y menos efectos centrales que la oxibutinina.	Farmacoterapia::Nefrología, diuréticos e hidroelectrolítico
¿Cuál es la dosis de Solifenacina en Vejiga hiperactiva / incontinencia de urgencia?	5-10 mg — Cada 24 h, vía VO	Farmacoterapia::Nefrología, diuréticos e hidroelectrolítico
¿Cuánto dura el tratamiento con Solifenacina?	Reevaluar a los 3 meses.	Farmacoterapia::Nefrología, diuréticos e hidroelectrolítico
¿Cómo se suspende Solifenacina?	—	Farmacoterapia::Nefrología, diuréticos e hidroelectrolítico
¿Qué hay que monitorizar durante el tratamiento con Solifenacina?	Residuo posmiccional, QT si riesgo.	Farmacoterapia::Nefrología, diuréticos e hidroelectrolítico
¿Cuál es la vida media de Solifenacina?	45-68 h.	Farmacoterapia::Nefrología, diuréticos e hidroelectrolítico
¿Requiere Solifenacina ajuste en insuficiencia renal?	FG <30: máx. 5 mg.	Farmacoterapia::Nefrología, diuréticos e hidroelectrolítico
Efecto adverso grave de Solifenacina: Retención urinaria — ¿en qué consiste?	Retención urinaria	Farmacoterapia::Nefrología, diuréticos e hidroelectrolítico
Efecto adverso grave de Solifenacina: Prolongación del QT — ¿en qué consiste?	Prolongación del QT	Farmacoterapia::Nefrología, diuréticos e hidroelectrolítico
¿Está contraindicado Solifenacina en: Retención urinaria?	Sí — Retención urinaria	Farmacoterapia::Nefrología, diuréticos e hidroelectrolítico
¿Está contraindicado Solifenacina en: Glaucoma de ángulo cerrado no tratado?	Sí — Glaucoma de ángulo cerrado no tratado	Farmacoterapia::Nefrología, diuréticos e hidroelectrolítico
¿Está contraindicado Solifenacina en: Miastenia gravis?	Sí — Miastenia gravis	Farmacoterapia::Nefrología, diuréticos e hidroelectrolítico
Particularidad de Solifenacina que hay que tener en cuenta:	Antes de pautarla en un varón, descartar obstrucción prostática (residuo alto).	Farmacoterapia::Nefrología, diuréticos e hidroelectrolítico
¿A qué clase farmacológica pertenece Acetazolamida?	Diurético osmótico y de otros mecanismos (Inhibidor de la anhidrasa carbónica)	Farmacoterapia::Nefrología, diuréticos e hidroelectrolítico
¿Cuál es el mecanismo de acción de Acetazolamida?	Inhibe la anhidrasa carbónica, la enzima que interconvierte dióxido de carbono y agua en bicarbonato y protones. En el TÚBULO PROXIMAL esa reacción es la que permite reabsorber el bicarbonato filtrado: al bloquearla se pierde bicarbonato por la orina, arrastrando sodio y agua, y el resultado es una diuresis alcalina con ACIDOSIS METABÓLICA hiperclorémica. Su potencia diurética es escasa y se agota en pocos días, porque la nefrona distal compensa la pérdida; su interés no está en la diuresis sino en las consecuencias de la acidosis y de la alcalinización de la orina. En el OJO reduce la producción de humor acuoso por el cuerpo ciliar, y en el sistema nervioso central la acidosis metabólica que produce estimula el centro respiratorio, que es el fundamento de su uso en el mal de altura.	Farmacoterapia::Nefrología, diuréticos e hidroelectrolítico
¿Qué distingue a Acetazolamida de los demás fármacos de su clase (Diurético osmótico y de otros mecanismos)?	<b>Inhibe la anhidrasa carbónica del túbulo proximal</b>: diurético débil que produce <b>acidosis metabólica hiperclorémica</b> (útil en la alcalosis metabólica del paciente con diuréticos de asa).	Farmacoterapia::Nefrología, diuréticos e hidroelectrolítico
¿Cuál es la dosis de Acetazolamida en ALCALOSIS METABÓLICA del paciente con insuficiencia cardiaca tratado con diuréticos de asa?	250-500 mg al día VO o IV durante 2-3 días — Una toma al día, vía VO	Farmacoterapia::Nefrología, diuréticos e hidroelectrolítico
¿A qué objetivo se ajusta la dosis de Acetazolamida en ALCALOSIS METABÓLICA del paciente con insuficiencia cardiaca tratado con diuréticos de asa?	Descenso del bicarbonato sérico hacia el rango normal manteniendo la respuesta diurética	Farmacoterapia::Nefrología, diuréticos e hidroelectrolítico
¿Cuál es la dosis de Acetazolamida en GLAUCOMA de ángulo abierto y crisis de glaucoma agudo?	250 mg cada 6-12 horas VO; en la crisis aguda, 500 mg IV seguidos de 250 mg cada 6 horas — Cada 6-12 horas, vía VO	Farmacoterapia::Nefrología, diuréticos e hidroelectrolítico
¿Cuál es la dosis de Acetazolamida en Profilaxis y tratamiento del MAL DE ALTURA?	125-250 mg cada 12 horas, empezando 24 horas antes del ascenso — Cada 12 horas, vía VO	Farmacoterapia::Nefrología, diuréticos e hidroelectrolítico
¿Cuál es la dosis de Acetazolamida en Hipertensión intracraneal idiopática?	250-500 mg cada 12 horas, hasta 4 g al día según tolerancia — Cada 12 horas, vía VO	Farmacoterapia::Nefrología, diuréticos e hidroelectrolítico
¿Cuál es la dosis de Acetazolamida en Alcalinización de la orina en la intoxicación por salicilatos y en la profilaxis de la nefropatía por ácido úrico?	250-500 mg, ajustada al pH urinario — Según pH urinario, vía VO	Farmacoterapia::Nefrología, diuréticos e hidroelectrolítico
¿A qué objetivo se ajusta la dosis de Acetazolamida en Alcalinización de la orina en la intoxicación por salicilatos y en la profilaxis de la nefropatía por ácido úrico?	pH urinario superior a 7,5	Farmacoterapia::Nefrología, diuréticos e hidroelectrolítico
¿Cuánto dura el tratamiento con Acetazolamida?	Cursos CORTOS, de días, en la alcalosis metabólica. Prolongada en el glaucoma y en la hipertensión intracraneal, con controles periódicos.	Farmacoterapia::Nefrología, diuréticos e hidroelectrolítico
¿Cómo se suspende Acetazolamida?	Suspensión sin pauta descendente. En el tratamiento crónico hay que vigilar la aparición de acidosis mantenida, litiasis e hipopotasemia.	Farmacoterapia::Nefrología, diuréticos e hidroelectrolítico
¿Qué hay que monitorizar durante el tratamiento con Acetazolamida?	Potasio, bicarbonato, sodio y función renal. En tratamiento prolongado, hemograma (riesgo de discrasias por su estructura sulfamídica).	Farmacoterapia::Nefrología, diuréticos e hidroelectrolítico
¿Cuál es la vida media de Acetazolamida?	6-9 horas.	Farmacoterapia::Nefrología, diuréticos e hidroelectrolítico
¿Requiere Acetazolamida ajuste en insuficiencia renal?	Evitar con filtrado menor de 30 mL/min: se acumula, deja de ser eficaz y agrava la acidosis.	Farmacoterapia::Nefrología, diuréticos e hidroelectrolítico
Interacción crítica de Acetazolamida con AAS a dosis altas y salicilatos: ¿qué ocurre y qué se hace?	Aumenta la fracción no ionizada del salicilato y su paso al sistema nervioso central; toxicidad grave. Manejo: Evitar la asociación en el paciente que toma salicilatos a dosis altas	Farmacoterapia::Nefrología, diuréticos e hidroelectrolítico
Interacción crítica de Acetazolamida con Diuréticos de asa y tiazidas: ¿qué ocurre y qué se hace?	HIPOPOTASEMIA aditiva. Manejo: Controlar el potasio; la asociación con la furosemida es útil pero exige vigilancia	Farmacoterapia::Nefrología, diuréticos e hidroelectrolítico
Efecto adverso grave de Acetazolamida: HIPOPOTASEMIA — ¿en qué consiste?	HIPOPOTASEMIA	Farmacoterapia::Nefrología, diuréticos e hidroelectrolítico
Efecto adverso grave de Acetazolamida: Acidosis metabólica grave, sobre todo en la insuficiencia renal o hepática — ¿en qué consiste?	Acidosis metabólica grave, sobre todo en la insuficiencia renal o hepática	Farmacoterapia::Nefrología, diuréticos e hidroelectrolítico
Efecto adverso grave de Acetazolamida: LITIASIS renal de fosfato cálcico — ¿en qué consiste?	LITIASIS renal de fosfato cálcico (orina alcalina con hipocitraturia)	Farmacoterapia::Nefrología, diuréticos e hidroelectrolítico
Efecto adverso grave de Acetazolamida: Encefalopatía hepática en el cirrótico — ¿en qué consiste?	Encefalopatía hepática en el cirrótico	Farmacoterapia::Nefrología, diuréticos e hidroelectrolítico
Efecto adverso grave de Acetazolamida: Discrasias sanguíneas y síndrome de Stevens-Johnson, por su naturaleza sulfamídica — ¿en qué consiste?	Discrasias sanguíneas y síndrome de Stevens-Johnson, por su naturaleza sulfamídica	Farmacoterapia::Nefrología, diuréticos e hidroelectrolítico
¿Está contraindicado Acetazolamida en: CIRROSIS e insuficiencia hepática?	Sí — CIRROSIS e insuficiencia hepática (riesgo de encefalopatía)	Farmacoterapia::Nefrología, diuréticos e hidroelectrolítico
¿Está contraindicado Acetazolamida en: Insuficiencia renal grave?	Sí — Insuficiencia renal grave	Farmacoterapia::Nefrología, diuréticos e hidroelectrolítico
¿Está contraindicado Acetazolamida en: Hipopotasemia e hiponatremia significativas?	Sí — Hipopotasemia e hiponatremia significativas	Farmacoterapia::Nefrología, diuréticos e hidroelectrolítico
¿Está contraindicado Acetazolamida en: Acidosis metabólica o respiratoria preexistente?	Sí — Acidosis metabólica o respiratoria preexistente	Farmacoterapia::Nefrología, diuréticos e hidroelectrolítico
¿Está contraindicado Acetazolamida en: Alergia a las sulfamidas?	Sí — Alergia a las sulfamidas	Farmacoterapia::Nefrología, diuréticos e hidroelectrolítico
¿Está contraindicado Acetazolamida en: Insuficiencia suprarrenal?	Sí — Insuficiencia suprarrenal	Farmacoterapia::Nefrología, diuréticos e hidroelectrolítico
Particularidad de Acetazolamida que hay que tener en cuenta:	Su lugar hoy no es la diuresis sino la CORRECCIÓN DE LA ALCALOSIS. En el paciente con insuficiencia cardiaca al que la furosemida ha dejado de responder, la alcalosis por contracción es una causa frecuente y reversible de resistencia diurética, y una tanda corta de acetazolamida devuelve la respuesta. Es un recurso muy rentable y poco usado.	Farmacoterapia::Nefrología, diuréticos e hidroelectrolítico
¿A qué clase farmacológica pertenece Quelantes del fósforo (carbonato cálcico, sevelámero, carbonato de lantano)?	Visión de clase: quelantes del fósforo (Captores del fosfato de la dieta)	Farmacoterapia::Nefrología, diuréticos e hidroelectrolítico
¿Cuál es el mecanismo de acción de Quelantes del fósforo (carbonato cálcico, sevelámero, carbonato de lantano)?	Se unen al FOSFATO de los alimentos dentro de la luz intestinal y forman un complejo no absorbible que se elimina con las heces. No actúan sobre el riñón ni sobre el fósforo ya absorbido: solo impiden que entre. Por eso su eficacia depende por completo de que se tomen CON LA COMIDA, y el mismo comprimido tomado en ayunas es prácticamente inútil. La diferencia entre ellos está en lo que aportan además del efecto quelante: los CÁLCICOS son baratos pero suman carga de calcio y favorecen la calcificación vascular; el SEVELÁMERO es un polímero que no se absorbe, no aporta calcio y además baja el colesterol LDL y capta ácidos biliares; el LANTANO es muy potente y permite menos comprimidos, pero se deposita en el hueso y en el tubo digestivo.	Farmacoterapia::Nefrología, diuréticos e hidroelectrolítico
¿Cuál es la dosis de Quelantes del fósforo (carbonato cálcico, sevelámero, carbonato de lantano) en HIPERFOSFATEMIA de la enfermedad renal crónica avanzada y en diálisis?	Carbonato cálcico 500-1500 mg de calcio elemento al día; sevelámero 800-1600 mg en cada comida; carbonato de lantano 500-1000 mg en cada comida — En CADA comida principal, repartido según el contenido en fósforo de esa comida, vía VO	Farmacoterapia::Nefrología, diuréticos e hidroelectrolítico
¿A qué objetivo se ajusta la dosis de Quelantes del fósforo (carbonato cálcico, sevelámero, carbonato de lantano) en HIPERFOSFATEMIA de la enfermedad renal crónica avanzada y en diálisis?	Fósforo sérico dentro del rango normal, o en descenso hacia él, con calcio y PTH controlados	Farmacoterapia::Nefrología, diuréticos e hidroelectrolítico
¿Cuál es la dosis de Quelantes del fósforo (carbonato cálcico, sevelámero, carbonato de lantano) en Hiperfosfatemia con hipocalcemia asociada?	Carbonato cálcico 500-1000 mg de calcio elemento en cada comida — En cada comida, vía VO	Farmacoterapia::Nefrología, diuréticos e hidroelectrolítico
¿Cuál es la dosis de Quelantes del fósforo (carbonato cálcico, sevelámero, carbonato de lantano) en Hiperfosfatemia en el paciente con calcificación vascular, hipercalcemia o PTH suprimida?	Sevelámero 800-1600 mg en cada comida, o carbonato de lantano 500-1000 mg en cada comida — En cada comida, vía VO	Farmacoterapia::Nefrología, diuréticos e hidroelectrolítico
¿Cuánto dura el tratamiento con Quelantes del fósforo (carbonato cálcico, sevelámero, carbonato de lantano)?	Indefinida mientras persista la hiperfosfatemia.	Farmacoterapia::Nefrología, diuréticos e hidroelectrolítico
¿Cómo se suspende Quelantes del fósforo (carbonato cálcico, sevelámero, carbonato de lantano)?	Se suspenden o se reducen si aparece hipofosfatemia, hipercalcemia o si el paciente recibe un trasplante renal funcionante.	Farmacoterapia::Nefrología, diuréticos e hidroelectrolítico
¿Qué hay que monitorizar durante el tratamiento con Quelantes del fósforo (carbonato cálcico, sevelámero, carbonato de lantano)?	Fósforo, calcio, PTH y fosfatasa alcalina periódicos. Bicarbonato con el sevelámero (produce acidosis). Vigilar el estreñimiento.	Farmacoterapia::Nefrología, diuréticos e hidroelectrolítico
¿Cuál es la vida media de Quelantes del fósforo (carbonato cálcico, sevelámero, carbonato de lantano)?	No aplicable: el efecto es local e inmediato en la luz intestinal.	Farmacoterapia::Nefrología, diuréticos e hidroelectrolítico
¿Requiere Quelantes del fósforo (carbonato cálcico, sevelámero, carbonato de lantano) ajuste en insuficiencia renal?	Son fármacos concebidos precisamente para la insuficiencia renal; no requieren ajuste por filtrado.	Farmacoterapia::Nefrología, diuréticos e hidroelectrolítico
Interacción crítica de Quelantes del fósforo (carbonato cálcico, sevelámero, carbonato de lantano) con LEVOTIROXINA: ¿qué ocurre y qué se hace?	Se une al quelante y no se absorbe: hipotiroidismo por falta de absorción. Manejo: Separar al menos 4 horas; la levotiroxina en ayunas y el quelante con las comidas	Farmacoterapia::Nefrología, diuréticos e hidroelectrolítico
Interacción crítica de Quelantes del fósforo (carbonato cálcico, sevelámero, carbonato de lantano) con QUINOLONAS y tetraciclinas: ¿qué ocurre y qué se hace?	Quelación con pérdida de eficacia antibiótica. Manejo: Separar al menos 2 horas antes o 4 después	Farmacoterapia::Nefrología, diuréticos e hidroelectrolítico
Interacción crítica de Quelantes del fósforo (carbonato cálcico, sevelámero, carbonato de lantano) con Micofenolato y ciclosporina (sevelámero): ¿qué ocurre y qué se hace?	Reducción de las concentraciones del inmunosupresor. Manejo: Muy relevante en el trasplantado: separar las tomas y monitorizar niveles	Farmacoterapia::Nefrología, diuréticos e hidroelectrolítico
Efecto adverso grave de Quelantes del fósforo (carbonato cálcico, sevelámero, carbonato de lantano): HIPERCALCEMIA y CALCIFICACIÓN VASCULAR con los quelantes cálcicos — ¿en qué consiste?	HIPERCALCEMIA y CALCIFICACIÓN VASCULAR con los quelantes cálcicos	Farmacoterapia::Nefrología, diuréticos e hidroelectrolítico
Efecto adverso grave de Quelantes del fósforo (carbonato cálcico, sevelámero, carbonato de lantano): ACIDOSIS METABÓLICA con el sevelámero — ¿en qué consiste?	ACIDOSIS METABÓLICA con el sevelámero	Farmacoterapia::Nefrología, diuréticos e hidroelectrolítico
Efecto adverso grave de Quelantes del fósforo (carbonato cálcico, sevelámero, carbonato de lantano): Obstrucción intestinal, íleo y perforación, descritos sobre todo con el sevelámero en el paciente con dismotilidad — ¿en qué consiste?	Obstrucción intestinal, íleo y perforación, descritos sobre todo con el sevelámero en el paciente con dismotilidad	Farmacoterapia::Nefrología, diuréticos e hidroelectrolítico
Efecto adverso grave de Quelantes del fósforo (carbonato cálcico, sevelámero, carbonato de lantano): Depósito de lantano en hueso y mucosa digestiva con el uso prolongado — ¿en qué consiste?	Depósito de lantano en hueso y mucosa digestiva con el uso prolongado	Farmacoterapia::Nefrología, diuréticos e hidroelectrolítico
Efecto adverso grave de Quelantes del fósforo (carbonato cálcico, sevelámero, carbonato de lantano): Hipofosfatemia por sobretratamiento — ¿en qué consiste?	Hipofosfatemia por sobretratamiento	Farmacoterapia::Nefrología, diuréticos e hidroelectrolítico
¿Está contraindicado Quelantes del fósforo (carbonato cálcico, sevelámero, carbonato de lantano) en: Hipofosfatemia?	Sí — Hipofosfatemia	Farmacoterapia::Nefrología, diuréticos e hidroelectrolítico
¿Está contraindicado Quelantes del fósforo (carbonato cálcico, sevelámero, carbonato de lantano) en: Obstrucción intestinal e íleo?	Sí — Obstrucción intestinal e íleo	Farmacoterapia::Nefrología, diuréticos e hidroelectrolítico
¿Está contraindicado Quelantes del fósforo (carbonato cálcico, sevelámero, carbonato de lantano) en: Hipercalcemia?	Sí — Hipercalcemia (para los quelantes cálcicos)	Farmacoterapia::Nefrología, diuréticos e hidroelectrolítico
¿Está contraindicado Quelantes del fósforo (carbonato cálcico, sevelámero, carbonato de lantano) en: Precaución en la dismotilidad digestiva y en el antecedente de cirugía abdominal?	Sí — Precaución en la dismotilidad digestiva y en el antecedente de cirugía abdominal (sevelámero)	Farmacoterapia::Nefrología, diuréticos e hidroelectrolítico
Particularidad de Quelantes del fósforo (carbonato cálcico, sevelámero, carbonato de lantano) que hay que tener en cuenta:	La regla que decide si funciona o no: CON LA COMIDA. Un quelante tomado en ayunas o entre horas no quela nada, porque no hay fosfato en la luz intestinal al que unirse. Es la causa número uno de fracaso terapéutico, y se corrige explicando el mecanismo al paciente en vez de subiendo la dosis.	Farmacoterapia::Nefrología, diuréticos e hidroelectrolítico
¿A qué clase farmacológica pertenece Clortalidona?	Diurético tiazídico (Análogo tiazídico («tiazida-like») de acción muy prolongada)	Farmacoterapia::Nefrología, diuréticos e hidroelectrolítico
¿Cuál es el mecanismo de acción de Clortalidona?	Inhibe el cotransportador Na-Cl del túbulo contorneado distal. Natriuresis moderada, con pérdida de potasio y magnesio, y <b>retención de calcio</b> (útil en la hipercalciuria). A largo plazo, su efecto antihipertensivo depende de la reducción de las resistencias periféricas más que de la diuresis.	Farmacoterapia::Nefrología, diuréticos e hidroelectrolítico
¿Qué distingue a Clortalidona de los demás fármacos de su clase (Diurético tiazídico)?	<b>Vida media muy larga (40-60 h)</b>: efecto antihipertensivo sostenido de 24-72 h, que cubre la noche y la mañana mejor que la hidroclorotiazida.	Farmacoterapia::Nefrología, diuréticos e hidroelectrolítico
¿Cuál es la dosis de Clortalidona en Hipertensión arterial?	12,5-25 mg — Cada 24 h, por la mañana, vía VO	Farmacoterapia::Nefrología, diuréticos e hidroelectrolítico
¿Cuál es la dosis de Clortalidona en Hipertensión resistente en enfermedad renal crónica estadio 4?	12,5 mg → 50 mg — Cada 24 h, vía VO	Farmacoterapia::Nefrología, diuréticos e hidroelectrolítico
¿Cuál es la dosis de Clortalidona en Hipercalciuria con litiasis cálcica recurrente?	25 mg — Cada 24 h, vía VO	Farmacoterapia::Nefrología, diuréticos e hidroelectrolítico
¿Cuánto dura el tratamiento con Clortalidona?	Indefinida.	Farmacoterapia::Nefrología, diuréticos e hidroelectrolítico
¿Cómo se suspende Clortalidona?	Suspensión directa.	Farmacoterapia::Nefrología, diuréticos e hidroelectrolítico
¿Qué hay que monitorizar durante el tratamiento con Clortalidona?	<b>Sodio y potasio a las 2-4 semanas</b> (sobre todo en mujeres ancianas de bajo peso, con más riesgo de hiponatremia), y después cada 6-12 meses. Glucemia y ácido úrico anuales.	Farmacoterapia::Nefrología, diuréticos e hidroelectrolítico
¿Cuál es la vida media de Clortalidona?	<b>40-60 h.</b>	Farmacoterapia::Nefrología, diuréticos e hidroelectrolítico
¿Requiere Clortalidona ajuste en insuficiencia renal?	Útil hasta FG 15-30 en hipertensión resistente; vigilar estrechamente electrolitos y creatinina.	Farmacoterapia::Nefrología, diuréticos e hidroelectrolítico
Interacción crítica de Clortalidona con Litio: ¿qué ocurre y qué se hace?	Aumenta la litemia un 25-40%. Manejo: Evitar o reducir la dosis de litio con control de litemia	Farmacoterapia::Nefrología, diuréticos e hidroelectrolítico
Interacción crítica de Clortalidona con Digoxina: ¿qué ocurre y qué se hace?	La hipopotasemia favorece la toxicidad digitálica. Manejo: Mantener potasio >4 mmol/L	Farmacoterapia::Nefrología, diuréticos e hidroelectrolítico
Interacción crítica de Clortalidona con Fármacos que prolongan el QT (sotalol, antipsicóticos, macrólidos): ¿qué ocurre y qué se hace?	La hipopotasemia y la hipomagnesemia favorecen torsade de pointes. Manejo: Corregir potasio y magnesio	Farmacoterapia::Nefrología, diuréticos e hidroelectrolítico
Efecto adverso grave de Clortalidona: <b>Hiponatremia grave</b> — ¿en qué consiste?	<b>Hiponatremia grave</b> (típica de la mujer anciana en las primeras semanas)	Farmacoterapia::Nefrología, diuréticos e hidroelectrolítico
Efecto adverso grave de Clortalidona: Hipopotasemia con arritmias — ¿en qué consiste?	Hipopotasemia con arritmias	Farmacoterapia::Nefrología, diuréticos e hidroelectrolítico
Efecto adverso grave de Clortalidona: Fotosensibilidad y reacciones cutáneas — ¿en qué consiste?	Fotosensibilidad y reacciones cutáneas	Farmacoterapia::Nefrología, diuréticos e hidroelectrolítico
Efecto adverso grave de Clortalidona: Pancreatitis — ¿en qué consiste?	Pancreatitis (rara)	Farmacoterapia::Nefrología, diuréticos e hidroelectrolítico
¿Está contraindicado Clortalidona en: Anuria?	Sí — Anuria	Farmacoterapia::Nefrología, diuréticos e hidroelectrolítico
¿Está contraindicado Clortalidona en: Hiponatremia o hipopotasemia refractarias?	Sí — Hiponatremia o hipopotasemia refractarias	Farmacoterapia::Nefrología, diuréticos e hidroelectrolítico
¿Está contraindicado Clortalidona en: Hipercalcemia?	Sí — Hipercalcemia	Farmacoterapia::Nefrología, diuréticos e hidroelectrolítico
¿Está contraindicado Clortalidona en: Gota activa?	Sí — Gota activa (relativa)	Farmacoterapia::Nefrología, diuréticos e hidroelectrolítico
¿Está contraindicado Clortalidona en: Alergia a sulfonamidas con reacción grave previa?	Sí — Alergia a sulfonamidas con reacción grave previa	Farmacoterapia::Nefrología, diuréticos e hidroelectrolítico
Particularidad de Clortalidona que hay que tener en cuenta:	<b>La hiponatremia por tiazidas aparece típicamente en las primeras 2 semanas</b> en mujeres mayores y delgadas: pedir un ionograma precoz.	Farmacoterapia::Nefrología, diuréticos e hidroelectrolítico
¿A qué clase farmacológica pertenece Indapamida?	Diurético tiazídico (Análogo tiazídico con efecto vasodilatador directo)	Farmacoterapia::Nefrología, diuréticos e hidroelectrolítico
¿Cuál es el mecanismo de acción de Indapamida?	Inhibe el cotransportador Na-Cl del túbulo distal y <b>reduce además directamente el tono vascular</b> (modulación del calcio en el músculo liso y de prostaglandinas vasodilatadoras). A la dosis de 1,5 mg retard, el efecto antihipertensivo predomina sobre el diurético.	Farmacoterapia::Nefrología, diuréticos e hidroelectrolítico
¿Qué distingue a Indapamida de los demás fármacos de su clase (Diurético tiazídico)?	<b>Perfil METABÓLICO más neutro</b> de la clase a dosis bajas (1,5 mg retard): menos hiperglucemia, dislipemia e hipopotasemia. Preferible en el diabético y en el síndrome metabólico.	Farmacoterapia::Nefrología, diuréticos e hidroelectrolítico
¿Cuál es la dosis de Indapamida en Hipertensión arterial (especialmente en anciano, diabético o tras un ictus)?	1,5 mg (retard) o 2,5 mg (liberación inmediata) — Cada 24 h, por la mañana, vía VO	Farmacoterapia::Nefrología, diuréticos e hidroelectrolítico
¿Cuál es la dosis de Indapamida en Prevención secundaria tras ictus o AIT?	2,5 mg (con perindopril 4 mg) — Cada 24 h, vía VO	Farmacoterapia::Nefrología, diuréticos e hidroelectrolítico
¿Cuánto dura el tratamiento con Indapamida?	Indefinida.	Farmacoterapia::Nefrología, diuréticos e hidroelectrolítico
¿Cómo se suspende Indapamida?	Suspensión directa.	Farmacoterapia::Nefrología, diuréticos e hidroelectrolítico
¿Qué hay que monitorizar durante el tratamiento con Indapamida?	Sodio y potasio a las 2-4 semanas y después cada 6-12 meses; ECG si hay otros fármacos que prolongan el QT.	Farmacoterapia::Nefrología, diuréticos e hidroelectrolítico
¿Cuál es la vida media de Indapamida?	14-18 h.	Farmacoterapia::Nefrología, diuréticos e hidroelectrolítico
¿Requiere Indapamida ajuste en insuficiencia renal?	No precisa en leve-moderada; evitar con FG <30.	Farmacoterapia::Nefrología, diuréticos e hidroelectrolítico
Interacción crítica de Indapamida con Fármacos que prolongan el QT: ¿qué ocurre y qué se hace?	<b>Prolongación del QT y torsade de pointes, favorecidas por la hipopotasemia</b>. Manejo: Evitar combinaciones; corregir potasio y magnesio	Farmacoterapia::Nefrología, diuréticos e hidroelectrolítico
Interacción crítica de Indapamida con Litio: ¿qué ocurre y qué se hace?	Aumento de la litemia. Manejo: Evitar o controlar litemia	Farmacoterapia::Nefrología, diuréticos e hidroelectrolítico
Efecto adverso grave de Indapamida: Hiponatremia grave — ¿en qué consiste?	Hiponatremia grave	Farmacoterapia::Nefrología, diuréticos e hidroelectrolítico
Efecto adverso grave de Indapamida: Prolongación del QT con hipopotasemia — ¿en qué consiste?	Prolongación del QT con hipopotasemia	Farmacoterapia::Nefrología, diuréticos e hidroelectrolítico
Efecto adverso grave de Indapamida: Reacciones cutáneas graves — ¿en qué consiste?	Reacciones cutáneas graves (raras)	Farmacoterapia::Nefrología, diuréticos e hidroelectrolítico
Efecto adverso grave de Indapamida: Encefalopatía en cirróticos — ¿en qué consiste?	Encefalopatía en cirróticos	Farmacoterapia::Nefrología, diuréticos e hidroelectrolítico
¿Está contraindicado Indapamida en: Insuficiencia renal grave?	Sí — Insuficiencia renal grave (FG <30)	Farmacoterapia::Nefrología, diuréticos e hidroelectrolítico
¿Está contraindicado Indapamida en: Encefalopatía o insuficiencia hepática grave?	Sí — Encefalopatía o insuficiencia hepática grave	Farmacoterapia::Nefrología, diuréticos e hidroelectrolítico
¿Está contraindicado Indapamida en: Hipopotasemia?	Sí — Hipopotasemia	Farmacoterapia::Nefrología, diuréticos e hidroelectrolítico
¿Está contraindicado Indapamida en: Alergia grave a sulfonamidas?	Sí — Alergia grave a sulfonamidas	Farmacoterapia::Nefrología, diuréticos e hidroelectrolítico
Particularidad de Indapamida que hay que tener en cuenta:	<b>En el hipertenso de más de 80 años, la indapamida tiene la evidencia más sólida</b> (HYVET).	Farmacoterapia::Nefrología, diuréticos e hidroelectrolítico
¿A qué clase farmacológica pertenece Hidroclorotiazida?	Diurético tiazídico (Inhibidor del cotransportador sodio-cloro del túbulo distal)	Farmacoterapia::Nefrología, diuréticos e hidroelectrolítico
¿Cuál es el mecanismo de acción de Hidroclorotiazida?	Bloquea el cotransportador NCC (sodio-cloro) del TÚBULO CONTORNEADO DISTAL, donde solo se reabsorbe el 5-8% del sodio filtrado: por eso su potencia diurética es MODESTA comparada con la de un diurético de asa. Sin embargo, su efecto ANTIHIPERTENSIVO es notable y, tras las primeras semanas, deja de depender de la depleción de volumen para pasar a depender de una VASODILATACIÓN periférica sostenida. Esa disociación entre potencia diurética y potencia antihipertensiva es la clave para entender por qué en la hipertensión funciona a dosis bajas y por qué en el edema no sirve. Al aumentar el flujo distal de sodio, favorece su intercambio por potasio e hidrogenión en el túbulo colector: de ahí la hipopotasemia y la alcalosis metabólica.	Farmacoterapia::Nefrología, diuréticos e hidroelectrolítico
¿Qué distingue a Hidroclorotiazida de los demás fármacos de su clase (Diurético tiazídico)?	<b>La tiazida de las COMBINACIONES FIJAS</b> con IECA, ARA-II y betabloqueantes.	Farmacoterapia::Nefrología, diuréticos e hidroelectrolítico
¿Cuál es la dosis de Hidroclorotiazida en Hipertensión arterial?	Hidroclorotiazida 12,5-25 mg/24 h, o CLORTALIDONA 12,5-25 mg/24 h — Una vez al día, por la mañana, vía VO	Farmacoterapia::Nefrología, diuréticos e hidroelectrolítico
¿Cuál es la dosis de Hidroclorotiazida en Prevención de la recurrencia de la litiasis cálcica (hipercalciuria idiopática)?	25 mg/24 h — Una vez al día, vía VO	Farmacoterapia::Nefrología, diuréticos e hidroelectrolítico
¿Cuál es la dosis de Hidroclorotiazida en Diabetes insípida nefrogénica?	25-50 mg/24 h — Una vez al día, vía VO	Farmacoterapia::Nefrología, diuréticos e hidroelectrolítico
¿Cuál es la dosis de Hidroclorotiazida en Edema leve asociado a insuficiencia cardiaca o a fármacos?	25-50 mg/24 h — Una vez al día, vía VO	Farmacoterapia::Nefrología, diuréticos e hidroelectrolítico
¿Cuál es la dosis de Hidroclorotiazida en Bloqueo secuencial de la nefrona en la resistencia a diuréticos de asa?	25 mg/24 h asociada a furosemida — Una vez al día, vía VO	Farmacoterapia::Nefrología, diuréticos e hidroelectrolítico
¿Cuánto dura el tratamiento con Hidroclorotiazida?	Indefinida mientras persista la indicación.	Farmacoterapia::Nefrología, diuréticos e hidroelectrolítico
¿Cómo se suspende Hidroclorotiazida?	Retirada sin descenso progresivo. Puede haber un ascenso tensional de rebote transitorio.	Farmacoterapia::Nefrología, diuréticos e hidroelectrolítico
¿Qué hay que monitorizar durante el tratamiento con Hidroclorotiazida?	IONES (sodio y potasio) a las 2-4 SEMANAS de iniciar y periódicamente después; función renal, ácido úrico, glucemia y calcio. El sodio a las 2-4 semanas es la determinación que más hiponatremias graves evita en el anciano.	Farmacoterapia::Nefrología, diuréticos e hidroelectrolítico
¿Cuál es la vida media de Hidroclorotiazida?	6-15 h la hidroclorotiazida; 40-60 h la CLORTALIDONA, que es lo que le da su mejor cobertura de 24 h y su ventaja en la reducción de eventos.	Farmacoterapia::Nefrología, diuréticos e hidroelectrolítico
¿Requiere Hidroclorotiazida ajuste en insuficiencia renal?	INEFICAZ con filtrado glomerular por debajo de 30 mL/min: a partir de ahí hay que cambiar a un diurético de ASA, que sí conserva su efecto. Es la limitación más importante de la clase.	Farmacoterapia::Nefrología, diuréticos e hidroelectrolítico
Interacción crítica de Hidroclorotiazida con LITIO: ¿qué ocurre y qué se hace?	Aumentan su reabsorción proximal y ELEVAN la litemia hasta niveles tóxicos. Manejo: Evitar la combinación; si es inevitable, reducir la dosis de litio y monitorizar la litemia estrechamente	Farmacoterapia::Nefrología, diuréticos e hidroelectrolítico
Interacción crítica de Hidroclorotiazida con AINE: ¿qué ocurre y qué se hace?	Reducen su efecto antihipertensivo y diurético e incrementan el riesgo de fracaso renal, sobre todo asociados a IECA o ARA-II (la llamada triple whammy). Manejo: Evitar los AINE crónicos; la combinación tiazida + IECA/ARA-II + AINE es una causa clásica de fracaso renal agudo	Farmacoterapia::Nefrología, diuréticos e hidroelectrolítico
Interacción crítica de Hidroclorotiazida con DIGOXINA: ¿qué ocurre y qué se hace?	La hipopotasemia potencia la toxicidad digitálica. Manejo: Vigilar el potasio de forma estrecha	Farmacoterapia::Nefrología, diuréticos e hidroelectrolítico
Interacción crítica de Hidroclorotiazida con ISRS, carbamazepina, desmopresina: ¿qué ocurre y qué se hace?	HIPONATREMIA aditiva, especialmente en el anciano. Manejo: Control de sodio a las 2-4 semanas de asociar cualquiera de ellos	Farmacoterapia::Nefrología, diuréticos e hidroelectrolítico
Interacción crítica de Hidroclorotiazida con Antiarrítmicos que prolongan el QT: ¿qué ocurre y qué se hace?	La hipopotasemia favorece la torsade de pointes. Manejo: Corregir el potasio y el magnesio antes de usarlos	Farmacoterapia::Nefrología, diuréticos e hidroelectrolítico
Efecto adverso grave de Hidroclorotiazida: HIPONATREMIA GRAVE con confusión, caídas y convulsiones, sobre todo en el anciano y en las primeras 2-4 semanas — ¿en qué consiste?	HIPONATREMIA GRAVE con confusión, caídas y convulsiones, sobre todo en el anciano y en las primeras 2-4 semanas	Farmacoterapia::Nefrología, diuréticos e hidroelectrolítico
Efecto adverso grave de Hidroclorotiazida: Hipopotasemia grave con arritmias, especialmente en el paciente digitalizado o con QT largo — ¿en qué consiste?	Hipopotasemia grave con arritmias, especialmente en el paciente digitalizado o con QT largo	Farmacoterapia::Nefrología, diuréticos e hidroelectrolítico
Efecto adverso grave de Hidroclorotiazida: Alcalosis metabólica hipoclorémica — ¿en qué consiste?	Alcalosis metabólica hipoclorémica	Farmacoterapia::Nefrología, diuréticos e hidroelectrolítico
Efecto adverso grave de Hidroclorotiazida: Pancreatitis — ¿en qué consiste?	Pancreatitis (rara)	Farmacoterapia::Nefrología, diuréticos e hidroelectrolítico
Efecto adverso grave de Hidroclorotiazida: FOTOSENSIBILIDAD y aumento del riesgo de cáncer cutáneo NO melanoma con exposición acumulada prolongada — ¿en qué consiste?	FOTOSENSIBILIDAD y aumento del riesgo de cáncer cutáneo NO melanoma con exposición acumulada prolongada	Farmacoterapia::Nefrología, diuréticos e hidroelectrolítico
Efecto adverso grave de Hidroclorotiazida: Reacciones de hipersensibilidad, incluido edema pulmonar no cardiogénico — ¿en qué consiste?	Reacciones de hipersensibilidad, incluido edema pulmonar no cardiogénico (excepcional)	Farmacoterapia::Nefrología, diuréticos e hidroelectrolítico
¿Está contraindicado Hidroclorotiazida en: Anuria?	Sí — Anuria	Farmacoterapia::Nefrología, diuréticos e hidroelectrolítico
¿Está contraindicado Hidroclorotiazida en: Filtrado glomerular por debajo de 30 mL/min?	Sí — Filtrado glomerular por debajo de 30 mL/min (por INEFICACIA, no por toxicidad)	Farmacoterapia::Nefrología, diuréticos e hidroelectrolítico
¿Está contraindicado Hidroclorotiazida en: Hiponatremia o hipopotasemia graves no corregidas?	Sí — Hiponatremia o hipopotasemia graves no corregidas	Farmacoterapia::Nefrología, diuréticos e hidroelectrolítico
¿Está contraindicado Hidroclorotiazida en: Alergia a las sulfamidas?	Sí — Alergia a las sulfamidas (contraindicación relativa; la reactividad cruzada real es baja)	Farmacoterapia::Nefrología, diuréticos e hidroelectrolítico
¿Está contraindicado Hidroclorotiazida en: Gota mal controlada?	Sí — Gota mal controlada (contraindicación relativa)	Farmacoterapia::Nefrología, diuréticos e hidroelectrolítico
Particularidad de Hidroclorotiazida que hay que tener en cuenta:	La regla que más se olvida: por debajo de un filtrado de 30 la tiazida deja de funcionar, y no por toxicidad sino porque necesita ser SECRETADA al túbulo para actuar y ya no llega. Ver a un paciente con enfermedad renal avanzada tomando hidroclorotiazida para su hipertensión es ver un comprimido que no hace nada. Ahí hay que cambiar a un diurético de asa.	Farmacoterapia::Nefrología, diuréticos e hidroelectrolítico
¿A qué clase farmacológica pertenece Quelantes del potasio (patiromer, ciclosilicato de sodio y circonio, poliestireno sulfonato)?	Visión de clase: quelantes del potasio (Resinas de intercambio catiónico y quelantes selectivos)	Farmacoterapia::Nefrología, diuréticos e hidroelectrolítico
¿Cuál es el mecanismo de acción de Quelantes del potasio (patiromer, ciclosilicato de sodio y circonio, poliestireno sulfonato)?	Actúan EXCLUSIVAMENTE en la luz intestinal, sin absorberse: intercambian potasio por otro catión (calcio en el poliestireno cálcico, sodio en el sulfonato sódico y en el ciclosilicato, calcio en el patiromer) y lo fijan para eliminarlo por las heces. Son los únicos fármacos que ELIMINAN potasio del organismo por vía digestiva; todo lo demás que se usa en la hiperpotasemia aguda (insulina con glucosa, salbutamol, bicarbonato) solo lo REDISTRIBUYE al interior de la célula, y el calcio ni siquiera lo mueve: solo estabiliza la membrana del miocardio. Entender esa división en tres acciones es lo que ordena el tratamiento de la hiperpotasemia.	Farmacoterapia::Nefrología, diuréticos e hidroelectrolítico
¿Cuál es la dosis de Quelantes del potasio (patiromer, ciclosilicato de sodio y circonio, poliestireno sulfonato) en Hiperpotasemia crónica en la enfermedad renal crónica?	Patiromer 8,4 g/24 h; ciclosilicato 5-10 g/24 h de mantenimiento — Una vez al día, vía VO	Farmacoterapia::Nefrología, diuréticos e hidroelectrolítico
¿Cuál es la dosis de Quelantes del potasio (patiromer, ciclosilicato de sodio y circonio, poliestireno sulfonato) en Hiperpotasemia crónica en la insuficiencia cardiaca tratada con antialdosterónicos?	Patiromer 8,4-25,2 g/24 h — Una vez al día, vía VO	Farmacoterapia::Nefrología, diuréticos e hidroelectrolítico
¿Cuál es la dosis de Quelantes del potasio (patiromer, ciclosilicato de sodio y circonio, poliestireno sulfonato) en Hiperpotasemia aguda no grave (sin alteraciones del ECG)?	Ciclosilicato 10 g/8 h durante 48 h — Cada 8 h, vía VO	Farmacoterapia::Nefrología, diuréticos e hidroelectrolítico
¿Cuál es la dosis de Quelantes del potasio (patiromer, ciclosilicato de sodio y circonio, poliestireno sulfonato) en Prevención de la hiperpotasemia recurrente que impide optimizar el tratamiento cardiorrenal?	Patiromer 8,4 g/24 h — Una vez al día, vía VO	Farmacoterapia::Nefrología, diuréticos e hidroelectrolítico
¿Cuánto dura el tratamiento con Quelantes del potasio (patiromer, ciclosilicato de sodio y circonio, poliestireno sulfonato)?	Crónica mientras persista la causa y se quiera mantener el bloqueo del sistema renina-angiotensina.	Farmacoterapia::Nefrología, diuréticos e hidroelectrolítico
¿Cómo se suspende Quelantes del potasio (patiromer, ciclosilicato de sodio y circonio, poliestireno sulfonato)?	Se retira si desaparece la causa o si se suspende el fármaco que producía la hiperpotasemia. Vigilar el rebote.	Farmacoterapia::Nefrología, diuréticos e hidroelectrolítico
¿Qué hay que monitorizar durante el tratamiento con Quelantes del potasio (patiromer, ciclosilicato de sodio y circonio, poliestireno sulfonato)?	POTASIO a los 3-7 días y después periódicamente; MAGNESIO y CALCIO (el patiromer puede producir hipomagnesemia); sodio y volemia con el ciclosilicato, que aporta sodio.	Farmacoterapia::Nefrología, diuréticos e hidroelectrolítico
¿Cuál es la vida media de Quelantes del potasio (patiromer, ciclosilicato de sodio y circonio, poliestireno sulfonato)?	No aplicable. El inicio de acción es de 1-2 h con el ciclosilicato y de 7 h a días con el patiromer.	Farmacoterapia::Nefrología, diuréticos e hidroelectrolítico
¿Requiere Quelantes del potasio (patiromer, ciclosilicato de sodio y circonio, poliestireno sulfonato) ajuste en insuficiencia renal?	No precisa ajuste: es precisamente el escenario de uso. Vigilar la sobrecarga de sodio del ciclosilicato en el paciente con insuficiencia cardiaca.	Farmacoterapia::Nefrología, diuréticos e hidroelectrolítico
Interacción crítica de Quelantes del potasio (patiromer, ciclosilicato de sodio y circonio, poliestireno sulfonato) con PRÁCTICAMENTE CUALQUIER FÁRMACO ORAL: levotiroxina, quinolonas, metformina, ciclosporina, tacrolimús, anticoagulantes: ¿qué ocurre y qué se hace?	Fijan o retrasan la absorción de otros medicamentos administrados a la vez. Manejo: Separar al menos 3 HORAS antes o después de cualquier otro fármaco oral. Es la regla práctica que define su administración	Farmacoterapia::Nefrología, diuréticos e hidroelectrolítico
Interacción crítica de Quelantes del potasio (patiromer, ciclosilicato de sodio y circonio, poliestireno sulfonato) con Sorbitol (excipiente clásico del poliestireno sulfonato): ¿qué ocurre y qué se hace?	NECROSIS INTESTINAL, descrita sobre todo en el postoperatorio y en el urémico. Manejo: Evitar las formulaciones con sorbitol; es una de las razones del desplazamiento del poliestireno por los quelantes modernos	Farmacoterapia::Nefrología, diuréticos e hidroelectrolítico
Efecto adverso grave de Quelantes del potasio (patiromer, ciclosilicato de sodio y circonio, poliestireno sulfonato): NECROSIS INTESTINAL con el poliestireno sulfonato asociado a sorbitol, sobre todo en el postoperatorio, el urémico y el paciente con íleo — ¿en qué consiste?	NECROSIS INTESTINAL con el poliestireno sulfonato asociado a sorbitol, sobre todo en el postoperatorio, el urémico y el paciente con íleo	Farmacoterapia::Nefrología, diuréticos e hidroelectrolítico
Efecto adverso grave de Quelantes del potasio (patiromer, ciclosilicato de sodio y circonio, poliestireno sulfonato): EDEMA y descompensación de insuficiencia cardiaca con el ciclosilicato, que aporta SODIO — ¿en qué consiste?	EDEMA y descompensación de insuficiencia cardiaca con el ciclosilicato, que aporta SODIO	Farmacoterapia::Nefrología, diuréticos e hidroelectrolítico
Efecto adverso grave de Quelantes del potasio (patiromer, ciclosilicato de sodio y circonio, poliestireno sulfonato): Hipopotasemia por sobrecorrección — ¿en qué consiste?	Hipopotasemia por sobrecorrección	Farmacoterapia::Nefrología, diuréticos e hidroelectrolítico
Efecto adverso grave de Quelantes del potasio (patiromer, ciclosilicato de sodio y circonio, poliestireno sulfonato): Impactación fecal — ¿en qué consiste?	Impactación fecal	Farmacoterapia::Nefrología, diuréticos e hidroelectrolítico
¿Está contraindicado Quelantes del potasio (patiromer, ciclosilicato de sodio y circonio, poliestireno sulfonato) en: Obstrucción intestinal, íleo y megacolon?	Sí — Obstrucción intestinal, íleo y megacolon	Farmacoterapia::Nefrología, diuréticos e hidroelectrolítico
¿Está contraindicado Quelantes del potasio (patiromer, ciclosilicato de sodio y circonio, poliestireno sulfonato) en: Estreñimiento grave no controlado?	Sí — Estreñimiento grave no controlado	Farmacoterapia::Nefrología, diuréticos e hidroelectrolítico
¿Está contraindicado Quelantes del potasio (patiromer, ciclosilicato de sodio y circonio, poliestireno sulfonato) en: Hipopotasemia?	Sí — Hipopotasemia	Farmacoterapia::Nefrología, diuréticos e hidroelectrolítico
¿Está contraindicado Quelantes del potasio (patiromer, ciclosilicato de sodio y circonio, poliestireno sulfonato) en: Postoperatorio abdominal reciente?	Sí — Postoperatorio abdominal reciente (para las formulaciones con sorbitol)	Farmacoterapia::Nefrología, diuréticos e hidroelectrolítico
Particularidad de Quelantes del potasio (patiromer, ciclosilicato de sodio y circonio, poliestireno sulfonato) que hay que tener en cuenta:	El error conceptual más grave en la hiperpotasemia es confundir los tres tipos de tratamiento. El CALCIO no baja el potasio: estabiliza la membrana del miocardio y compra tiempo. La INSULINA con glucosa, el salbutamol y el bicarbonato REDISTRIBUYEN el potasio al interior de la célula, con efecto transitorio de horas. Solo los QUELANTES, los diuréticos y la DIÁLISIS lo ELIMINAN del organismo. Tratar una hiperpotasemia grave solo con redistribuidores es garantizar el rebote.	Farmacoterapia::Nefrología, diuréticos e hidroelectrolítico
¿A qué clase farmacológica pertenece Amilorida?	Diurético osmótico y de otros mecanismos (Ahorrador de potasio bloqueante del canal ENaC)	Farmacoterapia::Nefrología, diuréticos e hidroelectrolítico
¿Cuál es el mecanismo de acción de Amilorida?	Bloquea el canal epitelial de sodio (ENaC) de la membrana luminal del túbulo colector: menor reabsorción de sodio y menor secreción de potasio e hidrogeniones.	Farmacoterapia::Nefrología, diuréticos e hidroelectrolítico
¿Qué distingue a Amilorida de los demás fármacos de su clase (Diurético osmótico y de otros mecanismos)?	<b>Ahorrador de potasio que NO actúa sobre la aldosterona</b>: bloquea directamente el canal de sodio ENaC del túbulo colector.	Farmacoterapia::Nefrología, diuréticos e hidroelectrolítico
¿Cuál es la dosis de Amilorida en Hipopotasemia por tiazidas (asociada)?	5 mg (con 50 mg de hidroclorotiazida) — Cada 24 h, vía VO	Farmacoterapia::Nefrología, diuréticos e hidroelectrolítico
¿Cuál es la dosis de Amilorida en Diabetes insípida nefrogénica inducida por litio?	5-10 mg — Cada 12-24 h, vía VO	Farmacoterapia::Nefrología, diuréticos e hidroelectrolítico
¿Cuál es la dosis de Amilorida en Síndrome de Liddle?	5-20 mg/día — Cada 12-24 h, vía VO	Farmacoterapia::Nefrología, diuréticos e hidroelectrolítico
¿Cuánto dura el tratamiento con Amilorida?	Indefinida según indicación.	Farmacoterapia::Nefrología, diuréticos e hidroelectrolítico
¿Cómo se suspende Amilorida?	Suspensión directa.	Farmacoterapia::Nefrología, diuréticos e hidroelectrolítico
¿Qué hay que monitorizar durante el tratamiento con Amilorida?	Potasio a la semana y periódicamente.	Farmacoterapia::Nefrología, diuréticos e hidroelectrolítico
¿Cuál es la vida media de Amilorida?	6-9 h.	Farmacoterapia::Nefrología, diuréticos e hidroelectrolítico
¿Requiere Amilorida ajuste en insuficiencia renal?	<b>Evitar con FG <30</b> (hiperpotasemia).	Farmacoterapia::Nefrología, diuréticos e hidroelectrolítico
Interacción crítica de Amilorida con IECA, ARA-II, ARM, suplementos de K, trimetoprim: ¿qué ocurre y qué se hace?	<b>Hiperpotasemia grave</b>. Manejo: Evitar o control estrecho	Farmacoterapia::Nefrología, diuréticos e hidroelectrolítico
Efecto adverso grave de Amilorida: Hiperpotasemia grave — ¿en qué consiste?	Hiperpotasemia grave	Farmacoterapia::Nefrología, diuréticos e hidroelectrolítico
Efecto adverso grave de Amilorida: Hiponatremia — ¿en qué consiste?	Hiponatremia	Farmacoterapia::Nefrología, diuréticos e hidroelectrolítico
¿Está contraindicado Amilorida en: Hiperpotasemia?	Sí — Hiperpotasemia	Farmacoterapia::Nefrología, diuréticos e hidroelectrolítico
¿Está contraindicado Amilorida en: FG <30?	Sí — FG <30	Farmacoterapia::Nefrología, diuréticos e hidroelectrolítico
¿Está contraindicado Amilorida en: Uso con otros ahorradores de potasio?	Sí — Uso con otros ahorradores de potasio	Farmacoterapia::Nefrología, diuréticos e hidroelectrolítico
Particularidad de Amilorida que hay que tener en cuenta:	Poliuria en paciente con litio: pensar en diabetes insípida nefrogénica; la amilorida es el tratamiento.	Farmacoterapia::Nefrología, diuréticos e hidroelectrolítico
¿A qué clase farmacológica pertenece Manitol?	Diurético osmótico y de otros mecanismos (Diurético osmótico)	Farmacoterapia::Nefrología, diuréticos e hidroelectrolítico
¿Cuál es el mecanismo de acción de Manitol?	Azúcar no metabolizable que aumenta la osmolalidad plasmática (extrae agua del cerebro y del ojo) y la tubular (diuresis osmótica).	Farmacoterapia::Nefrología, diuréticos e hidroelectrolítico
¿Qué distingue a Manitol de los demás fármacos de su clase (Diurético osmótico y de otros mecanismos)?	<b>Diurético OSMÓTICO: se filtra y no se reabsorbe</b>, arrastrando agua; su uso real es <b>reducir la PRESIÓN INTRACRANEAL</b> y la intraocular.	Farmacoterapia::Nefrología, diuréticos e hidroelectrolítico
¿Cuál es la dosis de Manitol en Hipertensión intracraneal (TCE, edema cerebral)?	0,25-1 g/kg (solución al 20%) — En 15-20 min; repetible cada 4-6 h, vía IV	Farmacoterapia::Nefrología, diuréticos e hidroelectrolítico
¿Cuál es la dosis de Manitol en Glaucoma agudo de ángulo cerrado (refractario)?	1-2 g/kg — En 30-60 min, vía IV	Farmacoterapia::Nefrología, diuréticos e hidroelectrolítico
¿Cuánto dura el tratamiento con Manitol?	Horas-días.	Farmacoterapia::Nefrología, diuréticos e hidroelectrolítico
¿Cómo se suspende Manitol?	Retirada gradual (rebote de edema).	Farmacoterapia::Nefrología, diuréticos e hidroelectrolítico
¿Qué hay que monitorizar durante el tratamiento con Manitol?	<b>Osmolalidad y hiato osmolar</b>, sodio, función renal, balance.	Farmacoterapia::Nefrología, diuréticos e hidroelectrolítico
¿Cuál es la vida media de Manitol?	1-2 h (más en ERC).	Farmacoterapia::Nefrología, diuréticos e hidroelectrolítico
¿Requiere Manitol ajuste en insuficiencia renal?	<b>Contraindicado en anuria</b>; precaución en ERC.	Farmacoterapia::Nefrología, diuréticos e hidroelectrolítico
Efecto adverso grave de Manitol: <b>Edema pulmonar</b> por expansión de volumen — ¿en qué consiste?	<b>Edema pulmonar</b> por expansión de volumen	Farmacoterapia::Nefrología, diuréticos e hidroelectrolítico
Efecto adverso grave de Manitol: Fracaso renal agudo — ¿en qué consiste?	Fracaso renal agudo	Farmacoterapia::Nefrología, diuréticos e hidroelectrolítico
Efecto adverso grave de Manitol: Hipernatremia/deshidratación — ¿en qué consiste?	Hipernatremia/deshidratación	Farmacoterapia::Nefrología, diuréticos e hidroelectrolítico
¿Está contraindicado Manitol en: Anuria?	Sí — Anuria	Farmacoterapia::Nefrología, diuréticos e hidroelectrolítico
¿Está contraindicado Manitol en: Insuficiencia cardiaca congestiva o edema pulmonar?	Sí — Insuficiencia cardiaca congestiva o edema pulmonar	Farmacoterapia::Nefrología, diuréticos e hidroelectrolítico
¿Está contraindicado Manitol en: Deshidratación grave?	Sí — Deshidratación grave	Farmacoterapia::Nefrología, diuréticos e hidroelectrolítico
¿Está contraindicado Manitol en: Hemorragia intracraneal activa?	Sí — Hemorragia intracraneal activa (relativa)	Farmacoterapia::Nefrología, diuréticos e hidroelectrolítico
Particularidad de Manitol que hay que tener en cuenta:	Alternativa en la hipertensión intracraneal: salino hipertónico, que no produce diuresis ni hipovolemia.	Farmacoterapia::Nefrología, diuréticos e hidroelectrolítico
¿A qué clase farmacológica pertenece Urea oral?	Diurético osmótico y de otros mecanismos (Agente osmótico oral para el SIADH)	Farmacoterapia::Nefrología, diuréticos e hidroelectrolítico
¿Cuál es el mecanismo de acción de Urea oral?	Aporta una carga de solutos que, al excretarse, arrastra agua libre (diuresis osmótica) y reduce la natriuresis.	Farmacoterapia::Nefrología, diuréticos e hidroelectrolítico
¿Qué distingue a Urea oral de los demás fármacos de su clase (Diurético osmótico y de otros mecanismos)?	<b>Diurético osmótico ORAL</b>: aumenta la excreción de agua libre; <b>tratamiento eficaz, barato y seguro del SIADH crónico</b>.	Farmacoterapia::Nefrología, diuréticos e hidroelectrolítico
¿Cuál es la dosis de Urea oral en Hiponatremia euvolémica por SIADH?	15-30 g — Cada 24 h (repartida en 1-2 tomas), vía VO	Farmacoterapia::Nefrología, diuréticos e hidroelectrolítico
¿Cuánto dura el tratamiento con Urea oral?	Mientras persista el SIADH.	Farmacoterapia::Nefrología, diuréticos e hidroelectrolítico
¿Cómo se suspende Urea oral?	Suspender al resolverse la causa.	Farmacoterapia::Nefrología, diuréticos e hidroelectrolítico
¿Qué hay que monitorizar durante el tratamiento con Urea oral?	Sodio a las 24-48 h y luego semanal; urea plasmática.	Farmacoterapia::Nefrología, diuréticos e hidroelectrolítico
¿Cuál es la vida media de Urea oral?	Horas.	Farmacoterapia::Nefrología, diuréticos e hidroelectrolítico
¿Requiere Urea oral ajuste en insuficiencia renal?	Evitar en ERC avanzada.	Farmacoterapia::Nefrología, diuréticos e hidroelectrolítico
Efecto adverso grave de Urea oral: Hipernatremia con dosis excesivas — ¿en qué consiste?	Hipernatremia con dosis excesivas	Farmacoterapia::Nefrología, diuréticos e hidroelectrolítico
¿Está contraindicado Urea oral en: ERC avanzada?	Sí — ERC avanzada	Farmacoterapia::Nefrología, diuréticos e hidroelectrolítico
¿Está contraindicado Urea oral en: Cirrosis descompensada?	Sí — Cirrosis descompensada	Farmacoterapia::Nefrología, diuréticos e hidroelectrolítico
¿Está contraindicado Urea oral en: Hiponatremia hipovolémica?	Sí — Hiponatremia hipovolémica	Farmacoterapia::Nefrología, diuréticos e hidroelectrolítico
Particularidad de Urea oral que hay que tener en cuenta:	La restricción hídrica sola suele fracasar si la osmolalidad urinaria es >500 mOsm/kg: ahí, urea.	Farmacoterapia::Nefrología, diuréticos e hidroelectrolítico
¿A qué clase farmacológica pertenece Carbonato cálcico / acetato cálcico (quelantes del fósforo)?	Quelante del fósforo (Quelante cálcico)	Farmacoterapia::Nefrología, diuréticos e hidroelectrolítico
¿Cuál es el mecanismo de acción de Carbonato cálcico / acetato cálcico (quelantes del fósforo)?	El calcio se une al fosfato de la dieta en la luz intestinal formando fosfato cálcico insoluble que se elimina en las heces.	Farmacoterapia::Nefrología, diuréticos e hidroelectrolítico
¿Qué distingue a Carbonato cálcico / acetato cálcico (quelantes del fósforo) de los demás fármacos de su clase (Quelante del fósforo)?	<b>El quelante MÁS BARATO</b>; el acetato capta más fósforo por mg de calcio que el carbonato.	Farmacoterapia::Nefrología, diuréticos e hidroelectrolítico
¿Cuál es la dosis de Carbonato cálcico / acetato cálcico (quelantes del fósforo) en Hiperfosfatemia de la enfermedad renal crónica?	500-1.000 mg (carbonato) o 667-1.334 mg (acetato) — Con cada comida, vía VO	Farmacoterapia::Nefrología, diuréticos e hidroelectrolítico
¿Cuánto dura el tratamiento con Carbonato cálcico / acetato cálcico (quelantes del fósforo)?	Indefinida.	Farmacoterapia::Nefrología, diuréticos e hidroelectrolítico
¿Cómo se suspende Carbonato cálcico / acetato cálcico (quelantes del fósforo)?	Cambiar a sevelámero si hipercalcemia.	Farmacoterapia::Nefrología, diuréticos e hidroelectrolítico
¿Qué hay que monitorizar durante el tratamiento con Carbonato cálcico / acetato cálcico (quelantes del fósforo)?	Calcio, fósforo y PTH cada 1-3 meses.	Farmacoterapia::Nefrología, diuréticos e hidroelectrolítico
¿Cuál es la vida media de Carbonato cálcico / acetato cálcico (quelantes del fósforo)?	No relevante.	Farmacoterapia::Nefrología, diuréticos e hidroelectrolítico
¿Requiere Carbonato cálcico / acetato cálcico (quelantes del fósforo) ajuste en insuficiencia renal?	Uso específico en ERC; vigilar calcemia.	Farmacoterapia::Nefrología, diuréticos e hidroelectrolítico
Efecto adverso grave de Carbonato cálcico / acetato cálcico (quelantes del fósforo): Hipercalcemia — ¿en qué consiste?	Hipercalcemia	Farmacoterapia::Nefrología, diuréticos e hidroelectrolítico
Efecto adverso grave de Carbonato cálcico / acetato cálcico (quelantes del fósforo): Calcificación vascular y de partes blandas — ¿en qué consiste?	Calcificación vascular y de partes blandas	Farmacoterapia::Nefrología, diuréticos e hidroelectrolítico
¿Está contraindicado Carbonato cálcico / acetato cálcico (quelantes del fósforo) en: Hipercalcemia?	Sí — Hipercalcemia	Farmacoterapia::Nefrología, diuréticos e hidroelectrolítico
¿Está contraindicado Carbonato cálcico / acetato cálcico (quelantes del fósforo) en: Calcificación vascular extensa o calcifilaxis?	Sí — Calcificación vascular extensa o calcifilaxis	Farmacoterapia::Nefrología, diuréticos e hidroelectrolítico
Particularidad de Carbonato cálcico / acetato cálcico (quelantes del fósforo) que hay que tener en cuenta:	En diálisis con calcificaciones vasculares, preferir quelantes sin calcio.	Farmacoterapia::Nefrología, diuréticos e hidroelectrolítico
¿A qué clase farmacológica pertenece Sevelámero?	Quelante del fósforo (Resina no cálcica ni metálica)	Farmacoterapia::Nefrología, diuréticos e hidroelectrolítico
¿Cuál es el mecanismo de acción de Sevelámero?	Polímero catiónico que une fosfato (y ácidos biliares) en la luz intestinal.	Farmacoterapia::Nefrología, diuréticos e hidroelectrolítico
¿Qué distingue a Sevelámero de los demás fármacos de su clase (Quelante del fósforo)?	<b>SIN CALCIO ni metales</b>: no produce hipercalcemia ni se acumula; preferible con calcificación vascular o hipercalcemia.	Farmacoterapia::Nefrología, diuréticos e hidroelectrolítico
¿Cuál es la dosis de Sevelámero en Hiperfosfatemia en ERC/diálisis?	800-1.600 mg — Con cada comida, vía VO	Farmacoterapia::Nefrología, diuréticos e hidroelectrolítico
¿Cuánto dura el tratamiento con Sevelámero?	Indefinida.	Farmacoterapia::Nefrología, diuréticos e hidroelectrolítico
¿Cómo se suspende Sevelámero?	—	Farmacoterapia::Nefrología, diuréticos e hidroelectrolítico
¿Qué hay que monitorizar durante el tratamiento con Sevelámero?	Fósforo, calcio, PTH, bicarbonato.	Farmacoterapia::Nefrología, diuréticos e hidroelectrolítico
¿Cuál es la vida media de Sevelámero?	No relevante.	Farmacoterapia::Nefrología, diuréticos e hidroelectrolítico
¿Requiere Sevelámero ajuste en insuficiencia renal?	No precisa.	Farmacoterapia::Nefrología, diuréticos e hidroelectrolítico
Efecto adverso grave de Sevelámero: Obstrucción o perforación intestinal — ¿en qué consiste?	Obstrucción o perforación intestinal (raras)	Farmacoterapia::Nefrología, diuréticos e hidroelectrolítico
¿Está contraindicado Sevelámero en: Hipofosfatemia?	Sí — Hipofosfatemia	Farmacoterapia::Nefrología, diuréticos e hidroelectrolítico
¿Está contraindicado Sevelámero en: Obstrucción intestinal?	Sí — Obstrucción intestinal	Farmacoterapia::Nefrología, diuréticos e hidroelectrolítico
Particularidad de Sevelámero que hay que tener en cuenta:	Quelante de elección si hay calcificaciones vasculares o calcio alto.	Farmacoterapia::Nefrología, diuréticos e hidroelectrolítico
¿A qué clase farmacológica pertenece Carbonato de lantano?	Quelante del fósforo (Quelante metálico (lantano))	Farmacoterapia::Nefrología, diuréticos e hidroelectrolítico
¿Cuál es el mecanismo de acción de Carbonato de lantano?	El ion lantano forma fosfato de lantano insoluble en la luz intestinal.	Farmacoterapia::Nefrología, diuréticos e hidroelectrolítico
¿Qué distingue a Carbonato de lantano de los demás fármacos de su clase (Quelante del fósforo)?	<b>El quelante más potente por pastilla</b>: menos comprimidos (masticables).	Farmacoterapia::Nefrología, diuréticos e hidroelectrolítico
¿Cuál es la dosis de Carbonato de lantano en Hiperfosfatemia en ERC/diálisis?	500-1.000 mg — Con cada comida (masticado), vía VO	Farmacoterapia::Nefrología, diuréticos e hidroelectrolítico
¿Cuánto dura el tratamiento con Carbonato de lantano?	Indefinida.	Farmacoterapia::Nefrología, diuréticos e hidroelectrolítico
¿Cómo se suspende Carbonato de lantano?	—	Farmacoterapia::Nefrología, diuréticos e hidroelectrolítico
¿Qué hay que monitorizar durante el tratamiento con Carbonato de lantano?	Fósforo, calcio.	Farmacoterapia::Nefrología, diuréticos e hidroelectrolítico
¿Cuál es la vida media de Carbonato de lantano?	53 h (plasma).	Farmacoterapia::Nefrología, diuréticos e hidroelectrolítico
¿Requiere Carbonato de lantano ajuste en insuficiencia renal?	No precisa.	Farmacoterapia::Nefrología, diuréticos e hidroelectrolítico
Efecto adverso grave de Carbonato de lantano: Obstrucción intestinal — ¿en qué consiste?	Obstrucción intestinal (si no se mastica)	Farmacoterapia::Nefrología, diuréticos e hidroelectrolítico
¿Está contraindicado Carbonato de lantano en: Hipofosfatemia?	Sí — Hipofosfatemia	Farmacoterapia::Nefrología, diuréticos e hidroelectrolítico
¿Está contraindicado Carbonato de lantano en: Obstrucción intestinal?	Sí — Obstrucción intestinal	Farmacoterapia::Nefrología, diuréticos e hidroelectrolítico
Particularidad de Carbonato de lantano que hay que tener en cuenta:	Útil si la carga de pastillas compromete la adherencia.	Farmacoterapia::Nefrología, diuréticos e hidroelectrolítico
¿A qué clase farmacológica pertenece Patiromer?	Quelante del potasio (Polímero intercambiador de calcio por potasio)	Farmacoterapia::Nefrología, diuréticos e hidroelectrolítico
¿Cuál es el mecanismo de acción de Patiromer?	Polímero no absorbible que capta potasio en el colon a cambio de calcio.	Farmacoterapia::Nefrología, diuréticos e hidroelectrolítico
¿Qué distingue a Patiromer de los demás fármacos de su clase (Quelante del potasio)?	<b>Inicio LENTO (7 h)</b>: para la hiperpotasemia CRÓNICA, no para la urgencia.	Farmacoterapia::Nefrología, diuréticos e hidroelectrolítico
¿Cuál es la dosis de Patiromer en Hiperpotasemia crónica (para mantener bloqueantes del SRAA)?	8,4 g (hasta 25,2 g) — Cada 24 h, vía VO	Farmacoterapia::Nefrología, diuréticos e hidroelectrolítico
¿Cuánto dura el tratamiento con Patiromer?	Indefinida.	Farmacoterapia::Nefrología, diuréticos e hidroelectrolítico
¿Cómo se suspende Patiromer?	—	Farmacoterapia::Nefrología, diuréticos e hidroelectrolítico
¿Qué hay que monitorizar durante el tratamiento con Patiromer?	Potasio y magnesio.	Farmacoterapia::Nefrología, diuréticos e hidroelectrolítico
¿Cuál es la vida media de Patiromer?	No relevante (inicio 7 h).	Farmacoterapia::Nefrología, diuréticos e hidroelectrolítico
¿Requiere Patiromer ajuste en insuficiencia renal?	No precisa.	Farmacoterapia::Nefrología, diuréticos e hidroelectrolítico
Efecto adverso grave de Patiromer: Hipopotasemia por exceso — ¿en qué consiste?	Hipopotasemia por exceso	Farmacoterapia::Nefrología, diuréticos e hidroelectrolítico
¿Está contraindicado Patiromer en: Hipersensibilidad?	Sí — Hipersensibilidad	Farmacoterapia::Nefrología, diuréticos e hidroelectrolítico
¿Está contraindicado Patiromer en: Obstrucción intestinal?	Sí — Obstrucción intestinal	Farmacoterapia::Nefrología, diuréticos e hidroelectrolítico
Particularidad de Patiromer que hay que tener en cuenta:	No sirve para la hiperpotasemia aguda con cambios ECG.	Farmacoterapia::Nefrología, diuréticos e hidroelectrolítico
¿A qué clase farmacológica pertenece Ciclosilicato de sodio y circonio?	Quelante del potasio (Intercambiador inorgánico selectivo de potasio)	Farmacoterapia::Nefrología, diuréticos e hidroelectrolítico
¿Cuál es el mecanismo de acción de Ciclosilicato de sodio y circonio?	Cristal inorgánico que atrapa potasio (y amonio) a lo largo del tubo digestivo a cambio de sodio e hidrógeno.	Farmacoterapia::Nefrología, diuréticos e hidroelectrolítico
¿Qué distingue a Ciclosilicato de sodio y circonio de los demás fármacos de su clase (Quelante del potasio)?	<b>El quelante de INICIO MÁS RÁPIDO (1 h)</b>: útil también en la fase aguda, como tercer escalón.	Farmacoterapia::Nefrología, diuréticos e hidroelectrolítico
¿Cuál es la dosis de Ciclosilicato de sodio y circonio en Hiperpotasemia aguda (corrección)?	10 g — Cada 8 h, vía VO	Farmacoterapia::Nefrología, diuréticos e hidroelectrolítico
¿Cuál es la dosis de Ciclosilicato de sodio y circonio en Hiperpotasemia crónica (mantenimiento)?	5-10 g — Cada 24 h, vía VO	Farmacoterapia::Nefrología, diuréticos e hidroelectrolítico
¿Cuánto dura el tratamiento con Ciclosilicato de sodio y circonio?	Corrección 48 h; mantenimiento indefinido.	Farmacoterapia::Nefrología, diuréticos e hidroelectrolítico
¿Cómo se suspende Ciclosilicato de sodio y circonio?	—	Farmacoterapia::Nefrología, diuréticos e hidroelectrolítico
¿Qué hay que monitorizar durante el tratamiento con Ciclosilicato de sodio y circonio?	Potasio, edemas, peso.	Farmacoterapia::Nefrología, diuréticos e hidroelectrolítico
¿Cuál es la vida media de Ciclosilicato de sodio y circonio?	No relevante (inicio 1 h).	Farmacoterapia::Nefrología, diuréticos e hidroelectrolítico
¿Requiere Ciclosilicato de sodio y circonio ajuste en insuficiencia renal?	No precisa.	Farmacoterapia::Nefrología, diuréticos e hidroelectrolítico
Efecto adverso grave de Ciclosilicato de sodio y circonio: Insuficiencia cardiaca por sobrecarga de sodio — ¿en qué consiste?	Insuficiencia cardiaca por sobrecarga de sodio	Farmacoterapia::Nefrología, diuréticos e hidroelectrolítico
¿Está contraindicado Ciclosilicato de sodio y circonio en: Hipersensibilidad?	Sí — Hipersensibilidad	Farmacoterapia::Nefrología, diuréticos e hidroelectrolítico
Particularidad de Ciclosilicato de sodio y circonio que hay que tener en cuenta:	En la hiperpotasemia aguda complementa (no sustituye) al calcio, la insulina y el salbutamol.	Farmacoterapia::Nefrología, diuréticos e hidroelectrolítico
¿A qué clase farmacológica pertenece Poliestireno sulfonato (cálcico o sódico)?	Quelante del potasio (Resina clásica de intercambio catiónico)	Farmacoterapia::Nefrología, diuréticos e hidroelectrolítico
¿Cuál es el mecanismo de acción de Poliestireno sulfonato (cálcico o sódico)?	Resina que intercambia sodio o calcio por potasio en el colon.	Farmacoterapia::Nefrología, diuréticos e hidroelectrolítico
¿Qué distingue a Poliestireno sulfonato (cálcico o sódico) de los demás fármacos de su clase (Quelante del potasio)?	<b>La resina CLÁSICA y barata</b>, de inicio lento y efecto <b>poco predecible</b>.	Farmacoterapia::Nefrología, diuréticos e hidroelectrolítico
¿Cuál es la dosis de Poliestireno sulfonato (cálcico o sódico) en Hiperpotasemia leve-moderada sin urgencia?	15 g — Cada 6-8 h, vía VO	Farmacoterapia::Nefrología, diuréticos e hidroelectrolítico
¿Cuánto dura el tratamiento con Poliestireno sulfonato (cálcico o sódico)?	Corta.	Farmacoterapia::Nefrología, diuréticos e hidroelectrolítico
¿Cómo se suspende Poliestireno sulfonato (cálcico o sódico)?	—	Farmacoterapia::Nefrología, diuréticos e hidroelectrolítico
¿Qué hay que monitorizar durante el tratamiento con Poliestireno sulfonato (cálcico o sódico)?	Potasio, calcio, hábito intestinal.	Farmacoterapia::Nefrología, diuréticos e hidroelectrolítico
¿Cuál es la vida media de Poliestireno sulfonato (cálcico o sódico)?	No relevante (inicio horas).	Farmacoterapia::Nefrología, diuréticos e hidroelectrolítico
¿Requiere Poliestireno sulfonato (cálcico o sódico) ajuste en insuficiencia renal?	No precisa.	Farmacoterapia::Nefrología, diuréticos e hidroelectrolítico
Interacción crítica de Poliestireno sulfonato (cálcico o sódico) con Sorbitol: ¿qué ocurre y qué se hace?	Necrosis intestinal. Manejo: No combinar	Farmacoterapia::Nefrología, diuréticos e hidroelectrolítico
Efecto adverso grave de Poliestireno sulfonato (cálcico o sódico): <b>Necrosis colónica</b> — ¿en qué consiste?	<b>Necrosis colónica</b>	Farmacoterapia::Nefrología, diuréticos e hidroelectrolítico
Efecto adverso grave de Poliestireno sulfonato (cálcico o sódico): Impactación fecal — ¿en qué consiste?	Impactación fecal	Farmacoterapia::Nefrología, diuréticos e hidroelectrolítico
Efecto adverso grave de Poliestireno sulfonato (cálcico o sódico): Hipocalcemia o sobrecarga de sodio — ¿en qué consiste?	Hipocalcemia o sobrecarga de sodio	Farmacoterapia::Nefrología, diuréticos e hidroelectrolítico
¿Está contraindicado Poliestireno sulfonato (cálcico o sódico) en: Íleo u obstrucción intestinal?	Sí — Íleo u obstrucción intestinal	Farmacoterapia::Nefrología, diuréticos e hidroelectrolítico
¿Está contraindicado Poliestireno sulfonato (cálcico o sódico) en: Posoperatorio abdominal reciente?	Sí — Posoperatorio abdominal reciente	Farmacoterapia::Nefrología, diuréticos e hidroelectrolítico
¿Está contraindicado Poliestireno sulfonato (cálcico o sódico) en: Neonatos?	Sí — Neonatos (VO)	Farmacoterapia::Nefrología, diuréticos e hidroelectrolítico
Particularidad de Poliestireno sulfonato (cálcico o sódico) que hay que tener en cuenta:	Hoy desplazado por patiromer y ciclosilicato cuando están disponibles.	Farmacoterapia::Nefrología, diuréticos e hidroelectrolítico
¿A qué clase farmacológica pertenece Suero salino 0,9%?	Fluidoterapia y electrolitos intravenosos (Cristaloide isotónico no balanceado)	Farmacoterapia::Nefrología, diuréticos e hidroelectrolítico
¿Cuál es el mecanismo de acción de Suero salino 0,9%?	Expande el compartimento extracelular (un 25% queda en el espacio intravascular).	Farmacoterapia::Nefrología, diuréticos e hidroelectrolítico
¿Qué distingue a Suero salino 0,9% de los demás fármacos de su clase (Fluidoterapia y electrolitos intravenosos)?	<b>154 mEq/L de sodio y de CLORO</b> (más cloro que el plasma): en grandes volúmenes produce <b>acidosis metabólica HIPERCLORÉMICA</b>.	Farmacoterapia::Nefrología, diuréticos e hidroelectrolítico
¿Cuál es la dosis de Suero salino 0,9% en Reanimación de la hipovolemia y del shock?	500-1.000 mL (30 mL/kg en sepsis) — Bolos de 15-30 min, reevaluando, vía IV	Farmacoterapia::Nefrología, diuréticos e hidroelectrolítico
¿Cuál es la dosis de Suero salino 0,9% en Hipercalcemia grave?	200-300 mL/h — Perfusión continua, vía IV	Farmacoterapia::Nefrología, diuréticos e hidroelectrolítico
¿Cuánto dura el tratamiento con Suero salino 0,9%?	Lo necesario.	Farmacoterapia::Nefrología, diuréticos e hidroelectrolítico
¿Cómo se suspende Suero salino 0,9%?	Pasar a VO en cuanto se pueda.	Farmacoterapia::Nefrología, diuréticos e hidroelectrolítico
¿Qué hay que monitorizar durante el tratamiento con Suero salino 0,9%?	Balance, electrolitos, cloro, gasometría, signos de sobrecarga.	Farmacoterapia::Nefrología, diuréticos e hidroelectrolítico
¿Cuál es la vida media de Suero salino 0,9%?	No aplica.	Farmacoterapia::Nefrología, diuréticos e hidroelectrolítico
¿Requiere Suero salino 0,9% ajuste en insuficiencia renal?	Volumen según diuresis.	Farmacoterapia::Nefrología, diuréticos e hidroelectrolítico
Efecto adverso grave de Suero salino 0,9%: <b>Acidosis hiperclorémica</b> — ¿en qué consiste?	<b>Acidosis hiperclorémica</b>	Farmacoterapia::Nefrología, diuréticos e hidroelectrolítico
Efecto adverso grave de Suero salino 0,9%: Edema pulmonar — ¿en qué consiste?	Edema pulmonar	Farmacoterapia::Nefrología, diuréticos e hidroelectrolítico
Efecto adverso grave de Suero salino 0,9%: Fracaso renal — ¿en qué consiste?	Fracaso renal (asociación con cloro alto)	Farmacoterapia::Nefrología, diuréticos e hidroelectrolítico
¿Está contraindicado Suero salino 0,9% en: Sobrecarga de volumen?	Sí — Sobrecarga de volumen	Farmacoterapia::Nefrología, diuréticos e hidroelectrolítico
¿Está contraindicado Suero salino 0,9% en: Hipernatremia?	Sí — Hipernatremia	Farmacoterapia::Nefrología, diuréticos e hidroelectrolítico
Particularidad de Suero salino 0,9% que hay que tener en cuenta:	Hiponatremia por SIADH: el salino 0,9% puede EMPEORARLA (se excreta el sodio y se retiene el agua).	Farmacoterapia::Nefrología, diuréticos e hidroelectrolítico
¿A qué clase farmacológica pertenece Ringer lactato (y otros cristaloides balanceados)?	Fluidoterapia y electrolitos intravenosos (Cristaloide balanceado)	Farmacoterapia::Nefrología, diuréticos e hidroelectrolítico
¿Cuál es el mecanismo de acción de Ringer lactato (y otros cristaloides balanceados)?	Expansión extracelular; el lactato se metaboliza a bicarbonato en el hígado.	Farmacoterapia::Nefrología, diuréticos e hidroelectrolítico
¿Qué distingue a Ringer lactato (y otros cristaloides balanceados) de los demás fármacos de su clase (Fluidoterapia y electrolitos intravenosos)?	<b>Composición parecida al plasma</b>: menos acidosis hiperclorémica y <b>menos fracaso renal</b> que el salino en reanimaciones amplias (SMART).	Farmacoterapia::Nefrología, diuréticos e hidroelectrolítico
¿Cuál es la dosis de Ringer lactato (y otros cristaloides balanceados) en Reanimación en sepsis, quemados, cirugía y cetoacidosis?	500-1.000 mL (30 mL/kg en sepsis) — Bolos de 15-30 min reevaluando, vía IV	Farmacoterapia::Nefrología, diuréticos e hidroelectrolítico
¿Cuál es la dosis de Ringer lactato (y otros cristaloides balanceados) en Pancreatitis aguda (hidratación)?	1,5 mL/kg/h (bolo de 10 mL/kg si hipovolemia) — Perfusión continua, vía IV	Farmacoterapia::Nefrología, diuréticos e hidroelectrolítico
¿Cuánto dura el tratamiento con Ringer lactato (y otros cristaloides balanceados)?	Lo necesario.	Farmacoterapia::Nefrología, diuréticos e hidroelectrolítico
¿Cómo se suspende Ringer lactato (y otros cristaloides balanceados)?	Pasar a VO.	Farmacoterapia::Nefrología, diuréticos e hidroelectrolítico
¿Qué hay que monitorizar durante el tratamiento con Ringer lactato (y otros cristaloides balanceados)?	Balance, electrolitos, sobrecarga.	Farmacoterapia::Nefrología, diuréticos e hidroelectrolítico
¿Cuál es la vida media de Ringer lactato (y otros cristaloides balanceados)?	No aplica.	Farmacoterapia::Nefrología, diuréticos e hidroelectrolítico
¿Requiere Ringer lactato (y otros cristaloides balanceados) ajuste en insuficiencia renal?	Volumen según diuresis.	Farmacoterapia::Nefrología, diuréticos e hidroelectrolítico
Efecto adverso grave de Ringer lactato (y otros cristaloides balanceados): Edema pulmonar — ¿en qué consiste?	Edema pulmonar	Farmacoterapia::Nefrología, diuréticos e hidroelectrolítico
Efecto adverso grave de Ringer lactato (y otros cristaloides balanceados): Hiponatremia relativa en TCE — ¿en qué consiste?	Hiponatremia relativa en TCE	Farmacoterapia::Nefrología, diuréticos e hidroelectrolítico
¿Está contraindicado Ringer lactato (y otros cristaloides balanceados) en: Traumatismo craneoencefálico grave?	Sí — Traumatismo craneoencefálico grave (preferir salino 0,9%)	Farmacoterapia::Nefrología, diuréticos e hidroelectrolítico
¿Está contraindicado Ringer lactato (y otros cristaloides balanceados) en: Sobrecarga de volumen?	Sí — Sobrecarga de volumen	Farmacoterapia::Nefrología, diuréticos e hidroelectrolítico
Particularidad de Ringer lactato (y otros cristaloides balanceados) que hay que tener en cuenta:	El lactato del Ringer no eleva de forma relevante el lactato sérico ni impide valorarlo en la sepsis.	Farmacoterapia::Nefrología, diuréticos e hidroelectrolítico
¿A qué clase farmacológica pertenece Suero glucosado (5%, 10%, 50%)?	Fluidoterapia y electrolitos intravenosos (Solución de glucosa (agua libre y aporte calórico))	Farmacoterapia::Nefrología, diuréticos e hidroelectrolítico
¿Cuál es el mecanismo de acción de Suero glucosado (5%, 10%, 50%)?	Aporta glucosa (energía) y agua que se distribuye por todos los compartimentos.	Farmacoterapia::Nefrología, diuréticos e hidroelectrolítico
¿Qué distingue a Suero glucosado (5%, 10%, 50%) de los demás fármacos de su clase (Fluidoterapia y electrolitos intravenosos)?	<b>El glucosado al 5% es AGUA LIBRE</b> (la glucosa se metaboliza): <b>no expande el intravascular</b>; sirve para reponer agua en la hipernatremia, no para el shock.	Farmacoterapia::Nefrología, diuréticos e hidroelectrolítico
¿Cuál es la dosis de Suero glucosado (5%, 10%, 50%) en Hipoglucemia grave?	25 g (50 mL al 50% o 250 mL al 10%) — Bolo; repetir según glucemia, vía IV	Farmacoterapia::Nefrología, diuréticos e hidroelectrolítico
¿Cuál es la dosis de Suero glucosado (5%, 10%, 50%) en Hipernatremia (reposición de agua libre)?	Según déficit de agua libre — Perfusión continua, vía IV	Farmacoterapia::Nefrología, diuréticos e hidroelectrolítico
¿A qué objetivo se ajusta la dosis de Suero glucosado (5%, 10%, 50%) en Hipernatremia (reposición de agua libre)?	Descenso del sodio ≤10-12 mEq/L en 24 h	Farmacoterapia::Nefrología, diuréticos e hidroelectrolítico
¿Cuál es la dosis de Suero glucosado (5%, 10%, 50%) en Hiperpotasemia (junto a insulina)?	25-50 g — Con 10 UI de insulina rápida, vía IV	Farmacoterapia::Nefrología, diuréticos e hidroelectrolítico
¿Cuánto dura el tratamiento con Suero glucosado (5%, 10%, 50%)?	Lo necesario.	Farmacoterapia::Nefrología, diuréticos e hidroelectrolítico
¿Cómo se suspende Suero glucosado (5%, 10%, 50%)?	—	Farmacoterapia::Nefrología, diuréticos e hidroelectrolítico
¿Qué hay que monitorizar durante el tratamiento con Suero glucosado (5%, 10%, 50%)?	Glucemia, sodio.	Farmacoterapia::Nefrología, diuréticos e hidroelectrolítico
¿Cuál es la vida media de Suero glucosado (5%, 10%, 50%)?	No aplica.	Farmacoterapia::Nefrología, diuréticos e hidroelectrolítico
¿Requiere Suero glucosado (5%, 10%, 50%) ajuste en insuficiencia renal?	—	Farmacoterapia::Nefrología, diuréticos e hidroelectrolítico
Interacción crítica de Suero glucosado (5%, 10%, 50%) con Tiamina (alcohólicos): ¿qué ocurre y qué se hace?	La glucosa sin tiamina precipita Wernicke. Manejo: Tiamina antes	Farmacoterapia::Nefrología, diuréticos e hidroelectrolítico
Efecto adverso grave de Suero glucosado (5%, 10%, 50%): <b>Hiponatremia</b> — ¿en qué consiste?	<b>Hiponatremia</b> (edema cerebral)	Farmacoterapia::Nefrología, diuréticos e hidroelectrolítico
Efecto adverso grave de Suero glucosado (5%, 10%, 50%): Encefalopatía de Wernicke en desnutridos — ¿en qué consiste?	Encefalopatía de Wernicke en desnutridos	Farmacoterapia::Nefrología, diuréticos e hidroelectrolítico
¿Está contraindicado Suero glucosado (5%, 10%, 50%) en: Hiperglucemia no controlada?	Sí — Hiperglucemia no controlada	Farmacoterapia::Nefrología, diuréticos e hidroelectrolítico
¿Está contraindicado Suero glucosado (5%, 10%, 50%) en: TCE e ictus?	Sí — TCE e ictus (salvo hipoglucemia)	Farmacoterapia::Nefrología, diuréticos e hidroelectrolítico
¿Está contraindicado Suero glucosado (5%, 10%, 50%) en: Hiponatremia?	Sí — Hiponatremia	Farmacoterapia::Nefrología, diuréticos e hidroelectrolítico
Particularidad de Suero glucosado (5%, 10%, 50%) que hay que tener en cuenta:	Nunca usar glucosado al 5% para reanimar a un paciente hipotenso.	Farmacoterapia::Nefrología, diuréticos e hidroelectrolítico
¿A qué clase farmacológica pertenece Cloruro potásico?	Fluidoterapia y electrolitos intravenosos (Reposición de potasio)	Farmacoterapia::Nefrología, diuréticos e hidroelectrolítico
¿Cuál es el mecanismo de acción de Cloruro potásico?	Repone el potasio corporal; el cloro corrige la alcalosis metabólica asociada.	Farmacoterapia::Nefrología, diuréticos e hidroelectrolítico
¿Qué distingue a Cloruro potásico de los demás fármacos de su clase (Fluidoterapia y electrolitos intravenosos)?	<b>NUNCA en bolo IV ni sin diluir</b>: parada cardiaca. Máximo 10-20 mEq/h por vía periférica (hasta 40 mEq/h por vía central con monitorización).	Farmacoterapia::Nefrología, diuréticos e hidroelectrolítico
¿Cuál es la dosis de Cloruro potásico en Hipopotasemia leve-moderada (K 2,5-3,5)?	40-80 mEq/día — Repartidos cada 8-12 h, vía VO	Farmacoterapia::Nefrología, diuréticos e hidroelectrolítico
¿Cuál es la dosis de Cloruro potásico en Hipopotasemia grave (K <2,5) o sintomática?	10-20 mEq/h (máx. 40 mEq por litro periférico) — Perfusión diluida, vía IV	Farmacoterapia::Nefrología, diuréticos e hidroelectrolítico
¿Cuál es la dosis de Cloruro potásico en Cetoacidosis diabética?	20-30 mEq por litro de suero — Añadido a los sueros, vía IV	Farmacoterapia::Nefrología, diuréticos e hidroelectrolítico
¿A qué objetivo se ajusta la dosis de Cloruro potásico en Cetoacidosis diabética?	K 4-5 mmol/L	Farmacoterapia::Nefrología, diuréticos e hidroelectrolítico
¿Cuánto dura el tratamiento con Cloruro potásico?	Hasta normalizar y mientras persista la causa.	Farmacoterapia::Nefrología, diuréticos e hidroelectrolítico
¿Cómo se suspende Cloruro potásico?	—	Farmacoterapia::Nefrología, diuréticos e hidroelectrolítico
¿Qué hay que monitorizar durante el tratamiento con Cloruro potásico?	Potasio seriado, ECG, magnesio.	Farmacoterapia::Nefrología, diuréticos e hidroelectrolítico
¿Cuál es la vida media de Cloruro potásico?	No aplica.	Farmacoterapia::Nefrología, diuréticos e hidroelectrolítico
¿Requiere Cloruro potásico ajuste en insuficiencia renal?	<b>Dosis menores y control estrecho en ERC.</b>	Farmacoterapia::Nefrología, diuréticos e hidroelectrolítico
Interacción crítica de Cloruro potásico con IECA, ARA-II, ARM, amilorida, trimetoprim: ¿qué ocurre y qué se hace?	Hiperpotasemia. Manejo: Control de K	Farmacoterapia::Nefrología, diuréticos e hidroelectrolítico
Efecto adverso grave de Cloruro potásico: <b>Hiperpotasemia y parada cardiaca</b> — ¿en qué consiste?	<b>Hiperpotasemia y parada cardiaca</b> (administración rápida)	Farmacoterapia::Nefrología, diuréticos e hidroelectrolítico
Efecto adverso grave de Cloruro potásico: Úlcera esofágica o intestinal — ¿en qué consiste?	Úlcera esofágica o intestinal (comprimidos)	Farmacoterapia::Nefrología, diuréticos e hidroelectrolítico
¿Está contraindicado Cloruro potásico en: Hiperpotasemia?	Sí — Hiperpotasemia	Farmacoterapia::Nefrología, diuréticos e hidroelectrolítico
¿Está contraindicado Cloruro potásico en: Fracaso renal oligúrico?	Sí — Fracaso renal oligúrico	Farmacoterapia::Nefrología, diuréticos e hidroelectrolítico
Particularidad de Cloruro potásico que hay que tener en cuenta:	Hipopotasemia que no se corrige: medir y reponer el magnesio.	Farmacoterapia::Nefrología, diuréticos e hidroelectrolítico
¿A qué clase farmacológica pertenece Cristaloides intravenosos (salino 0,9%, Ringer lactato, glucosalino)?	Visión de clase: cristaloides intravenosos (Soluciones cristaloides isotónicas y hipotónicas)	Farmacoterapia::Nefrología, diuréticos e hidroelectrolítico
¿Cuál es el mecanismo de acción de Cristaloides intravenosos (salino 0,9%, Ringer lactato, glucosalino)?	Expanden el volumen circulante según su composición y su tonicidad. El SALINO 0,9% y el RINGER LACTATO son ISOTÓNICOS y permanecen en el espacio EXTRACELULAR, del que aproximadamente un cuarto queda en el intravascular: por eso sirven para reponer volemia. El GLUCOSALINO y el suero glucosado son funcionalmente HIPOTÓNICOS una vez metabolizada la glucosa, se distribuyen por el agua corporal total y apenas expanden la volemia: sirven para aportar agua libre, no para resucitar. El salino 0,9% contiene 154 mEq/L de cloro (frente a los 100 del plasma) y su exceso produce ACIDOSIS METABÓLICA HIPERCLORÉMICA con vasoconstricción renal; el Ringer lactato tiene una composición más próxima al plasma y su lactato se metaboliza a bicarbonato.	Farmacoterapia::Nefrología, diuréticos e hidroelectrolítico
¿Cuál es la dosis de Cristaloides intravenosos (salino 0,9%, Ringer lactato, glucosalino) en Resucitación del shock hipovolémico, séptico o hemorrágico?	Bolos de 250-500 mL de cristaloide balanceado, reevaluando tras cada bolo — Bolos repetidos guiados por la respuesta, vía IV	Farmacoterapia::Nefrología, diuréticos e hidroelectrolítico
¿A qué objetivo se ajusta la dosis de Cristaloides intravenosos (salino 0,9%, Ringer lactato, glucosalino) en Resucitación del shock hipovolémico, séptico o hemorrágico?	Perfusión adecuada: diuresis mayor de 0,5 mL/kg/h, descenso del lactato, relleno capilar y tensión arterial media aceptable	Farmacoterapia::Nefrología, diuréticos e hidroelectrolítico
¿Cuál es la dosis de Cristaloides intravenosos (salino 0,9%, Ringer lactato, glucosalino) en Mantenimiento del paciente en dieta absoluta?	25-30 mL/kg/día de agua, con 1 mmol/kg/día de sodio, potasio y cloro y 50-100 g/día de glucosa — Perfusión continua, vía IV	Farmacoterapia::Nefrología, diuréticos e hidroelectrolítico
¿Cuál es la dosis de Cristaloides intravenosos (salino 0,9%, Ringer lactato, glucosalino) en Deshidratación e hipovolemia por pérdidas digestivas o renales?	Reposición del déficit estimado más las pérdidas mantenidas — Perfusión continua ajustada, vía IV	Farmacoterapia::Nefrología, diuréticos e hidroelectrolítico
¿A qué objetivo se ajusta la dosis de Cristaloides intravenosos (salino 0,9%, Ringer lactato, glucosalino) en Deshidratación e hipovolemia por pérdidas digestivas o renales?	Normalización de la diuresis, la tensión, la frecuencia cardiaca y el sodio, con corrección del sodio no superior a 8-10 mEq/L en 24 h	Farmacoterapia::Nefrología, diuréticos e hidroelectrolítico
¿Cuál es la dosis de Cristaloides intravenosos (salino 0,9%, Ringer lactato, glucosalino) en Cetoacidosis diabética?	Salino 0,9%: 15-20 mL/kg en la primera hora, después ajustado — Perfusión continua, vía IV	Farmacoterapia::Nefrología, diuréticos e hidroelectrolítico
¿Cuál es la dosis de Cristaloides intravenosos (salino 0,9%, Ringer lactato, glucosalino) en Prevención de la nefropatía por contraste?	1-1,5 mL/kg/h de salino 0,9% durante 6-12 h antes y después — Perfusión continua, vía IV	Farmacoterapia::Nefrología, diuréticos e hidroelectrolítico
¿Cuánto dura el tratamiento con Cristaloides intravenosos (salino 0,9%, Ringer lactato, glucosalino)?	El menor tiempo posible: en cuanto el paciente tolere la vía oral, se retira. La sueroterapia prolongada por inercia es una fuente habitual de sobrecarga e hiponatremia.	Farmacoterapia::Nefrología, diuréticos e hidroelectrolítico
¿Cómo se suspende Cristaloides intravenosos (salino 0,9%, Ringer lactato, glucosalino)?	Retirada en cuanto se restablezca la ingesta oral. Revisar a diario si sigue indicada: es una de las prescripciones que más se prolonga sin revisión.	Farmacoterapia::Nefrología, diuréticos e hidroelectrolítico
¿Qué hay que monitorizar durante el tratamiento con Cristaloides intravenosos (salino 0,9%, Ringer lactato, glucosalino)?	BALANCE HÍDRICO y PESO DIARIO (el peso es el parámetro más fiable y el menos usado), iones al menos diarios en el paciente con sueroterapia, función renal, diuresis y exploración buscando edemas o crepitantes.	Farmacoterapia::Nefrología, diuréticos e hidroelectrolítico
¿Cuál es la vida media de Cristaloides intravenosos (salino 0,9%, Ringer lactato, glucosalino)?	El efecto expansor de un cristaloide isotónico dura poco: en 30-60 minutos la mayor parte ha salido del espacio intravascular.	Farmacoterapia::Nefrología, diuréticos e hidroelectrolítico
¿Requiere Cristaloides intravenosos (salino 0,9%, Ringer lactato, glucosalino) ajuste en insuficiencia renal?	Precaución extrema con el potasio del Ringer (5 mEq/L) en la insuficiencia renal avanzada y en la hiperpotasemia; y con el volumen en el paciente oligúrico.	Farmacoterapia::Nefrología, diuréticos e hidroelectrolítico
Interacción crítica de Cristaloides intravenosos (salino 0,9%, Ringer lactato, glucosalino) con CEFTRIAXONA y el calcio del Ringer lactato: ¿qué ocurre y qué se hace?	PRECIPITACIÓN de sales insolubles con embolias pulmonares y renales mortales descritas en NEONATOS. Manejo: No administrar por la misma vía; contraindicada la combinación en el recién nacido	Farmacoterapia::Nefrología, diuréticos e hidroelectrolítico
Interacción crítica de Cristaloides intravenosos (salino 0,9%, Ringer lactato, glucosalino) con Sueros HIPOTÓNICOS en el paciente con riesgo de SIADH (postoperatorio, dolor, náuseas, fármacos): ¿qué ocurre y qué se hace?	HIPONATREMIA yatrógena, potencialmente grave y con encefalopatía. Manejo: Usar soluciones ISOTÓNICAS para el mantenimiento y controlar el sodio a diario	Farmacoterapia::Nefrología, diuréticos e hidroelectrolítico
Interacción crítica de Cristaloides intravenosos (salino 0,9%, Ringer lactato, glucosalino) con Corrección demasiado rápida de una hiponatremia crónica: ¿qué ocurre y qué se hace?	SÍNDROME DE DESMIELINIZACIÓN OSMÓTICA, irreversible y devastador. Manejo: No superar 8-10 mEq/L de corrección de sodio en 24 h; en el paciente de riesgo, aún menos	Farmacoterapia::Nefrología, diuréticos e hidroelectrolítico
Efecto adverso grave de Cristaloides intravenosos (salino 0,9%, Ringer lactato, glucosalino): EDEMA AGUDO DE PULMÓN por sobrecarga, sobre todo en el cardiópata, el anciano y el nefrópata — ¿en qué consiste?	EDEMA AGUDO DE PULMÓN por sobrecarga, sobre todo en el cardiópata, el anciano y el nefrópata	Farmacoterapia::Nefrología, diuréticos e hidroelectrolítico
Efecto adverso grave de Cristaloides intravenosos (salino 0,9%, Ringer lactato, glucosalino): HIPONATREMIA GRAVE con encefalopatía y convulsiones por sueros hipotónicos — ¿en qué consiste?	HIPONATREMIA GRAVE con encefalopatía y convulsiones por sueros hipotónicos	Farmacoterapia::Nefrología, diuréticos e hidroelectrolítico
Efecto adverso grave de Cristaloides intravenosos (salino 0,9%, Ringer lactato, glucosalino): SÍNDROME DE DESMIELINIZACIÓN OSMÓTICA por corrección demasiado rápida del sodio — ¿en qué consiste?	SÍNDROME DE DESMIELINIZACIÓN OSMÓTICA por corrección demasiado rápida del sodio	Farmacoterapia::Nefrología, diuréticos e hidroelectrolítico
Efecto adverso grave de Cristaloides intravenosos (salino 0,9%, Ringer lactato, glucosalino): Deterioro de la función renal y peor pronóstico por la acidosis hiperclorémica y por la sobrecarga en el paciente crítico — ¿en qué consiste?	Deterioro de la función renal y peor pronóstico por la acidosis hiperclorémica y por la sobrecarga en el paciente crítico	Farmacoterapia::Nefrología, diuréticos e hidroelectrolítico
Efecto adverso grave de Cristaloides intravenosos (salino 0,9%, Ringer lactato, glucosalino): Edema intersticial con retraso de la cicatrización y del tránsito intestinal — ¿en qué consiste?	Edema intersticial con retraso de la cicatrización y del tránsito intestinal	Farmacoterapia::Nefrología, diuréticos e hidroelectrolítico
¿Está contraindicado Cristaloides intravenosos (salino 0,9%, Ringer lactato, glucosalino) en: Sobrecarga de volumen establecida con edema agudo de pulmón?	Sí — Sobrecarga de volumen establecida con edema agudo de pulmón	Farmacoterapia::Nefrología, diuréticos e hidroelectrolítico
¿Está contraindicado Cristaloides intravenosos (salino 0,9%, Ringer lactato, glucosalino) en: Ringer lactato en la hiperpotasemia significativa y en la insuficiencia hepática grave?	Sí — Ringer lactato en la hiperpotasemia significativa y en la insuficiencia hepática grave	Farmacoterapia::Nefrología, diuréticos e hidroelectrolítico
¿Está contraindicado Cristaloides intravenosos (salino 0,9%, Ringer lactato, glucosalino) en: Ringer lactato junto con ceftriaxona en el neonato?	Sí — Ringer lactato junto con ceftriaxona en el neonato	Farmacoterapia::Nefrología, diuréticos e hidroelectrolítico
¿Está contraindicado Cristaloides intravenosos (salino 0,9%, Ringer lactato, glucosalino) en: Soluciones hipotónicas como mantenimiento en el paciente con riesgo de SIADH?	Sí — Soluciones hipotónicas como mantenimiento en el paciente con riesgo de SIADH	Farmacoterapia::Nefrología, diuréticos e hidroelectrolítico
Particularidad de Cristaloides intravenosos (salino 0,9%, Ringer lactato, glucosalino) que hay que tener en cuenta:	El cambio de mentalidad más importante en los últimos años es este: el suero es un FÁRMACO, con su indicación, su dosis, sus efectos adversos y su fecha de retirada. Se prescribe con la misma disciplina que un antibiótico. La perfusión que se mantiene día tras día por inercia, sin que nadie la revise, es una de las prescripciones más dañinas y menos vigiladas del hospital.	Farmacoterapia::Nefrología, diuréticos e hidroelectrolítico
¿A qué clase farmacológica pertenece Bicarbonato sódico?	Fluidoterapia y electrolitos intravenosos (Alcalinizante)	Farmacoterapia::Nefrología, diuréticos e hidroelectrolítico
¿Cuál es el mecanismo de acción de Bicarbonato sódico?	Aporta el anión bicarbonato, que capta hidrogeniones y forma ácido carbónico, el cual se disocia en agua y CO2. Ese CO2 debe ser ELIMINADO POR EL PULMÓN: si el paciente no puede aumentar su ventilación, el bicarbonato empeora la acidosis intracelular en lugar de corregirla. Además, al alcalinizar el plasma desplaza el POTASIO al interior de la célula y aumenta la unión del CALCIO a la albúmina, reduciendo el calcio iónico. En la intoxicación por antidepresivos tricíclicos actúa por un mecanismo distinto y específico: el sodio que aporta compite con el bloqueo de los canales de sodio cardiacos y la alcalinización reduce la fracción libre del fármaco.	Farmacoterapia::Nefrología, diuréticos e hidroelectrolítico
¿Qué distingue a Bicarbonato sódico de los demás fármacos de su clase (Fluidoterapia y electrolitos intravenosos)?	<b>Alcalinizante</b>: indicado en la acidosis metabólica con pH <7,1-7,2 de causa no orgánica, la <b>intoxicación por tricíclicos o salicilatos</b> y la hiperpotasemia con acidosis.	Farmacoterapia::Nefrología, diuréticos e hidroelectrolítico
¿Cuál es la dosis de Bicarbonato sódico en Acidosis metabólica grave con pH menor de 7,1?	50-100 mEq (50-100 mL de bicarbonato 1 M) en 30-60 minutos, reevaluando — Perfusión lenta, repetible, vía IV	Farmacoterapia::Nefrología, diuréticos e hidroelectrolítico
¿A qué objetivo se ajusta la dosis de Bicarbonato sódico en Acidosis metabólica grave con pH menor de 7,1?	pH por encima de 7,20, sin buscar la normalización completa	Farmacoterapia::Nefrología, diuréticos e hidroelectrolítico
¿Cuál es la dosis de Bicarbonato sódico en Intoxicación por ANTIDEPRESIVOS TRICÍCLICOS con QRS ancho?	1-2 mEq/kg en bolo, repetible hasta estrechar el QRS — Bolos repetidos, vía IV	Farmacoterapia::Nefrología, diuréticos e hidroelectrolítico
¿A qué objetivo se ajusta la dosis de Bicarbonato sódico en Intoxicación por ANTIDEPRESIVOS TRICÍCLICOS con QRS ancho?	QRS menor de 100 ms y pH arterial de 7,45-7,55	Farmacoterapia::Nefrología, diuréticos e hidroelectrolítico
¿Cuál es la dosis de Bicarbonato sódico en Acidosis metabólica crónica de la enfermedad renal?	1-3 g/día VO de bicarbonato sódico — Cada 8-12 h, vía VO	Farmacoterapia::Nefrología, diuréticos e hidroelectrolítico
¿A qué objetivo se ajusta la dosis de Bicarbonato sódico en Acidosis metabólica crónica de la enfermedad renal?	Bicarbonato sérico por encima de 22 mEq/L	Farmacoterapia::Nefrología, diuréticos e hidroelectrolítico
¿Cuál es la dosis de Bicarbonato sódico en Hiperpotasemia grave con acidosis concomitante?	50 mEq IV — Dosis única, vía IV	Farmacoterapia::Nefrología, diuréticos e hidroelectrolítico
¿Cuál es la dosis de Bicarbonato sódico en Alcalinización urinaria (intoxicación por salicilatos, rabdomiólisis)?	Perfusión de bicarbonato 1/6 M ajustada — Perfusión continua, vía IV	Farmacoterapia::Nefrología, diuréticos e hidroelectrolítico
¿A qué objetivo se ajusta la dosis de Bicarbonato sódico en Alcalinización urinaria (intoxicación por salicilatos, rabdomiólisis)?	pH urinario mayor de 7,5 manteniendo el potasio normal	Farmacoterapia::Nefrología, diuréticos e hidroelectrolítico
¿Cuánto dura el tratamiento con Bicarbonato sódico?	Puntual, mientras se corrige la causa. Crónica y por vía oral en la acidosis de la enfermedad renal.	Farmacoterapia::Nefrología, diuréticos e hidroelectrolítico
¿Cómo se suspende Bicarbonato sódico?	Se retira al resolverse la causa. Vigilar la ALCALOSIS de rebote, sobre todo en la cetoacidosis, en la que el metabolismo de los cetoácidos regenera bicarbonato por sí solo.	Farmacoterapia::Nefrología, diuréticos e hidroelectrolítico
¿Qué hay que monitorizar durante el tratamiento con Bicarbonato sódico?	GASOMETRÍA seriada, POTASIO (bajará), CALCIO IÓNICO (bajará), sodio (se aporta una carga importante) y estado de volemia.	Farmacoterapia::Nefrología, diuréticos e hidroelectrolítico
¿Cuál es la vida media de Bicarbonato sódico?	Efecto inmediato y breve.	Farmacoterapia::Nefrología, diuréticos e hidroelectrolítico
¿Requiere Bicarbonato sódico ajuste en insuficiencia renal?	El riñón enfermo excreta peor la carga de sodio: riesgo de sobrecarga de volumen e hipertensión.	Farmacoterapia::Nefrología, diuréticos e hidroelectrolítico
Interacción crítica de Bicarbonato sódico con CALCIO intravenoso (gluconato o cloruro): ¿qué ocurre y qué se hace?	PRECIPITAN formando carbonato cálcico insoluble en la vía. Manejo: NUNCA por la misma vía sin lavarla antes. Es un error frecuente en el tratamiento simultáneo de la hiperpotasemia	Farmacoterapia::Nefrología, diuréticos e hidroelectrolítico
Interacción crítica de Bicarbonato sódico con Catecolaminas (adrenalina, noradrenalina, dopamina): ¿qué ocurre y qué se hace?	Se INACTIVAN en medio alcalino. Manejo: No administrar por la misma vía	Farmacoterapia::Nefrología, diuréticos e hidroelectrolítico
Efecto adverso grave de Bicarbonato sódico: ACIDOSIS INTRACELULAR PARADÓJICA en el paciente que no puede aumentar la ventilación — ¿en qué consiste?	ACIDOSIS INTRACELULAR PARADÓJICA en el paciente que no puede aumentar la ventilación: el CO2 generado atraviesa la membrana celular con más facilidad que el bicarbonato y acidifica el interior de la célula	Farmacoterapia::Nefrología, diuréticos e hidroelectrolítico
Efecto adverso grave de Bicarbonato sódico: HIPOCALCEMIA IÓNICA con tetania y arritmias — ¿en qué consiste?	HIPOCALCEMIA IÓNICA con tetania y arritmias	Farmacoterapia::Nefrología, diuréticos e hidroelectrolítico
Efecto adverso grave de Bicarbonato sódico: Edema agudo de pulmón por sobrecarga de sodio y volumen — ¿en qué consiste?	Edema agudo de pulmón por sobrecarga de sodio y volumen	Farmacoterapia::Nefrología, diuréticos e hidroelectrolítico
Efecto adverso grave de Bicarbonato sódico: Desplazamiento de la curva de disociación de la hemoglobina a la izquierda, con menor cesión de oxígeno a los tejidos — ¿en qué consiste?	Desplazamiento de la curva de disociación de la hemoglobina a la izquierda, con menor cesión de oxígeno a los tejidos	Farmacoterapia::Nefrología, diuréticos e hidroelectrolítico
Efecto adverso grave de Bicarbonato sódico: Alcalosis de rebote tras la resolución de la cetoacidosis — ¿en qué consiste?	Alcalosis de rebote tras la resolución de la cetoacidosis	Farmacoterapia::Nefrología, diuréticos e hidroelectrolítico
¿Está contraindicado Bicarbonato sódico en: ALCALOSIS metabólica o respiratoria?	Sí — ALCALOSIS metabólica o respiratoria	Farmacoterapia::Nefrología, diuréticos e hidroelectrolítico
¿Está contraindicado Bicarbonato sódico en: Hipopotasemia o hipocalcemia graves no corregidas?	Sí — Hipopotasemia o hipocalcemia graves no corregidas	Farmacoterapia::Nefrología, diuréticos e hidroelectrolítico
¿Está contraindicado Bicarbonato sódico en: Paciente que NO puede aumentar la ventilación para eliminar el CO2 generado?	Sí — Paciente que NO puede aumentar la ventilación para eliminar el CO2 generado	Farmacoterapia::Nefrología, diuréticos e hidroelectrolítico
¿Está contraindicado Bicarbonato sódico en: Sobrecarga de volumen y edema agudo de pulmón?	Sí — Sobrecarga de volumen y edema agudo de pulmón	Farmacoterapia::Nefrología, diuréticos e hidroelectrolítico
¿Está contraindicado Bicarbonato sódico en: Acidosis LÁCTICA por hipoperfusión como indicación rutinaria?	Sí — Acidosis LÁCTICA por hipoperfusión como indicación rutinaria (no mejora el pronóstico)	Farmacoterapia::Nefrología, diuréticos e hidroelectrolítico
Particularidad de Bicarbonato sódico que hay que tener en cuenta:	La regla que ordena su uso: en la mayoría de las acidosis metabólicas el bicarbonato NO es el tratamiento, sino un parche mientras se corrige la causa. En la acidosis láctica por shock no ha demostrado mejorar el pronóstico, y en la cetoacidosis diabética solo se plantea con pH por debajo de 7,0, porque el metabolismo de los cetoácidos regenera bicarbonato por sí solo. Lo que salva al paciente es tratar el shock o poner insulina, no alcalinizar la cifra.	Farmacoterapia::Nefrología, diuréticos e hidroelectrolítico
¿A qué clase farmacológica pertenece Tolvaptán?	Fármaco del eje de la vasopresina (Antagonista selectivo del receptor V2 de la vasopresina)	Farmacoterapia::Nefrología, diuréticos e hidroelectrolítico
¿Cuál es el mecanismo de acción de Tolvaptán?	Bloquea el receptor V2 del túbulo colector, impidiendo la inserción de ACUAPORINAS 2 en la membrana luminal. El resultado es una eliminación de AGUA LIBRE sin pérdida de sodio ni de potasio: por eso se le llama ACUARÉTICO y no diurético, y por eso corrige la hiponatremia dilucional elevando el sodio sin depletar volumen. En la POLIQUISTOSIS RENAL el mecanismo es otro: la vasopresina, a través del AMPc, es el principal estímulo para la proliferación del epitelio quístico y la secreción de líquido hacia el interior de los quistes; bloquear V2 reduce ese AMPc y enlentece el crecimiento de los quistes y la pérdida de función renal. Es el único fármaco que modifica la historia natural de esa enfermedad.	Farmacoterapia::Nefrología, diuréticos e hidroelectrolítico
¿Qué distingue a Tolvaptán de los demás fármacos de su clase (Fármaco del eje de la vasopresina)?	<b>ANTAGONISTA V2 de la vasopresina («acuarético»)</b>: elimina agua libre sin sodio; útil en el SIADH resistente.	Farmacoterapia::Nefrología, diuréticos e hidroelectrolítico
¿Cuál es la dosis de Tolvaptán en HIPONATREMIA hipervolémica o euvolémica por SIADH sintomática y resistente a la restricción hídrica?	15 mg al día, con ascenso a 30-60 mg según respuesta — Una toma diaria, vía VO	Farmacoterapia::Nefrología, diuréticos e hidroelectrolítico
¿A qué objetivo se ajusta la dosis de Tolvaptán en HIPONATREMIA hipervolémica o euvolémica por SIADH sintomática y resistente a la restricción hídrica?	Ascenso del sodio NO superior a 8-10 mmol/L en 24 horas, ni a 18 mmol/L en 48 horas	Farmacoterapia::Nefrología, diuréticos e hidroelectrolítico
¿Cuál es la dosis de Tolvaptán en POLIQUISTOSIS RENAL AUTOSÓMICA DOMINANTE de progresión rápida?	45 mg por la mañana y 15 mg por la tarde, ascendiendo hasta 90/30 mg al día — Dos tomas al día, la mayor al despertar, vía VO	Farmacoterapia::Nefrología, diuréticos e hidroelectrolítico
¿A qué objetivo se ajusta la dosis de Tolvaptán en POLIQUISTOSIS RENAL AUTOSÓMICA DOMINANTE de progresión rápida?	Enlentecimiento de la caída del filtrado glomerular y del crecimiento del volumen renal	Farmacoterapia::Nefrología, diuréticos e hidroelectrolítico
¿Cuál es la dosis de Tolvaptán en Hiponatremia de la insuficiencia cardiaca congestiva?	15-30 mg al día — Una toma diaria, vía VO	Farmacoterapia::Nefrología, diuréticos e hidroelectrolítico
¿Cuánto dura el tratamiento con Tolvaptán?	Corta en la hiponatremia; INDEFINIDA en la poliquistosis renal.	Farmacoterapia::Nefrología, diuréticos e hidroelectrolítico
¿Cómo se suspende Tolvaptán?	Al normalizar la natremia o al suspender por hepatotoxicidad. Tras retirarlo, la hiponatremia RECIDIVA si no se ha corregido la causa.	Farmacoterapia::Nefrología, diuréticos e hidroelectrolítico
¿Qué hay que monitorizar durante el tratamiento con Tolvaptán?	NATREMIA cada 6 horas al inicio; TRANSAMINASAS mensuales los 18 primeros meses y después cada 3 meses en la poliquistosis; volemia, sed y diuresis.	Farmacoterapia::Nefrología, diuréticos e hidroelectrolítico
¿Cuál es la vida media de Tolvaptán?	8-12 horas.	Farmacoterapia::Nefrología, diuréticos e hidroelectrolítico
¿Requiere Tolvaptán ajuste en insuficiencia renal?	Ineficaz con filtrado menor de 10-20 mL/min: sin filtrado no hay agua libre que eliminar.	Farmacoterapia::Nefrología, diuréticos e hidroelectrolítico
Interacción crítica de Tolvaptán con Inhibidores potentes del CYP3A4 (claritromicina, azoles, ritonavir, zumo de POMELO): ¿qué ocurre y qué se hace?	Multiplican sus concentraciones y el riesgo de corrección EXCESIVA de la natremia. Manejo: CONTRAINDICADOS; el pomelo hay que prohibirlo expresamente	Farmacoterapia::Nefrología, diuréticos e hidroelectrolítico
Interacción crítica de Tolvaptán con RESTRICCIÓN HÍDRICA mantenida a la vez: ¿qué ocurre y qué se hace?	Corrección DEMASIADO RÁPIDA del sodio con riesgo de mielinólisis. Manejo: Hay que LEVANTAR la restricción y permitir que el paciente beba según la sed: es la instrucción que más se incumple	Farmacoterapia::Nefrología, diuréticos e hidroelectrolítico
Interacción crítica de Tolvaptán con Suero salino hipertónico y otros correctores: ¿qué ocurre y qué se hace?	Corrección aditiva y excesiva. Manejo: No combinarlos	Farmacoterapia::Nefrología, diuréticos e hidroelectrolítico
Efecto adverso grave de Tolvaptán: CORRECCIÓN EXCESIVAMENTE RÁPIDA de la hiponatremia con SÍNDROME DE DESMIELINIZACIÓN OSMÓTICA — ¿en qué consiste?	CORRECCIÓN EXCESIVAMENTE RÁPIDA de la hiponatremia con SÍNDROME DE DESMIELINIZACIÓN OSMÓTICA (mielinólisis pontina): cuadriparesia, disartria, disfagia y síndrome de cautiverio, días después y con frecuencia IRREVERSIBLE	Farmacoterapia::Nefrología, diuréticos e hidroelectrolítico
Efecto adverso grave de Tolvaptán: HEPATOTOXICIDAD grave con insuficiencia hepática, motivo por el que en la poliquistosis se exige control mensual de transaminasas y un programa de acceso controlado — ¿en qué consiste?	HEPATOTOXICIDAD grave con insuficiencia hepática, motivo por el que en la poliquistosis se exige control mensual de transaminasas y un programa de acceso controlado	Farmacoterapia::Nefrología, diuréticos e hidroelectrolítico
Efecto adverso grave de Tolvaptán: Deshidratación e hipernatremia en el paciente que no percibe la sed o no tiene acceso al agua — ¿en qué consiste?	Deshidratación e hipernatremia en el paciente que no percibe la sed o no tiene acceso al agua	Farmacoterapia::Nefrología, diuréticos e hidroelectrolítico
Efecto adverso grave de Tolvaptán: Hemorragia digestiva en el cirrótico — ¿en qué consiste?	Hemorragia digestiva en el cirrótico	Farmacoterapia::Nefrología, diuréticos e hidroelectrolítico
¿Está contraindicado Tolvaptán en: Hiponatremia HIPOVOLÉMICA?	Sí — Hiponatremia HIPOVOLÉMICA (el problema es falta de volumen, no exceso de agua)	Farmacoterapia::Nefrología, diuréticos e hidroelectrolítico
¿Está contraindicado Tolvaptán en: Paciente que NO puede percibir la sed o no tiene acceso libre al agua?	Sí — Paciente que NO puede percibir la sed o no tiene acceso libre al agua	Farmacoterapia::Nefrología, diuréticos e hidroelectrolítico
¿Está contraindicado Tolvaptán en: Hepatopatía y elevación de transaminasas?	Sí — Hepatopatía y elevación de transaminasas	Farmacoterapia::Nefrología, diuréticos e hidroelectrolítico
¿Está contraindicado Tolvaptán en: Anuria?	Sí — Anuria	Farmacoterapia::Nefrología, diuréticos e hidroelectrolítico
¿Está contraindicado Tolvaptán en: Uso concomitante de inhibidores potentes del CYP3A4?	Sí — Uso concomitante de inhibidores potentes del CYP3A4	Farmacoterapia::Nefrología, diuréticos e hidroelectrolítico
¿Está contraindicado Tolvaptán en: Hiponatremia con síntomas graves que exija corrección inmediata?	Sí — Hiponatremia con síntomas graves que exija corrección inmediata: ahí el tratamiento es salino hipertónico	Farmacoterapia::Nefrología, diuréticos e hidroelectrolítico
Particularidad de Tolvaptán que hay que tener en cuenta:	La regla que evita la complicación temida: al iniciar tolvaptán hay que LEVANTAR la restricción hídrica y dejar que el paciente beba según su sed. Mantener las dos cosas a la vez es lo que produce las correcciones de 20 mmol/L en un día y las mielinólisis. La sed es, en este tratamiento, un mecanismo de seguridad y no un síntoma que haya que combatir.	Farmacoterapia::Nefrología, diuréticos e hidroelectrolítico
¿A qué clase farmacológica pertenece Suero salino hipertónico al 3%?	Fluidoterapia y electrolitos intravenosos (Salino hipertónico al 3%)	Farmacoterapia::Nefrología, diuréticos e hidroelectrolítico
¿Cuál es el mecanismo de acción de Suero salino hipertónico al 3%?	Aporta sodio a una concentración muy superior a la del plasma (513 mmol/L en el salino al 3% frente a 154 en el isotónico), de modo que eleva directamente la osmolalidad plasmática. Tiene dos usos con lógicas distintas. En la HIPONATREMIA SINTOMÁTICA, elevar el sodio unos pocos milimoles reduce el edema cerebral y detiene las convulsiones: basta con un ascenso de 4-6 mmol/L para salvar la vida, y no hace falta normalizar la cifra. En la HIPERTENSIÓN INTRACRANEAL crea un gradiente osmótico que arrastra agua desde el parénquima cerebral con la barrera hematoencefálica intacta hacia el compartimento vascular, reduciendo el volumen cerebral; frente al manitol tiene la ventaja de que EXPANDE la volemia en lugar de depletarla, lo que importa en el politraumatizado hipotenso. El peligro común a ambos usos es el mismo: corregir DEMASIADO DEPRISA una hiponatremia crónica produce desmielinización osmótica.	Farmacoterapia::Nefrología, diuréticos e hidroelectrolítico
¿Qué distingue a Suero salino hipertónico al 3% de los demás fármacos de su clase (Fluidoterapia y electrolitos intravenosos)?	<b>Sube el sodio de forma rápida y controlada</b>: tratamiento de la <b>hiponatremia GRAVE sintomática</b> (150 mL en 20 min, repetible).	Farmacoterapia::Nefrología, diuréticos e hidroelectrolítico
¿Cuál es la dosis de Suero salino hipertónico al 3% en HIPONATREMIA SINTOMÁTICA GRAVE (convulsiones, coma, focalidad)?	Bolo de 100-150 mL de salino al 3% en 10-20 minutos, repetible hasta 3 veces — Bolos repetibles con control de natremia entre ellos, vía IV	Farmacoterapia::Nefrología, diuréticos e hidroelectrolítico
¿A qué objetivo se ajusta la dosis de Suero salino hipertónico al 3% en HIPONATREMIA SINTOMÁTICA GRAVE (convulsiones, coma, focalidad)?	Ascenso RÁPIDO de 4-6 mmol/L, suficiente para revertir los síntomas; después, corrección lenta	Farmacoterapia::Nefrología, diuréticos e hidroelectrolítico
¿Cuál es la dosis de Suero salino hipertónico al 3% en Hiponatremia crónica sin síntomas graves?	Perfusión lenta calculada, o tratamiento de la causa con restricción hídrica — Perfusión continua con controles frecuentes, vía IV	Farmacoterapia::Nefrología, diuréticos e hidroelectrolítico
¿A qué objetivo se ajusta la dosis de Suero salino hipertónico al 3% en Hiponatremia crónica sin síntomas graves?	Ascenso MÁXIMO de 8-10 mmol/L en 24 horas y de 18 mmol/L en 48 horas	Farmacoterapia::Nefrología, diuréticos e hidroelectrolítico
¿Cuál es la dosis de Suero salino hipertónico al 3% en HIPERTENSIÓN INTRACRANEAL y herniación inminente?	Salino al 3%: 250-500 mL; o salino al 23,4%: 30 mL por vía CENTRAL — Bolo, repetible, vía IV	Farmacoterapia::Nefrología, diuréticos e hidroelectrolítico
¿A qué objetivo se ajusta la dosis de Suero salino hipertónico al 3% en HIPERTENSIÓN INTRACRANEAL y herniación inminente?	Presión intracraneal menor de 22 mmHg y sodio de 145-155 mmol/L	Farmacoterapia::Nefrología, diuréticos e hidroelectrolítico
¿Cuál es la dosis de Suero salino hipertónico al 3% en Corrección excesiva de la natremia (rescate)?	Suero glucosado al 5% con o sin DESMOPRESINA para RE-BAJAR el sodio — Perfusión con controles horarios, vía IV	Farmacoterapia::Nefrología, diuréticos e hidroelectrolítico
¿A qué objetivo se ajusta la dosis de Suero salino hipertónico al 3% en Corrección excesiva de la natremia (rescate)?	Volver a los límites de corrección seguros	Farmacoterapia::Nefrología, diuréticos e hidroelectrolítico
¿Cuánto dura el tratamiento con Suero salino hipertónico al 3%?	Horas en la fase sintomática; después se trata la causa.	Farmacoterapia::Nefrología, diuréticos e hidroelectrolítico
¿Cómo se suspende Suero salino hipertónico al 3%?	Se retira al ceder los síntomas y quedar el sodio dentro de límites seguros. Vigilar la SOBRECORRECCIÓN espontánea que ocurre cuando se corrige la causa (por ejemplo, al reponer volumen en una hiponatremia hipovolémica, se elimina de golpe toda el agua retenida).	Farmacoterapia::Nefrología, diuréticos e hidroelectrolítico
¿Qué hay que monitorizar durante el tratamiento con Suero salino hipertónico al 3%?	NATREMIA seriada, diuresis (una diuresis súbita y abundante anuncia una sobrecorrección inminente), potasio, estado neurológico y volemia.	Farmacoterapia::Nefrología, diuréticos e hidroelectrolítico
¿Cuál es la vida media de Suero salino hipertónico al 3%?	No aplicable; el efecto depende de la respuesta renal.	Farmacoterapia::Nefrología, diuréticos e hidroelectrolítico
¿Requiere Suero salino hipertónico al 3% ajuste en insuficiencia renal?	En la insuficiencia renal la eliminación del sodio y del agua está alterada, lo que hace la corrección menos predecible.	Farmacoterapia::Nefrología, diuréticos e hidroelectrolítico
Interacción crítica de Suero salino hipertónico al 3% con REPOSICIÓN DE VOLUMEN en la hiponatremia hipovolémica: ¿qué ocurre y qué se hace?	Al corregir la hipovolemia cesa el estímulo de la vasopresina y el riñón elimina TODA el agua retenida de golpe: SOBRECORRECCIÓN brusca. Manejo: Es la trampa clásica: una diuresis súbita y abundante durante el tratamiento anuncia que el sodio va a dispararse. Hay que anticiparlo con desmopresina y glucosado	Farmacoterapia::Nefrología, diuréticos e hidroelectrolítico
Interacción crítica de Suero salino hipertónico al 3% con Corticoides en la insuficiencia suprarrenal: ¿qué ocurre y qué se hace?	Al reponer el cortisol se suprime la vasopresina y el sodio sube de golpe. Manejo: Anticiparlo al tratar una crisis suprarrenal con hiponatremia	Farmacoterapia::Nefrología, diuréticos e hidroelectrolítico
Efecto adverso grave de Suero salino hipertónico al 3%: SÍNDROME DE DESMIELINIZACIÓN OSMÓTICA — ¿en qué consiste?	SÍNDROME DE DESMIELINIZACIÓN OSMÓTICA (mielinólisis pontina y extrapontina): aparece 2-6 DÍAS DESPUÉS de la corrección, con cuadriparesia, disartria, disfagia, parálisis pseudobulbar y síndrome de cautiverio, y con frecuencia es IRREVERSIBLE	Farmacoterapia::Nefrología, diuréticos e hidroelectrolítico
Efecto adverso grave de Suero salino hipertónico al 3%: Edema agudo de pulmón por sobrecarga — ¿en qué consiste?	Edema agudo de pulmón por sobrecarga	Farmacoterapia::Nefrología, diuréticos e hidroelectrolítico
Efecto adverso grave de Suero salino hipertónico al 3%: Acidosis metabólica hiperclorémica — ¿en qué consiste?	Acidosis metabólica hiperclorémica	Farmacoterapia::Nefrología, diuréticos e hidroelectrolítico
Efecto adverso grave de Suero salino hipertónico al 3%: Necrosis tisular por extravasación de soluciones muy concentradas — ¿en qué consiste?	Necrosis tisular por extravasación de soluciones muy concentradas	Farmacoterapia::Nefrología, diuréticos e hidroelectrolítico
Efecto adverso grave de Suero salino hipertónico al 3%: Hipopotasemia — ¿en qué consiste?	Hipopotasemia	Farmacoterapia::Nefrología, diuréticos e hidroelectrolítico
¿Está contraindicado Suero salino hipertónico al 3% en: Hipernatremia?	Sí — Hipernatremia	Farmacoterapia::Nefrología, diuréticos e hidroelectrolítico
¿Está contraindicado Suero salino hipertónico al 3% en: Insuficiencia cardiaca descompensada?	Sí — Insuficiencia cardiaca descompensada (relativa)	Farmacoterapia::Nefrología, diuréticos e hidroelectrolítico
¿Está contraindicado Suero salino hipertónico al 3% en: Corrección de una hiponatremia crónica a velocidad superior a la recomendada?	Sí — Corrección de una hiponatremia crónica a velocidad superior a la recomendada	Farmacoterapia::Nefrología, diuréticos e hidroelectrolítico
¿Está contraindicado Suero salino hipertónico al 3% en: Concentraciones superiores al 3% por vía periférica?	Sí — Concentraciones superiores al 3% por vía periférica	Farmacoterapia::Nefrología, diuréticos e hidroelectrolítico
Particularidad de Suero salino hipertónico al 3% que hay que tener en cuenta:	El principio que gobierna toda la hiponatremia: la CIFRA importa menos que la VELOCIDAD y los SÍNTOMAS. Un sodio de 115 crónico y asintomático se corrige despacio; un sodio de 125 que ha caído en 12 horas y produce convulsiones se trata con un bolo inmediato. Tratar el número en lugar del paciente es el error de fondo.	Farmacoterapia::Nefrología, diuréticos e hidroelectrolítico
¿A qué clase farmacológica pertenece Finerenona?	Antagonista del receptor mineralocorticoide (ARM) (No esteroideo selectivo)	Farmacoterapia::Nefrología, diuréticos e hidroelectrolítico
¿Cuál es el mecanismo de acción de Finerenona?	Bloquea el receptor mineralocorticoide, pero con dos diferencias respecto a la espironolactona y la eplerenona que explican su lugar propio. La primera es estructural: al NO ser esteroidea, carece de afinidad por los receptores de andrógenos y de progesterona, y por tanto NO produce ginecomastia, impotencia ni alteraciones menstruales, que son la causa principal de abandono de la espironolactona. La segunda es de distribución: se reparte de forma equilibrada entre el corazón y el riñón, en lugar de concentrarse preferentemente en el riñón, y bloquea la sobreactivación del receptor mineralocorticoide en las células no epiteliales (fibroblastos, células inflamatorias, endotelio), que es la responsable de la INFLAMACIÓN y la FIBROSIS renal y cardiaca. Su efecto, por tanto, es más antifibrótico que diurético: apenas modifica la tensión arterial y el potasio sube menos que con la espironolactona.	Farmacoterapia::Nefrología, diuréticos e hidroelectrolítico
¿Qué distingue a Finerenona de los demás fármacos de su clase (Antagonista del receptor mineralocorticoide (ARM))?	<b>ARM NO esteroideo</b>: sin efectos hormonales (ginecomastia) y <b>con menos hiperpotasemia</b> que la espironolactona.	Farmacoterapia::Nefrología, diuréticos e hidroelectrolítico
¿Cuál es la dosis de Finerenona en ENFERMEDAD RENAL CRÓNICA asociada a DIABETES TIPO 2 con albuminuria?	10 mg al día si el filtrado es de 25-60 mL/min; 20 mg al día si es superior a 60 — Una toma diaria, vía VO	Farmacoterapia::Nefrología, diuréticos e hidroelectrolítico
¿A qué objetivo se ajusta la dosis de Finerenona en ENFERMEDAD RENAL CRÓNICA asociada a DIABETES TIPO 2 con albuminuria?	Reducción de la albuminuria y enlentecimiento de la caída del filtrado glomerular, con potasio inferior a 5,5 mmol/L	Farmacoterapia::Nefrología, diuréticos e hidroelectrolítico
¿Cuál es la dosis de Finerenona en Nefropatía diabética con albuminuria persistente pese a IECA o ARA-II a dosis máxima?	10-20 mg al día, AÑADIDA al bloqueo del eje renina-angiotensina — Una toma diaria, vía VO	Farmacoterapia::Nefrología, diuréticos e hidroelectrolítico
¿A qué objetivo se ajusta la dosis de Finerenona en Nefropatía diabética con albuminuria persistente pese a IECA o ARA-II a dosis máxima?	Descenso adicional del cociente albúmina-creatinina	Farmacoterapia::Nefrología, diuréticos e hidroelectrolítico
¿Cuál es la dosis de Finerenona en Insuficiencia cardiaca con fracción de eyección levemente reducida o preservada?	20-40 mg al día según el ensayo FINEARTS — Una toma diaria, vía VO	Farmacoterapia::Nefrología, diuréticos e hidroelectrolítico
¿Cuánto dura el tratamiento con Finerenona?	Indefinida mientras el potasio y el filtrado lo permitan.	Farmacoterapia::Nefrología, diuréticos e hidroelectrolítico
¿Cómo se suspende Finerenona?	Se suspende ante hiperpotasemia superior a 5,5 mmol/L, y se puede REINTRODUCIR cuando el potasio baje de 5,0: la suspensión suele ser temporal, no definitiva.	Farmacoterapia::Nefrología, diuréticos e hidroelectrolítico
¿Qué hay que monitorizar durante el tratamiento con Finerenona?	POTASIO y creatinina a las 4 semanas del inicio y de cada cambio de dosis, y después cada 4 meses. Es un fármaco cuyo seguimiento se resume en un ion.	Farmacoterapia::Nefrología, diuréticos e hidroelectrolítico
¿Cuál es la vida media de Finerenona?	2-3 horas, sin metabolitos activos (frente a la espironolactona, cuyos metabolitos activos duran días).	Farmacoterapia::Nefrología, diuréticos e hidroelectrolítico
¿Requiere Finerenona ajuste en insuficiencia renal?	Dosis de 10 mg con filtrado de 25-60 mL/min. NO iniciar por debajo de 25 mL/min.	Farmacoterapia::Nefrología, diuréticos e hidroelectrolítico
Interacción crítica de Finerenona con Inhibidores POTENTES del CYP3A4 (claritromicina, itraconazol, ritonavir): ¿qué ocurre y qué se hace?	Multiplican sus concentraciones y el riesgo de hiperpotasemia. Manejo: CONTRAINDICADOS	Farmacoterapia::Nefrología, diuréticos e hidroelectrolítico
Interacción crítica de Finerenona con IECA, ARA-II, suplementos de potasio, cotrimoxazol, heparina y AINE: ¿qué ocurre y qué se hace?	HIPERPOTASEMIA aditiva. Manejo: La combinación con IECA o ARA-II es BUSCADA y beneficiosa, pero exige el control analítico; el cotrimoxazol y los AINE, en cambio, hay que evitarlos	Farmacoterapia::Nefrología, diuréticos e hidroelectrolítico
Efecto adverso grave de Finerenona: HIPERPOTASEMIA GRAVE con arritmias, sobre todo en el paciente con filtrado bajo o en combinación con otros fármacos hiperpotasemiantes — ¿en qué consiste?	HIPERPOTASEMIA GRAVE con arritmias, sobre todo en el paciente con filtrado bajo o en combinación con otros fármacos hiperpotasemiantes	Farmacoterapia::Nefrología, diuréticos e hidroelectrolítico
Efecto adverso grave de Finerenona: Deterioro renal agudo en situaciones de depleción de volumen — ¿en qué consiste?	Deterioro renal agudo en situaciones de depleción de volumen	Farmacoterapia::Nefrología, diuréticos e hidroelectrolítico
Efecto adverso grave de Finerenona: Hipotensión sintomática — ¿en qué consiste?	Hipotensión sintomática	Farmacoterapia::Nefrología, diuréticos e hidroelectrolítico
¿Está contraindicado Finerenona en: POTASIO superior a 5,0 mmol/L al inicio?	Sí — POTASIO superior a 5,0 mmol/L al inicio	Farmacoterapia::Nefrología, diuréticos e hidroelectrolítico
¿Está contraindicado Finerenona en: Insuficiencia suprarrenal?	Sí — Insuficiencia suprarrenal	Farmacoterapia::Nefrología, diuréticos e hidroelectrolítico
¿Está contraindicado Finerenona en: Filtrado glomerular inferior a 25 mL/min para el inicio?	Sí — Filtrado glomerular inferior a 25 mL/min para el inicio	Farmacoterapia::Nefrología, diuréticos e hidroelectrolítico
¿Está contraindicado Finerenona en: Uso concomitante de inhibidores potentes del CYP3A4?	Sí — Uso concomitante de inhibidores potentes del CYP3A4	Farmacoterapia::Nefrología, diuréticos e hidroelectrolítico
¿Está contraindicado Finerenona en: Insuficiencia hepática grave?	Sí — Insuficiencia hepática grave	Farmacoterapia::Nefrología, diuréticos e hidroelectrolítico
Particularidad de Finerenona que hay que tener en cuenta:	Su razón de ser es la ADHERENCIA: la espironolactona funciona, pero produce ginecomastia dolorosa, impotencia y alteraciones menstruales, y una proporción alta de pacientes la abandona por eso. La finerenona, al no ser esteroidea, no toca los receptores de andrógenos ni de progesterona, y ese detalle estructural resuelve un problema clínico muy real.	Farmacoterapia::Nefrología, diuréticos e hidroelectrolítico
