¿A qué clase farmacológica pertenece Enalapril?	IECA (inhibidor de la enzima convertidora de angiotensina) (Profármaco de acción intermedia)	Farmacoterapia::Cardiovascular
¿Cuál es el mecanismo de acción de Enalapril?	Bloquea la ECA, impidiendo la conversión de angiotensina I en angiotensina II: reduce la vasoconstricción, la secreción de aldosterona y la retención de sodio, y disminuye el remodelado ventricular y vascular. La misma enzima degrada la BRADICININA, cuya acumulación explica tanto parte del efecto vasodilatador beneficioso como la TOS y el ANGIOEDEMA. Su efecto renal es hemodinámico: dilata preferentemente la arteriola EFERENTE, reduciendo la presión intraglomerular (nefroprotección) y también el filtrado glomerular.	Farmacoterapia::Cardiovascular
¿Qué distingue a Enalapril de los demás fármacos de su clase (IECA (inhibidor de la enzima convertidora de angiotensina))?	<b>IECA de referencia en insuficiencia cardiaca</b> (CONSENSUS, SOLVD), con la pauta <b>cada 12 h</b> (vida media efectiva más corta que ramipril o lisinopril).	Farmacoterapia::Cardiovascular
¿Cuál es la dosis de Enalapril en Insuficiencia cardiaca con FEVI reducida?	Inicio 2,5 mg/12 h; objetivo 10-20 mg/12 h — Cada 12 h, vía VO	Farmacoterapia::Cardiovascular
¿Cuál es la dosis de Enalapril en Hipertensión arterial?	Inicio 5-10 mg/24 h; mantenimiento 10-40 mg/día — Cada 12-24 h, vía VO	Farmacoterapia::Cardiovascular
¿Cuál es la dosis de Enalapril en Nefropatía diabética y proteinuria?	10-20 mg/12 h — Cada 12 h, vía VO	Farmacoterapia::Cardiovascular
¿Cuál es la dosis de Enalapril en Disfunción ventricular izquierda tras infarto de miocardio?	Inicio 2,5 mg/12 h, titulando — Cada 12 h, vía VO	Farmacoterapia::Cardiovascular
¿Cuánto dura el tratamiento con Enalapril?	INDEFINIDA en insuficiencia cardiaca, nefropatía y post-infarto: es un tratamiento pronóstico, no sintomático.	Farmacoterapia::Cardiovascular
¿Cómo se suspende Enalapril?	No se suspende por mejoría clínica. Se retira si aparece angioedema (definitivo y para toda la clase), hiperpotasemia refractaria, deterioro renal >30% no atribuible a otra causa, o embarazo (retirada inmediata).	Farmacoterapia::Cardiovascular
¿Qué hay que monitorizar durante el tratamiento con Enalapril?	Creatinina y potasio basales, a las 1-2 semanas de iniciar y tras cada aumento de dosis; después cada 3-6 meses. Presión arterial.	Farmacoterapia::Cardiovascular
¿Cuál es la vida media de Enalapril?	11 h la del enalaprilato (permite dosificación cada 12-24 h).	Farmacoterapia::Cardiovascular
¿Requiere Enalapril ajuste en insuficiencia renal?	FG 30-60: iniciar con 2,5-5 mg/24 h. FG <30: 2,5 mg/24 h con titulación muy prudente. No está contraindicado en la insuficiencia renal crónica: precisamente ahí aporta nefroprotección.	Farmacoterapia::Cardiovascular
Interacción crítica de Enalapril con AINE (incluidos los inhibidores de la COX-2): ¿qué ocurre y qué se hace?	«Triple whammy» si además hay un diurético: fracaso renal agudo por pérdida simultánea de la vasodilatación aferente (prostaglandinas) y de la eferente. Además reducen el efecto antihipertensivo. Manejo: Evitar la combinación, sobre todo en ancianos y deshidratados; si es imprescindible, controlar creatinina en 5-7 días	Farmacoterapia::Cardiovascular
Interacción crítica de Enalapril con Diuréticos ahorradores de potasio, suplementos de potasio, cotrimoxazol, heparina: ¿qué ocurre y qué se hace?	Hiperpotasemia grave. Manejo: Controlar el potasio; evitar los sustitutos de la sal, que son cloruro potásico	Farmacoterapia::Cardiovascular
Interacción crítica de Enalapril con ARA-II o inhibidores directos de la renina (aliskireno): ¿qué ocurre y qué se hace?	El doble bloqueo del sistema renina-angiotensina aumenta la hiperpotasemia, la hipotensión y el fracaso renal SIN beneficio pronóstico. Manejo: Combinación desaconsejada; contraindicada con aliskireno en diabéticos	Farmacoterapia::Cardiovascular
Interacción crítica de Enalapril con Litio: ¿qué ocurre y qué se hace?	Reduce su excreción renal y eleva la litemia hasta la intoxicación. Manejo: Monitorizar litemia estrechamente	Farmacoterapia::Cardiovascular
Interacción crítica de Enalapril con Sacubitrilo-valsartán: ¿qué ocurre y qué se hace?	Riesgo aditivo de angioedema al inhibirse simultáneamente la ECA y la neprilisina. Manejo: Respetar un periodo de lavado de 36 h entre ambos, en cualquier dirección del cambio	Farmacoterapia::Cardiovascular
Efecto adverso grave de Enalapril: ANGIOEDEMA — ¿en qué consiste?	ANGIOEDEMA (0,1-0,7%, más frecuente en pacientes de raza negra), que puede comprometer la vía aérea y aparecer años después del inicio	Farmacoterapia::Cardiovascular
Efecto adverso grave de Enalapril: Fracaso renal agudo en la estenosis bilateral de la arteria renal o en el paciente hipovolémico — ¿en qué consiste?	Fracaso renal agudo en la estenosis bilateral de la arteria renal o en el paciente hipovolémico	Farmacoterapia::Cardiovascular
Efecto adverso grave de Enalapril: Hiperpotasemia grave con arritmias — ¿en qué consiste?	Hiperpotasemia grave con arritmias	Farmacoterapia::Cardiovascular
Efecto adverso grave de Enalapril: Fetopatía — ¿en qué consiste?	Fetopatía: oligoamnios, hipoplasia pulmonar y renal, muerte fetal	Farmacoterapia::Cardiovascular
Efecto adverso grave de Enalapril: Neutropenia — ¿en qué consiste?	Neutropenia (rara, sobre todo en colagenosis con insuficiencia renal)	Farmacoterapia::Cardiovascular
¿Está contraindicado Enalapril en: EMBARAZO?	Sí — EMBARAZO (contraindicación absoluta en cualquier trimestre)	Farmacoterapia::Cardiovascular
¿Está contraindicado Enalapril en: Antecedente de angioedema por IECA o hereditario?	Sí — Antecedente de angioedema por IECA o hereditario	Farmacoterapia::Cardiovascular
¿Está contraindicado Enalapril en: Estenosis bilateral de la arteria renal o estenosis en riñón único?	Sí — Estenosis bilateral de la arteria renal o estenosis en riñón único	Farmacoterapia::Cardiovascular
¿Está contraindicado Enalapril en: Hiperpotasemia significativa?	Sí — Hiperpotasemia significativa (>5,5 mmol/L)	Farmacoterapia::Cardiovascular
¿Está contraindicado Enalapril en: Uso concomitante con sacubitrilo-valsartán?	Sí — Uso concomitante con sacubitrilo-valsartán	Farmacoterapia::Cardiovascular
Particularidad de Enalapril que hay que tener en cuenta:	Un ascenso de la creatinina de hasta el 30% tras iniciar un IECA es ESPERABLE y NO obliga a suspenderlo: refleja la reducción deseada de la presión intraglomerular. Suspenderlo por ese ascenso priva al paciente de nefroprotección. Solo se retira si supera el 30% o si el potasio se dispara.	Farmacoterapia::Cardiovascular
¿A qué clase farmacológica pertenece Losartán?	ARA-II (antagonista del receptor de angiotensina II) (Bloqueo selectivo del receptor AT1)	Farmacoterapia::Cardiovascular
¿Cuál es el mecanismo de acción de Losartán?	Bloquea selectivamente el receptor AT1 de la angiotensina II, impidiendo la vasoconstricción, la liberación de aldosterona y el remodelado. A diferencia de los IECA, NO interfiere con el metabolismo de la BRADICININA: por eso no produce tos ni (casi nunca) angioedema. El bloqueo es más completo que el del IECA, porque la angiotensina II también se genera por vías alternativas a la ECA (quimasas).	Farmacoterapia::Cardiovascular
¿Qué distingue a Losartán de los demás fármacos de su clase (ARA-II (antagonista del receptor de angiotensina II))?	<b>Único ARA-II URICOSÚRICO</b>: reduce el ácido úrico, útil en el hipertenso con gota o hiperuricemia.	Farmacoterapia::Cardiovascular
¿Cuál es la dosis de Losartán en Hipertensión arterial?	50-100 mg/24 h — Cada 24 h, vía VO	Farmacoterapia::Cardiovascular
¿Cuál es la dosis de Losartán en Insuficiencia cardiaca con FEVI reducida (intolerancia a IECA)?	Inicio 12,5-25 mg/24 h; objetivo 150 mg/24 h — Cada 24 h, vía VO	Farmacoterapia::Cardiovascular
¿Cuál es la dosis de Losartán en Nefropatía diabética con proteinuria?	100 mg/24 h — Cada 24 h, vía VO	Farmacoterapia::Cardiovascular
¿Cuál es la dosis de Losartán en Hipertensión con hipertrofia ventricular izquierda?	50-100 mg/24 h — Cada 24 h, vía VO	Farmacoterapia::Cardiovascular
¿Cuál es la dosis de Losartán en Hipertensión con hiperuricemia o gota?	50-100 mg/24 h — Cada 24 h, vía VO	Farmacoterapia::Cardiovascular
¿Cuánto dura el tratamiento con Losartán?	Indefinida: tratamiento pronóstico y de control tensional crónico.	Farmacoterapia::Cardiovascular
¿Cómo se suspende Losartán?	No se suspende por control de la presión arterial. Retirada inmediata si hay embarazo, hiperpotasemia refractaria o deterioro renal significativo.	Farmacoterapia::Cardiovascular
¿Qué hay que monitorizar durante el tratamiento con Losartán?	Creatinina y potasio basales, a las 1-2 semanas y tras cada aumento; después cada 3-6 meses.	Farmacoterapia::Cardiovascular
¿Cuál es la vida media de Losartán?	2 h el losartán, 6-9 h su metabolito activo — de ahí la dosis única diaria.	Farmacoterapia::Cardiovascular
¿Requiere Losartán ajuste en insuficiencia renal?	No precisa ajuste de inicio; misma precaución que con los IECA en insuficiencia renal avanzada.	Farmacoterapia::Cardiovascular
Interacción crítica de Losartán con AINE: ¿qué ocurre y qué se hace?	Reducen su eficacia antihipertensiva y aumentan el riesgo de fracaso renal agudo, sobre todo asociados a diurético. Manejo: Evitar el uso conjunto crónico; controlar creatinina si es inevitable	Farmacoterapia::Cardiovascular
Interacción crítica de Losartán con Ahorradores de potasio, suplementos de potasio, sustitutos de la sal: ¿qué ocurre y qué se hace?	Hiperpotasemia. Manejo: Monitorizar el potasio	Farmacoterapia::Cardiovascular
Interacción crítica de Losartán con IECA o aliskireno: ¿qué ocurre y qué se hace?	Doble bloqueo sin beneficio y con más eventos adversos renales y electrolíticos. Manejo: No combinar	Farmacoterapia::Cardiovascular
Interacción crítica de Losartán con Litio: ¿qué ocurre y qué se hace?	Aumenta la litemia. Manejo: Monitorizar niveles	Farmacoterapia::Cardiovascular
Efecto adverso grave de Losartán: Fracaso renal agudo en estenosis bilateral de arteria renal o hipovolemia — ¿en qué consiste?	Fracaso renal agudo en estenosis bilateral de arteria renal o hipovolemia	Farmacoterapia::Cardiovascular
Efecto adverso grave de Losartán: Hiperpotasemia grave — ¿en qué consiste?	Hiperpotasemia grave	Farmacoterapia::Cardiovascular
Efecto adverso grave de Losartán: Angioedema — ¿en qué consiste?	Angioedema (mucho más raro que con IECA, pero descrito)	Farmacoterapia::Cardiovascular
Efecto adverso grave de Losartán: Fetopatía con oligoamnios e insuficiencia renal fetal — ¿en qué consiste?	Fetopatía con oligoamnios e insuficiencia renal fetal	Farmacoterapia::Cardiovascular
¿Está contraindicado Losartán en: EMBARAZO?	Sí — EMBARAZO (contraindicación absoluta)	Farmacoterapia::Cardiovascular
¿Está contraindicado Losartán en: Estenosis bilateral de la arteria renal?	Sí — Estenosis bilateral de la arteria renal	Farmacoterapia::Cardiovascular
¿Está contraindicado Losartán en: Hiperpotasemia significativa?	Sí — Hiperpotasemia significativa	Farmacoterapia::Cardiovascular
¿Está contraindicado Losartán en: Combinación con aliskireno en diabéticos o con insuficiencia renal?	Sí — Combinación con aliskireno en diabéticos o con insuficiencia renal	Farmacoterapia::Cardiovascular
Particularidad de Losartán que hay que tener en cuenta:	El losartán es el ÚNICO ARA-II con efecto uricosúrico propio: es la elección lógica en el hipertenso con gota o hiperuricemia, o en el tratado con diuréticos tiazídicos que le elevan el ácido úrico.	Farmacoterapia::Cardiovascular
¿A qué clase farmacológica pertenece Amlodipino?	Antagonista del calcio (Dihidropiridina vasoselectiva de acción prolongada)	Farmacoterapia::Cardiovascular
¿Cuál es el mecanismo de acción de Amlodipino?	Bloquea los canales de calcio de tipo L del músculo liso vascular, impidiendo la entrada de calcio y produciendo VASODILATACIÓN ARTERIAL periférica con reducción de las resistencias vasculares. Las DIHIDROPIRIDINAS son VASOSELECTIVAS: apenas actúan sobre el nodo sinusal, el nodo AV ni la contractilidad, a diferencia del verapamilo y el diltiazem, que sí son cardioselectivos y por eso son cronotrópicos e inotrópicos negativos.	Farmacoterapia::Cardiovascular
¿Qué distingue a Amlodipino de los demás fármacos de su clase (Antagonista del calcio)?	<b>Vida media muy larga (35-50 h)</b>: una toma diaria con descenso de PA suave y sin taquicardia refleja (a diferencia del nifedipino de liberación inmediata).	Farmacoterapia::Cardiovascular
¿Cuál es la dosis de Amlodipino en Hipertensión arterial?	5-10 mg/24 h — Cada 24 h, vía VO	Farmacoterapia::Cardiovascular
¿Cuál es la dosis de Amlodipino en Angina de esfuerzo estable?	5-10 mg/24 h — Cada 24 h, vía VO	Farmacoterapia::Cardiovascular
¿Cuál es la dosis de Amlodipino en Angina vasoespástica (de Prinzmetal)?	5-10 mg/24 h — Cada 24 h, vía VO	Farmacoterapia::Cardiovascular
¿Cuál es la dosis de Amlodipino en Fenómeno de Raynaud?	5-10 mg/24 h — Cada 24 h, vía VO	Farmacoterapia::Cardiovascular
¿Cuánto dura el tratamiento con Amlodipino?	Indefinida como tratamiento antihipertensivo o antianginoso crónico.	Farmacoterapia::Cardiovascular
¿Cómo se suspende Amlodipino?	Puede suspenderse de forma brusca sin efecto rebote, a diferencia de los betabloqueantes o de la clonidina. Se retira si aparecen edemas incapacitantes.	Farmacoterapia::Cardiovascular
¿Qué hay que monitorizar durante el tratamiento con Amlodipino?	Presión arterial y frecuencia cardiaca; exploración de edemas maleolares en cada revisión.	Farmacoterapia::Cardiovascular
¿Cuál es la vida media de Amlodipino?	30-50 h: la más larga de su clase, lo que asegura cobertura de 24 h y perdona el olvido de una dosis.	Farmacoterapia::Cardiovascular
¿Requiere Amlodipino ajuste en insuficiencia renal?	NO precisa ajuste, ni siquiera en diálisis. Es un antihipertensivo cómodo en el nefrópata.	Farmacoterapia::Cardiovascular
Interacción crítica de Amlodipino con Simvastatina: ¿qué ocurre y qué se hace?	El amlodipino inhibe el CYP3A4 y eleva sus concentraciones, con riesgo de miopatía y rabdomiólisis. Manejo: No superar 20 mg/día de simvastatina; preferir atorvastatina, pravastatina o rosuvastatina	Farmacoterapia::Cardiovascular
Efecto adverso grave de Amlodipino: Hipotensión sintomática — ¿en qué consiste?	Hipotensión sintomática	Farmacoterapia::Cardiovascular
Efecto adverso grave de Amlodipino: Hiperplasia gingival — ¿en qué consiste?	Hiperplasia gingival (poco frecuente, reversible al suspender)	Farmacoterapia::Cardiovascular
Efecto adverso grave de Amlodipino: Empeoramiento de la insuficiencia cardiaca con FEVI reducida — ¿en qué consiste?	Empeoramiento de la insuficiencia cardiaca con FEVI reducida (efecto de clase; amlodipino y felodipino son los más seguros)	Farmacoterapia::Cardiovascular
Efecto adverso grave de Amlodipino: Isquemia miocárdica por robo coronario con las formas de acción rápida — ¿en qué consiste?	Isquemia miocárdica por robo coronario con las formas de acción rápida (no con amlodipino)	Farmacoterapia::Cardiovascular
¿Está contraindicado Amlodipino en: Shock cardiogénico?	Sí — Shock cardiogénico	Farmacoterapia::Cardiovascular
¿Está contraindicado Amlodipino en: Estenosis aórtica grave?	Sí — Estenosis aórtica grave	Farmacoterapia::Cardiovascular
¿Está contraindicado Amlodipino en: Angina inestable e infarto agudo en fase aguda?	Sí — Angina inestable e infarto agudo en fase aguda	Farmacoterapia::Cardiovascular
¿Está contraindicado Amlodipino en: Hipotensión grave?	Sí — Hipotensión grave	Farmacoterapia::Cardiovascular
¿Está contraindicado Amlodipino en: Insuficiencia cardiaca con FEVI reducida?	Sí — Insuficiencia cardiaca con FEVI reducida (contraindicación relativa: si es imprescindible un calcioantagonista, se usa amlodipino o felodipino)	Farmacoterapia::Cardiovascular
Particularidad de Amlodipino que hay que tener en cuenta:	El edema maleolar del amlodipino NO se trata con diuréticos: es un edema de origen arteriolar, no de sobrecarga de volumen. La conducta correcta es reducir la dosis o asociar un IECA o ARA-II, que al dilatar el lecho venoso equilibran la presión capilar y hacen desaparecer el edema. Es una de las razones fisiopatológicas de la combinación IECA + amlodipino.	Farmacoterapia::Cardiovascular
¿A qué clase farmacológica pertenece Bisoprolol?	Betabloqueante (Cardioselectivo (beta1) sin actividad simpaticomimética intrínseca)	Farmacoterapia::Cardiovascular
¿Cuál es el mecanismo de acción de Bisoprolol?	Bloquea de forma selectiva los receptores beta1 cardiacos: reduce la frecuencia cardiaca, la contractilidad y la velocidad de conducción AV, disminuyendo el consumo miocárdico de oxígeno. En la insuficiencia cardiaca su beneficio no es hemodinámico sino ANTIRREMODELADO: contrarresta la toxicidad crónica de las catecolaminas sobre el miocardio, mejora la FEVI a medio plazo y reduce la mortalidad y la muerte súbita. La cardioselectividad se PIERDE a dosis altas, momento en que reaparecen los efectos beta2 (broncoespasmo, vasoconstricción periférica, enmascaramiento de hipoglucemia).	Farmacoterapia::Cardiovascular
¿Qué distingue a Bisoprolol de los demás fármacos de su clase (Betabloqueante)?	<b>El betabloqueante MÁS cardioselectivo (beta-1)</b>: el mejor tolerado en EPOC y diabetes.	Farmacoterapia::Cardiovascular
¿Cuál es la dosis de Bisoprolol en Insuficiencia cardiaca con FEVI reducida?	Inicio 1,25 mg/24 h; objetivo 10 mg/24 h — Cada 24 h, vía VO	Farmacoterapia::Cardiovascular
¿Cuál es la dosis de Bisoprolol en Cardiopatía isquémica: angina estable y post-infarto?	2,5-10 mg/24 h — Cada 24 h, vía VO	Farmacoterapia::Cardiovascular
¿Cuál es la dosis de Bisoprolol en Control de la frecuencia en la fibrilación auricular?	2,5-10 mg/24 h — Cada 24 h, vía VO	Farmacoterapia::Cardiovascular
¿Cuál es la dosis de Bisoprolol en Hipertensión arterial?	5-10 mg/24 h — Cada 24 h, vía VO	Farmacoterapia::Cardiovascular
¿Cuánto dura el tratamiento con Bisoprolol?	Indefinida: es un tratamiento pronóstico.	Farmacoterapia::Cardiovascular
¿Cómo se suspende Bisoprolol?	NUNCA suspender de forma brusca: el efecto REBOTE por hipersensibilidad de los receptores beta puede desencadenar angina, crisis hipertensiva, arritmias o infarto. La retirada, cuando está indicada, se hace reduciendo la dosis a la mitad cada 3-7 días durante 1-2 semanas. Ante una descompensación aguda se prefiere REDUCIR la dosis a la mitad antes que suspenderlo.	Farmacoterapia::Cardiovascular
¿Qué hay que monitorizar durante el tratamiento con Bisoprolol?	Frecuencia cardiaca, presión arterial y peso en cada escalón. ECG si hay bradicardia o síntomas. Glucemias en el diabético con hipoglucemias frecuentes.	Farmacoterapia::Cardiovascular
¿Cuál es la vida media de Bisoprolol?	10-12 h, lo que permite la dosis única diaria.	Farmacoterapia::Cardiovascular
¿Requiere Bisoprolol ajuste en insuficiencia renal?	FG <20: no superar 10 mg/día y titular con precaución.	Farmacoterapia::Cardiovascular
Interacción crítica de Bisoprolol con Verapamilo o diltiazem: ¿qué ocurre y qué se hace?	Bradicardia grave, bloqueo AV completo y depresión de la contractilidad por suma de efectos cronotrópicos e inotrópicos negativos. Manejo: Combinación a EVITAR, sobre todo por vía IV. Con las dihidropiridinas (amlodipino) NO existe este problema	Farmacoterapia::Cardiovascular
Interacción crítica de Bisoprolol con Amiodarona, digoxina, ivabradina: ¿qué ocurre y qué se hace?	Bradicardia y bloqueo AV aditivos. Manejo: Vigilar frecuencia y ECG; puede requerir reducción de dosis	Farmacoterapia::Cardiovascular
Interacción crítica de Bisoprolol con Insulina y sulfonilureas: ¿qué ocurre y qué se hace?	ENMASCARAN los síntomas adrenérgicos de la hipoglucemia (temblor, palpitaciones, ansiedad), dejando solo la sudoración; además prolongan la recuperación glucémica. Manejo: Advertir al paciente diabético y reforzar los autocontroles; preferir betabloqueantes cardioselectivos	Farmacoterapia::Cardiovascular
Interacción crítica de Bisoprolol con Clonidina: ¿qué ocurre y qué se hace?	La retirada de la clonidina en un paciente betabloqueado provoca una crisis hipertensiva grave por estimulación alfa sin oposición. Manejo: Retirar SIEMPRE primero el betabloqueante y después la clonidina	Farmacoterapia::Cardiovascular
Efecto adverso grave de Bisoprolol: Bloqueo auriculoventricular avanzado — ¿en qué consiste?	Bloqueo auriculoventricular avanzado	Farmacoterapia::Cardiovascular
Efecto adverso grave de Bisoprolol: Broncoespasmo — ¿en qué consiste?	Broncoespasmo (menor con los cardioselectivos, pero posible a dosis altas)	Farmacoterapia::Cardiovascular
Efecto adverso grave de Bisoprolol: Descompensación de insuficiencia cardiaca si se inicia en fase aguda o se titula demasiado rápido — ¿en qué consiste?	Descompensación de insuficiencia cardiaca si se inicia en fase aguda o se titula demasiado rápido	Farmacoterapia::Cardiovascular
Efecto adverso grave de Bisoprolol: Enmascaramiento de la hipoglucemia grave — ¿en qué consiste?	Enmascaramiento de la hipoglucemia grave	Farmacoterapia::Cardiovascular
Efecto adverso grave de Bisoprolol: Efecto rebote por retirada brusca — ¿en qué consiste?	Efecto rebote por retirada brusca: angina, arritmias, infarto	Farmacoterapia::Cardiovascular
Efecto adverso grave de Bisoprolol: Empeoramiento de la isquemia en la angina vasoespástica — ¿en qué consiste?	Empeoramiento de la isquemia en la angina vasoespástica	Farmacoterapia::Cardiovascular
¿Está contraindicado Bisoprolol en: Bloqueo AV de 2.º o 3.er grado sin marcapasos?	Sí — Bloqueo AV de 2.º o 3.er grado sin marcapasos	Farmacoterapia::Cardiovascular
¿Está contraindicado Bisoprolol en: Bradicardia sintomática?	Sí — Bradicardia sintomática (<50 lpm)	Farmacoterapia::Cardiovascular
¿Está contraindicado Bisoprolol en: Shock cardiogénico e insuficiencia cardiaca aguda descompensada?	Sí — Shock cardiogénico e insuficiencia cardiaca aguda descompensada	Farmacoterapia::Cardiovascular
¿Está contraindicado Bisoprolol en: Asma bronquial grave o mal controlada?	Sí — Asma bronquial grave o mal controlada (en la EPOC son en general seguros y su beneficio supera al riesgo)	Farmacoterapia::Cardiovascular
¿Está contraindicado Bisoprolol en: Enfermedad arterial periférica grave con isquemia crítica?	Sí — Enfermedad arterial periférica grave con isquemia crítica	Farmacoterapia::Cardiovascular
¿Está contraindicado Bisoprolol en: Angina vasoespástica de Prinzmetal?	Sí — Angina vasoespástica de Prinzmetal	Farmacoterapia::Cardiovascular
¿Está contraindicado Bisoprolol en: Feocromocitoma sin alfabloqueo previo?	Sí — Feocromocitoma sin alfabloqueo previo	Farmacoterapia::Cardiovascular
Particularidad de Bisoprolol que hay que tener en cuenta:	En el feocromocitoma, dar un betabloqueante ANTES de haber alfabloqueado provoca una crisis hipertensiva grave: al bloquear la vasodilatación beta2 se deja la vasoconstricción alfa sin oposición. La secuencia correcta es SIEMPRE alfa primero (fenoxibenzamina o doxazosina), beta después.	Farmacoterapia::Cardiovascular
¿A qué clase farmacológica pertenece Furosemida?	Diurético de asa (Inhibidor del cotransportador Na-K-2Cl)	Farmacoterapia::Cardiovascular
¿Cuál es el mecanismo de acción de Furosemida?	Inhibe el cotransportador NKCC2 en la rama ascendente gruesa del asa de Henle, el segmento que reabsorbe el 25% del sodio filtrado: de ahí su enorme potencia diurética («diurético de techo alto»). Al bloquear la reabsorción de sodio destruye el gradiente medular corticopapilar necesario para concentrar la orina. Además tiene un efecto VENODILATADOR precoz, mediado por prostaglandinas, que reduce la precarga y alivia la disnea del edema agudo de pulmón ANTES de que se produzca la diuresis — por eso el paciente mejora en minutos.	Farmacoterapia::Cardiovascular
¿Qué distingue a Furosemida de los demás fármacos de su clase (Diurético de asa)?	<b>Biodisponibilidad oral MUY variable (10-90%)</b>: en la congestión intestinal puede fallar por VO y funcionar IV; la torasemida no tiene ese problema.	Farmacoterapia::Cardiovascular
¿Cuál es la dosis de Furosemida en Edema agudo de pulmón / insuficiencia cardiaca descompensada?	20-40 mg IV en bolo (o el doble de la dosis oral domiciliaria si ya la tomaba) — Repetir cada 6-12 h o perfusión continua, vía IV	Farmacoterapia::Cardiovascular
¿Cuál es la dosis de Furosemida en Insuficiencia cardiaca crónica con congestión?	20-80 mg/24 h (hasta 250-500 mg en casos refractarios) — Cada 12-24 h, vía VO	Farmacoterapia::Cardiovascular
¿Cuál es la dosis de Furosemida en Edemas por síndrome nefrótico, cirrosis o insuficiencia renal?	40-500 mg/día según la función renal — Cada 8-24 h, vía VO o IV	Farmacoterapia::Cardiovascular
¿Cuál es la dosis de Furosemida en Hipercalcemia (junto a hidratación salina intensiva)?	20-40 mg — Cada 6-12 h, vía IV	Farmacoterapia::Cardiovascular
¿Cuál es la dosis de Furosemida en Hiperpotasemia (como medida coadyuvante)?	40 mg — Dosis única, repetible, vía IV	Farmacoterapia::Cardiovascular
¿Cuánto dura el tratamiento con Furosemida?	Días en la descompensación aguda; indefinida y a la MÍNIMA dosis eficaz en la insuficiencia cardiaca crónica.	Farmacoterapia::Cardiovascular
¿Cómo se suspende Furosemida?	Reducir progresivamente hasta la mínima dosis que mantenga al paciente sin congestión, guiándose por el PESO DIARIO. En muchos pacientes bien tratados con el resto de fármacos puede llegar a retirarse.	Farmacoterapia::Cardiovascular
¿Qué hay que monitorizar durante el tratamiento con Furosemida?	PESO DIARIO (es el mejor indicador de respuesta), diuresis, presión arterial, creatinina e IONES (sodio, potasio, magnesio) a las 48-72 h de iniciar o cambiar la dosis, y después periódicamente.	Farmacoterapia::Cardiovascular
¿Cuál es la vida media de Furosemida?	1,5-2 h, muy corta: de ahí el fenómeno de rebote de retención de sodio entre dosis, que obliga a dosificar 2 veces al día en muchos pacientes.	Farmacoterapia::Cardiovascular
¿Requiere Furosemida ajuste en insuficiencia renal?	NO se reduce la dosis: se AUMENTA. En la insuficiencia renal avanzada se necesitan dosis mucho mayores para alcanzar concentraciones tubulares eficaces.	Farmacoterapia::Cardiovascular
Interacción crítica de Furosemida con AINE: ¿qué ocurre y qué se hace?	Bloquean las prostaglandinas necesarias para su efecto y compiten por la secreción tubular: resistencia diurética y riesgo de fracaso renal. Manejo: Evitar; es una causa muy frecuente de descompensación en el paciente con insuficiencia cardiaca	Farmacoterapia::Cardiovascular
Interacción crítica de Furosemida con Aminoglucósidos, cisplatino: ¿qué ocurre y qué se hace?	OTOTOXICIDAD aditiva, potencialmente irreversible. Manejo: Evitar la combinación; si es inevitable, infundir la furosemida lentamente (no más de 4 mg/min) y vigilar la audición	Farmacoterapia::Cardiovascular
Interacción crítica de Furosemida con Digoxina: ¿qué ocurre y qué se hace?	La hipopotasemia y la hipomagnesemia inducidas potencian la toxicidad digitálica y las arritmias. Manejo: Mantener el potasio en 4-5 mmol/L y corregir el magnesio	Farmacoterapia::Cardiovascular
Interacción crítica de Furosemida con Litio: ¿qué ocurre y qué se hace?	Reduce su aclaramiento y aumenta la litemia. Manejo: Monitorizar litemia	Farmacoterapia::Cardiovascular
Interacción crítica de Furosemida con Fármacos que prolongan el QT: ¿qué ocurre y qué se hace?	La hipopotasemia y la hipomagnesemia favorecen la torsade de pointes. Manejo: Corregir electrolitos antes y durante	Farmacoterapia::Cardiovascular
Interacción crítica de Furosemida con IECA/ARA-II + AINE: ¿qué ocurre y qué se hace?	«Triple whammy»: fracaso renal agudo. Manejo: Evitar la triple asociación	Farmacoterapia::Cardiovascular
Efecto adverso grave de Furosemida: OTOTOXICIDAD con hipoacusia y acúfenos, dependiente de la VELOCIDAD de infusión IV y de la dosis, potenciada por aminoglucósidos — ¿en qué consiste?	OTOTOXICIDAD con hipoacusia y acúfenos, dependiente de la VELOCIDAD de infusión IV y de la dosis, potenciada por aminoglucósidos	Farmacoterapia::Cardiovascular
Efecto adverso grave de Furosemida: Fracaso renal agudo prerrenal por diuresis excesiva — ¿en qué consiste?	Fracaso renal agudo prerrenal por diuresis excesiva	Farmacoterapia::Cardiovascular
Efecto adverso grave de Furosemida: Arritmias secundarias a la hipopotasemia — ¿en qué consiste?	Arritmias secundarias a la hipopotasemia	Farmacoterapia::Cardiovascular
Efecto adverso grave de Furosemida: Nefritis intersticial alérgica — ¿en qué consiste?	Nefritis intersticial alérgica	Farmacoterapia::Cardiovascular
Efecto adverso grave de Furosemida: Reacción cruzada en alérgicos a sulfamidas — ¿en qué consiste?	Reacción cruzada en alérgicos a sulfamidas (la furosemida es un derivado sulfonamídico; el ácido etacrínico es la alternativa sin sulfa)	Farmacoterapia::Cardiovascular
Efecto adverso grave de Furosemida: Hiperglucemia y empeoramiento del perfil lipídico — ¿en qué consiste?	Hiperglucemia y empeoramiento del perfil lipídico	Farmacoterapia::Cardiovascular
¿Está contraindicado Furosemida en: Anuria establecida sin respuesta previa?	Sí — Anuria establecida sin respuesta previa	Farmacoterapia::Cardiovascular
¿Está contraindicado Furosemida en: Depleción de volumen o deshidratación grave no corregida?	Sí — Depleción de volumen o deshidratación grave no corregida	Farmacoterapia::Cardiovascular
¿Está contraindicado Furosemida en: Hipopotasemia o hiponatremia graves no corregidas?	Sí — Hipopotasemia o hiponatremia graves no corregidas	Farmacoterapia::Cardiovascular
¿Está contraindicado Furosemida en: Alergia a sulfamidas?	Sí — Alergia a sulfamidas (contraindicación relativa: usar ácido etacrínico)	Farmacoterapia::Cardiovascular
¿Está contraindicado Furosemida en: Encefalopatía hepática activa?	Sí — Encefalopatía hepática activa	Farmacoterapia::Cardiovascular
Particularidad de Furosemida que hay que tener en cuenta:	El alivio de la disnea en el edema agudo de pulmón se debe al efecto VENODILATADOR, que ocurre en 5-15 minutos, mucho antes que la diuresis: por eso el paciente mejora antes de orinar.	Farmacoterapia::Cardiovascular
¿A qué clase farmacológica pertenece Espironolactona?	Antagonista del receptor mineralocorticoide (ARM) (Esteroideo no selectivo)	Farmacoterapia::Cardiovascular
¿Cuál es el mecanismo de acción de Espironolactona?	Antagoniza competitivamente el receptor de mineralocorticoides en el túbulo colector, bloqueando la reabsorción de sodio y la excreción de potasio dependientes de aldosterona. Su efecto diurético es modesto (el túbulo colector reabsorbe solo el 2-3% del sodio), pero su beneficio pronóstico en la insuficiencia cardiaca deriva del bloqueo del efecto PROFIBRÓTICO y de remodelado de la aldosterona sobre el miocardio y el vaso, no de la diuresis. Al no ser selectiva, también bloquea receptores androgénicos y de progesterona: de ahí la ginecomastia.	Farmacoterapia::Cardiovascular
¿Qué distingue a Espironolactona de los demás fármacos de su clase (Antagonista del receptor mineralocorticoide (ARM))?	<b>Antiandrogénico y progestagénico</b>: ginecomastia (~10%), mastodinia, impotencia y alteraciones menstruales (la eplerenona no las produce). Ese efecto se aprovecha en el <b>hirsutismo y el acné femenino</b>.	Farmacoterapia::Cardiovascular
¿Cuál es la dosis de Espironolactona en Insuficiencia cardiaca con FEVI reducida?	Inicio 12,5-25 mg/24 h; máximo 50 mg/24 h — Cada 24 h, vía VO	Farmacoterapia::Cardiovascular
¿Cuál es la dosis de Espironolactona en Ascitis por cirrosis hepática?	100-400 mg/24 h — Cada 24 h, vía VO	Farmacoterapia::Cardiovascular
¿Cuál es la dosis de Espironolactona en Hiperaldosteronismo primario (síndrome de Conn)?	25-100 mg/24 h — Cada 24 h, vía VO	Farmacoterapia::Cardiovascular
¿Cuál es la dosis de Espironolactona en Hipertensión arterial RESISTENTE (no controlada con 3 fármacos incluido un diurético)?	25-50 mg/24 h — Cada 24 h, vía VO	Farmacoterapia::Cardiovascular
¿Cuál es la dosis de Espironolactona en Acné, hirsutismo y síndrome de ovario poliquístico en la mujer?	50-200 mg/24 h — Cada 24 h, vía VO	Farmacoterapia::Cardiovascular
¿Cuánto dura el tratamiento con Espironolactona?	Indefinida en la insuficiencia cardiaca (tratamiento pronóstico) y en el hiperaldosteronismo.	Farmacoterapia::Cardiovascular
¿Cómo se suspende Espironolactona?	Se suspende si el potasio supera 5,5-6,0 mmol/L o si el filtrado cae por debajo de 30 mL/min. En el varón, la ginecomastia dolorosa obliga a cambiar a eplerenona.	Farmacoterapia::Cardiovascular
¿Qué hay que monitorizar durante el tratamiento con Espironolactona?	POTASIO y creatinina a los 3-7 días de iniciar o subir dosis, después al mes y cada 3-6 meses. Vigilar la aparición de ginecomastia en el varón.	Farmacoterapia::Cardiovascular
¿Cuál es la vida media de Espironolactona?	1,4 h la del fármaco original, pero 16-20 h la de sus metabolitos activos: el efecto pleno tarda 2-3 días en establecerse y persiste días tras suspenderla.	Farmacoterapia::Cardiovascular
¿Requiere Espironolactona ajuste en insuficiencia renal?	CONTRAINDICADA si FG <30 mL/min. Con FG 30-50, usar 12,5 mg y controlar el potasio con especial frecuencia.	Farmacoterapia::Cardiovascular
Interacción crítica de Espironolactona con IECA, ARA-II, sacubitrilo-valsartán: ¿qué ocurre y qué se hace?	HIPERPOTASEMIA, que es la interacción más relevante y peligrosa de la cardiología ambulatoria. Manejo: Combinación indicada y beneficiosa en la insuficiencia cardiaca, pero exige control analítico estricto y protocolizado	Farmacoterapia::Cardiovascular
Interacción crítica de Espironolactona con Suplementos de potasio y sustitutos de la sal: ¿qué ocurre y qué se hace?	Hiperpotasemia grave. Manejo: Retirar los suplementos salvo indicación expresa; advertir sobre las sales «sin sodio»	Farmacoterapia::Cardiovascular
Interacción crítica de Espironolactona con AINE: ¿qué ocurre y qué se hace?	Reducen el efecto diurético y aumentan la hiperpotasemia y el riesgo renal. Manejo: Evitar	Farmacoterapia::Cardiovascular
Interacción crítica de Espironolactona con Cotrimoxazol: ¿qué ocurre y qué se hace?	El trimetoprim bloquea el canal epitelial de sodio y suma hiperpotasemia; asociación descrita como causa de muerte súbita en ancianos. Manejo: Evitar la asociación o controlar el potasio a los 3-5 días	Farmacoterapia::Cardiovascular
Efecto adverso grave de Espironolactona: Hiperpotasemia grave con arritmias y parada cardiaca — ¿en qué consiste?	Hiperpotasemia grave con arritmias y parada cardiaca	Farmacoterapia::Cardiovascular
Efecto adverso grave de Espironolactona: Fracaso renal agudo, especialmente combinada con IECA y AINE — ¿en qué consiste?	Fracaso renal agudo, especialmente combinada con IECA y AINE	Farmacoterapia::Cardiovascular
Efecto adverso grave de Espironolactona: Acidosis metabólica hiperclorémica — ¿en qué consiste?	Acidosis metabólica hiperclorémica	Farmacoterapia::Cardiovascular
Efecto adverso grave de Espironolactona: Impotencia y disminución de la libido en el varón — ¿en qué consiste?	Impotencia y disminución de la libido en el varón	Farmacoterapia::Cardiovascular
¿Está contraindicado Espironolactona en: Hiperpotasemia?	Sí — Hiperpotasemia (>5,0 mmol/L al inicio)	Farmacoterapia::Cardiovascular
¿Está contraindicado Espironolactona en: Insuficiencia renal con FG <30 mL/min?	Sí — Insuficiencia renal con FG <30 mL/min	Farmacoterapia::Cardiovascular
¿Está contraindicado Espironolactona en: Enfermedad de Addison?	Sí — Enfermedad de Addison	Farmacoterapia::Cardiovascular
¿Está contraindicado Espironolactona en: Anuria?	Sí — Anuria	Farmacoterapia::Cardiovascular
¿Está contraindicado Espironolactona en: Combinación con otros ahorradores de potasio o suplementos de potasio?	Sí — Combinación con otros ahorradores de potasio o suplementos de potasio	Farmacoterapia::Cardiovascular
Particularidad de Espironolactona que hay que tener en cuenta:	Su beneficio en la insuficiencia cardiaca NO es diurético sino ANTIFIBRÓTICO: bloquea el remodelado inducido por la aldosterona. Por eso funciona a dosis bajas (25 mg) que apenas producen diuresis.	Farmacoterapia::Cardiovascular
¿A qué clase farmacológica pertenece Atorvastatina?	Estatina (inhibidor de la HMG-CoA reductasa) (Estatina de alta intensidad)	Farmacoterapia::Cardiovascular
¿Cuál es el mecanismo de acción de Atorvastatina?	Inhibe competitivamente la HMG-CoA reductasa, enzima limitante de la síntesis hepática de colesterol. La caída del colesterol intracelular induce la expresión de RECEPTORES DE LDL en la superficie del hepatocito, que captan LDL circulante: ese es el mecanismo principal del descenso del colesterol plasmático. Además tienen efectos PLEIOTRÓPICOS independientes del descenso lipídico: estabilización de la placa de ateroma, efecto antiinflamatorio (descenso de la PCR), mejora de la función endotelial y efecto antitrombótico.	Farmacoterapia::Cardiovascular
¿Qué distingue a Atorvastatina de los demás fármacos de su clase (Estatina (inhibidor de la HMG-CoA reductasa))?	<b>Eliminación BILIAR: NO necesita ajuste renal</b>; es la estatina de elección en la <b>enfermedad renal crónica</b> (la rosuvastatina sí se ajusta).	Farmacoterapia::Cardiovascular
¿Cuál es la dosis de Atorvastatina en Prevención secundaria: cardiopatía isquémica, ictus aterotrombótico, arteriopatía periférica?	40-80 mg/24 h (alta intensidad) — Cada 24 h, vía VO	Farmacoterapia::Cardiovascular
¿Cuál es la dosis de Atorvastatina en Prevención primaria en paciente de alto riesgo cardiovascular?	10-40 mg/24 h — Cada 24 h, vía VO	Farmacoterapia::Cardiovascular
¿Cuál es la dosis de Atorvastatina en Diabetes mellitus con factores de riesgo o lesión de órgano diana?	20-40 mg/24 h — Cada 24 h, vía VO	Farmacoterapia::Cardiovascular
¿Cuál es la dosis de Atorvastatina en Hipercolesterolemia familiar?	40-80 mg/24 h — Cada 24 h, vía VO	Farmacoterapia::Cardiovascular
¿Cuál es la dosis de Atorvastatina en Enfermedad renal crónica moderada-grave (no en diálisis)?	20-40 mg/24 h — Cada 24 h, vía VO	Farmacoterapia::Cardiovascular
¿Cuánto dura el tratamiento con Atorvastatina?	INDEFINIDA, de por vida en prevención secundaria. La suspensión revierte el beneficio y se asocia a aumento de eventos.	Farmacoterapia::Cardiovascular
¿Cómo se suspende Atorvastatina?	No se suspende por alcanzar el objetivo de LDL: el objetivo se mantiene GRACIAS al fármaco. Se retira ante rabdomiólisis, hepatotoxicidad significativa o embarazo.	Farmacoterapia::Cardiovascular
¿Qué hay que monitorizar durante el tratamiento con Atorvastatina?	Perfil lipídico a las 4-12 semanas y luego anual. Transaminasas basales y solo si hay síntomas. CK únicamente si aparecen síntomas musculares. NO está indicado el control rutinario de CK ni de transaminasas en el paciente asintomático.	Farmacoterapia::Cardiovascular
¿Cuál es la vida media de Atorvastatina?	14 h (pero sus metabolitos activos prolongan el efecto a 20-30 h), lo que permite tomarla a cualquier hora del día.	Farmacoterapia::Cardiovascular
¿Requiere Atorvastatina ajuste en insuficiencia renal?	NO precisa ajuste, ni siquiera en insuficiencia renal avanzada. Es la estatina de elección en el nefrópata.	Farmacoterapia::Cardiovascular
Interacción crítica de Atorvastatina con Inhibidores potentes del CYP3A4: claritromicina, itraconazol, ritonavir, ciclosporina, verapamilo, diltiazem, zumo de POMELO: ¿qué ocurre y qué se hace?	Multiplican sus concentraciones y el riesgo de miopatía y RABDOMIÓLISIS. Manejo: Suspender la estatina durante el ciclo de claritromicina; con inhibidores crónicos, limitar la dosis o cambiar a pravastatina o rosuvastatina	Farmacoterapia::Cardiovascular
Interacción crítica de Atorvastatina con Fibratos, especialmente GEMFIBROZILO: ¿qué ocurre y qué se hace?	Riesgo muy elevado de rabdomiólisis. Manejo: Si hace falta un fibrato, usar FENOFIBRATO, que no comparte esa interacción	Farmacoterapia::Cardiovascular
Interacción crítica de Atorvastatina con Colchicina: ¿qué ocurre y qué se hace?	Miopatía aditiva. Manejo: Vigilar síntomas musculares y CK	Farmacoterapia::Cardiovascular
Interacción crítica de Atorvastatina con Ciclosporina y tacrolimús: ¿qué ocurre y qué se hace?	Elevación marcada de las concentraciones de estatina. Manejo: Limitar la dosis; en el trasplantado, la pravastatina o la fluvastatina son más seguras	Farmacoterapia::Cardiovascular
Efecto adverso grave de Atorvastatina: RABDOMIÓLISIS con CK >10 veces el límite normal, mioglobinuria e insuficiencia renal aguda — ¿en qué consiste?	RABDOMIÓLISIS con CK >10 veces el límite normal, mioglobinuria e insuficiencia renal aguda (muy rara, ~1/100 000, pero grave)	Farmacoterapia::Cardiovascular
Efecto adverso grave de Atorvastatina: Hepatotoxicidad significativa — ¿en qué consiste?	Hepatotoxicidad significativa (excepcional)	Farmacoterapia::Cardiovascular
Efecto adverso grave de Atorvastatina: Miopatía necrotizante autoinmune mediada por anticuerpos anti-HMGCR, que persiste tras suspender el fármaco y requiere inmunosupresión — ¿en qué consiste?	Miopatía necrotizante autoinmune mediada por anticuerpos anti-HMGCR, que persiste tras suspender el fármaco y requiere inmunosupresión	Farmacoterapia::Cardiovascular
Efecto adverso grave de Atorvastatina: Aumento discreto del riesgo de diabetes de nueva aparición — ¿en qué consiste?	Aumento discreto del riesgo de diabetes de nueva aparición (el beneficio cardiovascular supera claramente a este riesgo)	Farmacoterapia::Cardiovascular
¿Está contraindicado Atorvastatina en: EMBARAZO y lactancia?	Sí — EMBARAZO y lactancia	Farmacoterapia::Cardiovascular
¿Está contraindicado Atorvastatina en: Hepatopatía activa o elevación persistente e inexplicada de transaminasas?	Sí — Hepatopatía activa o elevación persistente e inexplicada de transaminasas	Farmacoterapia::Cardiovascular
¿Está contraindicado Atorvastatina en: Miopatía activa?	Sí — Miopatía activa	Farmacoterapia::Cardiovascular
¿Está contraindicado Atorvastatina en: Hipersensibilidad?	Sí — Hipersensibilidad	Farmacoterapia::Cardiovascular
Particularidad de Atorvastatina que hay que tener en cuenta:	La atorvastatina es de eliminación BILIAR y no precisa ajuste renal: es la estatina de elección en la enfermedad renal crónica, donde la rosuvastatina sí exige reducir la dosis.	Farmacoterapia::Cardiovascular
¿A qué clase farmacológica pertenece Amiodarona?	Antiarrítmico (Clase III de Vaughan-Williams (con propiedades de las cuatro clases))	Farmacoterapia::Cardiovascular
¿Cuál es el mecanismo de acción de Amiodarona?	Su acción principal es el bloqueo de los canales de POTASIO, que prolonga la repolarización y el periodo refractario efectivo (clase III). Pero además bloquea canales de sodio (clase I), tiene efecto antiadrenérgico no competitivo (clase II) y bloquea canales de calcio (clase IV): esa acción sobre las cuatro clases explica su eficacia en prácticamente cualquier arritmia. Es un análogo estructural de la HORMONA TIROIDEA y contiene DOS ÁTOMOS DE YODO por molécula, de donde derivan sus efectos tiroideos.	Farmacoterapia::Cardiovascular
¿Qué distingue a Amiodarona de los demás fármacos de su clase (Antiarrítmico)?	<b>El antiarrítmico de la CARDIOPATÍA ESTRUCTURAL</b>: utilizable con FEVI reducida o cardiopatía isquémica (la flecainida está contraindicada ahí).	Farmacoterapia::Cardiovascular
¿Cuál es la dosis de Amiodarona en Fibrilación auricular: control del ritmo (cardioversión farmacológica y mantenimiento)?	Carga 600-800 mg/día hasta 10 g totales; mantenimiento 200 mg/24 h — Cada 24 h tras la carga, vía VO	Farmacoterapia::Cardiovascular
¿Cuál es la dosis de Amiodarona en Taquicardia ventricular y prevención de recurrencias?	150 mg IV en 10 min, seguidos de 1 mg/min durante 6 h y 0,5 mg/min 18 h — Perfusión continua, vía IV	Farmacoterapia::Cardiovascular
¿Cuál es la dosis de Amiodarona en Parada cardiaca por fibrilación ventricular o taquicardia ventricular sin pulso refractaria a desfibrilación?	300 mg en bolo (y una segunda dosis de 150 mg si persiste) — Dosis única, repetible, vía IV/intraósea	Farmacoterapia::Cardiovascular
¿Cuál es la dosis de Amiodarona en Reducción de descargas apropiadas en portadores de desfibrilador implantable?	200 mg/24 h — Cada 24 h, vía VO	Farmacoterapia::Cardiovascular
¿Cuánto dura el tratamiento con Amiodarona?	Puede ser indefinida, pero la toxicidad acumulativa obliga a reevaluar periódicamente la relación beneficio-riesgo.	Farmacoterapia::Cardiovascular
¿Cómo se suspende Amiodarona?	La retirada NO produce rebote inmediato: por su vida media de 40-100 días, el efecto persiste SEMANAS O MESES tras suspenderla. Eso significa que la toxicidad tampoco desaparece rápido y que las interacciones se mantienen mucho tiempo.	Farmacoterapia::Cardiovascular
¿Qué hay que monitorizar durante el tratamiento con Amiodarona?	PROTOCOLO OBLIGATORIO: TSH y T4 libre cada 6 meses; transaminasas cada 6 meses; radiografía de tórax anual y pruebas de función respiratoria con DLCO si aparece disnea; exploración oftalmológica anual; ECG con QTc periódico; exploración neurológica y cutánea.	Farmacoterapia::Cardiovascular
¿Cuál es la vida media de Amiodarona?	40-100 DÍAS (la más larga de la farmacopea cardiológica habitual).	Farmacoterapia::Cardiovascular
¿Requiere Amiodarona ajuste en insuficiencia renal?	NO precisa ajuste.	Farmacoterapia::Cardiovascular
Interacción crítica de Amiodarona con DIGOXINA: ¿qué ocurre y qué se hace?	Duplica sus concentraciones al inhibir la glicoproteína P, con intoxicación digitálica. Manejo: REDUCIR A LA MITAD la dosis de digoxina al iniciar la amiodarona y monitorizar niveles	Farmacoterapia::Cardiovascular
Interacción crítica de Amiodarona con Anticoagulantes antivitamina K (warfarina, acenocumarol): ¿qué ocurre y qué se hace?	Potencia su efecto hasta duplicar el INR, con riesgo hemorrágico grave; el efecto persiste semanas tras suspenderla. Manejo: Reducir preventivamente la dosis del anticoagulante un 30-50% y controlar el INR estrechamente durante semanas	Farmacoterapia::Cardiovascular
Interacción crítica de Amiodarona con Fármacos que prolongan el QT (quinolonas, macrólidos, antipsicóticos, ondansetrón, sotalol): ¿qué ocurre y qué se hace?	Riesgo aditivo de torsade de pointes. Manejo: Evitar la asociación; corregir potasio y magnesio	Farmacoterapia::Cardiovascular
Interacción crítica de Amiodarona con Betabloqueantes, verapamilo, diltiazem: ¿qué ocurre y qué se hace?	Bradicardia grave y bloqueo AV. Manejo: Vigilar frecuencia y conducción; ajustar dosis	Farmacoterapia::Cardiovascular
Interacción crítica de Amiodarona con Estatinas (simvastatina): ¿qué ocurre y qué se hace?	Aumento del riesgo de miopatía y rabdomiólisis. Manejo: Limitar simvastatina a 20 mg o cambiar a pravastatina/rosuvastatina	Farmacoterapia::Cardiovascular
Efecto adverso grave de Amiodarona: TOXICIDAD PULMONAR — ¿en qué consiste?	TOXICIDAD PULMONAR: neumonitis por hipersensibilidad o fibrosis pulmonar, potencialmente MORTAL. Es la toxicidad más temida; se manifiesta como disnea progresiva y tos seca con infiltrados intersticiales	Farmacoterapia::Cardiovascular
Efecto adverso grave de Amiodarona: Hepatitis y cirrosis — ¿en qué consiste?	Hepatitis y cirrosis	Farmacoterapia::Cardiovascular
Efecto adverso grave de Amiodarona: Tirotoxicosis inducida por amiodarona tipo I — ¿en qué consiste?	Tirotoxicosis inducida por amiodarona tipo I (hiperfunción por exceso de yodo, en tiroides patológica) y tipo II (tiroiditis destructiva, en tiroides sana): distinción crítica porque el tratamiento es distinto (antitiroideos frente a corticoides)	Farmacoterapia::Cardiovascular
Efecto adverso grave de Amiodarona: Coloración cutánea GRIS-AZULADA en zonas fotoexpuestas, característica y a menudo irreversible — ¿en qué consiste?	Coloración cutánea GRIS-AZULADA en zonas fotoexpuestas, característica y a menudo irreversible	Farmacoterapia::Cardiovascular
Efecto adverso grave de Amiodarona: Neuropatía periférica y neuropatía óptica — ¿en qué consiste?	Neuropatía periférica y neuropatía óptica	Farmacoterapia::Cardiovascular
Efecto adverso grave de Amiodarona: Bradicardia grave y bloqueo AV — ¿en qué consiste?	Bradicardia grave y bloqueo AV	Farmacoterapia::Cardiovascular
Efecto adverso grave de Amiodarona: Torsade de pointes — ¿en qué consiste?	Torsade de pointes (paradójicamente MENOS frecuente que con otros fármacos que alargan el QT)	Farmacoterapia::Cardiovascular
¿Está contraindicado Amiodarona en: Bradicardia sinusal grave, enfermedad del seno o bloqueo AV avanzado sin marcapasos?	Sí — Bradicardia sinusal grave, enfermedad del seno o bloqueo AV avanzado sin marcapasos	Farmacoterapia::Cardiovascular
¿Está contraindicado Amiodarona en: Hipertiroidismo no controlado?	Sí — Hipertiroidismo no controlado	Farmacoterapia::Cardiovascular
¿Está contraindicado Amiodarona en: Alergia al yodo?	Sí — Alergia al yodo	Farmacoterapia::Cardiovascular
¿Está contraindicado Amiodarona en: Embarazo y lactancia?	Sí — Embarazo y lactancia	Farmacoterapia::Cardiovascular
¿Está contraindicado Amiodarona en: QT largo congénito?	Sí — QT largo congénito	Farmacoterapia::Cardiovascular
¿Está contraindicado Amiodarona en: Enfermedad pulmonar intersticial avanzada?	Sí — Enfermedad pulmonar intersticial avanzada	Farmacoterapia::Cardiovascular
Particularidad de Amiodarona que hay que tener en cuenta:	Es un fármaco «lento en todo»: tarda semanas en actuar plenamente y semanas o meses en desaparecer. Suspenderla no resuelve la toxicidad ni las interacciones a corto plazo, y hay que seguir vigilando al paciente durante meses tras la retirada.	Farmacoterapia::Cardiovascular
¿A qué clase farmacológica pertenece Digoxina?	Inotrópico no adrenérgico (Inhibidor de la bomba Na+/K+-ATPasa)	Farmacoterapia::Cardiovascular
¿Cuál es el mecanismo de acción de Digoxina?	Inhibe la bomba Na+/K+-ATPasa de la membrana del miocardiocito: el sodio intracelular aumenta, lo que reduce el gradiente que impulsa el intercambiador Na+/Ca2+ y hace que se acumule CALCIO intracelular → mayor contractilidad (INOTROPISMO POSITIVO). Simultáneamente tiene un potente efecto VAGOTÓNICO que enlentece la conducción por el nodo AV (efecto cronotrópico y dromotrópico negativos), que es la base de su uso en la fibrilación auricular. El POTASIO compite con la digoxina por el mismo sitio de unión en la bomba: por eso la HIPOPOTASEMIA potencia la toxicidad digitálica aunque los niveles del fármaco sean normales.	Farmacoterapia::Cardiovascular
¿Qué distingue a Digoxina de los demás fármacos de su clase (Inotrópico no adrenérgico)?	<b>El único inotrópico ORAL</b> de uso crónico: control de frecuencia en FA (sobre todo sedentarios o con IC) y síntomas en IC.	Farmacoterapia::Cardiovascular
¿Cuál es la dosis de Digoxina en Fibrilación auricular con respuesta ventricular rápida (control de frecuencia)?	Carga 0,5 mg y luego 0,25 mg/6 h hasta 1-1,5 mg; mantenimiento 0,125-0,25 mg/24 h — Cada 24 h, vía VO o IV	Farmacoterapia::Cardiovascular
¿Cuál es la dosis de Digoxina en Insuficiencia cardiaca con FEVI reducida sintomática pese a tratamiento optimizado?	0,125-0,25 mg/24 h — Cada 24 h, vía VO	Farmacoterapia::Cardiovascular
¿Cuál es la dosis de Digoxina en Control de frecuencia en el paciente hipotenso o con insuficiencia cardiaca aguda?	0,25-0,5 mg IV lenta — Repetible cada 6 h hasta 1,5 mg/24 h, vía IV	Farmacoterapia::Cardiovascular
¿Cuánto dura el tratamiento con Digoxina?	Indefinida mientras persista la indicación, revisando periódicamente la dosis frente a los cambios de función renal.	Farmacoterapia::Cardiovascular
¿Cómo se suspende Digoxina?	Se suspende ante signos de toxicidad, deterioro de la función renal o si deja de ser necesaria. Su retirada en la insuficiencia cardiaca puede provocar empeoramiento sintomático.	Farmacoterapia::Cardiovascular
¿Qué hay que monitorizar durante el tratamiento con Digoxina?	DIGOXINEMIA extraída al menos 6-8 h DESPUÉS de la última dosis (antes, refleja la fase de distribución y da falsos valores altos). Función renal, potasio y magnesio periódicos. ECG.	Farmacoterapia::Cardiovascular
¿Cuál es la vida media de Digoxina?	36-48 h con función renal normal; hasta 5 días o más en la insuficiencia renal.	Farmacoterapia::Cardiovascular
¿Requiere Digoxina ajuste en insuficiencia renal?	IMPRESCINDIBLE. FG 30-50: reducir la dosis a la mitad. FG <30: 0,0625-0,125 mg/24 h o en días alternos, siempre con niveles. Es la principal causa de toxicidad.	Farmacoterapia::Cardiovascular
Interacción crítica de Digoxina con AMIODARONA: ¿qué ocurre y qué se hace?	Duplica los niveles de digoxina al inhibir la glicoproteína P. Manejo: Reducir la digoxina A LA MITAD al iniciar la amiodarona	Farmacoterapia::Cardiovascular
Interacción crítica de Digoxina con Verapamilo, quinidina, propafenona, dronedarona: ¿qué ocurre y qué se hace?	Aumentan sus concentraciones por el mismo mecanismo. Manejo: Reducir la dosis un 30-50% y monitorizar niveles	Farmacoterapia::Cardiovascular
Interacción crítica de Digoxina con Diuréticos de asa y tiazidas: ¿qué ocurre y qué se hace?	La HIPOPOTASEMIA y la hipomagnesemia inducidas potencian la toxicidad aunque la digoxinemia sea normal. Manejo: Mantener el potasio en 4-5 mmol/L y corregir el magnesio	Farmacoterapia::Cardiovascular
Interacción crítica de Digoxina con Claritromicina y eritromicina: ¿qué ocurre y qué se hace?	Elevan sus niveles por inhibición de la glicoproteína P y por alteración de la flora intestinal que la metaboliza. Manejo: Monitorizar niveles o preferir azitromicina	Farmacoterapia::Cardiovascular
Interacción crítica de Digoxina con Calcio intravenoso: ¿qué ocurre y qué se hace?	Puede precipitar arritmias graves («corazón de piedra») en el paciente digitalizado. Manejo: Evitar el calcio IV rápido; administrarlo lentamente y solo si es imprescindible	Farmacoterapia::Cardiovascular
Efecto adverso grave de Digoxina: INTOXICACIÓN DIGITÁLICA — ¿en qué consiste?	INTOXICACIÓN DIGITÁLICA: arritmias de casi cualquier tipo, siendo muy características la taquicardia auricular con bloqueo AV, la taquicardia ventricular bidireccional y el bloqueo AV avanzado	Farmacoterapia::Cardiovascular
Efecto adverso grave de Digoxina: Alteraciones visuales — ¿en qué consiste?	Alteraciones visuales: visión BORROSA y AMARILLENTA (xantopsia), halos alrededor de las luces — muy características	Farmacoterapia::Cardiovascular
Efecto adverso grave de Digoxina: Confusión, desorientación y delirium en el anciano — ¿en qué consiste?	Confusión, desorientación y delirium en el anciano	Farmacoterapia::Cardiovascular
Efecto adverso grave de Digoxina: Ginecomastia con el uso prolongado — ¿en qué consiste?	Ginecomastia con el uso prolongado	Farmacoterapia::Cardiovascular
Efecto adverso grave de Digoxina: Hiperpotasemia en la intoxicación AGUDA — ¿en qué consiste?	Hiperpotasemia en la intoxicación AGUDA (por bloqueo generalizado de la bomba Na/K), que es un marcador de gravedad	Farmacoterapia::Cardiovascular
¿Está contraindicado Digoxina en: Bloqueo AV de 2.º o 3.er grado sin marcapasos?	Sí — Bloqueo AV de 2.º o 3.er grado sin marcapasos	Farmacoterapia::Cardiovascular
¿Está contraindicado Digoxina en: Síndrome de WOLFF-PARKINSON-WHITE con fibrilación auricular?	Sí — Síndrome de WOLFF-PARKINSON-WHITE con fibrilación auricular: al bloquear el nodo AV favorece la conducción por la vía accesoria y puede degenerar en fibrilación ventricular	Farmacoterapia::Cardiovascular
¿Está contraindicado Digoxina en: Miocardiopatía hipertrófica obstructiva?	Sí — Miocardiopatía hipertrófica obstructiva (el inotropismo positivo aumenta la obstrucción)	Farmacoterapia::Cardiovascular
¿Está contraindicado Digoxina en: Intoxicación digitálica previa no aclarada?	Sí — Intoxicación digitálica previa no aclarada	Farmacoterapia::Cardiovascular
¿Está contraindicado Digoxina en: Hipopotasemia grave no corregida?	Sí — Hipopotasemia grave no corregida	Farmacoterapia::Cardiovascular
Particularidad de Digoxina que hay que tener en cuenta:	El descenso «en cubeta» del segmento ST (cazoleta digitálica) en el ECG indica IMPREGNACIÓN, no intoxicación: aparece a dosis terapéuticas y no obliga a modificar nada.	Farmacoterapia::Cardiovascular
¿A qué clase farmacológica pertenece Nitroglicerina?	Nitrato y donante de óxido nítrico (Vasodilatador de predominio venoso)	Farmacoterapia::Cardiovascular
¿Cuál es el mecanismo de acción de Nitroglicerina?	Se metaboliza liberando ÓXIDO NÍTRICO, que activa la guanilato ciclasa del músculo liso vascular; el aumento de GMPc produce desfosforilación de la miosina y relajación. Es predominantemente VENODILATADOR a dosis bajas: reduce el retorno venoso y con ello la PRECARGA, la tensión parietal y el consumo miocárdico de oxígeno — ese es el mecanismo principal del alivio de la angina, más que la dilatación coronaria. A dosis altas también dilata arterias y reduce la poscarga.	Farmacoterapia::Cardiovascular
¿Qué distingue a Nitroglicerina de los demás fármacos de su clase (Nitrato y donante de óxido nítrico)?	<b>Nitrato de ACCIÓN INMEDIATA</b>: sublingual (efecto en 1-3 min) para la <b>crisis de angina</b> y IV en el síndrome coronario agudo y el edema agudo de pulmón hipertensivo.	Farmacoterapia::Cardiovascular
¿Cuál es la dosis de Nitroglicerina en Crisis de angina de pecho (tratamiento de rescate)?	0,4-0,8 mg — Sublingual, repetible cada 5 min hasta 3 dosis, vía SL	Farmacoterapia::Cardiovascular
¿Cuál es la dosis de Nitroglicerina en Síndrome coronario agudo con dolor persistente o hipertensión?	10-200 µg/min — Perfusión continua titulada, vía IV	Farmacoterapia::Cardiovascular
¿Cuál es la dosis de Nitroglicerina en Edema agudo de pulmón hipertensivo?	10-200 µg/min (o 0,4 mg SL mientras se prepara la vía) — Perfusión continua, vía IV o SL	Farmacoterapia::Cardiovascular
¿Cuál es la dosis de Nitroglicerina en Profilaxis de la angina de esfuerzo?	Mononitrato de isosorbida 20-40 mg/12 h o parche de nitroglicerina 5-15 mg/24 h — Con INTERVALO LIBRE de 8-12 h al día, vía VO o transdérmica	Farmacoterapia::Cardiovascular
¿Cuál es la dosis de Nitroglicerina en Fisura anal crónica?	Pomada de nitroglicerina al 0,4% — Cada 12 h, 6-8 semanas, vía tópica	Farmacoterapia::Cardiovascular
¿Cuánto dura el tratamiento con Nitroglicerina?	Minutos (crisis aguda), horas o días (perfusión IV), indefinida como profilaxis crónica.	Farmacoterapia::Cardiovascular
¿Cómo se suspende Nitroglicerina?	La perfusión IV se retira progresivamente para evitar rebote isquémico. En el tratamiento crónico transdérmico, el parche se retira 8-12 h al día (habitualmente por la noche) para restaurar la sensibilidad.	Farmacoterapia::Cardiovascular
¿Qué hay que monitorizar durante el tratamiento con Nitroglicerina?	Presión arterial y frecuencia cardiaca continuas en la perfusión IV. Preguntar SIEMPRE por el uso de inhibidores de la fosfodiesterasa-5 antes de administrarla.	Farmacoterapia::Cardiovascular
¿Cuál es la vida media de Nitroglicerina?	1-4 minutos la nitroglicerina; 4-5 h el mononitrato de isosorbida.	Farmacoterapia::Cardiovascular
¿Requiere Nitroglicerina ajuste en insuficiencia renal?	No precisa ajuste.	Farmacoterapia::Cardiovascular
Interacción crítica de Nitroglicerina con INHIBIDORES DE LA FOSFODIESTERASA-5 (sildenafilo, tadalafilo, vardenafilo): ¿qué ocurre y qué se hace?	HIPOTENSIÓN GRAVE Y REFRACTARIA, potencialmente mortal: ambos actúan sobre la misma vía del GMPc y el efecto es sinérgico. Manejo: CONTRAINDICACIÓN ABSOLUTA. Respetar 24 h desde el sildenafilo o el vardenafilo y 48 h desde el TADALAFILO (vida media más larga). Preguntarlo siempre y explícitamente, incluso en pacientes mayores	Farmacoterapia::Cardiovascular
Interacción crítica de Nitroglicerina con Riociguat (estimulador de la guanilato ciclasa): ¿qué ocurre y qué se hace?	Hipotensión grave por el mismo mecanismo. Manejo: Contraindicado	Farmacoterapia::Cardiovascular
Efecto adverso grave de Nitroglicerina: Hipotensión grave con síncope, especialmente en el infarto de VENTRÍCULO DERECHO, donde el gasto cardiaco es dependiente de la precarga — ¿en qué consiste?	Hipotensión grave con síncope, especialmente en el infarto de VENTRÍCULO DERECHO, donde el gasto cardiaco es dependiente de la precarga	Farmacoterapia::Cardiovascular
Efecto adverso grave de Nitroglicerina: Colapso circulatorio con inhibidores de la fosfodiesterasa-5 — ¿en qué consiste?	Colapso circulatorio con inhibidores de la fosfodiesterasa-5	Farmacoterapia::Cardiovascular
Efecto adverso grave de Nitroglicerina: Metahemoglobinemia — ¿en qué consiste?	Metahemoglobinemia (rara, con dosis muy altas y prolongadas)	Farmacoterapia::Cardiovascular
Efecto adverso grave de Nitroglicerina: Taquifilaxia — ¿en qué consiste?	Taquifilaxia (tolerancia) con la administración continua	Farmacoterapia::Cardiovascular
¿Está contraindicado Nitroglicerina en: Uso de inhibidores de la fosfodiesterasa-5 en las 24-48 h previas?	Sí — Uso de inhibidores de la fosfodiesterasa-5 en las 24-48 h previas (contraindicación absoluta)	Farmacoterapia::Cardiovascular
¿Está contraindicado Nitroglicerina en: INFARTO DE VENTRÍCULO DERECHO?	Sí — INFARTO DE VENTRÍCULO DERECHO (precarga-dependiente: la venodilatación provoca colapso)	Farmacoterapia::Cardiovascular
¿Está contraindicado Nitroglicerina en: Hipotensión?	Sí — Hipotensión (PAS <90 mmHg)	Farmacoterapia::Cardiovascular
¿Está contraindicado Nitroglicerina en: Estenosis aórtica grave y miocardiopatía hipertrófica obstructiva?	Sí — Estenosis aórtica grave y miocardiopatía hipertrófica obstructiva	Farmacoterapia::Cardiovascular
¿Está contraindicado Nitroglicerina en: Taponamiento cardiaco y pericarditis constrictiva?	Sí — Taponamiento cardiaco y pericarditis constrictiva	Farmacoterapia::Cardiovascular
¿Está contraindicado Nitroglicerina en: Hipertensión intracraneal?	Sí — Hipertensión intracraneal	Farmacoterapia::Cardiovascular
Particularidad de Nitroglicerina que hay que tener en cuenta:	En todo paciente con dolor torácico hay que preguntar EXPLÍCITAMENTE por el uso de sildenafilo o tadalafilo antes de administrar nitroglicerina: es una interacción mortal y los pacientes no la mencionan espontáneamente. Con tadalafilo hay que esperar 48 h, no 24.	Farmacoterapia::Cardiovascular
¿A qué clase farmacológica pertenece Adenosina?	Antiarrítmico (Nucleósido endógeno agonista del receptor A1 (no clasificable en Vaughan-Williams))	Farmacoterapia::Cardiovascular
¿Cuál es el mecanismo de acción de Adenosina?	Activa el receptor A1 del nodo auriculoventricular, que abre los canales de potasio dependientes de acetilcolina y reduce la corriente de calcio: la célula se hiperpolariza y la conducción por el nodo se BLOQUEA durante unos segundos. Ese bloqueo transitorio tiene dos usos que hay que distinguir. Si la taquicardia UTILIZA el nodo auriculoventricular como parte de su circuito (taquicardia por reentrada nodal o por vía accesoria), interrumpir el nodo CORTA el circuito y la arritmia CEDE: es terapéutica. Si la taquicardia nace por encima del nodo y este solo la conduce (flutter, fibrilación auricular, taquicardia auricular), el bloqueo transitorio no la corta pero enlentece la respuesta ventricular durante unos segundos y DESENMASCARA las ondas auriculares en el ECG: es diagnóstica. Su vida media es de menos de 10 segundos porque es captada por los eritrocitos y el endotelio y desaminada de inmediato, lo que la hace extraordinariamente segura pero exige una técnica de administración impecable.	Farmacoterapia::Cardiovascular
¿Qué distingue a Adenosina de los demás fármacos de su clase (Antiarrítmico)?	<b>Acción ULTRACORTA (<10 s)</b>: se administra en <b>bolo IV rápido seguido de lavado con suero</b>, en vena proximal.	Farmacoterapia::Cardiovascular
¿Cuál es la dosis de Adenosina en TAQUICARDIA SUPRAVENTRICULAR paroxística por reentrada?	6 mg IV en bolo RÁPIDO (1-2 segundos) seguido de 20 mL de suero salino a presión y elevación del brazo; si no cede, 12 mg y de nuevo 12 mg — Bolos escalonados de 6, 12 y 12 mg, vía IV	Farmacoterapia::Cardiovascular
¿A qué objetivo se ajusta la dosis de Adenosina en TAQUICARDIA SUPRAVENTRICULAR paroxística por reentrada?	Reversión a ritmo sinusal, o desenmascaramiento del ritmo auricular subyacente	Farmacoterapia::Cardiovascular
¿Cuál es la dosis de Adenosina en DIAGNÓSTICO de taquicardia de QRS estrecho de origen incierto?	6-12 mg IV en bolo rápido, con REGISTRO CONTINUO del ECG durante la administración — Bolo único con registro, vía IV	Farmacoterapia::Cardiovascular
¿Cuál es la dosis de Adenosina en Prueba de esfuerzo FARMACOLÓGICA en cardiología nuclear?	140 microgramos/kg/min en perfusión durante 4-6 minutos — Perfusión continua breve, vía IV	Farmacoterapia::Cardiovascular
¿Cuánto dura el tratamiento con Adenosina?	Segundos.	Farmacoterapia::Cardiovascular
¿Cómo se suspende Adenosina?	Efecto autolimitado en menos de 30 segundos.	Farmacoterapia::Cardiovascular
¿Qué hay que monitorizar durante el tratamiento con Adenosina?	ECG continuo durante y después del bolo; hay que guardar el trazado.	Farmacoterapia::Cardiovascular
¿Cuál es la vida media de Adenosina?	MENOS DE 10 SEGUNDOS: es la más corta de toda la farmacología clínica.	Farmacoterapia::Cardiovascular
¿Requiere Adenosina ajuste en insuficiencia renal?	No requiere ajuste.	Farmacoterapia::Cardiovascular
Interacción crítica de Adenosina con DIPIRIDAMOL: ¿qué ocurre y qué se hace?	Inhibe la captación celular de adenosina y POTENCIA enormemente su efecto y su duración. Manejo: Reducir la dosis a la cuarta parte o evitarla en el paciente tratado con dipiridamol	Farmacoterapia::Cardiovascular
Interacción crítica de Adenosina con CAFEÍNA, teofilina y otras metilxantinas: ¿qué ocurre y qué se hace?	ANTAGONIZAN el receptor de adenosina y BLOQUEAN su efecto. Manejo: Explica fracasos aparentes: hay que preguntar por café y por teofilina, y a veces hacen falta dosis mayores. La AMINOFILINA es, de hecho, su antídoto	Farmacoterapia::Cardiovascular
Interacción crítica de Adenosina con Trasplante cardiaco (corazón denervado): ¿qué ocurre y qué se hace?	HIPERSENSIBILIDAD marcada con asistolias prolongadas. Manejo: Empezar por 1-3 mg	Farmacoterapia::Cardiovascular
Efecto adverso grave de Adenosina: BRONCOESPASMO grave en el asmático — ¿en qué consiste?	BRONCOESPASMO grave en el asmático	Farmacoterapia::Cardiovascular
Efecto adverso grave de Adenosina: Asistolia prolongada, sobre todo en el corazón denervado o con dipiridamol — ¿en qué consiste?	Asistolia prolongada, sobre todo en el corazón denervado o con dipiridamol	Farmacoterapia::Cardiovascular
Efecto adverso grave de Adenosina: Fibrilación auricular transitoria tras la reversión — ¿en qué consiste?	Fibrilación auricular transitoria tras la reversión	Farmacoterapia::Cardiovascular
Efecto adverso grave de Adenosina: DEGENERACIÓN A FIBRILACIÓN VENTRICULAR si se administra en una fibrilación auricular PREEXCITADA — ¿en qué consiste?	DEGENERACIÓN A FIBRILACIÓN VENTRICULAR si se administra en una fibrilación auricular PREEXCITADA (síndrome de Wolff-Parkinson-White con QRS ancho e irregular): al bloquear el nodo, todo el impulso pasa por la vía accesoria	Farmacoterapia::Cardiovascular
¿Está contraindicado Adenosina en: FIBRILACIÓN AURICULAR PREEXCITADA?	Sí — FIBRILACIÓN AURICULAR PREEXCITADA (QRS ancho, irregular y muy rápido en el Wolff-Parkinson-White)	Farmacoterapia::Cardiovascular
¿Está contraindicado Adenosina en: ASMA y broncoespasmo activo?	Sí — ASMA y broncoespasmo activo	Farmacoterapia::Cardiovascular
¿Está contraindicado Adenosina en: Bloqueo auriculoventricular de segundo o tercer grado y enfermedad del seno sin marcapasos?	Sí — Bloqueo auriculoventricular de segundo o tercer grado y enfermedad del seno sin marcapasos	Farmacoterapia::Cardiovascular
¿Está contraindicado Adenosina en: Taquicardia ventricular?	Sí — Taquicardia ventricular (no es eficaz y retrasa el tratamiento correcto)	Farmacoterapia::Cardiovascular
Particularidad de Adenosina que hay que tener en cuenta:	Hay que ADVERTIR al paciente antes del bolo de que va a sentir una opresión torácica intensa y una sensación de muerte inminente que durará unos segundos. Sin ese aviso, la experiencia es aterradora y el paciente rechazará una segunda dosis que probablemente sea la que funcione.	Farmacoterapia::Cardiovascular
¿A qué clase farmacológica pertenece iSGLT2 en insuficiencia cardiaca y enfermedad renal (dapagliflozina, empagliflozina)?	iSGLT2 (inhibidor del cotransportador sodio-glucosa tipo 2) (Visión de clase en insuficiencia cardiaca y enfermedad renal)	Farmacoterapia::Cardiovascular
¿Cuál es el mecanismo de acción de iSGLT2 en insuficiencia cardiaca y enfermedad renal (dapagliflozina, empagliflozina)?	Bloquean el cotransportador SGLT2 del túbulo proximal, responsable de reabsorber en torno al 90% de la glucosa filtrada, produciendo glucosuria y natriuresis. Pero su beneficio cardiovascular y renal NO se explica por el control glucémico, y la prueba es que funcionan igual en pacientes SIN diabetes. Los mecanismos propuestos son varios y complementarios: reducción de la precarga y de la poscarga por diuresis osmótica y natriuresis sin activar el eje renina-angiotensina como hacen los diuréticos clásicos; restauración de la RETROALIMENTACIÓN TUBULOGLOMERULAR, que al llevar más sodio a la mácula densa contrae la arteriola aferente y reduce la hiperfiltración glomerular, que es el motor del daño renal progresivo; un cambio del metabolismo miocárdico hacia los cuerpos cetónicos, más eficientes energéticamente; y reducción de la inflamación y de la fibrosis. Ese descenso INICIAL del filtrado glomerular es hemodinámico, esperado y protector a largo plazo, y confundirlo con nefrotoxicidad es el error más frecuente con esta familia.	Farmacoterapia::Cardiovascular
¿Qué distingue a iSGLT2 en insuficiencia cardiaca y enfermedad renal (dapagliflozina, empagliflozina) de los demás fármacos de su clase (iSGLT2 (inhibidor del cotransportador sodio-glucosa tipo 2))?	<b>Visión de CLASE para la insuficiencia cardiaca y la ERC</b>: dapagliflozina y empagliflozina son intercambiables a 10 mg/día con beneficio independiente de la diabetes.	Farmacoterapia::Cardiovascular
¿Cuál es la dosis de iSGLT2 en insuficiencia cardiaca y enfermedad renal (dapagliflozina, empagliflozina) en INSUFICIENCIA CARDIACA con fracción de eyección REDUCIDA, con o sin diabetes?	Dapagliflozina 10 mg al día o empagliflozina 10 mg al día — Una toma diaria, vía VO	Farmacoterapia::Cardiovascular
¿A qué objetivo se ajusta la dosis de iSGLT2 en insuficiencia cardiaca y enfermedad renal (dapagliflozina, empagliflozina) en INSUFICIENCIA CARDIACA con fracción de eyección REDUCIDA, con o sin diabetes?	Dosis fija: NO se titula, a diferencia del resto de los pilares del tratamiento	Farmacoterapia::Cardiovascular
¿Cuál es la dosis de iSGLT2 en insuficiencia cardiaca y enfermedad renal (dapagliflozina, empagliflozina) en Insuficiencia cardiaca con fracción de eyección PRESERVADA o levemente reducida?	Empagliflozina 10 mg o dapagliflozina 10 mg al día — Una toma diaria, vía VO	Farmacoterapia::Cardiovascular
¿Cuál es la dosis de iSGLT2 en insuficiencia cardiaca y enfermedad renal (dapagliflozina, empagliflozina) en ENFERMEDAD RENAL CRÓNICA con o sin diabetes?	Dapagliflozina 10 mg al día, iniciable con filtrado de hasta 20-25 mL/min — Una toma diaria, vía VO	Farmacoterapia::Cardiovascular
¿A qué objetivo se ajusta la dosis de iSGLT2 en insuficiencia cardiaca y enfermedad renal (dapagliflozina, empagliflozina) en ENFERMEDAD RENAL CRÓNICA con o sin diabetes?	Enlentecimiento de la caída del filtrado glomerular y reducción de la albuminuria	Farmacoterapia::Cardiovascular
¿Cuál es la dosis de iSGLT2 en insuficiencia cardiaca y enfermedad renal (dapagliflozina, empagliflozina) en Diabetes tipo 2 con enfermedad cardiovascular establecida?	Empagliflozina 10-25 mg al día — Una toma diaria, vía VO	Farmacoterapia::Cardiovascular
¿Cuánto dura el tratamiento con iSGLT2 en insuficiencia cardiaca y enfermedad renal (dapagliflozina, empagliflozina)?	Indefinida.	Farmacoterapia::Cardiovascular
¿Cómo se suspende iSGLT2 en insuficiencia cardiaca y enfermedad renal (dapagliflozina, empagliflozina)?	Se SUSPENDE de forma TRANSITORIA ante cirugía mayor, ayuno prolongado, enfermedad aguda grave o deshidratación, por el riesgo de cetoacidosis euglucémica. No se retira por el descenso inicial del filtrado.	Farmacoterapia::Cardiovascular
¿Qué hay que monitorizar durante el tratamiento con iSGLT2 en insuficiencia cardiaca y enfermedad renal (dapagliflozina, empagliflozina)?	Función renal a las 2-4 semanas del inicio (esperando y ACEPTANDO un descenso del filtrado de hasta un 10-15%), volemia y síntomas genitourinarios.	Farmacoterapia::Cardiovascular
¿Cuál es la vida media de iSGLT2 en insuficiencia cardiaca y enfermedad renal (dapagliflozina, empagliflozina)?	12-13 horas.	Farmacoterapia::Cardiovascular
¿Requiere iSGLT2 en insuficiencia cardiaca y enfermedad renal (dapagliflozina, empagliflozina) ajuste en insuficiencia renal?	No requieren ajuste de dosis. Su efecto GLUCEMIANTE desaparece con filtrados bajos, pero el beneficio CARDIORRENAL se mantiene: por eso se conservan aunque ya no bajen la glucemia.	Farmacoterapia::Cardiovascular
Interacción crítica de iSGLT2 en insuficiencia cardiaca y enfermedad renal (dapagliflozina, empagliflozina) con AYUNO, dieta cetogénica, cirugía y enfermedad aguda: ¿qué ocurre y qué se hace?	CETOACIDOSIS EUGLUCÉMICA. Manejo: SUSPENDER 3 días antes de una cirugía programada y durante cualquier enfermedad aguda con ayuno. Es la regla de seguridad más importante de la clase	Farmacoterapia::Cardiovascular
Efecto adverso grave de iSGLT2 en insuficiencia cardiaca y enfermedad renal (dapagliflozina, empagliflozina): CETOACIDOSIS EUGLUCÉMICA — ¿en qué consiste?	CETOACIDOSIS EUGLUCÉMICA: cetoacidosis con glucemia normal o poco elevada, lo que retrasa el diagnóstico. Se precipita por ayuno, cirugía, enfermedad aguda o reducción brusca de insulina	Farmacoterapia::Cardiovascular
Efecto adverso grave de iSGLT2 en insuficiencia cardiaca y enfermedad renal (dapagliflozina, empagliflozina): GANGRENA DE FOURNIER — ¿en qué consiste?	GANGRENA DE FOURNIER (fascitis necrosante del periné), rara pero devastadora	Farmacoterapia::Cardiovascular
Efecto adverso grave de iSGLT2 en insuficiencia cardiaca y enfermedad renal (dapagliflozina, empagliflozina): Depleción de volumen con hipotensión y fracaso renal prerrenal en el anciano frágil — ¿en qué consiste?	Depleción de volumen con hipotensión y fracaso renal prerrenal en el anciano frágil	Farmacoterapia::Cardiovascular
Efecto adverso grave de iSGLT2 en insuficiencia cardiaca y enfermedad renal (dapagliflozina, empagliflozina): Infecciones urinarias, incluida la pielonefritis — ¿en qué consiste?	Infecciones urinarias, incluida la pielonefritis	Farmacoterapia::Cardiovascular
Efecto adverso grave de iSGLT2 en insuficiencia cardiaca y enfermedad renal (dapagliflozina, empagliflozina): Amputaciones y fracturas — ¿en qué consiste?	Amputaciones y fracturas (señal descrita con canagliflozina, no confirmada con las demás)	Farmacoterapia::Cardiovascular
¿Está contraindicado iSGLT2 en insuficiencia cardiaca y enfermedad renal (dapagliflozina, empagliflozina) en: Diabetes tipo 1?	Sí — Diabetes tipo 1 (fuera de indicación y con alto riesgo de cetoacidosis)	Farmacoterapia::Cardiovascular
¿Está contraindicado iSGLT2 en insuficiencia cardiaca y enfermedad renal (dapagliflozina, empagliflozina) en: Cetoacidosis previa?	Sí — Cetoacidosis previa	Farmacoterapia::Cardiovascular
¿Está contraindicado iSGLT2 en insuficiencia cardiaca y enfermedad renal (dapagliflozina, empagliflozina) en: Depleción de volumen no corregida?	Sí — Depleción de volumen no corregida	Farmacoterapia::Cardiovascular
¿Está contraindicado iSGLT2 en insuficiencia cardiaca y enfermedad renal (dapagliflozina, empagliflozina) en: Embarazo y lactancia?	Sí — Embarazo y lactancia	Farmacoterapia::Cardiovascular
¿Está contraindicado iSGLT2 en insuficiencia cardiaca y enfermedad renal (dapagliflozina, empagliflozina) en: Precaución en el anciano frágil con riesgo de caídas por hipotensión?	Sí — Precaución en el anciano frágil con riesgo de caídas por hipotensión	Farmacoterapia::Cardiovascular
Particularidad de iSGLT2 en insuficiencia cardiaca y enfermedad renal (dapagliflozina, empagliflozina) que hay que tener en cuenta:	El error más frecuente es SUSPENDERLOS por el descenso INICIAL del filtrado glomerular. Ese descenso del 10-15% es HEMODINÁMICO, esperado, reversible y refleja precisamente el mecanismo que protege el riñón a largo plazo: la reducción de la hiperfiltración. Retirarlos ahí es privar al paciente del fármaco que iba a preservarle la función renal.	Farmacoterapia::Cardiovascular
¿A qué clase farmacológica pertenece Nicardipino?	Antagonista del calcio (Dihidropiridina INTRAVENOSA titulable)	Farmacoterapia::Cardiovascular
¿Cuál es el mecanismo de acción de Nicardipino?	Bloqueo de canales de calcio tipo L con gran selectividad vascular (arterial, coronaria y cerebral).	Farmacoterapia::Cardiovascular
¿Qué distingue a Nicardipino de los demás fármacos de su clase (Antagonista del calcio)?	<b>Dihidropiridina IV en perfusión titulable</b>: de elección en la emergencia hipertensiva del <b>ictus, la hemorragia cerebral</b> y el perioperatorio.	Farmacoterapia::Cardiovascular
¿Cuál es la dosis de Nicardipino en Emergencia hipertensiva (ictus, hemorragia intracerebral, encefalopatía, perioperatorio)?	5 mg/h, subir 2,5 mg/h cada 5-15 min (máx. 15 mg/h) — Perfusión continua, vía IV	Farmacoterapia::Cardiovascular
¿Cuánto dura el tratamiento con Nicardipino?	Hasta poder pasar a VO.	Farmacoterapia::Cardiovascular
¿Cómo se suspende Nicardipino?	Solapar con antihipertensivo oral.	Farmacoterapia::Cardiovascular
¿Qué hay que monitorizar durante el tratamiento con Nicardipino?	PA cada 5-15 min, FC.	Farmacoterapia::Cardiovascular
¿Cuál es la vida media de Nicardipino?	2-4 h (efecto acumulativo con perfusiones largas).	Farmacoterapia::Cardiovascular
¿Requiere Nicardipino ajuste en insuficiencia renal?	No precisa.	Farmacoterapia::Cardiovascular
Efecto adverso grave de Nicardipino: Hipotensión — ¿en qué consiste?	Hipotensión	Farmacoterapia::Cardiovascular
Efecto adverso grave de Nicardipino: Isquemia miocárdica por taquicardia — ¿en qué consiste?	Isquemia miocárdica por taquicardia	Farmacoterapia::Cardiovascular
¿Está contraindicado Nicardipino en: Estenosis aórtica grave?	Sí — Estenosis aórtica grave	Farmacoterapia::Cardiovascular
¿Está contraindicado Nicardipino en: Hipersensibilidad?	Sí — Hipersensibilidad	Farmacoterapia::Cardiovascular
Particularidad de Nicardipino que hay que tener en cuenta:	En la hemorragia cerebral, objetivo PAS 140-160 mmHg sin bajar más de 70 mmHg en total.	Farmacoterapia::Cardiovascular
¿A qué clase farmacológica pertenece Nimodipino?	Antagonista del calcio (Dihidropiridina con selectividad cerebrovascular)	Farmacoterapia::Cardiovascular
¿Cuál es el mecanismo de acción de Nimodipino?	Dihidropiridina lipófila que atraviesa la barrera hematoencefálica y actúa sobre la vasculatura cerebral; posible efecto neuroprotector.	Farmacoterapia::Cardiovascular
¿Qué distingue a Nimodipino de los demás fármacos de su clase (Antagonista del calcio)?	<b>Indicación única: prevención del déficit isquémico tardío (vasoespasmo) en la HEMORRAGIA SUBARACNOIDEA aneurismática.</b>	Farmacoterapia::Cardiovascular
¿Cuál es la dosis de Nimodipino en Hemorragia subaracnoidea aneurismática?	60 mg — Cada 4 h, vía VO	Farmacoterapia::Cardiovascular
¿Cuánto dura el tratamiento con Nimodipino?	21 días.	Farmacoterapia::Cardiovascular
¿Cómo se suspende Nimodipino?	Suspensión al día 21.	Farmacoterapia::Cardiovascular
¿Qué hay que monitorizar durante el tratamiento con Nimodipino?	PA (evitar hipotensión: empeora la isquemia).	Farmacoterapia::Cardiovascular
¿Cuál es la vida media de Nimodipino?	1-2 h.	Farmacoterapia::Cardiovascular
¿Requiere Nimodipino ajuste en insuficiencia renal?	No precisa.	Farmacoterapia::Cardiovascular
Interacción crítica de Nimodipino con Inductores del CYP3A4 (fenitoína, carbamazepina): ¿qué ocurre y qué se hace?	Pérdida de eficacia. Manejo: Evitar; usar levetiracetam	Farmacoterapia::Cardiovascular
Efecto adverso grave de Nimodipino: Hipotensión con isquemia cerebral — ¿en qué consiste?	Hipotensión con isquemia cerebral	Farmacoterapia::Cardiovascular
Efecto adverso grave de Nimodipino: Íleo paralítico — ¿en qué consiste?	Íleo paralítico (raro)	Farmacoterapia::Cardiovascular
¿Está contraindicado Nimodipino en: Uso con inductores potentes del CYP3A4?	Sí — Uso con inductores potentes del CYP3A4	Farmacoterapia::Cardiovascular
¿Está contraindicado Nimodipino en: Hipotensión grave?	Sí — Hipotensión grave	Farmacoterapia::Cardiovascular
Particularidad de Nimodipino que hay que tener en cuenta:	Pacientes con HSA que requieren antiepiléptico: levetiracetam, para no anular el nimodipino.	Farmacoterapia::Cardiovascular
¿A qué clase farmacológica pertenece Bumetanida?	Diurético de asa (Diurético de asa de alta potencia por miligramo)	Farmacoterapia::Cardiovascular
¿Cuál es el mecanismo de acción de Bumetanida?	Inhibición del cotransportador Na-K-2Cl del asa de Henle.	Farmacoterapia::Cardiovascular
¿Qué distingue a Bumetanida de los demás fármacos de su clase (Diurético de asa)?	<b>40 veces más potente por mg que la furosemida</b> (1 mg ≈ 40 mg de furosemida) con <b>biodisponibilidad alta (80%)</b>.	Farmacoterapia::Cardiovascular
¿Cuál es la dosis de Bumetanida en Edemas por insuficiencia cardiaca, cirrosis o síndrome nefrótico?	0,5-2 mg (máx. 10 mg/día) — Cada 12-24 h, vía VO / IV	Farmacoterapia::Cardiovascular
¿Cuánto dura el tratamiento con Bumetanida?	Mientras haya congestión.	Farmacoterapia::Cardiovascular
¿Cómo se suspende Bumetanida?	Reducción progresiva.	Farmacoterapia::Cardiovascular
¿Qué hay que monitorizar durante el tratamiento con Bumetanida?	Peso, electrolitos, función renal.	Farmacoterapia::Cardiovascular
¿Cuál es la vida media de Bumetanida?	1-1,5 h.	Farmacoterapia::Cardiovascular
¿Requiere Bumetanida ajuste en insuficiencia renal?	Puede necesitar dosis mayores en ERC.	Farmacoterapia::Cardiovascular
Interacción crítica de Bumetanida con Aminoglucósidos: ¿qué ocurre y qué se hace?	Ototoxicidad. Manejo: Evitar	Farmacoterapia::Cardiovascular
Interacción crítica de Bumetanida con Litio: ¿qué ocurre y qué se hace?	Toxicidad por litio. Manejo: Controlar litemia	Farmacoterapia::Cardiovascular
Efecto adverso grave de Bumetanida: Ototoxicidad — ¿en qué consiste?	Ototoxicidad	Farmacoterapia::Cardiovascular
Efecto adverso grave de Bumetanida: Alteraciones electrolíticas graves — ¿en qué consiste?	Alteraciones electrolíticas graves	Farmacoterapia::Cardiovascular
¿Está contraindicado Bumetanida en: Anuria?	Sí — Anuria	Farmacoterapia::Cardiovascular
¿Está contraindicado Bumetanida en: Hipovolemia grave?	Sí — Hipovolemia grave	Farmacoterapia::Cardiovascular
¿Está contraindicado Bumetanida en: Coma hepático?	Sí — Coma hepático	Farmacoterapia::Cardiovascular
Particularidad de Bumetanida que hay que tener en cuenta:	Equivalencias: furosemida 40 mg VO ≈ torasemida 20 mg ≈ bumetanida 1 mg.	Farmacoterapia::Cardiovascular
¿A qué clase farmacológica pertenece Nitroprusiato sódico?	Nitrato y donante de óxido nítrico (Donante directo de NO, vasodilatador arterial y venoso)	Farmacoterapia::Cardiovascular
¿Cuál es el mecanismo de acción de Nitroprusiato sódico?	Libera óxido nítrico sin necesidad de metabolismo enzimático: activa la guanilato ciclasa y relaja el músculo liso arterial y venoso.	Farmacoterapia::Cardiovascular
¿Qué distingue a Nitroprusiato sódico de los demás fármacos de su clase (Nitrato y donante de óxido nítrico)?	<b>Vasodilatador MIXTO (arterial y venoso) de acción inmediata</b> y fin en minutos: control milimétrico de la PA (UCI).	Farmacoterapia::Cardiovascular
¿Cuál es la dosis de Nitroprusiato sódico en Emergencia hipertensiva (disección aórtica tras betabloqueo, insuficiencia cardiaca aguda hipertensiva)?	0,3 → 10 µg/kg/min — Perfusión continua, vía IV	Farmacoterapia::Cardiovascular
¿Cuánto dura el tratamiento con Nitroprusiato sódico?	Lo más corta posible (<48-72 h).	Farmacoterapia::Cardiovascular
¿Cómo se suspende Nitroprusiato sódico?	Retirada gradual (rebote hipertensivo).	Farmacoterapia::Cardiovascular
¿Qué hay que monitorizar durante el tratamiento con Nitroprusiato sódico?	PA invasiva, lactato y acidosis (cianuro), tiocianato si >48 h.	Farmacoterapia::Cardiovascular
¿Cuál es la vida media de Nitroprusiato sódico?	<b>2 min</b> (tiocianato 3 días).	Farmacoterapia::Cardiovascular
¿Requiere Nitroprusiato sódico ajuste en insuficiencia renal?	Riesgo de toxicidad por tiocianato.	Farmacoterapia::Cardiovascular
Interacción crítica de Nitroprusiato sódico con Inhibidores de PDE5: ¿qué ocurre y qué se hace?	Hipotensión grave. Manejo: Contraindicado	Farmacoterapia::Cardiovascular
Efecto adverso grave de Nitroprusiato sódico: <b>Intoxicación por cianuro</b> — ¿en qué consiste?	<b>Intoxicación por cianuro</b> (acidosis láctica, confusión)	Farmacoterapia::Cardiovascular
Efecto adverso grave de Nitroprusiato sódico: Toxicidad por tiocianato — ¿en qué consiste?	Toxicidad por tiocianato (psicosis, convulsiones)	Farmacoterapia::Cardiovascular
Efecto adverso grave de Nitroprusiato sódico: Metahemoglobinemia — ¿en qué consiste?	Metahemoglobinemia	Farmacoterapia::Cardiovascular
¿Está contraindicado Nitroprusiato sódico en: Coartación aórtica?	Sí — Coartación aórtica	Farmacoterapia::Cardiovascular
¿Está contraindicado Nitroprusiato sódico en: Atrofia óptica de Leber?	Sí — Atrofia óptica de Leber	Farmacoterapia::Cardiovascular
¿Está contraindicado Nitroprusiato sódico en: Insuficiencia hepática grave?	Sí — Insuficiencia hepática grave	Farmacoterapia::Cardiovascular
Particularidad de Nitroprusiato sódico que hay que tener en cuenta:	Acidosis láctica inexplicada en un paciente con nitroprusiato: pensar en cianuro.	Farmacoterapia::Cardiovascular
¿A qué clase farmacológica pertenece Labetalol?	Betabloqueante (Bloqueante alfa-1 y beta no selectivo, IV y VO)	Farmacoterapia::Cardiovascular
¿Cuál es el mecanismo de acción de Labetalol?	Antagonista de receptores beta-1, beta-2 y alfa-1 (relación beta:alfa 3:1 oral, 7:1 IV).	Farmacoterapia::Cardiovascular
¿Qué distingue a Labetalol de los demás fármacos de su clase (Betabloqueante)?	<b>Antihipertensivo de PRIMERA LÍNEA en el EMBARAZO</b> (VO) y en la <b>emergencia hipertensiva y la preeclampsia grave</b> (IV).	Farmacoterapia::Cardiovascular
¿Cuál es la dosis de Labetalol en Hipertensión crónica o gestacional en el embarazo?	100-400 mg — Cada 8-12 h, vía VO	Farmacoterapia::Cardiovascular
¿Cuál es la dosis de Labetalol en Emergencia hipertensiva y preeclampsia grave?	20 mg bolo, después 40-80 mg (máx. 300 mg) o perfusión 1-2 mg/min — Bolos cada 10 min, vía IV	Farmacoterapia::Cardiovascular
¿Cuánto dura el tratamiento con Labetalol?	Embarazo: hasta el posparto.	Farmacoterapia::Cardiovascular
¿Cómo se suspende Labetalol?	Retirada gradual.	Farmacoterapia::Cardiovascular
¿Qué hay que monitorizar durante el tratamiento con Labetalol?	PA (de pie), FC, transaminasas; en el neonato, glucemia y FC.	Farmacoterapia::Cardiovascular
¿Cuál es la vida media de Labetalol?	6-8 h.	Farmacoterapia::Cardiovascular
¿Requiere Labetalol ajuste en insuficiencia renal?	No precisa.	Farmacoterapia::Cardiovascular
Interacción crítica de Labetalol con Verapamilo y diltiazem: ¿qué ocurre y qué se hace?	Bradicardia y bloqueo. Manejo: Evitar	Farmacoterapia::Cardiovascular
Efecto adverso grave de Labetalol: Hepatotoxicidad — ¿en qué consiste?	Hepatotoxicidad	Farmacoterapia::Cardiovascular
Efecto adverso grave de Labetalol: Broncoespasmo en asmáticos — ¿en qué consiste?	Broncoespasmo en asmáticos	Farmacoterapia::Cardiovascular
Efecto adverso grave de Labetalol: Bradicardia e hipoglucemia neonatal — ¿en qué consiste?	Bradicardia e hipoglucemia neonatal	Farmacoterapia::Cardiovascular
¿Está contraindicado Labetalol en: Asma?	Sí — Asma	Farmacoterapia::Cardiovascular
¿Está contraindicado Labetalol en: Bradicardia o bloqueo AV avanzado?	Sí — Bradicardia o bloqueo AV avanzado	Farmacoterapia::Cardiovascular
¿Está contraindicado Labetalol en: Insuficiencia cardiaca descompensada?	Sí — Insuficiencia cardiaca descompensada	Farmacoterapia::Cardiovascular
Particularidad de Labetalol que hay que tener en cuenta:	Gestante hipertensa asmática: nifedipino en lugar de labetalol.	Farmacoterapia::Cardiovascular
¿A qué clase farmacológica pertenece Esmolol?	Betabloqueante (Cardioselectivo IV de acción ultracorta)	Farmacoterapia::Cardiovascular
¿Cuál es el mecanismo de acción de Esmolol?	Bloqueo beta-1 selectivo, hidrolizado por esterasas eritrocitarias.	Farmacoterapia::Cardiovascular
¿Qué distingue a Esmolol de los demás fármacos de su clase (Betabloqueante)?	<b>Vida media de 9 MINUTOS</b> (esterasas de los hematíes): betabloqueo titulable que desaparece en 15-20 min al suspender.	Farmacoterapia::Cardiovascular
¿Cuál es la dosis de Esmolol en Disección aórtica aguda (control de FC <60 y PAS <120)?	0,5 mg/kg bolo, después 50-300 µg/kg/min — Perfusión continua, vía IV	Farmacoterapia::Cardiovascular
¿Cuál es la dosis de Esmolol en Taquicardia supraventricular o FA rápida perioperatoria?	0,5 mg/kg en 1 min, después 50-200 µg/kg/min — Perfusión continua, vía IV	Farmacoterapia::Cardiovascular
¿Cuánto dura el tratamiento con Esmolol?	Horas, hasta pasar a betabloqueante oral.	Farmacoterapia::Cardiovascular
¿Cómo se suspende Esmolol?	Efecto desaparece en 20 min.	Farmacoterapia::Cardiovascular
¿Qué hay que monitorizar durante el tratamiento con Esmolol?	ECG, PA continuas.	Farmacoterapia::Cardiovascular
¿Cuál es la vida media de Esmolol?	<b>9 min.</b>	Farmacoterapia::Cardiovascular
¿Requiere Esmolol ajuste en insuficiencia renal?	No precisa (metabolito ácido se acumula, sin relevancia habitual).	Farmacoterapia::Cardiovascular
Interacción crítica de Esmolol con Verapamilo y diltiazem IV: ¿qué ocurre y qué se hace?	Bradicardia y asistolia. Manejo: No combinar	Farmacoterapia::Cardiovascular
Efecto adverso grave de Esmolol: Bradicardia grave — ¿en qué consiste?	Bradicardia grave	Farmacoterapia::Cardiovascular
Efecto adverso grave de Esmolol: Necrosis por extravasación — ¿en qué consiste?	Necrosis por extravasación (concentraciones altas)	Farmacoterapia::Cardiovascular
¿Está contraindicado Esmolol en: Bradicardia, bloqueo AV avanzado?	Sí — Bradicardia, bloqueo AV avanzado	Farmacoterapia::Cardiovascular
¿Está contraindicado Esmolol en: Shock cardiogénico?	Sí — Shock cardiogénico	Farmacoterapia::Cardiovascular
Particularidad de Esmolol que hay que tener en cuenta:	Si el betabloqueo sienta mal, se resuelve en minutos: ventaja enorme en el paciente inestable.	Farmacoterapia::Cardiovascular
¿A qué clase farmacológica pertenece Doxazosina?	Alfabloqueante (Bloqueante alfa-1 no uroselectivo de acción larga)	Farmacoterapia::Cardiovascular
¿Cuál es el mecanismo de acción de Doxazosina?	Bloqueo competitivo de los receptores alfa-1 vasculares (vasodilatación arterial y venosa) y del cuello vesical y próstata.	Farmacoterapia::Cardiovascular
¿Qué distingue a Doxazosina de los demás fármacos de su clase (Alfabloqueante)?	<b>Antihipertensivo Y tratamiento de la hiperplasia benigna de próstata</b>: útil en el varón hipertenso con prostatismo.	Farmacoterapia::Cardiovascular
¿Cuál es la dosis de Doxazosina en Hipertensión resistente (añadida)?	1 mg → 4-8 mg (máx. 16 mg) — Cada 24 h, al acostarse, vía VO	Farmacoterapia::Cardiovascular
¿Cuál es la dosis de Doxazosina en Hiperplasia benigna de próstata sintomática?	1 mg → 4-8 mg — Cada 24 h, vía VO	Farmacoterapia::Cardiovascular
¿Cuánto dura el tratamiento con Doxazosina?	Indefinida.	Farmacoterapia::Cardiovascular
¿Cómo se suspende Doxazosina?	Si se interrumpe varios días, reiniciar con 1 mg.	Farmacoterapia::Cardiovascular
¿Qué hay que monitorizar durante el tratamiento con Doxazosina?	PA de pie y tumbado.	Farmacoterapia::Cardiovascular
¿Cuál es la vida media de Doxazosina?	22 h.	Farmacoterapia::Cardiovascular
¿Requiere Doxazosina ajuste en insuficiencia renal?	No precisa.	Farmacoterapia::Cardiovascular
Efecto adverso grave de Doxazosina: Síncope de primera dosis — ¿en qué consiste?	Síncope de primera dosis	Farmacoterapia::Cardiovascular
Efecto adverso grave de Doxazosina: <b>Síndrome del iris flácido intraoperatorio</b> — ¿en qué consiste?	<b>Síndrome del iris flácido intraoperatorio</b> (cirugía de cataratas)	Farmacoterapia::Cardiovascular
Efecto adverso grave de Doxazosina: Priapismo — ¿en qué consiste?	Priapismo (raro)	Farmacoterapia::Cardiovascular
¿Está contraindicado Doxazosina en: Hipotensión ortostática?	Sí — Hipotensión ortostática	Farmacoterapia::Cardiovascular
¿Está contraindicado Doxazosina en: Antecedente de síncope miccional?	Sí — Antecedente de síncope miccional	Farmacoterapia::Cardiovascular
Particularidad de Doxazosina que hay que tener en cuenta:	Avisar al oftalmólogo antes de una cirugía de cataratas en pacientes con alfabloqueantes.	Farmacoterapia::Cardiovascular
¿A qué clase farmacológica pertenece Urapidilo?	Alfabloqueante (Bloqueante alfa-1 IV con efecto central (agonista 5-HT1A))	Farmacoterapia::Cardiovascular
¿Cuál es el mecanismo de acción de Urapidilo?	Bloqueo alfa-1 periférico y agonismo 5-HT1A central que reduce el tono simpático.	Farmacoterapia::Cardiovascular
¿Qué distingue a Urapidilo de los demás fármacos de su clase (Alfabloqueante)?	<b>Alfabloqueante IV de la emergencia hipertensiva</b>: sin taquicardia refleja por su efecto central serotoninérgico.	Farmacoterapia::Cardiovascular
¿Cuál es la dosis de Urapidilo en Emergencia hipertensiva?	12,5-25 mg bolo; perfusión 5-40 mg/h — Bolo repetible a los 5 min, después perfusión, vía IV	Farmacoterapia::Cardiovascular
¿Cuál es la dosis de Urapidilo en Urgencia hipertensiva (alternativa oral)?	30-60 mg (retard) — Cada 12 h, vía VO	Farmacoterapia::Cardiovascular
¿Cuánto dura el tratamiento con Urapidilo?	Hasta pasar a VO.	Farmacoterapia::Cardiovascular
¿Cómo se suspende Urapidilo?	Solapar con tratamiento oral.	Farmacoterapia::Cardiovascular
¿Qué hay que monitorizar durante el tratamiento con Urapidilo?	PA cada 5-15 min.	Farmacoterapia::Cardiovascular
¿Cuál es la vida media de Urapidilo?	3 h.	Farmacoterapia::Cardiovascular
¿Requiere Urapidilo ajuste en insuficiencia renal?	Precaución.	Farmacoterapia::Cardiovascular
Efecto adverso grave de Urapidilo: Hipotensión — ¿en qué consiste?	Hipotensión	Farmacoterapia::Cardiovascular
Efecto adverso grave de Urapidilo: Arritmias — ¿en qué consiste?	Arritmias (raras)	Farmacoterapia::Cardiovascular
¿Está contraindicado Urapidilo en: Estenosis aórtica?	Sí — Estenosis aórtica	Farmacoterapia::Cardiovascular
¿Está contraindicado Urapidilo en: Shunt arteriovenoso?	Sí — Shunt arteriovenoso (salvo hemodiálisis)	Farmacoterapia::Cardiovascular
Particularidad de Urapidilo que hay que tener en cuenta:	Alternativa al labetalol en asmáticos y en la insuficiencia cardiaca.	Farmacoterapia::Cardiovascular
¿A qué clase farmacológica pertenece Hidralazina?	Antihipertensivo de acción central o vasodilatador directo (Vasodilatador arteriolar directo)	Farmacoterapia::Cardiovascular
¿Cuál es el mecanismo de acción de Hidralazina?	Relaja el músculo liso arteriolar (mecanismo no del todo aclarado, apertura de canales de K y menor calcio intracelular); casi sin efecto venoso.	Farmacoterapia::Cardiovascular
¿Qué distingue a Hidralazina de los demás fármacos de su clase (Antihipertensivo de acción central o vasodilatador directo)?	<b>Vasodilatador ARTERIOLAR directo</b>: con dinitrato de isosorbida, <b>alternativa en IC con FEVI reducida</b> si no se toleran IECA/ARA-II/ARNI (o en pacientes de origen africano).	Farmacoterapia::Cardiovascular
¿Cuál es la dosis de Hidralazina en Insuficiencia cardiaca con FEVI reducida e intolerancia a IECA/ARA-II/ARNI (con dinitrato de isosorbida)?	25 mg → 75 mg — Cada 8 h, vía VO	Farmacoterapia::Cardiovascular
¿Cuál es la dosis de Hidralazina en Emergencia hipertensiva del embarazo (alternativa)?	5-10 mg — Cada 20-30 min (máx. 20-30 mg), vía IV	Farmacoterapia::Cardiovascular
¿Cuánto dura el tratamiento con Hidralazina?	Indefinida.	Farmacoterapia::Cardiovascular
¿Cómo se suspende Hidralazina?	Retirada gradual.	Farmacoterapia::Cardiovascular
¿Qué hay que monitorizar durante el tratamiento con Hidralazina?	FC, PA, ANA si síntomas articulares o serositis.	Farmacoterapia::Cardiovascular
¿Cuál es la vida media de Hidralazina?	2-4 h (efecto más largo).	Farmacoterapia::Cardiovascular
¿Requiere Hidralazina ajuste en insuficiencia renal?	Espaciar dosis.	Farmacoterapia::Cardiovascular
Efecto adverso grave de Hidralazina: <b>Lupus inducido</b> — ¿en qué consiste?	<b>Lupus inducido</b>	Farmacoterapia::Cardiovascular
Efecto adverso grave de Hidralazina: Angina por taquicardia refleja — ¿en qué consiste?	Angina por taquicardia refleja	Farmacoterapia::Cardiovascular
Efecto adverso grave de Hidralazina: Neuropatía por déficit de piridoxina — ¿en qué consiste?	Neuropatía por déficit de piridoxina	Farmacoterapia::Cardiovascular
¿Está contraindicado Hidralazina en: Cardiopatía isquémica sin betabloqueo?	Sí — Cardiopatía isquémica sin betabloqueo	Farmacoterapia::Cardiovascular
¿Está contraindicado Hidralazina en: Lupus eritematoso sistémico?	Sí — Lupus eritematoso sistémico	Farmacoterapia::Cardiovascular
¿Está contraindicado Hidralazina en: Estenosis mitral?	Sí — Estenosis mitral	Farmacoterapia::Cardiovascular
Particularidad de Hidralazina que hay que tener en cuenta:	Lupus por hidralazina: artralgias, serositis, ANA y antihistona; sin afectación renal ni anti-DNA de doble cadena.	Farmacoterapia::Cardiovascular
¿A qué clase farmacológica pertenece Metildopa?	Antihipertensivo de acción central o vasodilatador directo (Agonista alfa-2 central (falso neurotransmisor))	Farmacoterapia::Cardiovascular
¿Cuál es el mecanismo de acción de Metildopa?	Se convierte en alfa-metilnoradrenalina, que estimula los receptores alfa-2 del tronco y reduce el tono simpático.	Farmacoterapia::Cardiovascular
¿Qué distingue a Metildopa de los demás fármacos de su clase (Antihipertensivo de acción central o vasodilatador directo)?	<b>El antihipertensivo con MÁS experiencia en el EMBARAZO</b> (seguimiento de niños a largo plazo).	Farmacoterapia::Cardiovascular
¿Cuál es la dosis de Metildopa en Hipertensión en el embarazo?	250 mg → 500-1.000 mg — Cada 8-12 h (máx. 3 g/día), vía VO	Farmacoterapia::Cardiovascular
¿Cuánto dura el tratamiento con Metildopa?	Hasta el parto; cambiar en el posparto.	Farmacoterapia::Cardiovascular
¿Cómo se suspende Metildopa?	Retirada gradual.	Farmacoterapia::Cardiovascular
¿Qué hay que monitorizar durante el tratamiento con Metildopa?	Hemograma, Coombs, transaminasas.	Farmacoterapia::Cardiovascular
¿Cuál es la vida media de Metildopa?	2 h (efecto 12-24 h).	Farmacoterapia::Cardiovascular
¿Requiere Metildopa ajuste en insuficiencia renal?	Espaciar.	Farmacoterapia::Cardiovascular
Efecto adverso grave de Metildopa: <b>Anemia hemolítica autoinmune</b> — ¿en qué consiste?	<b>Anemia hemolítica autoinmune</b>	Farmacoterapia::Cardiovascular
Efecto adverso grave de Metildopa: Hepatitis — ¿en qué consiste?	Hepatitis	Farmacoterapia::Cardiovascular
Efecto adverso grave de Metildopa: Depresión — ¿en qué consiste?	Depresión	Farmacoterapia::Cardiovascular
¿Está contraindicado Metildopa en: Hepatopatía activa?	Sí — Hepatopatía activa	Farmacoterapia::Cardiovascular
¿Está contraindicado Metildopa en: Depresión?	Sí — Depresión	Farmacoterapia::Cardiovascular
¿Está contraindicado Metildopa en: Feocromocitoma?	Sí — Feocromocitoma	Farmacoterapia::Cardiovascular
Particularidad de Metildopa que hay que tener en cuenta:	Embarazo: labetalol o nifedipino primero; metildopa como alternativa clásica.	Farmacoterapia::Cardiovascular
¿A qué clase farmacológica pertenece Clonidina?	Antihipertensivo de acción central o vasodilatador directo (Agonista alfa-2 adrenérgico central)	Farmacoterapia::Cardiovascular
¿Cuál es el mecanismo de acción de Clonidina?	Estimula los receptores alfa-2 presinápticos del tronco cerebral, reduciendo la salida simpática.	Farmacoterapia::Cardiovascular
¿Qué distingue a Clonidina de los demás fármacos de su clase (Antihipertensivo de acción central o vasodilatador directo)?	<b>HIPERTENSIÓN DE REBOTE GRAVE si se suspende bruscamente</b> (crisis adrenérgica): retirar en 7-10 días.	Farmacoterapia::Cardiovascular
¿Cuál es la dosis de Clonidina en Hipertensión resistente (añadida)?	0,075-0,15 mg → máx. 0,6 mg/día — Cada 8-12 h, vía VO	Farmacoterapia::Cardiovascular
¿Cuál es la dosis de Clonidina en Síndrome de abstinencia de opioides (síntomas adrenérgicos)?	0,1-0,2 mg — Cada 6-8 h, vía VO	Farmacoterapia::Cardiovascular
¿Cuánto dura el tratamiento con Clonidina?	Según indicación.	Farmacoterapia::Cardiovascular
¿Cómo se suspende Clonidina?	<b>Retirada gradual en 1-2 semanas</b> (si toma betabloqueante, retirar este antes).	Farmacoterapia::Cardiovascular
¿Qué hay que monitorizar durante el tratamiento con Clonidina?	PA, FC, sedación.	Farmacoterapia::Cardiovascular
¿Cuál es la vida media de Clonidina?	12-16 h.	Farmacoterapia::Cardiovascular
¿Requiere Clonidina ajuste en insuficiencia renal?	Reducir dosis.	Farmacoterapia::Cardiovascular
Interacción crítica de Clonidina con Betabloqueantes: ¿qué ocurre y qué se hace?	Rebote hipertensivo grave al retirar la clonidina. Manejo: Retirar primero el betabloqueante	Farmacoterapia::Cardiovascular
Efecto adverso grave de Clonidina: <b>Crisis hipertensiva de rebote</b> — ¿en qué consiste?	<b>Crisis hipertensiva de rebote</b>	Farmacoterapia::Cardiovascular
Efecto adverso grave de Clonidina: Bradicardia — ¿en qué consiste?	Bradicardia	Farmacoterapia::Cardiovascular
Efecto adverso grave de Clonidina: Depresión — ¿en qué consiste?	Depresión	Farmacoterapia::Cardiovascular
¿Está contraindicado Clonidina en: Bradicardia, bloqueo AV?	Sí — Bradicardia, bloqueo AV	Farmacoterapia::Cardiovascular
¿Está contraindicado Clonidina en: Mala adherencia?	Sí — Mala adherencia (riesgo de rebote)	Farmacoterapia::Cardiovascular
Particularidad de Clonidina que hay que tener en cuenta:	Paciente con clonidina ingresado en ayunas: no suspenderla bruscamente (vía transdérmica si no hay VO).	Farmacoterapia::Cardiovascular
¿A qué clase farmacológica pertenece Carvedilol?	Betabloqueante (No selectivo (beta1 y beta2) con bloqueo alfa-1 vasodilatador)	Farmacoterapia::Cardiovascular
¿Cuál es el mecanismo de acción de Carvedilol?	Antagonista competitivo de receptores beta-1 y beta-2 (cronotropismo e inotropismo negativos, menor liberación de renina) y de receptores <b>alfa-1 (vasodilatación arterial y venosa)</b>. Tiene además <b>efecto antioxidante y antiproliferativo</b>. En la insuficiencia cardiaca bloquea la cardiotoxicidad de la activación simpática crónica y revierte el remodelado.	Farmacoterapia::Cardiovascular
¿Qué distingue a Carvedilol de los demás fármacos de su clase (Betabloqueante)?	<b>Bloquea también los receptores ALFA-1: es vasodilatador</b>. Baja más la PA y produce más <b>hipotensión ortostática</b> y mareo que bisoprolol o metoprolol.	Farmacoterapia::Cardiovascular
¿Cuál es la dosis de Carvedilol en Insuficiencia cardiaca con FEVI reducida (estable, euvolémica)?	3,125 mg → 25 mg (50 mg si >85 kg) — Cada 12 h, con comida, vía VO	Farmacoterapia::Cardiovascular
¿Cuál es la dosis de Carvedilol en Hipertensión arterial?	12,5-25 mg — Cada 12 h, vía VO	Farmacoterapia::Cardiovascular
¿Cuál es la dosis de Carvedilol en Profilaxis de la hemorragia por varices en la cirrosis con hipertensión portal clínicamente significativa?	6,25 mg → 12,5 mg — Cada 24 h, vía VO	Farmacoterapia::Cardiovascular
¿Cuánto dura el tratamiento con Carvedilol?	Indefinida.	Farmacoterapia::Cardiovascular
¿Cómo se suspende Carvedilol?	<b>Retirada GRADUAL en 1-2 semanas</b>: la suspensión brusca puede precipitar angina, infarto o taquiarritmias por hipersensibilidad de receptores.	Farmacoterapia::Cardiovascular
¿Qué hay que monitorizar durante el tratamiento con Carvedilol?	FC (objetivo en reposo 55-70 lpm), PA de pie y sentado, signos de congestión y peso.	Farmacoterapia::Cardiovascular
¿Cuál es la vida media de Carvedilol?	6-10 h.	Farmacoterapia::Cardiovascular
¿Requiere Carvedilol ajuste en insuficiencia renal?	No precisa.	Farmacoterapia::Cardiovascular
Interacción crítica de Carvedilol con Verapamilo y diltiazem: ¿qué ocurre y qué se hace?	Bradicardia extrema, bloqueo AV e insuficiencia cardiaca. Manejo: Evitar la combinación, sobre todo por vía IV	Farmacoterapia::Cardiovascular
Efecto adverso grave de Carvedilol: Bradicardia sintomática y bloqueo AV — ¿en qué consiste?	Bradicardia sintomática y bloqueo AV	Farmacoterapia::Cardiovascular
Efecto adverso grave de Carvedilol: Broncoespasmo en asmáticos — ¿en qué consiste?	Broncoespasmo en asmáticos	Farmacoterapia::Cardiovascular
Efecto adverso grave de Carvedilol: Descompensación de insuficiencia cardiaca si se inicia en fase congestiva — ¿en qué consiste?	Descompensación de insuficiencia cardiaca si se inicia en fase congestiva	Farmacoterapia::Cardiovascular
Efecto adverso grave de Carvedilol: Hipotensión y fracaso renal en cirrosis con ascitis refractaria — ¿en qué consiste?	Hipotensión y fracaso renal en cirrosis con ascitis refractaria	Farmacoterapia::Cardiovascular
¿Está contraindicado Carvedilol en: <b>Asma bronquial</b>?	Sí — <b>Asma bronquial</b>	Farmacoterapia::Cardiovascular
¿Está contraindicado Carvedilol en: Insuficiencia cardiaca descompensada que requiere inotrópicos IV?	Sí — Insuficiencia cardiaca descompensada que requiere inotrópicos IV	Farmacoterapia::Cardiovascular
¿Está contraindicado Carvedilol en: Bradicardia sinusal <50 lpm, enfermedad del seno o BAV de 2.º-3.er grado sin marcapasos?	Sí — Bradicardia sinusal <50 lpm, enfermedad del seno o BAV de 2.º-3.er grado sin marcapasos	Farmacoterapia::Cardiovascular
¿Está contraindicado Carvedilol en: Insuficiencia hepática grave?	Sí — Insuficiencia hepática grave	Farmacoterapia::Cardiovascular
¿Está contraindicado Carvedilol en: Shock cardiogénico?	Sí — Shock cardiogénico	Farmacoterapia::Cardiovascular
Particularidad de Carvedilol que hay que tener en cuenta:	<b>El betabloqueante de la insuficiencia cardiaca se inicia en el paciente SECO</b>, nunca en plena congestión.	Farmacoterapia::Cardiovascular
¿A qué clase farmacológica pertenece Metoprolol?	Betabloqueante (Cardioselectivo (beta1), lipófilo)	Farmacoterapia::Cardiovascular
¿Cuál es el mecanismo de acción de Metoprolol?	Antagonista competitivo selectivo de los receptores beta-1: reduce FC, contractilidad, consumo de oxígeno miocárdico, conducción AV y liberación de renina. La selectividad beta-1 es relativa y se pierde a dosis altas.	Farmacoterapia::Cardiovascular
¿Qué distingue a Metoprolol de los demás fármacos de su clase (Betabloqueante)?	<b>Dos sales que NO son intercambiables</b>: el <b>succinato</b> de liberación prolongada (una toma diaria) es el que tiene evidencia en insuficiencia cardiaca (MERIT-HF); el <b>tartrato</b> es de acción corta (2-3 tomas) y es la forma <b>IV</b>.	Farmacoterapia::Cardiovascular
¿Cuál es la dosis de Metoprolol en Insuficiencia cardiaca con FEVI reducida?	12,5-25 mg → 200 mg (succinato) — Cada 24 h, vía VO	Farmacoterapia::Cardiovascular
¿Cuál es la dosis de Metoprolol en Síndrome coronario agudo con taquicardia o hipertensión, sin insuficiencia cardiaca?	5 mg (tartrato) — Cada 5 min, hasta 3 dosis; después 25-50 mg VO cada 6-12 h, vía IV → VO	Farmacoterapia::Cardiovascular
¿Cuál es la dosis de Metoprolol en Control de frecuencia en fibrilación auricular?	2,5-5 mg IV; mantenimiento 50-200 mg VO — IV en bolo lento (repetible cada 5 min); VO cada 24 h (succinato) o cada 12 h (tartrato), vía IV / VO	Farmacoterapia::Cardiovascular
¿Cuál es la dosis de Metoprolol en Hipertensión arterial y angina estable?	50-200 mg — Cada 24 h (succinato), vía VO	Farmacoterapia::Cardiovascular
¿Cuánto dura el tratamiento con Metoprolol?	Indefinida en insuficiencia cardiaca y postinfarto.	Farmacoterapia::Cardiovascular
¿Cómo se suspende Metoprolol?	<b>Retirada gradual en 1-2 semanas</b> (riesgo de rebote isquémico).	Farmacoterapia::Cardiovascular
¿Qué hay que monitorizar durante el tratamiento con Metoprolol?	FC, PA, ECG (PR) y síntomas de congestión.	Farmacoterapia::Cardiovascular
¿Cuál es la vida media de Metoprolol?	3-4 h (tartrato); el succinato libera el fármaco durante 24 h.	Farmacoterapia::Cardiovascular
¿Requiere Metoprolol ajuste en insuficiencia renal?	No precisa.	Farmacoterapia::Cardiovascular
Interacción crítica de Metoprolol con Verapamilo y diltiazem (sobre todo IV): ¿qué ocurre y qué se hace?	Bradicardia grave, bloqueo AV y asistolia. Manejo: No combinar por vía IV	Farmacoterapia::Cardiovascular
Interacción crítica de Metoprolol con Inhibidores potentes del CYP2D6: paroxetina, fluoxetina, bupropión, quinidina: ¿qué ocurre y qué se hace?	<b>Multiplican sus niveles: bradicardia sintomática</b>. Manejo: Usar bisoprolol o atenolol, o reducir la dosis	Farmacoterapia::Cardiovascular
Efecto adverso grave de Metoprolol: Bradicardia grave y bloqueo AV — ¿en qué consiste?	Bradicardia grave y bloqueo AV	Farmacoterapia::Cardiovascular
Efecto adverso grave de Metoprolol: Insuficiencia cardiaca aguda si se administra IV en bajo gasto — ¿en qué consiste?	Insuficiencia cardiaca aguda si se administra IV en bajo gasto	Farmacoterapia::Cardiovascular
Efecto adverso grave de Metoprolol: Broncoespasmo a dosis altas en asmáticos — ¿en qué consiste?	Broncoespasmo a dosis altas en asmáticos	Farmacoterapia::Cardiovascular
Efecto adverso grave de Metoprolol: Rebote isquémico tras retirada brusca — ¿en qué consiste?	Rebote isquémico tras retirada brusca	Farmacoterapia::Cardiovascular
¿Está contraindicado Metoprolol en: Shock cardiogénico o insuficiencia cardiaca aguda descompensada?	Sí — Shock cardiogénico o insuficiencia cardiaca aguda descompensada	Farmacoterapia::Cardiovascular
¿Está contraindicado Metoprolol en: Bradicardia <50 lpm, BAV de 2.º-3.er grado o enfermedad del seno sin marcapasos?	Sí — Bradicardia <50 lpm, BAV de 2.º-3.er grado o enfermedad del seno sin marcapasos	Farmacoterapia::Cardiovascular
¿Está contraindicado Metoprolol en: Asma grave?	Sí — Asma grave	Farmacoterapia::Cardiovascular
¿Está contraindicado Metoprolol en: Isquemia arterial periférica crítica?	Sí — Isquemia arterial periférica crítica	Farmacoterapia::Cardiovascular
Particularidad de Metoprolol que hay que tener en cuenta:	<b>En insuficiencia cardiaca no vale cualquier metoprolol: solo el succinato de liberación prolongada.</b>	Farmacoterapia::Cardiovascular
¿A qué clase farmacológica pertenece Atenolol?	Betabloqueante (Cardioselectivo (beta1), hidrófilo, de eliminación renal)	Farmacoterapia::Cardiovascular
¿Cuál es el mecanismo de acción de Atenolol?	Antagonista selectivo de receptores beta-1, sin actividad simpaticomimética intrínseca ni estabilizadora de membrana. Reduce FC, contractilidad y liberación de renina.	Farmacoterapia::Cardiovascular
¿Qué distingue a Atenolol de los demás fármacos de su clase (Betabloqueante)?	<b>HIDRÓFILO: no atraviesa la barrera hematoencefálica</b> (menos pesadillas y depresión) y <b>se elimina inalterado por el RIÑÓN</b> → hay que ajustarlo al FG y es dializable.	Farmacoterapia::Cardiovascular
¿Cuál es la dosis de Atenolol en Angina estable y control de frecuencia?	50-100 mg — Cada 24 h, vía VO	Farmacoterapia::Cardiovascular
¿Cuál es la dosis de Atenolol en Hipertensión arterial (cuando ya está bien controlada con él o hay otra indicación de betabloqueante)?	25-100 mg — Cada 24 h, vía VO	Farmacoterapia::Cardiovascular
¿Cuál es la dosis de Atenolol en Síntomas adrenérgicos del hipertiroidismo y ansiedad somática?	25-50 mg — Cada 24 h, vía VO	Farmacoterapia::Cardiovascular
¿Cuánto dura el tratamiento con Atenolol?	Indefinida según indicación.	Farmacoterapia::Cardiovascular
¿Cómo se suspende Atenolol?	Retirada gradual en 1-2 semanas.	Farmacoterapia::Cardiovascular
¿Qué hay que monitorizar durante el tratamiento con Atenolol?	FC, PA y función renal.	Farmacoterapia::Cardiovascular
¿Cuál es la vida media de Atenolol?	6-9 h (se prolonga mucho en la insuficiencia renal).	Farmacoterapia::Cardiovascular
¿Requiere Atenolol ajuste en insuficiencia renal?	<b>FG 15-35: máximo 50 mg/día. FG <15: máximo 25 mg/día o 50 mg a días alternos. Hemodiálisis: dosis tras la sesión.</b>	Farmacoterapia::Cardiovascular
Interacción crítica de Atenolol con Verapamilo y diltiazem: ¿qué ocurre y qué se hace?	Bradicardia grave y bloqueo AV. Manejo: Evitar la combinación	Farmacoterapia::Cardiovascular
Efecto adverso grave de Atenolol: Bradicardia grave y bloqueo AV — ¿en qué consiste?	Bradicardia grave y bloqueo AV	Farmacoterapia::Cardiovascular
Efecto adverso grave de Atenolol: Acumulación con bradicardia extrema en la insuficiencia renal no ajustada — ¿en qué consiste?	Acumulación con bradicardia extrema en la insuficiencia renal no ajustada	Farmacoterapia::Cardiovascular
Efecto adverso grave de Atenolol: Rebote isquémico tras retirada brusca — ¿en qué consiste?	Rebote isquémico tras retirada brusca	Farmacoterapia::Cardiovascular
Efecto adverso grave de Atenolol: Retraso del crecimiento intrauterino — ¿en qué consiste?	Retraso del crecimiento intrauterino	Farmacoterapia::Cardiovascular
¿Está contraindicado Atenolol en: Bradicardia <50 lpm, BAV de 2.º-3.er grado o enfermedad del seno sin marcapasos?	Sí — Bradicardia <50 lpm, BAV de 2.º-3.er grado o enfermedad del seno sin marcapasos	Farmacoterapia::Cardiovascular
¿Está contraindicado Atenolol en: Shock cardiogénico o insuficiencia cardiaca descompensada?	Sí — Shock cardiogénico o insuficiencia cardiaca descompensada	Farmacoterapia::Cardiovascular
¿Está contraindicado Atenolol en: Asma grave?	Sí — Asma grave	Farmacoterapia::Cardiovascular
¿Está contraindicado Atenolol en: Embarazo?	Sí — Embarazo (relativa: preferir otras opciones)	Farmacoterapia::Cardiovascular
Particularidad de Atenolol que hay que tener en cuenta:	<b>En el anciano renal, el atenolol se acumula</b>: la bradicardia de un anciano con atenolol y deterioro de función renal es un cuadro típico de urgencias.	Farmacoterapia::Cardiovascular
¿A qué clase farmacológica pertenece Propranolol?	Betabloqueante (No selectivo (beta1 y beta2), lipófilo, con efecto estabilizador de membrana)	Farmacoterapia::Cardiovascular
¿Cuál es el mecanismo de acción de Propranolol?	Antagonista competitivo no selectivo de receptores beta-1 y beta-2. En la hipertensión portal reduce el gasto cardiaco (beta-1) y provoca vasoconstricción esplácnica al dejar sin oposición el tono alfa (beta-2). <b>A dosis altas inhibe la 5'-desyodasa periférica (menos T3)</b> y tiene efecto anestésico local (estabilizador de membrana) sobre los canales de sodio.	Farmacoterapia::Cardiovascular
¿Qué distingue a Propranolol de los demás fármacos de su clase (Betabloqueante)?	<b>El betabloqueante de las indicaciones NO cardiovasculares</b>: profilaxis de la hemorragia por varices, profilaxis de la migraña, temblor esencial, síntomas del hipertiroidismo y de la crisis tirotóxica, ansiedad escénica y hemangioma infantil.	Farmacoterapia::Cardiovascular
¿Cuál es la dosis de Propranolol en Profilaxis de la hemorragia por varices esofágicas (primaria y secundaria, con ligadura)?	20-40 mg → máximo 160 mg/día — Cada 12 h, vía VO	Farmacoterapia::Cardiovascular
¿Cuál es la dosis de Propranolol en Profilaxis de la migraña?	40-160 mg/día — Cada 12 h (o formulación retard cada 24 h), vía VO	Farmacoterapia::Cardiovascular
¿Cuál es la dosis de Propranolol en Temblor esencial?	40-240 mg/día — Repartido cada 8-12 h, vía VO	Farmacoterapia::Cardiovascular
¿Cuál es la dosis de Propranolol en Hipertiroidismo sintomático y crisis tirotóxica?	10-40 mg (crisis: 60-80 mg) — Cada 6-8 h (crisis: cada 4 h), vía VO	Farmacoterapia::Cardiovascular
¿Cuál es la dosis de Propranolol en Ansiedad de ejecución (escénica)?	10-40 mg — Dosis única 1 h antes del evento, vía VO	Farmacoterapia::Cardiovascular
¿Cuánto dura el tratamiento con Propranolol?	Indefinida en hipertensión portal; 6-12 meses en profilaxis de migraña; hasta el eutiroidismo en el hipertiroidismo.	Farmacoterapia::Cardiovascular
¿Cómo se suspende Propranolol?	<b>Retirada gradual en 1-2 semanas</b>. En la cirrosis, suspender si aparece PAS <90 mmHg, fracaso renal agudo, hiponatremia grave o peritonitis bacteriana espontánea con inestabilidad.	Farmacoterapia::Cardiovascular
¿Qué hay que monitorizar durante el tratamiento con Propranolol?	FC y PA; en cirrosis, función renal y sodio.	Farmacoterapia::Cardiovascular
¿Cuál es la vida media de Propranolol?	3-6 h.	Farmacoterapia::Cardiovascular
¿Requiere Propranolol ajuste en insuficiencia renal?	No precisa.	Farmacoterapia::Cardiovascular
Interacción crítica de Propranolol con Verapamilo y diltiazem: ¿qué ocurre y qué se hace?	Bradicardia grave, bloqueo AV. Manejo: Evitar	Farmacoterapia::Cardiovascular
Interacción crítica de Propranolol con Adrenalina (anafilaxia): ¿qué ocurre y qué se hace?	Respuesta reducida a la adrenalina e hipertensión por estímulo alfa sin oposición. Manejo: En anafilaxia refractaria con betabloqueante: glucagón IV	Farmacoterapia::Cardiovascular
Efecto adverso grave de Propranolol: Broncoespasmo en asmáticos — ¿en qué consiste?	Broncoespasmo en asmáticos	Farmacoterapia::Cardiovascular
Efecto adverso grave de Propranolol: Hipoglucemia prolongada y enmascarada — ¿en qué consiste?	Hipoglucemia prolongada y enmascarada	Farmacoterapia::Cardiovascular
Efecto adverso grave de Propranolol: **Sobredosis — ¿en qué consiste?	<b>Sobredosis: shock, ensanchamiento del QRS, convulsiones y coma</b> (efecto estabilizador de membrana)	Farmacoterapia::Cardiovascular
Efecto adverso grave de Propranolol: Hipotensión y fracaso renal en cirrosis con ascitis refractaria — ¿en qué consiste?	Hipotensión y fracaso renal en cirrosis con ascitis refractaria	Farmacoterapia::Cardiovascular
¿Está contraindicado Propranolol en: <b>Asma bronquial</b>?	Sí — <b>Asma bronquial</b>	Farmacoterapia::Cardiovascular
¿Está contraindicado Propranolol en: Bradicardia <50 lpm, BAV de 2.º-3.er grado o enfermedad del seno?	Sí — Bradicardia <50 lpm, BAV de 2.º-3.er grado o enfermedad del seno	Farmacoterapia::Cardiovascular
¿Está contraindicado Propranolol en: Shock cardiogénico, insuficiencia cardiaca descompensada?	Sí — Shock cardiogénico, insuficiencia cardiaca descompensada	Farmacoterapia::Cardiovascular
¿Está contraindicado Propranolol en: Isquemia arterial periférica crítica, angina vasoespástica?	Sí — Isquemia arterial periférica crítica, angina vasoespástica (Prinzmetal)	Farmacoterapia::Cardiovascular
Particularidad de Propranolol que hay que tener en cuenta:	<b>La intoxicación por propranolol se comporta como la de un antiarrítmico de clase I</b>: QRS ancho y convulsiones. Además del glucagón, puede requerir bicarbonato sódico.	Farmacoterapia::Cardiovascular
¿A qué clase farmacológica pertenece Nifedipino?	Antagonista del calcio (Dihidropiridina de primera generación (solo liberación prolongada))	Farmacoterapia::Cardiovascular
¿Cuál es el mecanismo de acción de Nifedipino?	Bloquea los canales de calcio tipo L de la musculatura lisa arterial con gran selectividad vascular: vasodilatación arteriolar periférica y coronaria, sin efecto relevante sobre el nodo sinusal ni la conducción AV. <b>La vasodilatación rápida activa el reflejo barorreceptor (taquicardia refleja)</b>, de ahí la importancia de la liberación prolongada.	Farmacoterapia::Cardiovascular
¿Qué distingue a Nifedipino de los demás fármacos de su clase (Antagonista del calcio)?	<b>La forma de LIBERACIÓN INMEDIATA está proscrita en hipertensión</b> (incluida la «sublingual» en la urgencia hipertensiva): produce descensos bruscos, taquicardia refleja, isquemia coronaria y cerebral.	Farmacoterapia::Cardiovascular
¿Cuál es la dosis de Nifedipino en Hipertensión arterial (incluida la del embarazo)?	30-90 mg (liberación prolongada) — Cada 24 h, vía VO	Farmacoterapia::Cardiovascular
¿Cuál es la dosis de Nifedipino en Amenaza de parto pretérmino (tocólisis)?	20 mg de carga, después 10-20 mg — Carga y luego cada 6-8 h, vía VO	Farmacoterapia::Cardiovascular
¿Cuál es la dosis de Nifedipino en Fenómeno de Raynaud y angina vasoespástica?	30-60 mg (liberación prolongada) — Cada 24 h, vía VO	Farmacoterapia::Cardiovascular
¿Cuánto dura el tratamiento con Nifedipino?	Indefinida en hipertensión; 48 h en tocólisis; estacional o continua en Raynaud.	Farmacoterapia::Cardiovascular
¿Cómo se suspende Nifedipino?	Suspensión directa en hipertensión (sin rebote relevante con la forma retard). En angina vasoespástica, retirada gradual.	Farmacoterapia::Cardiovascular
¿Qué hay que monitorizar durante el tratamiento con Nifedipino?	PA, FC y edemas maleolares.	Farmacoterapia::Cardiovascular
¿Cuál es la vida media de Nifedipino?	2-5 h (la formulación prolonga el efecto a 24 h).	Farmacoterapia::Cardiovascular
¿Requiere Nifedipino ajuste en insuficiencia renal?	No precisa.	Farmacoterapia::Cardiovascular
Interacción crítica de Nifedipino con Inductores del CYP3A4 (rifampicina, carbamazepina, fenitoína): ¿qué ocurre y qué se hace?	Reducen drásticamente sus niveles. Manejo: Evitar; usar otro antihipertensivo	Farmacoterapia::Cardiovascular
Efecto adverso grave de Nifedipino: <b>Hipotensión brusca, isquemia miocárdica y cerebral con la forma de liberación inmediata</b> — ¿en qué consiste?	<b>Hipotensión brusca, isquemia miocárdica y cerebral con la forma de liberación inmediata</b>	Farmacoterapia::Cardiovascular
Efecto adverso grave de Nifedipino: Empeoramiento de la angina por taquicardia refleja — ¿en qué consiste?	Empeoramiento de la angina por taquicardia refleja	Farmacoterapia::Cardiovascular
¿Está contraindicado Nifedipino en: <b>Formulación de liberación inmediata en hipertensión y en la cardiopatía isquémica</b>?	Sí — <b>Formulación de liberación inmediata en hipertensión y en la cardiopatía isquémica</b>	Farmacoterapia::Cardiovascular
¿Está contraindicado Nifedipino en: Shock cardiogénico, estenosis aórtica grave?	Sí — Shock cardiogénico, estenosis aórtica grave	Farmacoterapia::Cardiovascular
¿Está contraindicado Nifedipino en: Síndrome coronario agudo en la primera semana?	Sí — Síndrome coronario agudo en la primera semana	Farmacoterapia::Cardiovascular
¿Está contraindicado Nifedipino en: Uso con inductores potentes del CYP3A4?	Sí — Uso con inductores potentes del CYP3A4	Farmacoterapia::Cardiovascular
Particularidad de Nifedipino que hay que tener en cuenta:	<b>«Nifedipino sublingual» en la urgencia hipertensiva es un error clásico</b>: no hay que bajar la PA en minutos, y además la absorción sublingual no existe (se absorbe al tragarlo).	Farmacoterapia::Cardiovascular
¿A qué clase farmacológica pertenece Lercanidipino?	Antagonista del calcio (Dihidropiridina de tercera generación, muy lipófila)	Farmacoterapia::Cardiovascular
¿Cuál es el mecanismo de acción de Lercanidipino?	Bloqueo de los canales de calcio tipo L del músculo liso arterial con elevada vasoselectividad. <b>Su alta lipofilia le permite acumularse en la bicapa lipídica y liberarse de forma lenta</b>: inicio gradual y acción prolongada. <b>Dilata tanto la arteriola aferente como la eferente</b>, lo que contribuye a menos edema por menor presión capilar.	Farmacoterapia::Cardiovascular
¿Qué distingue a Lercanidipino de los demás fármacos de su clase (Antagonista del calcio)?	<b>Produce MENOS EDEMAS MALEOLARES que amlodipino y nifedipino</b>: la alternativa cuando el edema obliga a retirar el amlodipino.	Farmacoterapia::Cardiovascular
¿Cuál es la dosis de Lercanidipino en Hipertensión arterial?	10-20 mg — Cada 24 h, 15 min antes de una comida, vía VO	Farmacoterapia::Cardiovascular
¿Cuánto dura el tratamiento con Lercanidipino?	Indefinida.	Farmacoterapia::Cardiovascular
¿Cómo se suspende Lercanidipino?	Suspensión directa.	Farmacoterapia::Cardiovascular
¿Qué hay que monitorizar durante el tratamiento con Lercanidipino?	PA, FC y edemas.	Farmacoterapia::Cardiovascular
¿Cuál es la vida media de Lercanidipino?	8-10 h (efecto de 24 h por acumulación en membranas).	Farmacoterapia::Cardiovascular
¿Requiere Lercanidipino ajuste en insuficiencia renal?	No precisa en leve-moderada; no recomendado con FG <30.	Farmacoterapia::Cardiovascular
Interacción crítica de Lercanidipino con Inhibidores potentes del CYP3A4 (ketoconazol, itraconazol, claritromicina, ritonavir): ¿qué ocurre y qué se hace?	Aumento de 8-15 veces de sus niveles. Manejo: <b>Contraindicado</b>	Farmacoterapia::Cardiovascular
Interacción crítica de Lercanidipino con Ciclosporina: ¿qué ocurre y qué se hace?	Aumento mutuo de concentraciones. Manejo: <b>Contraindicado</b>	Farmacoterapia::Cardiovascular
Interacción crítica de Lercanidipino con Zumo de pomelo: ¿qué ocurre y qué se hace?	Aumenta sus niveles. Manejo: No tomar pomelo	Farmacoterapia::Cardiovascular
Efecto adverso grave de Lercanidipino: Hipotensión sintomática — ¿en qué consiste?	Hipotensión sintomática	Farmacoterapia::Cardiovascular
Efecto adverso grave de Lercanidipino: Angina paradójica — ¿en qué consiste?	Angina paradójica (rara)	Farmacoterapia::Cardiovascular
¿Está contraindicado Lercanidipino en: Uso con inhibidores potentes del CYP3A4 o ciclosporina?	Sí — Uso con inhibidores potentes del CYP3A4 o ciclosporina	Farmacoterapia::Cardiovascular
¿Está contraindicado Lercanidipino en: Estenosis aórtica grave, insuficiencia cardiaca no controlada, angina inestable?	Sí — Estenosis aórtica grave, insuficiencia cardiaca no controlada, angina inestable	Farmacoterapia::Cardiovascular
¿Está contraindicado Lercanidipino en: FG <30 e insuficiencia hepática grave?	Sí — FG <30 e insuficiencia hepática grave	Farmacoterapia::Cardiovascular
¿Está contraindicado Lercanidipino en: Embarazo y lactancia?	Sí — Embarazo y lactancia	Farmacoterapia::Cardiovascular
Particularidad de Lercanidipino que hay que tener en cuenta:	<b>Si un paciente refiere que «el lercanidipino no le hace nada», preguntar cuándo lo toma</b>: después de comer o en ayunas cambian mucho sus niveles; la toma debe ser constante.	Farmacoterapia::Cardiovascular
¿A qué clase farmacológica pertenece Diltiazem?	Antagonista del calcio (No dihidropiridínico: benzotiazepina (corazón y vasos))	Farmacoterapia::Cardiovascular
¿Cuál es el mecanismo de acción de Diltiazem?	Bloquea los canales de calcio tipo L del miocardio, del tejido de conducción y del músculo liso vascular. <b>Reduce la conducción y el periodo refractario del nodo AV (efecto antiarrítmico clase IV), la FC y la contractilidad</b>, y produce vasodilatación coronaria y periférica sin taquicardia refleja.	Farmacoterapia::Cardiovascular
¿Qué distingue a Diltiazem de los demás fármacos de su clase (Antagonista del calcio)?	<b>Efecto intermedio entre verapamilo y las dihidropiridinas</b>: frena el nodo AV (control de frecuencia) y vasodilata, con <b>menos estreñimiento</b> que el verapamilo.	Farmacoterapia::Cardiovascular
¿Cuál es la dosis de Diltiazem en Control agudo de la frecuencia ventricular en fibrilación o flúter auricular (FEVI conservada)?	0,25 mg/kg (≈20 mg); 2.ª dosis 0,35 mg/kg a los 15 min — Bolo IV en 2 min; después perfusión 5-15 mg/h si es necesario, vía IV	Farmacoterapia::Cardiovascular
¿Cuál es la dosis de Diltiazem en Control crónico de frecuencia en fibrilación auricular?	120-360 mg (liberación prolongada) — Cada 24 h (o 60-120 mg cada 8 h de liberación inmediata), vía VO	Farmacoterapia::Cardiovascular
¿Cuál es la dosis de Diltiazem en Angina estable y angina vasoespástica?	120-360 mg/día — Cada 8 h (liberación inmediata) o cada 12-24 h (retard), vía VO	Farmacoterapia::Cardiovascular
¿Cuál es la dosis de Diltiazem en Fisura anal crónica?	Pomada al 2% — Cada 12 h, vía tópica (rectal)	Farmacoterapia::Cardiovascular
¿Cuánto dura el tratamiento con Diltiazem?	Indefinida en FA y angina; 6-8 semanas en fisura anal.	Farmacoterapia::Cardiovascular
¿Cómo se suspende Diltiazem?	Retirada gradual en la angina; suspensión directa en el resto.	Farmacoterapia::Cardiovascular
¿Qué hay que monitorizar durante el tratamiento con Diltiazem?	FC, PA, ECG (PR) y signos de insuficiencia cardiaca.	Farmacoterapia::Cardiovascular
¿Cuál es la vida media de Diltiazem?	3,5-6 h.	Farmacoterapia::Cardiovascular
¿Requiere Diltiazem ajuste en insuficiencia renal?	No precisa (precaución).	Farmacoterapia::Cardiovascular
Interacción crítica de Diltiazem con Betabloqueantes (sobre todo IV): ¿qué ocurre y qué se hace?	Bradicardia grave, bloqueo AV, asistolia. Manejo: No combinar por vía IV; por VO solo con monitorización	Farmacoterapia::Cardiovascular
Interacción crítica de Diltiazem con Simvastatina y lovastatina: ¿qué ocurre y qué se hace?	Aumento de sus niveles: miopatía. Manejo: <b>Simvastatina máximo 10 mg</b>; mejor rosuvastatina o pravastatina	Farmacoterapia::Cardiovascular
Interacción crítica de Diltiazem con Ciclosporina, tacrolimús, sirolimús: ¿qué ocurre y qué se hace?	Aumentan sus niveles. Manejo: Reducir dosis y monitorizar niveles	Farmacoterapia::Cardiovascular
Efecto adverso grave de Diltiazem: Bloqueo AV avanzado — ¿en qué consiste?	Bloqueo AV avanzado	Farmacoterapia::Cardiovascular
Efecto adverso grave de Diltiazem: Insuficiencia cardiaca en FEVI reducida — ¿en qué consiste?	Insuficiencia cardiaca en FEVI reducida (inotropismo negativo)	Farmacoterapia::Cardiovascular
Efecto adverso grave de Diltiazem: Hipotensión grave tras bolo IV — ¿en qué consiste?	Hipotensión grave tras bolo IV	Farmacoterapia::Cardiovascular
Efecto adverso grave de Diltiazem: Exantemas graves — ¿en qué consiste?	Exantemas graves (raros)	Farmacoterapia::Cardiovascular
¿Está contraindicado Diltiazem en: <b>Insuficiencia cardiaca con FEVI reducida</b>?	Sí — <b>Insuficiencia cardiaca con FEVI reducida</b>	Farmacoterapia::Cardiovascular
¿Está contraindicado Diltiazem en: BAV de 2.º-3.er grado o enfermedad del seno sin marcapasos?	Sí — BAV de 2.º-3.er grado o enfermedad del seno sin marcapasos	Farmacoterapia::Cardiovascular
¿Está contraindicado Diltiazem en: **Fibrilación auricular preexcitada?	Sí — <b>Fibrilación auricular preexcitada (Wolff-Parkinson-White)</b>	Farmacoterapia::Cardiovascular
¿Está contraindicado Diltiazem en: Hipotensión o shock?	Sí — Hipotensión o shock	Farmacoterapia::Cardiovascular
¿Está contraindicado Diltiazem en: Taquicardia de QRS ancho de origen incierto?	Sí — Taquicardia de QRS ancho de origen incierto	Farmacoterapia::Cardiovascular
Particularidad de Diltiazem que hay que tener en cuenta:	<b>Antes de pautar diltiazem para controlar la FA, mirar la FEVI</b>: con FEVI <40% está contraindicado y la opción es betabloqueante, digoxina o amiodarona.	Farmacoterapia::Cardiovascular
¿A qué clase farmacológica pertenece Verapamilo?	Antagonista del calcio (No dihidropiridínico: fenilalquilamina (el más cardioselectivo))	Farmacoterapia::Cardiovascular
¿Cuál es el mecanismo de acción de Verapamilo?	Bloquea los canales de calcio tipo L con <b>marcada preferencia por el miocardio y el tejido de conducción</b>: deprime el nodo sinusal y, sobre todo, el nodo AV (prolonga el PR y el periodo refractario), reduce la contractilidad y produce una vasodilatación moderada.	Farmacoterapia::Cardiovascular
¿Qué distingue a Verapamilo de los demás fármacos de su clase (Antagonista del calcio)?	<b>El calcioantagonista con MÁS efecto cardiaco</b> (nodo AV, contractilidad) y menos vascular: el de mayor poder antiarrítmico y el de mayor inotropismo negativo.	Farmacoterapia::Cardiovascular
¿Cuál es la dosis de Verapamilo en Taquicardia supraventricular paroxística (reentrada nodal o por vía accesoria ortodrómica) con QRS estrecho?	5-10 mg — IV en 2-3 min; repetir 5-10 mg a los 15-30 min si es necesario, vía IV	Farmacoterapia::Cardiovascular
¿Cuál es la dosis de Verapamilo en Control de frecuencia en fibrilación auricular (FEVI conservada)?	120-480 mg/día — Cada 8 h (liberación inmediata) o cada 12-24 h (retard), vía VO	Farmacoterapia::Cardiovascular
¿Cuál es la dosis de Verapamilo en Profilaxis de la cefalea en racimos?	240 mg/día, subiendo hasta 480-960 mg/día — Cada 8 h, vía VO	Farmacoterapia::Cardiovascular
¿Cuál es la dosis de Verapamilo en Hipertensión y angina (incluida la vasoespástica)?	120-480 mg/día — Cada 12-24 h (retard), vía VO	Farmacoterapia::Cardiovascular
¿Cuánto dura el tratamiento con Verapamilo?	Dosis única IV en la TSV; indefinida en el resto; durante el periodo de racimos y 2 semanas más en la cefalea en racimos.	Farmacoterapia::Cardiovascular
¿Cómo se suspende Verapamilo?	Retirada gradual en angina; reducción progresiva al acabar el periodo de racimos.	Farmacoterapia::Cardiovascular
¿Qué hay que monitorizar durante el tratamiento con Verapamilo?	FC, PA, ECG (PR) y hábito intestinal.	Farmacoterapia::Cardiovascular
¿Cuál es la vida media de Verapamilo?	4-12 h (se prolonga con el uso crónico).	Farmacoterapia::Cardiovascular
¿Requiere Verapamilo ajuste en insuficiencia renal?	No precisa.	Farmacoterapia::Cardiovascular
Interacción crítica de Verapamilo con Betabloqueantes IV: ¿qué ocurre y qué se hace?	<b>Bradicardia extrema, bloqueo AV completo y asistolia</b>. Manejo: <b>Nunca combinar por vía IV</b>; separar al menos varias horas	Farmacoterapia::Cardiovascular
Interacción crítica de Verapamilo con Digoxina: ¿qué ocurre y qué se hace?	<b>Aumento del 50-75% de la digoxinemia</b> (glicoproteína P) y bradicardia aditiva. Manejo: Reducir la digoxina a la mitad y medir niveles	Farmacoterapia::Cardiovascular
Interacción crítica de Verapamilo con Dabigatrán: ¿qué ocurre y qué se hace?	Aumento de sus niveles (glicoproteína P). Manejo: Dabigatrán 110 mg cada 12 h y tomarlo 2 h antes que el verapamilo	Farmacoterapia::Cardiovascular
Interacción crítica de Verapamilo con Simvastatina, ciclosporina, tacrolimús: ¿qué ocurre y qué se hace?	Aumentan sus niveles. Manejo: Simvastatina máximo 10 mg; monitorizar inmunosupresores	Farmacoterapia::Cardiovascular
Efecto adverso grave de Verapamilo: Bloqueo AV completo, asistolia — ¿en qué consiste?	Bloqueo AV completo, asistolia	Farmacoterapia::Cardiovascular
Efecto adverso grave de Verapamilo: <b>Colapso hemodinámico si se administra en una taquicardia ventricular confundida con supraventricular</b> — ¿en qué consiste?	<b>Colapso hemodinámico si se administra en una taquicardia ventricular confundida con supraventricular</b>	Farmacoterapia::Cardiovascular
Efecto adverso grave de Verapamilo: Insuficiencia cardiaca en FEVI reducida — ¿en qué consiste?	Insuficiencia cardiaca en FEVI reducida	Farmacoterapia::Cardiovascular
Efecto adverso grave de Verapamilo: Fibrilación ventricular en FA preexcitada — ¿en qué consiste?	Fibrilación ventricular en FA preexcitada	Farmacoterapia::Cardiovascular
¿Está contraindicado Verapamilo en: <b>Insuficiencia cardiaca con FEVI reducida</b>?	Sí — <b>Insuficiencia cardiaca con FEVI reducida</b>	Farmacoterapia::Cardiovascular
¿Está contraindicado Verapamilo en: BAV de 2.º-3.er grado o enfermedad del seno?	Sí — BAV de 2.º-3.er grado o enfermedad del seno	Farmacoterapia::Cardiovascular
¿Está contraindicado Verapamilo en: **Fibrilación auricular preexcitada?	Sí — <b>Fibrilación auricular preexcitada (WPW)</b>	Farmacoterapia::Cardiovascular
¿Está contraindicado Verapamilo en: <b>Taquicardia de QRS ancho no filiada</b>?	Sí — <b>Taquicardia de QRS ancho no filiada</b>	Farmacoterapia::Cardiovascular
¿Está contraindicado Verapamilo en: Hipotensión, shock?	Sí — Hipotensión, shock	Farmacoterapia::Cardiovascular
¿Está contraindicado Verapamilo en: Betabloqueante IV reciente?	Sí — Betabloqueante IV reciente	Farmacoterapia::Cardiovascular
Particularidad de Verapamilo que hay que tener en cuenta:	<b>«Taquicardia de QRS ancho = ventricular hasta que se demuestre lo contrario»</b>: el verapamilo IV en una TV puede ser mortal.	Farmacoterapia::Cardiovascular
¿A qué clase farmacológica pertenece Simvastatina?	Estatina (inhibidor de la HMG-CoA reductasa) (Estatina de intensidad moderada, lipófila, de vida media corta)	Farmacoterapia::Cardiovascular
¿Cuál es el mecanismo de acción de Simvastatina?	Inhibe competitivamente la HMG-CoA reductasa, la enzima limitante de la síntesis hepática de colesterol. El descenso del colesterol intracelular aumenta la expresión de receptores de LDL en el hepatocito, que retiran LDL del plasma. Comparte los efectos pleiotrópicos de la clase (estabilización de placa, efecto antiinflamatorio). <b>Se administra como lactona inactiva (profármaco) que se hidroliza en el hígado a su forma ácida activa.</b>	Farmacoterapia::Cardiovascular
¿Qué distingue a Simvastatina de los demás fármacos de su clase (Estatina (inhibidor de la HMG-CoA reductasa))?	<b>Vida media muy corta (1-3 h): se toma por la NOCHE</b>, cuando es máxima la síntesis hepática de colesterol. Atorvastatina y rosuvastatina pueden tomarse a cualquier hora.	Farmacoterapia::Cardiovascular
¿Cuál es la dosis de Simvastatina en Hipercolesterolemia y prevención cardiovascular de riesgo moderado?	20-40 mg — Cada 24 h, <b>por la noche</b>, vía VO	Farmacoterapia::Cardiovascular
¿Cuál es la dosis de Simvastatina en Prevención secundaria cuando no se tolera una estatina de alta intensidad?	40 mg — Cada 24 h, por la noche, vía VO	Farmacoterapia::Cardiovascular
¿Cuánto dura el tratamiento con Simvastatina?	Indefinida en prevención cardiovascular.	Farmacoterapia::Cardiovascular
¿Cómo se suspende Simvastatina?	No se suspende al alcanzar el objetivo. Se retira ante rabdomiólisis, hepatotoxicidad o embarazo, y <b>se suspende temporalmente durante un ciclo de claritromicina, eritromicina o azoles</b>.	Farmacoterapia::Cardiovascular
¿Qué hay que monitorizar durante el tratamiento con Simvastatina?	Perfil lipídico a las 4-12 semanas y luego anual. CK y transaminasas solo si hay síntomas.	Farmacoterapia::Cardiovascular
¿Cuál es la vida media de Simvastatina?	<b>1-3 h</b>: obliga a la toma nocturna.	Farmacoterapia::Cardiovascular
¿Requiere Simvastatina ajuste en insuficiencia renal?	No precisa en insuficiencia leve-moderada. Con FG <30 mL/min empezar con 5-10 mg y vigilar.	Farmacoterapia::Cardiovascular
Interacción crítica de Simvastatina con Inhibidores potentes del CYP3A4: claritromicina, eritromicina, itraconazol, ketoconazol, posaconazol, inhibidores de la proteasa del VIH, cobicistat, nefazodona: ¿qué ocurre y qué se hace?	Elevación de 10-20 veces de su concentración: miopatía y rabdomiólisis. Manejo: <b>CONTRAINDICADA la combinación.</b> Suspender la simvastatina durante el ciclo antibiótico o usar pravastatina/rosuvastatina	Farmacoterapia::Cardiovascular
Interacción crítica de Simvastatina con Gemfibrozilo, ciclosporina, danazol: ¿qué ocurre y qué se hace?	Riesgo muy alto de rabdomiólisis. Manejo: Contraindicada. Si se necesita un fibrato, usar fenofibrato	Farmacoterapia::Cardiovascular
Interacción crítica de Simvastatina con Amlodipino, amiodarona, ranolazina: ¿qué ocurre y qué se hace?	Aumento moderado de su exposición. Manejo: <b>No superar 20 mg/día</b> de simvastatina	Farmacoterapia::Cardiovascular
Interacción crítica de Simvastatina con Verapamilo, diltiazem, dronedarona: ¿qué ocurre y qué se hace?	Inhibición moderada del CYP3A4. Manejo: <b>No superar 10 mg/día</b>; mejor cambiar de estatina	Farmacoterapia::Cardiovascular
Efecto adverso grave de Simvastatina: Miopatía y RABDOMIÓLISIS, <b>dosis-dependiente y máxima con 80 mg o con inhibidores del CYP3A4</b> — ¿en qué consiste?	Miopatía y RABDOMIÓLISIS, <b>dosis-dependiente y máxima con 80 mg o con inhibidores del CYP3A4</b>	Farmacoterapia::Cardiovascular
Efecto adverso grave de Simvastatina: Miopatía necrotizante autoinmune anti-HMGCR — ¿en qué consiste?	Miopatía necrotizante autoinmune anti-HMGCR (rara)	Farmacoterapia::Cardiovascular
Efecto adverso grave de Simvastatina: Hepatotoxicidad significativa — ¿en qué consiste?	Hepatotoxicidad significativa (excepcional)	Farmacoterapia::Cardiovascular
Efecto adverso grave de Simvastatina: Ligero aumento del riesgo de diabetes de nueva aparición — ¿en qué consiste?	Ligero aumento del riesgo de diabetes de nueva aparición	Farmacoterapia::Cardiovascular
¿Está contraindicado Simvastatina en: Embarazo y lactancia?	Sí — Embarazo y lactancia	Farmacoterapia::Cardiovascular
¿Está contraindicado Simvastatina en: Hepatopatía activa?	Sí — Hepatopatía activa	Farmacoterapia::Cardiovascular
¿Está contraindicado Simvastatina en: <b>Uso concomitante con inhibidores potentes del CYP3A4, gemfibrozilo, ciclosporina o danazol</b>?	Sí — <b>Uso concomitante con inhibidores potentes del CYP3A4, gemfibrozilo, ciclosporina o danazol</b>	Farmacoterapia::Cardiovascular
¿Está contraindicado Simvastatina en: Miopatía activa?	Sí — Miopatía activa	Farmacoterapia::Cardiovascular
Particularidad de Simvastatina que hay que tener en cuenta:	<b>Simvastatina + claritromicina es la interacción de estatinas que más rabdomiólisis produce en la práctica.</b> Ante un ciclo de macrólido: azitromicina, o suspender la simvastatina 7 días.	Farmacoterapia::Cardiovascular
¿A qué clase farmacológica pertenece Rosuvastatina?	Estatina (inhibidor de la HMG-CoA reductasa) (Estatina de alta intensidad, hidrófila)	Farmacoterapia::Cardiovascular
¿Cuál es el mecanismo de acción de Rosuvastatina?	Inhibidor competitivo de la HMG-CoA reductasa con la mayor afinidad de la clase. <b>Es hidrófila: penetra en el hepatocito de forma selectiva a través del transportador OATP1B1</b>, con menor paso a tejidos periféricos. Induce receptores hepáticos de LDL y comparte los efectos pleiotrópicos de la clase; <b>en el ensayo JUPITER redujo eventos en prevención primaria con PCR ultrasensible elevada</b>.	Farmacoterapia::Cardiovascular
¿Qué distingue a Rosuvastatina de los demás fármacos de su clase (Estatina (inhibidor de la HMG-CoA reductasa))?	<b>La estatina más potente por miligramo</b>: 20-40 mg reducen el LDL un 50-63%; con 5-10 mg ya es de intensidad moderada.	Farmacoterapia::Cardiovascular
¿Cuál es la dosis de Rosuvastatina en Prevención secundaria (cardiopatía isquémica, ictus aterotrombótico, arteriopatía periférica)?	20-40 mg — Cada 24 h, a cualquier hora, vía VO	Farmacoterapia::Cardiovascular
¿Cuál es la dosis de Rosuvastatina en Prevención primaria y dislipemia de riesgo moderado-alto?	5-10 mg — Cada 24 h, vía VO	Farmacoterapia::Cardiovascular
¿Cuál es la dosis de Rosuvastatina en Hipercolesterolemia familiar?	20-40 mg — Cada 24 h, vía VO	Farmacoterapia::Cardiovascular
¿Cuánto dura el tratamiento con Rosuvastatina?	Indefinida.	Farmacoterapia::Cardiovascular
¿Cómo se suspende Rosuvastatina?	No se suspende por alcanzar el objetivo. Retirar ante rabdomiólisis, hepatotoxicidad, embarazo o proteinuria persistente sin otra causa.	Farmacoterapia::Cardiovascular
¿Qué hay que monitorizar durante el tratamiento con Rosuvastatina?	Perfil lipídico a las 4-12 semanas y luego anual. <b>Función renal y, con 40 mg, tira de orina para proteinuria.</b> CK solo si hay síntomas.	Farmacoterapia::Cardiovascular
¿Cuál es la vida media de Rosuvastatina?	19 h: permite tomarla a cualquier hora.	Farmacoterapia::Cardiovascular
¿Requiere Rosuvastatina ajuste en insuficiencia renal?	<b>FG 30-60: iniciar con 5 mg y no usar 40 mg. FG <30: contraindicada</b> (ficha técnica europea; la estadounidense permite 5-10 mg). No dializable.	Farmacoterapia::Cardiovascular
Interacción crítica de Rosuvastatina con Ciclosporina: ¿qué ocurre y qué se hace?	Aumento de 7 veces de su exposición por inhibición del OATP1B1. Manejo: <b>Contraindicada la combinación</b>; en el trasplantado usar pravastatina o fluvastatina	Farmacoterapia::Cardiovascular
Interacción crítica de Rosuvastatina con Gemfibrozilo: ¿qué ocurre y qué se hace?	Duplica su concentración: riesgo de miopatía. Manejo: Evitar; si hace falta un fibrato, fenofibrato y rosuvastatina ≤10 mg	Farmacoterapia::Cardiovascular
Interacción crítica de Rosuvastatina con Inhibidores de la proteasa potenciados (atazanavir, lopinavir con ritonavir): ¿qué ocurre y qué se hace?	Aumento de su exposición por inhibición de transportadores. Manejo: No superar 10 mg/día	Farmacoterapia::Cardiovascular
Efecto adverso grave de Rosuvastatina: Miopatía y rabdomiólisis — ¿en qué consiste?	Miopatía y rabdomiólisis (riesgo mayor con 40 mg, asiáticos, insuficiencia renal o ciclosporina)	Farmacoterapia::Cardiovascular
Efecto adverso grave de Rosuvastatina: Miopatía necrotizante autoinmune anti-HMGCR — ¿en qué consiste?	Miopatía necrotizante autoinmune anti-HMGCR	Farmacoterapia::Cardiovascular
Efecto adverso grave de Rosuvastatina: Hepatotoxicidad — ¿en qué consiste?	Hepatotoxicidad (rara)	Farmacoterapia::Cardiovascular
Efecto adverso grave de Rosuvastatina: Ligero aumento del riesgo de diabetes de nueva aparición — ¿en qué consiste?	Ligero aumento del riesgo de diabetes de nueva aparición	Farmacoterapia::Cardiovascular
¿Está contraindicado Rosuvastatina en: Embarazo y lactancia?	Sí — Embarazo y lactancia	Farmacoterapia::Cardiovascular
¿Está contraindicado Rosuvastatina en: Hepatopatía activa?	Sí — Hepatopatía activa	Farmacoterapia::Cardiovascular
¿Está contraindicado Rosuvastatina en: <b>Tratamiento con ciclosporina</b>?	Sí — <b>Tratamiento con ciclosporina</b>	Farmacoterapia::Cardiovascular
¿Está contraindicado Rosuvastatina en: **FG <30 mL/min?	Sí — <b>FG <30 mL/min (ficha europea) y FG <60 mL/min para la dosis de 40 mg</b>	Farmacoterapia::Cardiovascular
¿Está contraindicado Rosuvastatina en: Miopatía activa?	Sí — Miopatía activa	Farmacoterapia::Cardiovascular
Particularidad de Rosuvastatina que hay que tener en cuenta:	<b>En el nefrópata la estatina de elección es la atorvastatina, no la rosuvastatina</b>: la rosuvastatina necesita reducción de dosis y su dosis máxima está vetada con FG <60.	Farmacoterapia::Cardiovascular
¿A qué clase farmacológica pertenece Pravastatina?	Estatina (inhibidor de la HMG-CoA reductasa) (Estatina de intensidad baja-moderada, hidrófila, sin metabolismo por CYP450)	Farmacoterapia::Cardiovascular
¿Cuál es el mecanismo de acción de Pravastatina?	Inhibidor competitivo de la HMG-CoA reductasa. <b>Es hidrófila y se capta en el hígado por transporte activo (OATP1B1), con escasa penetración en el músculo</b>, lo que explica su menor miotoxicidad. Comparte el aumento de receptores de LDL y los efectos pleiotrópicos de la clase.	Farmacoterapia::Cardiovascular
¿Qué distingue a Pravastatina de los demás fármacos de su clase (Estatina (inhibidor de la HMG-CoA reductasa))?	<b>NO se metaboliza por el citocromo P450</b> (se sulfata en el citosol): es la estatina con <b>menos interacciones</b>, de elección en trasplantados con ciclosporina, pacientes con antirretrovirales potenciados y polimedicados complejos.	Farmacoterapia::Cardiovascular
¿Cuál es la dosis de Pravastatina en Hipercolesterolemia en paciente polimedicado o con interacciones por CYP3A4?	20-40 mg — Cada 24 h, por la noche, vía VO	Farmacoterapia::Cardiovascular
¿Cuál es la dosis de Pravastatina en Dislipemia tras trasplante de órgano sólido en tratamiento con ciclosporina o tacrolimús?	20 mg — Cada 24 h, por la noche, vía VO	Farmacoterapia::Cardiovascular
¿Cuál es la dosis de Pravastatina en Hipercolesterolemia familiar heterocigota en niños de 8 años o más?	10-20 mg (8-13 años) y 10-40 mg (14-18 años) — Cada 24 h, vía VO	Farmacoterapia::Cardiovascular
¿Cuánto dura el tratamiento con Pravastatina?	Indefinida.	Farmacoterapia::Cardiovascular
¿Cómo se suspende Pravastatina?	No se suspende por alcanzar el objetivo. Retirar ante miopatía, hepatotoxicidad o embarazo.	Farmacoterapia::Cardiovascular
¿Qué hay que monitorizar durante el tratamiento con Pravastatina?	Perfil lipídico a las 4-12 semanas y luego anual. CK y transaminasas solo si hay síntomas.	Farmacoterapia::Cardiovascular
¿Cuál es la vida media de Pravastatina?	1,5-2 h: toma nocturna.	Farmacoterapia::Cardiovascular
¿Requiere Pravastatina ajuste en insuficiencia renal?	Insuficiencia renal moderada-grave: iniciar con 10 mg.	Farmacoterapia::Cardiovascular
Interacción crítica de Pravastatina con Gemfibrozilo: ¿qué ocurre y qué se hace?	Aumenta el riesgo de miopatía. Manejo: Evitar; usar fenofibrato si se necesita un fibrato	Farmacoterapia::Cardiovascular
Efecto adverso grave de Pravastatina: Miopatía y rabdomiólisis — ¿en qué consiste?	Miopatía y rabdomiólisis (muy raras)	Farmacoterapia::Cardiovascular
Efecto adverso grave de Pravastatina: Hepatotoxicidad — ¿en qué consiste?	Hepatotoxicidad (excepcional)	Farmacoterapia::Cardiovascular
Efecto adverso grave de Pravastatina: Miopatía necrotizante autoinmune — ¿en qué consiste?	Miopatía necrotizante autoinmune (excepcional)	Farmacoterapia::Cardiovascular
¿Está contraindicado Pravastatina en: Embarazo y lactancia?	Sí — Embarazo y lactancia	Farmacoterapia::Cardiovascular
¿Está contraindicado Pravastatina en: Hepatopatía activa o elevación persistente de transaminasas?	Sí — Hepatopatía activa o elevación persistente de transaminasas	Farmacoterapia::Cardiovascular
¿Está contraindicado Pravastatina en: Miopatía activa?	Sí — Miopatía activa	Farmacoterapia::Cardiovascular
Particularidad de Pravastatina que hay que tener en cuenta:	<b>Es la estatina de elección cuando las interacciones mandan</b>: trasplante con ciclosporina, VIH con inhibidores de proteasa potenciados, o paciente con varios inhibidores del CYP3A4.	Farmacoterapia::Cardiovascular
¿A qué clase farmacológica pertenece Ezetimiba?	Hipolipemiante no estatínico (Inhibidor del transportador NPC1L1 del enterocito)	Farmacoterapia::Cardiovascular
¿Cuál es el mecanismo de acción de Ezetimiba?	Inhibe la proteína NPC1L1 del borde en cepillo del enterocito, que capta el colesterol de la dieta y el biliar. Al llegar menos colesterol al hígado, este aumenta la expresión de receptores de LDL y el LDL plasmático baja un 15-20%. <b>Es complementaria de la estatina</b>: la estatina aumenta de forma compensadora la absorción intestinal de colesterol, y la ezetimiba bloquea precisamente esa vía.	Farmacoterapia::Cardiovascular
¿Qué distingue a Ezetimiba de los demás fármacos de su clase (Hipolipemiante no estatínico)?	<b>Bloquea la ABSORCIÓN intestinal de colesterol (NPC1L1)</b>: complemento natural de la estatina (−20-25% de LDL adicional).	Farmacoterapia::Cardiovascular
¿Cuál es la dosis de Ezetimiba en Hipercolesterolemia que no alcanza el objetivo con estatina a dosis máxima tolerada?	10 mg — Cada 24 h, a cualquier hora, vía VO	Farmacoterapia::Cardiovascular
¿Cuál es la dosis de Ezetimiba en Intolerancia a estatinas?	10 mg — Cada 24 h, vía VO	Farmacoterapia::Cardiovascular
¿Cuál es la dosis de Ezetimiba en Sitosterolemia homocigota?	10 mg — Cada 24 h, vía VO	Farmacoterapia::Cardiovascular
¿Cuánto dura el tratamiento con Ezetimiba?	Indefinida, como la estatina.	Farmacoterapia::Cardiovascular
¿Cómo se suspende Ezetimiba?	Suspensión directa, sin retirada gradual.	Farmacoterapia::Cardiovascular
¿Qué hay que monitorizar durante el tratamiento con Ezetimiba?	Perfil lipídico a las 4-12 semanas. Transaminasas si se asocia a estatina y hay síntomas.	Farmacoterapia::Cardiovascular
¿Cuál es la vida media de Ezetimiba?	22 h.	Farmacoterapia::Cardiovascular
¿Requiere Ezetimiba ajuste en insuficiencia renal?	No precisa.	Farmacoterapia::Cardiovascular
Efecto adverso grave de Ezetimiba: Hepatotoxicidad — ¿en qué consiste?	Hepatotoxicidad (muy rara)	Farmacoterapia::Cardiovascular
Efecto adverso grave de Ezetimiba: Rabdomiólisis — ¿en qué consiste?	Rabdomiólisis (excepcional, casi siempre en asociación con estatina)	Farmacoterapia::Cardiovascular
Efecto adverso grave de Ezetimiba: Reacciones de hipersensibilidad con angioedema — ¿en qué consiste?	Reacciones de hipersensibilidad con angioedema	Farmacoterapia::Cardiovascular
¿Está contraindicado Ezetimiba en: Hipersensibilidad?	Sí — Hipersensibilidad	Farmacoterapia::Cardiovascular
¿Está contraindicado Ezetimiba en: Cuando se asocia a estatina?	Sí — Cuando se asocia a estatina: hepatopatía activa, embarazo y lactancia	Farmacoterapia::Cardiovascular
Particularidad de Ezetimiba que hay que tener en cuenta:	<b>Añadir ezetimiba rinde más que duplicar la estatina</b>: un 20-25% de descenso adicional frente al 6% de doblar la dosis.	Farmacoterapia::Cardiovascular
¿A qué clase farmacológica pertenece Ramipril?	IECA (inhibidor de la enzima convertidora de angiotensina) (Profármaco lipófilo de acción prolongada)	Farmacoterapia::Cardiovascular
¿Cuál es el mecanismo de acción de Ramipril?	Inhibe la enzima convertidora de angiotensina, de modo que disminuye la angiotensina II (vasodilatación, menor secreción de aldosterona, menos remodelado cardiaco y vascular) y aumenta la bradicinina (vasodilatación y tos). Reduce la presión intraglomerular por vasodilatación de la arteriola eferente: efecto antiproteinúrico. <b>Es un profármaco que se activa en el hígado a ramiprilato, con gran afinidad por la ECA de los tejidos.</b>	Farmacoterapia::Cardiovascular
¿Qué distingue a Ramipril de los demás fármacos de su clase (IECA (inhibidor de la enzima convertidora de angiotensina))?	<b>El IECA con más evidencia en prevención cardiovascular sin insuficiencia cardiaca</b> (estudio HOPE: 10 mg/día redujo infarto, ictus y muerte en pacientes de alto riesgo con FEVI normal).	Farmacoterapia::Cardiovascular
¿Cuál es la dosis de Ramipril en Hipertensión arterial?	2,5-10 mg — Cada 24 h, vía VO	Farmacoterapia::Cardiovascular
¿Cuál es la dosis de Ramipril en Prevención cardiovascular en paciente de alto riesgo (cardiopatía isquémica, ictus, arteriopatía periférica o diabetes con otro factor de riesgo)?	10 mg — Cada 24 h, vía VO	Farmacoterapia::Cardiovascular
¿Cuál es la dosis de Ramipril en Postinfarto con insuficiencia cardiaca o disfunción ventricular?	2,5 mg → 5 mg — Cada 12 h, vía VO	Farmacoterapia::Cardiovascular
¿Cuál es la dosis de Ramipril en Nefropatía diabética o no diabética con proteinuria?	2,5-10 mg — Cada 24 h, vía VO	Farmacoterapia::Cardiovascular
¿Cuánto dura el tratamiento con Ramipril?	Indefinida.	Farmacoterapia::Cardiovascular
¿Cómo se suspende Ramipril?	Sin efecto rebote: se puede suspender directamente. Suspender si aparece angioedema, hiperpotasemia >6 mmol/L, subida de creatinina >50% o embarazo.	Farmacoterapia::Cardiovascular
¿Qué hay que monitorizar durante el tratamiento con Ramipril?	Creatinina y potasio a las 1-2 semanas de iniciar o subir y después cada 6-12 meses.	Farmacoterapia::Cardiovascular
¿Cuál es la vida media de Ramipril?	Ramiprilato: 13-17 h efectiva y <b>más de 50 h la fase terminal</b> (unión prolongada a la ECA).	Farmacoterapia::Cardiovascular
¿Requiere Ramipril ajuste en insuficiencia renal?	FG 30-60: dosis máxima 5 mg. FG <30: iniciar con 1,25 mg y no superar 5 mg.	Farmacoterapia::Cardiovascular
Interacción crítica de Ramipril con Sacubitrilo/valsartán: ¿qué ocurre y qué se hace?	Riesgo grave de angioedema por doble inhibición de la degradación de bradicinina. Manejo: Contraindicada la combinación; dejar 36 h entre la última dosis de IECA y la primera de sacubitrilo/valsartán	Farmacoterapia::Cardiovascular
Interacción crítica de Ramipril con Espironolactona, eplerenona, suplementos de potasio, cotrimoxazol: ¿qué ocurre y qué se hace?	Hiperpotasemia. Manejo: Potasio a la semana; evitar suplementos salvo hipopotasemia documentada	Farmacoterapia::Cardiovascular
Interacción crítica de Ramipril con AINE: ¿qué ocurre y qué se hace?	Reducen su efecto antihipertensivo y, con diurético, causan fracaso renal agudo («triple whammy»). Manejo: Evitar la triple combinación IECA + diurético + AINE	Farmacoterapia::Cardiovascular
Efecto adverso grave de Ramipril: Angioedema — ¿en qué consiste?	Angioedema (0,1-0,7%, más frecuente en población de origen africano)	Farmacoterapia::Cardiovascular
Efecto adverso grave de Ramipril: Hiperpotasemia grave — ¿en qué consiste?	Hiperpotasemia grave	Farmacoterapia::Cardiovascular
Efecto adverso grave de Ramipril: Fracaso renal agudo en estenosis bilateral de arterias renales o depleción de volumen — ¿en qué consiste?	Fracaso renal agudo en estenosis bilateral de arterias renales o depleción de volumen	Farmacoterapia::Cardiovascular
Efecto adverso grave de Ramipril: Fetotoxicidad en el 2.º y 3.er trimestre — ¿en qué consiste?	Fetotoxicidad en el 2.º y 3.er trimestre	Farmacoterapia::Cardiovascular
¿Está contraindicado Ramipril en: Embarazo?	Sí — Embarazo	Farmacoterapia::Cardiovascular
¿Está contraindicado Ramipril en: Antecedente de angioedema por IECA o angioedema hereditario?	Sí — Antecedente de angioedema por IECA o angioedema hereditario	Farmacoterapia::Cardiovascular
¿Está contraindicado Ramipril en: Estenosis bilateral de arterias renales o de arteria renal en riñón único?	Sí — Estenosis bilateral de arterias renales o de arteria renal en riñón único	Farmacoterapia::Cardiovascular
¿Está contraindicado Ramipril en: Uso conjunto con sacubitrilo/valsartán o con aliskireno en diabéticos?	Sí — Uso conjunto con sacubitrilo/valsartán o con aliskireno en diabéticos	Farmacoterapia::Cardiovascular
Particularidad de Ramipril que hay que tener en cuenta:	<b>La dosis de prevención es 10 mg</b>: en el paciente con cardiopatía isquémica y FEVI normal, mantenerlo a 2,5 mg no reproduce el beneficio del HOPE.	Farmacoterapia::Cardiovascular
¿A qué clase farmacológica pertenece Lisinopril?	IECA (inhibidor de la enzima convertidora de angiotensina) (Fármaco activo (no profármaco), hidrófilo)	Farmacoterapia::Cardiovascular
¿Cuál es el mecanismo de acción de Lisinopril?	Inhibe la enzima convertidora de angiotensina con los efectos de la clase: menos angiotensina II y aldosterona, más bradicinina, vasodilatación de la arteriola eferente y efecto antiproteinúrico. <b>Es un análogo de la lisina activo desde su absorción, sin activación hepática.</b>	Farmacoterapia::Cardiovascular
¿Qué distingue a Lisinopril de los demás fármacos de su clase (IECA (inhibidor de la enzima convertidora de angiotensina))?	<b>NO es un profármaco</b>: es activo tal cual y <b>no necesita activación hepática</b>. Útil en el hepatópata, donde los profármacos (enalapril, ramipril) se activan peor.	Farmacoterapia::Cardiovascular
¿Cuál es la dosis de Lisinopril en Hipertensión arterial?	10-40 mg — Cada 24 h, vía VO	Farmacoterapia::Cardiovascular
¿Cuál es la dosis de Lisinopril en Insuficiencia cardiaca con FEVI reducida?	2,5-5 mg → 20-35 mg — Cada 24 h, vía VO	Farmacoterapia::Cardiovascular
¿Cuál es la dosis de Lisinopril en Infarto agudo de miocardio hemodinámicamente estable?	5 mg el día 1 y 2, después 10 mg — Cada 24 h, vía VO	Farmacoterapia::Cardiovascular
¿Cuánto dura el tratamiento con Lisinopril?	Indefinida (al menos 6 semanas tras un infarto sin disfunción ventricular).	Farmacoterapia::Cardiovascular
¿Cómo se suspende Lisinopril?	Suspensión directa. Suspender ante angioedema, hiperpotasemia grave o embarazo.	Farmacoterapia::Cardiovascular
¿Qué hay que monitorizar durante el tratamiento con Lisinopril?	Creatinina y potasio a la semana de iniciar o subir la dosis; después cada 6-12 meses.	Farmacoterapia::Cardiovascular
¿Cuál es la vida media de Lisinopril?	12 h efectiva (fase terminal prolongada por unión a la ECA).	Farmacoterapia::Cardiovascular
¿Requiere Lisinopril ajuste en insuficiencia renal?	<b>FG 30-60: iniciar con 5 mg. FG 10-30: iniciar con 2,5 mg. Hemodiálisis: 2,5 mg tras la sesión.</b>	Farmacoterapia::Cardiovascular
Interacción crítica de Lisinopril con Sacubitrilo/valsartán: ¿qué ocurre y qué se hace?	Angioedema grave. Manejo: Contraindicado; respetar 36 h de lavado	Farmacoterapia::Cardiovascular
Interacción crítica de Lisinopril con Diuréticos ahorradores de potasio, suplementos de potasio, cotrimoxazol: ¿qué ocurre y qué se hace?	Hiperpotasemia. Manejo: Control de potasio a la semana	Farmacoterapia::Cardiovascular
Interacción crítica de Lisinopril con AINE + diurético: ¿qué ocurre y qué se hace?	Fracaso renal agudo. Manejo: Evitar la combinación triple	Farmacoterapia::Cardiovascular
Efecto adverso grave de Lisinopril: Angioedema — ¿en qué consiste?	Angioedema	Farmacoterapia::Cardiovascular
Efecto adverso grave de Lisinopril: Hiperpotasemia grave — ¿en qué consiste?	Hiperpotasemia grave	Farmacoterapia::Cardiovascular
Efecto adverso grave de Lisinopril: Fracaso renal agudo — ¿en qué consiste?	Fracaso renal agudo	Farmacoterapia::Cardiovascular
Efecto adverso grave de Lisinopril: Fetotoxicidad — ¿en qué consiste?	Fetotoxicidad	Farmacoterapia::Cardiovascular
¿Está contraindicado Lisinopril en: Embarazo?	Sí — Embarazo	Farmacoterapia::Cardiovascular
¿Está contraindicado Lisinopril en: Antecedente de angioedema?	Sí — Antecedente de angioedema	Farmacoterapia::Cardiovascular
¿Está contraindicado Lisinopril en: Estenosis bilateral de arterias renales?	Sí — Estenosis bilateral de arterias renales	Farmacoterapia::Cardiovascular
¿Está contraindicado Lisinopril en: Uso conjunto con sacubitrilo/valsartán?	Sí — Uso conjunto con sacubitrilo/valsartán	Farmacoterapia::Cardiovascular
Particularidad de Lisinopril que hay que tener en cuenta:	<b>En el cirrótico o con hepatopatía significativa, lisinopril (o captopril) es preferible a los IECA profármaco.</b>	Farmacoterapia::Cardiovascular
¿A qué clase farmacológica pertenece Captopril?	IECA (inhibidor de la enzima convertidora de angiotensina) (IECA con grupo sulfhidrilo, de acción corta)	Farmacoterapia::Cardiovascular
¿Cuál es el mecanismo de acción de Captopril?	Inhibidor de la enzima convertidora de angiotensina, activo sin necesidad de activación hepática. <b>Su grupo sulfhidrilo le confiere acciones y efectos adversos de tipo inmunológico</b> (exantema, disgeusia, proteinuria membranosa, neutropenia) semejantes a los de la penicilamina.	Farmacoterapia::Cardiovascular
¿Qué distingue a Captopril de los demás fármacos de su clase (IECA (inhibidor de la enzima convertidora de angiotensina))?	<b>Acción CORTA (vida media de 2 h): necesita 2-3 tomas al día</b>. Por eso no es de elección en el tratamiento crónico.	Farmacoterapia::Cardiovascular
¿Cuál es la dosis de Captopril en Urgencia hipertensiva (sin lesión aguda de órgano diana)?	25 mg — Dosis única; se puede repetir a los 30-60 min, vía VO	Farmacoterapia::Cardiovascular
¿Cuál es la dosis de Captopril en Hipertensión arterial?	25-50 mg — Cada 8-12 h, vía VO	Farmacoterapia::Cardiovascular
¿Cuál es la dosis de Captopril en Insuficiencia cardiaca con FEVI reducida?	6,25 mg → 50 mg — Cada 8 h, vía VO	Farmacoterapia::Cardiovascular
¿Cuánto dura el tratamiento con Captopril?	Dosis única en la urgencia hipertensiva; indefinida en tratamiento crónico.	Farmacoterapia::Cardiovascular
¿Cómo se suspende Captopril?	Suspensión directa. Suspender ante angioedema, neutropenia, proteinuria significativa o embarazo.	Farmacoterapia::Cardiovascular
¿Qué hay que monitorizar durante el tratamiento con Captopril?	Creatinina y potasio. <b>Hemograma en los primeros 3 meses en pacientes con enfermedad autoinmune o insuficiencia renal (riesgo de neutropenia)</b> y proteinuria.	Farmacoterapia::Cardiovascular
¿Cuál es la vida media de Captopril?	<b>2 h.</b>	Farmacoterapia::Cardiovascular
¿Requiere Captopril ajuste en insuficiencia renal?	Reducir dosis y alargar intervalo; con FG <30 iniciar con 6,25 mg.	Farmacoterapia::Cardiovascular
Interacción crítica de Captopril con Sacubitrilo/valsartán: ¿qué ocurre y qué se hace?	Angioedema grave. Manejo: Contraindicado; 36 h de lavado	Farmacoterapia::Cardiovascular
Interacción crítica de Captopril con Ahorradores de potasio y suplementos de potasio: ¿qué ocurre y qué se hace?	Hiperpotasemia. Manejo: Control de potasio	Farmacoterapia::Cardiovascular
Interacción crítica de Captopril con AINE + diurético: ¿qué ocurre y qué se hace?	Fracaso renal agudo. Manejo: Evitar	Farmacoterapia::Cardiovascular
Efecto adverso grave de Captopril: Angioedema — ¿en qué consiste?	Angioedema	Farmacoterapia::Cardiovascular
Efecto adverso grave de Captopril: <b>Neutropenia y agranulocitosis</b> — ¿en qué consiste?	<b>Neutropenia y agranulocitosis</b> (sobre todo en insuficiencia renal o colagenosis)	Farmacoterapia::Cardiovascular
Efecto adverso grave de Captopril: **Proteinuria — ¿en qué consiste?	<b>Proteinuria (glomerulopatía membranosa)</b>	Farmacoterapia::Cardiovascular
Efecto adverso grave de Captopril: Hiperpotasemia y fracaso renal agudo — ¿en qué consiste?	Hiperpotasemia y fracaso renal agudo	Farmacoterapia::Cardiovascular
¿Está contraindicado Captopril en: Embarazo?	Sí — Embarazo	Farmacoterapia::Cardiovascular
¿Está contraindicado Captopril en: Antecedente de angioedema?	Sí — Antecedente de angioedema	Farmacoterapia::Cardiovascular
¿Está contraindicado Captopril en: Estenosis bilateral de arterias renales?	Sí — Estenosis bilateral de arterias renales	Farmacoterapia::Cardiovascular
¿Está contraindicado Captopril en: Uso conjunto con sacubitrilo/valsartán?	Sí — Uso conjunto con sacubitrilo/valsartán	Farmacoterapia::Cardiovascular
Particularidad de Captopril que hay que tener en cuenta:	<b>Es el IECA de la urgencia hipertensiva</b>: 25 mg VO, sin necesidad de vía intravenosa ni de descensos bruscos.	Farmacoterapia::Cardiovascular
¿A qué clase farmacológica pertenece Valsartán?	ARA-II (antagonista del receptor de angiotensina II) (ARA-II activo, no profármaco)	Farmacoterapia::Cardiovascular
¿Cuál es el mecanismo de acción de Valsartán?	Bloquea de forma selectiva el receptor AT1 de la angiotensina II: vasodilatación, menor secreción de aldosterona y menor remodelado. A diferencia de los IECA, <b>no aumenta la bradicinina</b>, por lo que apenas produce tos y el angioedema es mucho más raro. Mantiene libre el receptor AT2.	Farmacoterapia::Cardiovascular
¿Qué distingue a Valsartán de los demás fármacos de su clase (ARA-II (antagonista del receptor de angiotensina II))?	<b>El ARA-II con más evidencia en insuficiencia cardiaca y en el postinfarto</b> (Val-HeFT, VALIANT): alternativa al IECA cuando este no se tolera.	Farmacoterapia::Cardiovascular
¿Cuál es la dosis de Valsartán en Hipertensión arterial?	80-320 mg — Cada 24 h, vía VO	Farmacoterapia::Cardiovascular
¿Cuál es la dosis de Valsartán en Insuficiencia cardiaca con FEVI reducida (intolerancia a IECA y a sacubitrilo/valsartán)?	40 mg → 160 mg — <b>Cada 12 h</b>, vía VO	Farmacoterapia::Cardiovascular
¿Cuál es la dosis de Valsartán en Postinfarto con disfunción ventricular o insuficiencia cardiaca?	20 mg → 160 mg — Cada 12 h, vía VO	Farmacoterapia::Cardiovascular
¿Cuánto dura el tratamiento con Valsartán?	Indefinida.	Farmacoterapia::Cardiovascular
¿Cómo se suspende Valsartán?	Suspensión directa. Para pasar a sacubitrilo/valsartán basta con suspender el valsartán y empezar al día siguiente.	Farmacoterapia::Cardiovascular
¿Qué hay que monitorizar durante el tratamiento con Valsartán?	Creatinina y potasio a la semana de iniciar o subir; después cada 6-12 meses.	Farmacoterapia::Cardiovascular
¿Cuál es la vida media de Valsartán?	6 h.	Farmacoterapia::Cardiovascular
¿Requiere Valsartán ajuste en insuficiencia renal?	No precisa ajuste de dosis inicial con FG >30; precaución y control estrecho con FG <30.	Farmacoterapia::Cardiovascular
Interacción crítica de Valsartán con IECA o aliskireno (doble bloqueo del sistema renina-angiotensina): ¿qué ocurre y qué se hace?	Hiperpotasemia, hipotensión y fracaso renal sin beneficio clínico. Manejo: No combinar	Farmacoterapia::Cardiovascular
Interacción crítica de Valsartán con Ahorradores de potasio, suplementos, cotrimoxazol: ¿qué ocurre y qué se hace?	Hiperpotasemia. Manejo: Control de potasio	Farmacoterapia::Cardiovascular
Interacción crítica de Valsartán con AINE + diurético: ¿qué ocurre y qué se hace?	Fracaso renal agudo. Manejo: Evitar	Farmacoterapia::Cardiovascular
Efecto adverso grave de Valsartán: Hiperpotasemia grave — ¿en qué consiste?	Hiperpotasemia grave	Farmacoterapia::Cardiovascular
Efecto adverso grave de Valsartán: Fracaso renal agudo en estenosis bilateral de arterias renales — ¿en qué consiste?	Fracaso renal agudo en estenosis bilateral de arterias renales	Farmacoterapia::Cardiovascular
Efecto adverso grave de Valsartán: Angioedema — ¿en qué consiste?	Angioedema (muy raro)	Farmacoterapia::Cardiovascular
Efecto adverso grave de Valsartán: Fetotoxicidad — ¿en qué consiste?	Fetotoxicidad	Farmacoterapia::Cardiovascular
¿Está contraindicado Valsartán en: Embarazo?	Sí — Embarazo	Farmacoterapia::Cardiovascular
¿Está contraindicado Valsartán en: Insuficiencia hepática grave, cirrosis biliar o colestasis?	Sí — Insuficiencia hepática grave, cirrosis biliar o colestasis	Farmacoterapia::Cardiovascular
¿Está contraindicado Valsartán en: Combinación con aliskireno en diabéticos o FG <60?	Sí — Combinación con aliskireno en diabéticos o FG <60	Farmacoterapia::Cardiovascular
Particularidad de Valsartán que hay que tener en cuenta:	<b>Desde valsartán, el cambio a sacubitrilo/valsartán es inmediato; desde un IECA hay que esperar 36 h</b> por el riesgo de angioedema.	Farmacoterapia::Cardiovascular
¿A qué clase farmacológica pertenece Candesartán?	ARA-II (antagonista del receptor de angiotensina II) (Profármaco con bloqueo insuperable del receptor AT1)	Farmacoterapia::Cardiovascular
¿Cuál es el mecanismo de acción de Candesartán?	Antagonista selectivo del receptor AT1 con <b>disociación muy lenta, que se comporta como bloqueo insuperable</b>: el efecto se mantiene aunque suba la angiotensina II. No aumenta la bradicinina. Se administra como éster cilexetilo, que se hidroliza en la pared intestinal.	Farmacoterapia::Cardiovascular
¿Qué distingue a Candesartán de los demás fármacos de su clase (ARA-II (antagonista del receptor de angiotensina II))?	<b>Bloqueo INSUPERABLE (no competitivo) y muy prolongado del receptor AT1</b>: efecto antihipertensivo más sostenido en 24 h que el losartán.	Farmacoterapia::Cardiovascular
¿Cuál es la dosis de Candesartán en Hipertensión arterial?	8-32 mg — Cada 24 h, vía VO	Farmacoterapia::Cardiovascular
¿Cuál es la dosis de Candesartán en Insuficiencia cardiaca con FEVI reducida (intolerancia a IECA)?	4-8 mg → 32 mg — Cada 24 h, vía VO	Farmacoterapia::Cardiovascular
¿Cuál es la dosis de Candesartán en Profilaxis de la migraña (uso fuera de ficha técnica)?	16 mg — Cada 24 h, vía VO	Farmacoterapia::Cardiovascular
¿Cuánto dura el tratamiento con Candesartán?	Indefinida (en profilaxis de migraña, 6-12 meses y reevaluar).	Farmacoterapia::Cardiovascular
¿Cómo se suspende Candesartán?	Suspensión directa.	Farmacoterapia::Cardiovascular
¿Qué hay que monitorizar durante el tratamiento con Candesartán?	Creatinina y potasio a la semana de cada cambio; después cada 6-12 meses.	Farmacoterapia::Cardiovascular
¿Cuál es la vida media de Candesartán?	9 h, con efecto de 24 h por la unión prolongada al receptor.	Farmacoterapia::Cardiovascular
¿Requiere Candesartán ajuste en insuficiencia renal?	FG <30: iniciar con 4 mg.	Farmacoterapia::Cardiovascular
Interacción crítica de Candesartán con IECA o aliskireno: ¿qué ocurre y qué se hace?	Hiperpotasemia y fracaso renal. Manejo: No combinar	Farmacoterapia::Cardiovascular
Interacción crítica de Candesartán con Ahorradores de potasio y suplementos: ¿qué ocurre y qué se hace?	Hiperpotasemia. Manejo: Control de potasio	Farmacoterapia::Cardiovascular
Efecto adverso grave de Candesartán: Hiperpotasemia grave — ¿en qué consiste?	Hiperpotasemia grave	Farmacoterapia::Cardiovascular
Efecto adverso grave de Candesartán: Fracaso renal agudo — ¿en qué consiste?	Fracaso renal agudo	Farmacoterapia::Cardiovascular
Efecto adverso grave de Candesartán: Angioedema — ¿en qué consiste?	Angioedema (muy raro)	Farmacoterapia::Cardiovascular
Efecto adverso grave de Candesartán: Fetotoxicidad — ¿en qué consiste?	Fetotoxicidad	Farmacoterapia::Cardiovascular
¿Está contraindicado Candesartán en: Embarazo?	Sí — Embarazo	Farmacoterapia::Cardiovascular
¿Está contraindicado Candesartán en: Insuficiencia hepática grave o colestasis?	Sí — Insuficiencia hepática grave o colestasis	Farmacoterapia::Cardiovascular
¿Está contraindicado Candesartán en: Combinación con aliskireno en diabéticos o FG <60?	Sí — Combinación con aliskireno en diabéticos o FG <60	Farmacoterapia::Cardiovascular
Particularidad de Candesartán que hay que tener en cuenta:	<b>En el hipertenso con migraña, candesartán trata ambas cosas con un solo fármaco.</b>	Farmacoterapia::Cardiovascular
¿A qué clase farmacológica pertenece Olmesartán?	ARA-II (antagonista del receptor de angiotensina II) (Profármaco de alta potencia antihipertensiva)	Farmacoterapia::Cardiovascular
¿Cuál es el mecanismo de acción de Olmesartán?	Antagonista selectivo y de alta afinidad del receptor AT1, con bloqueo prolongado. Se administra como éster medoxomilo, que se hidroliza a la forma activa durante la absorción.	Farmacoterapia::Cardiovascular
¿Qué distingue a Olmesartán de los demás fármacos de su clase (ARA-II (antagonista del receptor de angiotensina II))?	<b>Puede producir una ENTEROPATÍA tipo ESPRÚE</b>: diarrea crónica grave, pérdida de peso y atrofia de vellosidades meses o años después de iniciarlo, con serología celíaca negativa. <b>Es exclusiva de este ARA-II</b> y se resuelve al retirarlo.	Farmacoterapia::Cardiovascular
¿Cuál es la dosis de Olmesartán en Hipertensión arterial?	10-40 mg — Cada 24 h, vía VO	Farmacoterapia::Cardiovascular
¿Cuánto dura el tratamiento con Olmesartán?	Indefinida.	Farmacoterapia::Cardiovascular
¿Cómo se suspende Olmesartán?	Suspensión directa. <b>Suspender ante diarrea crónica inexplicada</b> y no reintroducir si se confirma la enteropatía.	Farmacoterapia::Cardiovascular
¿Qué hay que monitorizar durante el tratamiento con Olmesartán?	Creatinina y potasio a la semana; peso y hábito intestinal en las revisiones.	Farmacoterapia::Cardiovascular
¿Cuál es la vida media de Olmesartán?	13 h.	Farmacoterapia::Cardiovascular
¿Requiere Olmesartán ajuste en insuficiencia renal?	FG 20-60: máximo 20 mg. No recomendado con FG <20.	Farmacoterapia::Cardiovascular
Interacción crítica de Olmesartán con IECA o aliskireno: ¿qué ocurre y qué se hace?	Hiperpotasemia y fracaso renal. Manejo: No combinar	Farmacoterapia::Cardiovascular
Interacción crítica de Olmesartán con Ahorradores de potasio y suplementos: ¿qué ocurre y qué se hace?	Hiperpotasemia. Manejo: Control de potasio	Farmacoterapia::Cardiovascular
Efecto adverso grave de Olmesartán: <b>Enteropatía tipo esprúe con diarrea crónica grave y malabsorción</b> — ¿en qué consiste?	<b>Enteropatía tipo esprúe con diarrea crónica grave y malabsorción</b>	Farmacoterapia::Cardiovascular
Efecto adverso grave de Olmesartán: Hiperpotasemia y fracaso renal agudo — ¿en qué consiste?	Hiperpotasemia y fracaso renal agudo	Farmacoterapia::Cardiovascular
Efecto adverso grave de Olmesartán: Fetotoxicidad — ¿en qué consiste?	Fetotoxicidad	Farmacoterapia::Cardiovascular
¿Está contraindicado Olmesartán en: Embarazo?	Sí — Embarazo	Farmacoterapia::Cardiovascular
¿Está contraindicado Olmesartán en: Obstrucción biliar?	Sí — Obstrucción biliar	Farmacoterapia::Cardiovascular
¿Está contraindicado Olmesartán en: Combinación con aliskireno en diabéticos o FG <60?	Sí — Combinación con aliskireno en diabéticos o FG <60	Farmacoterapia::Cardiovascular
Particularidad de Olmesartán que hay que tener en cuenta:	<b>Ante una diarrea crónica con pérdida de peso en un hipertenso, preguntar por olmesartán antes de pedir una endoscopia</b>: la biopsia puede imitar una celiaquía.	Farmacoterapia::Cardiovascular
¿A qué clase farmacológica pertenece Sacubitrilo/valsartán?	ARA-II (antagonista del receptor de angiotensina II) (ARNI: valsartán + inhibidor de la neprilisina)	Farmacoterapia::Cardiovascular
¿Cuál es el mecanismo de acción de Sacubitrilo/valsartán?	Combina dos fármacos con acciones complementarias sobre el corazón insuficiente. El SACUBITRILO, tras convertirse en sacubitrilato, inhibe la NEPRILISINA, la enzima que degrada los péptidos natriuréticos: al bloquearla se prolonga la vida del BNP y del péptido natriurético auricular, que producen vasodilatación, natriuresis y efecto antifibrótico y antihipertrófico. Pero la neprilisina degrada también la angiotensina II, de modo que inhibirla sola sería contraproducente; por eso se asocia el VALSARTÁN, que bloquea el receptor AT1. La consecuencia práctica de este diseño es que se potencia el brazo natriurético beneficioso mientras se sigue frenando el eje renina-angiotensina-aldosterona.	Farmacoterapia::Cardiovascular
¿Qué distingue a Sacubitrilo/valsartán de los demás fármacos de su clase (ARA-II (antagonista del receptor de angiotensina II))?	<b>Añade al valsartán un INHIBIDOR DE LA NEPRILISINA</b> (más péptidos natriuréticos): <b>superior al enalapril</b> en mortalidad en IC con FEVI reducida (PARADIGM-HF).	Farmacoterapia::Cardiovascular
¿Cuál es la dosis de Sacubitrilo/valsartán en Insuficiencia cardiaca con FRACCIÓN DE EYECCIÓN REDUCIDA?	49/51 mg cada 12 horas de inicio, duplicando cada 2-4 semanas hasta 97/103 mg cada 12 horas — Cada 12 horas, vía VO	Farmacoterapia::Cardiovascular
¿A qué objetivo se ajusta la dosis de Sacubitrilo/valsartán en Insuficiencia cardiaca con FRACCIÓN DE EYECCIÓN REDUCIDA?	Dosis máxima tolerada de 97/103 mg cada 12 horas, con tensión arterial, potasio y función renal aceptables	Farmacoterapia::Cardiovascular
¿Cuál es la dosis de Sacubitrilo/valsartán en Inicio de dosis en el paciente naive o hipotenso?	24/26 mg cada 12 horas — Cada 12 horas, vía VO	Farmacoterapia::Cardiovascular
¿Cuál es la dosis de Sacubitrilo/valsartán en Insuficiencia cardiaca con fracción de eyección levemente reducida o preservada?	49/51 mg cada 12 horas, ascendiendo a 97/103 mg cada 12 horas — Cada 12 horas, vía VO	Farmacoterapia::Cardiovascular
¿Cuánto dura el tratamiento con Sacubitrilo/valsartán?	Indefinida, como todo el tratamiento modificador del pronóstico de la insuficiencia cardiaca.	Farmacoterapia::Cardiovascular
¿Cómo se suspende Sacubitrilo/valsartán?	No se suspende por una elevación moderada de la creatinina ni por hipotensión asintomática: primero se reducen los diuréticos y otros hipotensores. Solo se retira ante angioedema, hiperpotasemia refractaria o deterioro renal grave.	Farmacoterapia::Cardiovascular
¿Qué hay que monitorizar durante el tratamiento con Sacubitrilo/valsartán?	Tensión arterial, potasio y función renal a las 1-2 semanas de cada aumento. El NT-proBNP sigue siendo válido para el seguimiento; el BNP NO, porque el propio fármaco impide su degradación y lo eleva artificialmente.	Farmacoterapia::Cardiovascular
¿Cuál es la vida media de Sacubitrilo/valsartán?	Sacubitrilato 11 horas; valsartán 10 horas.	Farmacoterapia::Cardiovascular
¿Requiere Sacubitrilo/valsartán ajuste en insuficiencia renal?	Dosis de inicio reducida con filtrado menor de 30 mL/min. No hay experiencia en la enfermedad renal terminal.	Farmacoterapia::Cardiovascular
Interacción crítica de Sacubitrilo/valsartán con IECA: ¿qué ocurre y qué se hace?	ANGIOEDEMA por acumulación de bradicinina (ambos bloquean vías de su degradación). Manejo: CONTRAINDICADO. Lavado obligatorio de 36 horas al cambiar en cualquiera de los dos sentidos	Farmacoterapia::Cardiovascular
Interacción crítica de Sacubitrilo/valsartán con ARA-II: ¿qué ocurre y qué se hace?	Duplicación del bloqueo del receptor (ya contiene valsartán). Manejo: Contraindicado asociarlos	Farmacoterapia::Cardiovascular
Interacción crítica de Sacubitrilo/valsartán con Espironolactona, eplerenona y suplementos de potasio: ¿qué ocurre y qué se hace?	HIPERPOTASEMIA. Manejo: Asociación habitual y beneficiosa, pero exige controles analíticos periódicos	Farmacoterapia::Cardiovascular
Interacción crítica de Sacubitrilo/valsartán con AINE: ¿qué ocurre y qué se hace?	Deterioro de la función renal e hiperpotasemia; anulan el efecto natriurético. Manejo: Evitar, sobre todo en el anciano (la triple whammy con el diurético)	Farmacoterapia::Cardiovascular
Interacción crítica de Sacubitrilo/valsartán con LITIO: ¿qué ocurre y qué se hace?	Aumento de la litemia con riesgo de intoxicación. Manejo: Monitorizar la litemia estrechamente	Farmacoterapia::Cardiovascular
Efecto adverso grave de Sacubitrilo/valsartán: ANGIOEDEMA, más frecuente en pacientes de raza negra — ¿en qué consiste?	ANGIOEDEMA, más frecuente en pacientes de raza negra	Farmacoterapia::Cardiovascular
Efecto adverso grave de Sacubitrilo/valsartán: Hiperpotasemia grave — ¿en qué consiste?	Hiperpotasemia grave	Farmacoterapia::Cardiovascular
Efecto adverso grave de Sacubitrilo/valsartán: Insuficiencia renal aguda, sobre todo con depleción de volumen o AINE — ¿en qué consiste?	Insuficiencia renal aguda, sobre todo con depleción de volumen o AINE	Farmacoterapia::Cardiovascular
Efecto adverso grave de Sacubitrilo/valsartán: Hipotensión sintomática con síncope — ¿en qué consiste?	Hipotensión sintomática con síncope	Farmacoterapia::Cardiovascular
¿Está contraindicado Sacubitrilo/valsartán en: Uso concomitante de IECA o en las 36 horas siguientes a su retirada?	Sí — Uso concomitante de IECA o en las 36 horas siguientes a su retirada	Farmacoterapia::Cardiovascular
¿Está contraindicado Sacubitrilo/valsartán en: Antecedente de ANGIOEDEMA con IECA o ARA-II?	Sí — Antecedente de ANGIOEDEMA con IECA o ARA-II	Farmacoterapia::Cardiovascular
¿Está contraindicado Sacubitrilo/valsartán en: EMBARAZO?	Sí — EMBARAZO (bloqueo del eje renina-angiotensina)	Farmacoterapia::Cardiovascular
¿Está contraindicado Sacubitrilo/valsartán en: Insuficiencia hepática grave?	Sí — Insuficiencia hepática grave	Farmacoterapia::Cardiovascular
¿Está contraindicado Sacubitrilo/valsartán en: Estenosis bilateral de la arteria renal?	Sí — Estenosis bilateral de la arteria renal	Farmacoterapia::Cardiovascular
¿Está contraindicado Sacubitrilo/valsartán en: Uso concomitante de aliskiren en el diabético?	Sí — Uso concomitante de aliskiren en el diabético	Farmacoterapia::Cardiovascular
Particularidad de Sacubitrilo/valsartán que hay que tener en cuenta:	Las 36 HORAS de lavado desde el IECA son la regla de seguridad que define este fármaco. Solapar ambos deja al paciente sin dos de las vías que degradan la bradicinina a la vez, y el angioedema resultante puede comprometer la vía aérea. Desde un ARA-II se puede cambiar directamente.	Farmacoterapia::Cardiovascular
¿A qué clase farmacológica pertenece Ivabradina?	Antianginoso de otros mecanismos (Inhibidor selectivo de la corriente If del nodo sinusal)	Farmacoterapia::Cardiovascular
¿Cuál es el mecanismo de acción de Ivabradina?	Bloquea de forma selectiva la corriente If (funny current) de los canales HCN del NODO SINUSAL, que es la corriente responsable de la despolarización diastólica espontánea, es decir, del automatismo. Al frenarla, reduce la pendiente de esa despolarización y baja la frecuencia cardiaca SIN afectar a la contractilidad, a la conducción auriculoventricular ni a la tensión arterial. Es un bradicardizante puro: alarga la diástole, mejora la perfusión coronaria y reduce el consumo miocárdico de oxígeno sin ninguno de los efectos inotrópicos negativos ni hipotensores del betabloqueante. De ahí también su limitación fundamental: solo funciona si el marcapasos del corazón es el nodo sinusal, y por eso es inútil en la fibrilación auricular.	Farmacoterapia::Cardiovascular
¿Qué distingue a Ivabradina de los demás fármacos de su clase (Antianginoso de otros mecanismos)?	<b>Baja SOLO la frecuencia cardiaca</b> (corriente If del nodo sinusal), sin efecto inotrópico ni sobre la PA.	Farmacoterapia::Cardiovascular
¿Cuál es la dosis de Ivabradina en Insuficiencia cardiaca con fracción de eyección reducida, en ritmo SINUSAL y frecuencia de 70 latidos por minuto o más pese al betabloqueante a dosis máxima tolerada?	5 mg cada 12 horas de inicio, ajustando a 7,5 mg cada 12 horas o bajando a 2,5 mg cada 12 horas — Cada 12 horas con las comidas, vía VO	Farmacoterapia::Cardiovascular
¿A qué objetivo se ajusta la dosis de Ivabradina en Insuficiencia cardiaca con fracción de eyección reducida, en ritmo SINUSAL y frecuencia de 70 latidos por minuto o más pese al betabloqueante a dosis máxima tolerada?	Frecuencia cardiaca en reposo entre 50 y 60 latidos por minuto	Farmacoterapia::Cardiovascular
¿Cuál es la dosis de Ivabradina en Angina estable crónica en el paciente que no tolera o no controla con betabloqueante?	5 mg cada 12 horas, ajustable a 7,5 mg cada 12 horas — Cada 12 horas con las comidas, vía VO	Farmacoterapia::Cardiovascular
¿Cuál es la dosis de Ivabradina en Paciente mayor de 75 años o con riesgo de bradicardia?	2,5 mg cada 12 horas de inicio — Cada 12 horas, vía VO	Farmacoterapia::Cardiovascular
¿Cuánto dura el tratamiento con Ivabradina?	Indefinida mientras se mantengan el ritmo sinusal y el beneficio.	Farmacoterapia::Cardiovascular
¿Cómo se suspende Ivabradina?	Suspender si el paciente pasa a FIBRILACIÓN AURICULAR, si aparece bradicardia sintomática que no responde a la reducción de dosis, o si aparecen alteraciones visuales molestas.	Farmacoterapia::Cardiovascular
¿Qué hay que monitorizar durante el tratamiento con Ivabradina?	Frecuencia cardiaca y ritmo, con ECG periódico. Vigilar activamente la aparición de fibrilación auricular, que el fármaco favorece.	Farmacoterapia::Cardiovascular
¿Cuál es la vida media de Ivabradina?	Efectiva de unas 11 horas.	Farmacoterapia::Cardiovascular
¿Requiere Ivabradina ajuste en insuficiencia renal?	No requiere ajuste hasta un filtrado de 15 mL/min.	Farmacoterapia::Cardiovascular
Interacción crítica de Ivabradina con Inhibidores potentes del CYP3A4 (claritromicina, ketoconazol, itraconazol, ritonavir, nefazodona): ¿qué ocurre y qué se hace?	Aumento marcado de las concentraciones con BRADICARDIA grave. Manejo: CONTRAINDICADOS	Farmacoterapia::Cardiovascular
Interacción crítica de Ivabradina con Diltiazem y verapamilo: ¿qué ocurre y qué se hace?	Inhiben el CYP3A4 y además bradicardizan por su cuenta. Manejo: Contraindicada la asociación	Farmacoterapia::Cardiovascular
Interacción crítica de Ivabradina con Fármacos que alargan el QT (amiodarona, sotalol, quinidina): ¿qué ocurre y qué se hace?	La bradicardia favorece las torsades de pointes. Manejo: Evitar la combinación o vigilar el QT	Farmacoterapia::Cardiovascular
Efecto adverso grave de Ivabradina: Bradicardia sintomática grave con síncope — ¿en qué consiste?	Bradicardia sintomática grave con síncope	Farmacoterapia::Cardiovascular
Efecto adverso grave de Ivabradina: FIBRILACIÓN AURICULAR de nueva aparición, con incidencia aumentada respecto al placebo — ¿en qué consiste?	FIBRILACIÓN AURICULAR de nueva aparición, con incidencia aumentada respecto al placebo	Farmacoterapia::Cardiovascular
Efecto adverso grave de Ivabradina: Bloqueo auriculoventricular — ¿en qué consiste?	Bloqueo auriculoventricular	Farmacoterapia::Cardiovascular
Efecto adverso grave de Ivabradina: Prolongación del QT con riesgo de torsades en combinaciones desfavorables — ¿en qué consiste?	Prolongación del QT con riesgo de torsades en combinaciones desfavorables	Farmacoterapia::Cardiovascular
¿Está contraindicado Ivabradina en: FIBRILACIÓN AURICULAR y cualquier ritmo no sinusal?	Sí — FIBRILACIÓN AURICULAR y cualquier ritmo no sinusal (es sencillamente ineficaz)	Farmacoterapia::Cardiovascular
¿Está contraindicado Ivabradina en: Frecuencia cardiaca en reposo menor de 70 latidos por minuto antes de iniciarlo?	Sí — Frecuencia cardiaca en reposo menor de 70 latidos por minuto antes de iniciarlo	Farmacoterapia::Cardiovascular
¿Está contraindicado Ivabradina en: Enfermedad del seno, bloqueo sinoauricular, bloqueo auriculoventricular de tercer grado?	Sí — Enfermedad del seno, bloqueo sinoauricular, bloqueo auriculoventricular de tercer grado	Farmacoterapia::Cardiovascular
¿Está contraindicado Ivabradina en: Dependencia de marcapasos?	Sí — Dependencia de marcapasos	Farmacoterapia::Cardiovascular
¿Está contraindicado Ivabradina en: Shock cardiogénico, infarto agudo de miocardio e hipotensión grave?	Sí — Shock cardiogénico, infarto agudo de miocardio e hipotensión grave	Farmacoterapia::Cardiovascular
¿Está contraindicado Ivabradina en: Insuficiencia hepática grave?	Sí — Insuficiencia hepática grave	Farmacoterapia::Cardiovascular
¿Está contraindicado Ivabradina en: Uso concomitante de inhibidores potentes del CYP3A4?	Sí — Uso concomitante de inhibidores potentes del CYP3A4	Farmacoterapia::Cardiovascular
¿Está contraindicado Ivabradina en: Embarazo y lactancia?	Sí — Embarazo y lactancia	Farmacoterapia::Cardiovascular
Particularidad de Ivabradina que hay que tener en cuenta:	Solo sirve si el que manda es el NODO SINUSAL. En fibrilación auricular no hace nada, porque la frecuencia ventricular la determina la conducción por el nodo auriculoventricular y no el automatismo sinusal. Prescribirla a un paciente en fibrilación auricular es un error conceptual, no un matiz.	Farmacoterapia::Cardiovascular
¿A qué clase farmacológica pertenece Torasemida?	Diurético de asa (Diurético de asa de alta biodisponibilidad y acción prolongada)	Farmacoterapia::Cardiovascular
¿Cuál es el mecanismo de acción de Torasemida?	Inhibe el cotransportador Na-K-2Cl de la rama ascendente gruesa del asa de Henle, que reabsorbe el 25% del sodio filtrado: diuresis potente y dosis-dependiente, con pérdida de potasio, magnesio y calcio. <b>Tiene además un efecto antialdosterónico débil y, en estudios pequeños, antifibrótico miocárdico.</b>	Farmacoterapia::Cardiovascular
¿Qué distingue a Torasemida de los demás fármacos de su clase (Diurético de asa)?	<b>Biodisponibilidad oral del 80-100% y predecible</b> (furosemida: 10-90%, muy variable): <b>la dosis oral equivale a la IV</b> y responde igual con el intestino edematoso de la insuficiencia cardiaca congestiva.	Farmacoterapia::Cardiovascular
¿Cuál es la dosis de Torasemida en Insuficiencia cardiaca con congestión (mantenimiento)?	10-20 mg (hasta 200 mg) — Cada 24 h, vía VO	Farmacoterapia::Cardiovascular
¿Cuál es la dosis de Torasemida en Edemas por síndrome nefrótico, cirrosis o enfermedad renal crónica?	5-20 mg (hasta 100-200 mg en ERC avanzada) — Cada 24 h, vía VO	Farmacoterapia::Cardiovascular
¿Cuál es la dosis de Torasemida en Hipertensión arterial (dosis baja)?	2,5-5 mg — Cada 24 h, vía VO	Farmacoterapia::Cardiovascular
¿Cuánto dura el tratamiento con Torasemida?	Mientras persista la tendencia a la congestión (con frecuencia indefinida en insuficiencia cardiaca).	Farmacoterapia::Cardiovascular
¿Cómo se suspende Torasemida?	Reducción progresiva; puede suspenderse si el paciente queda euvolémico de forma estable con los fármacos modificadores de la enfermedad.	Farmacoterapia::Cardiovascular
¿Qué hay que monitorizar durante el tratamiento con Torasemida?	Peso diario, sodio, potasio, magnesio y creatinina a la semana de cambiar la dosis.	Farmacoterapia::Cardiovascular
¿Cuál es la vida media de Torasemida?	3-4 h (efecto diurético de 12-16 h).	Farmacoterapia::Cardiovascular
¿Requiere Torasemida ajuste en insuficiencia renal?	<b>No se acumula.</b> En ERC avanzada se necesitan dosis más altas para alcanzar el efecto (menos fármaco llega a la luz tubular).	Farmacoterapia::Cardiovascular
Interacción crítica de Torasemida con AINE: ¿qué ocurre y qué se hace?	Reducen la respuesta diurética y favorecen el fracaso renal. Manejo: Evitar en insuficiencia cardiaca	Farmacoterapia::Cardiovascular
Interacción crítica de Torasemida con Litio: ¿qué ocurre y qué se hace?	Aumento de la litemia. Manejo: Controlar litemia	Farmacoterapia::Cardiovascular
Interacción crítica de Torasemida con Digoxina: ¿qué ocurre y qué se hace?	La hipopotasemia y la hipomagnesemia aumentan su toxicidad. Manejo: Mantener potasio >4 y magnesio normal	Farmacoterapia::Cardiovascular
Efecto adverso grave de Torasemida: Deshidratación con fracaso renal prerrenal — ¿en qué consiste?	Deshidratación con fracaso renal prerrenal	Farmacoterapia::Cardiovascular
Efecto adverso grave de Torasemida: Hiponatremia o hipopotasemia graves con arritmias — ¿en qué consiste?	Hiponatremia o hipopotasemia graves con arritmias	Farmacoterapia::Cardiovascular
Efecto adverso grave de Torasemida: Ototoxicidad — ¿en qué consiste?	Ototoxicidad (menor que con furosemida)	Farmacoterapia::Cardiovascular
Efecto adverso grave de Torasemida: Encefalopatía hepática precipitada por trastornos electrolíticos — ¿en qué consiste?	Encefalopatía hepática precipitada por trastornos electrolíticos	Farmacoterapia::Cardiovascular
¿Está contraindicado Torasemida en: Anuria?	Sí — Anuria	Farmacoterapia::Cardiovascular
¿Está contraindicado Torasemida en: Hipovolemia o deshidratación graves?	Sí — Hipovolemia o deshidratación graves	Farmacoterapia::Cardiovascular
¿Está contraindicado Torasemida en: Coma hepático?	Sí — Coma hepático	Farmacoterapia::Cardiovascular
¿Está contraindicado Torasemida en: Hipopotasemia o hiponatremia graves no corregidas?	Sí — Hipopotasemia o hiponatremia graves no corregidas	Farmacoterapia::Cardiovascular
Particularidad de Torasemida que hay que tener en cuenta:	<b>Si un paciente con insuficiencia cardiaca no responde a furosemida oral pero sí a la IV, el problema puede ser la absorción</b>: la torasemida es la alternativa oral lógica.	Farmacoterapia::Cardiovascular
¿A qué clase farmacológica pertenece Eplerenona?	Antagonista del receptor mineralocorticoide (ARM) (Esteroideo selectivo)	Farmacoterapia::Cardiovascular
¿Cuál es el mecanismo de acción de Eplerenona?	Antagonista competitivo y selectivo del receptor mineralocorticoide en el túbulo colector (natriuresis con retención de potasio) y en el miocardio y los vasos, donde bloquea la fibrosis y el remodelado inducidos por la aldosterona. <b>No se une a los receptores de andrógenos ni de progesterona.</b>	Farmacoterapia::Cardiovascular
¿Qué distingue a Eplerenona de los demás fármacos de su clase (Antagonista del receptor mineralocorticoide (ARM))?	<b>Selectivo del receptor mineralocorticoide: SIN efectos antiandrogénicos</b> (ginecomastia en <1% frente al ~10% con espironolactona). Es la alternativa cuando la espironolactona produce ginecomastia o mastodinia.	Farmacoterapia::Cardiovascular
¿Cuál es la dosis de Eplerenona en Insuficiencia cardiaca con FEVI reducida (NYHA II-IV)?	25 mg → 50 mg — Cada 24 h, vía VO	Farmacoterapia::Cardiovascular
¿Cuál es la dosis de Eplerenona en Postinfarto con FEVI ≤40% e insuficiencia cardiaca o diabetes?	25 mg → 50 mg — Cada 24 h, vía VO	Farmacoterapia::Cardiovascular
¿Cuánto dura el tratamiento con Eplerenona?	Indefinida.	Farmacoterapia::Cardiovascular
¿Cómo se suspende Eplerenona?	Suspensión directa ante hiperpotasemia ≥6,0 mmol/L o deterioro renal significativo.	Farmacoterapia::Cardiovascular
¿Qué hay que monitorizar durante el tratamiento con Eplerenona?	<b>Potasio y creatinina a la 1.ª semana, al mes, a los 3 meses y después cada 4-6 meses</b>, y siempre tras cambios en otros fármacos que eleven el potasio.	Farmacoterapia::Cardiovascular
¿Cuál es la vida media de Eplerenona?	<b>4-6 h.</b>	Farmacoterapia::Cardiovascular
¿Requiere Eplerenona ajuste en insuficiencia renal?	FG 30-50: iniciar con 25 mg a días alternos. <b>Contraindicada con FG <30.</b>	Farmacoterapia::Cardiovascular
Interacción crítica de Eplerenona con Inhibidores potentes del CYP3A4 (ketoconazol, itraconazol, claritromicina, ritonavir, nefazodona): ¿qué ocurre y qué se hace?	Aumento de 5 veces de su exposición: hiperpotasemia grave. Manejo: <b>Contraindicado</b>	Farmacoterapia::Cardiovascular
Interacción crítica de Eplerenona con Inhibidores moderados del CYP3A4 (verapamilo, diltiazem, eritromicina, fluconazol): ¿qué ocurre y qué se hace?	Aumento de 2-3 veces de su exposición. Manejo: <b>No superar 25 mg/día</b>	Farmacoterapia::Cardiovascular
Interacción crítica de Eplerenona con IECA, ARA-II, sacubitrilo/valsartán, suplementos de potasio, cotrimoxazol, AINE: ¿qué ocurre y qué se hace?	Hiperpotasemia. Manejo: Control de potasio a la semana; no usar suplementos de potasio	Farmacoterapia::Cardiovascular
Efecto adverso grave de Eplerenona: Hiperpotasemia grave con arritmias — ¿en qué consiste?	Hiperpotasemia grave con arritmias	Farmacoterapia::Cardiovascular
Efecto adverso grave de Eplerenona: Fracaso renal agudo en situaciones de deshidratación — ¿en qué consiste?	Fracaso renal agudo en situaciones de deshidratación	Farmacoterapia::Cardiovascular
¿Está contraindicado Eplerenona en: Potasio >5,0 mmol/L al inicio?	Sí — Potasio >5,0 mmol/L al inicio	Farmacoterapia::Cardiovascular
¿Está contraindicado Eplerenona en: FG <30 mL/min?	Sí — FG <30 mL/min	Farmacoterapia::Cardiovascular
¿Está contraindicado Eplerenona en: Insuficiencia hepática grave?	Sí — Insuficiencia hepática grave	Farmacoterapia::Cardiovascular
¿Está contraindicado Eplerenona en: Uso con inhibidores potentes del CYP3A4 o con otro ARM?	Sí — Uso con inhibidores potentes del CYP3A4 o con otro ARM	Farmacoterapia::Cardiovascular
Particularidad de Eplerenona que hay que tener en cuenta:	<b>Paso de espironolactona a eplerenona por ginecomastia</b>: 25 mg de espironolactona ≈ 50 mg de eplerenona en insuficiencia cardiaca.	Farmacoterapia::Cardiovascular
¿A qué clase farmacológica pertenece Mononitrato de isosorbida?	Nitrato y donante de óxido nítrico (Nitrato oral de acción prolongada para profilaxis)	Farmacoterapia::Cardiovascular
¿Cuál es el mecanismo de acción de Mononitrato de isosorbida?	Libera óxido nítrico, que activa la guanilato ciclasa del músculo liso vascular: <b>venodilatación predominante (menor precarga y tensión de pared, menor consumo de O2)</b> y dilatación de las arterias coronarias epicárdicas y de los vasos colaterales. <b>El uso continuo agota los grupos sulfhidrilo y genera tolerancia</b>, de ahí el intervalo libre.	Farmacoterapia::Cardiovascular
¿Qué distingue a Mononitrato de isosorbida de los demás fármacos de su clase (Nitrato y donante de óxido nítrico)?	<b>Nitrato ORAL de PROFILAXIS</b>, no de rescate: no sirve para cortar una crisis de angina (para eso, nitroglicerina sublingual).	Farmacoterapia::Cardiovascular
¿Cuál es la dosis de Mononitrato de isosorbida en Profilaxis de la angina estable (2.ª línea, añadido a betabloqueante o calcioantagonista)?	20 mg (liberación inmediata) o 50-60 mg (retard) — <b>Inmediata: 2 tomas asimétricas (8:00 y 15:00). Retard: 1 vez al día por la mañana</b>, vía VO	Farmacoterapia::Cardiovascular
¿Cuál es la dosis de Mononitrato de isosorbida en Angina vasoespástica?	20-40 mg (o 60 mg retard) — Pauta asimétrica (o retard por la mañana), vía VO	Farmacoterapia::Cardiovascular
¿Cuánto dura el tratamiento con Mononitrato de isosorbida?	Indefinida, mientras persista la angina.	Farmacoterapia::Cardiovascular
¿Cómo se suspende Mononitrato de isosorbida?	<b>Retirada gradual</b>: la suspensión brusca puede precipitar angina de rebote.	Farmacoterapia::Cardiovascular
¿Qué hay que monitorizar durante el tratamiento con Mononitrato de isosorbida?	Síntomas anginosos, PA (ortostatismo) y cefalea.	Farmacoterapia::Cardiovascular
¿Cuál es la vida media de Mononitrato de isosorbida?	4-5 h (la forma retard extiende el efecto a 12-14 h).	Farmacoterapia::Cardiovascular
¿Requiere Mononitrato de isosorbida ajuste en insuficiencia renal?	No precisa.	Farmacoterapia::Cardiovascular
Interacción crítica de Mononitrato de isosorbida con Inhibidores de la fosfodiesterasa 5 (sildenafilo, tadalafilo, vardenafilo) y riociguat: ¿qué ocurre y qué se hace?	<b>Hipotensión grave y potencialmente mortal</b>. Manejo: <b>Contraindicado.</b> Separar 24 h del sildenafilo y 48 h del tadalafilo	Farmacoterapia::Cardiovascular
Efecto adverso grave de Mononitrato de isosorbida: Hipotensión grave y síncope — ¿en qué consiste?	Hipotensión grave y síncope	Farmacoterapia::Cardiovascular
Efecto adverso grave de Mononitrato de isosorbida: Angina de rebote tras retirada brusca — ¿en qué consiste?	Angina de rebote tras retirada brusca	Farmacoterapia::Cardiovascular
Efecto adverso grave de Mononitrato de isosorbida: Metahemoglobinemia — ¿en qué consiste?	Metahemoglobinemia (excepcional, a dosis muy altas)	Farmacoterapia::Cardiovascular
¿Está contraindicado Mononitrato de isosorbida en: <b>Uso de inhibidores de la PDE5 o riociguat</b>?	Sí — <b>Uso de inhibidores de la PDE5 o riociguat</b>	Farmacoterapia::Cardiovascular
¿Está contraindicado Mononitrato de isosorbida en: Hipotensión grave o shock?	Sí — Hipotensión grave o shock	Farmacoterapia::Cardiovascular
¿Está contraindicado Mononitrato de isosorbida en: Miocardiopatía hipertrófica obstructiva?	Sí — Miocardiopatía hipertrófica obstructiva	Farmacoterapia::Cardiovascular
¿Está contraindicado Mononitrato de isosorbida en: Estenosis aórtica grave?	Sí — Estenosis aórtica grave	Farmacoterapia::Cardiovascular
¿Está contraindicado Mononitrato de isosorbida en: Infarto de ventrículo derecho?	Sí — Infarto de ventrículo derecho	Farmacoterapia::Cardiovascular
Particularidad de Mononitrato de isosorbida que hay que tener en cuenta:	<b>La causa más frecuente de «nitrato que ya no funciona» es la tolerancia por pauta simétrica</b> (cada 12 h): cambiar a 8:00 y 15:00.	Farmacoterapia::Cardiovascular
¿A qué clase farmacológica pertenece Flecainida?	Antiarrítmico (Clase IC de Vaughan-Williams: bloqueante potente de los canales de sodio)	Farmacoterapia::Cardiovascular
¿Cuál es el mecanismo de acción de Flecainida?	Bloquea de forma potente los canales rápidos de sodio con cinética de disociación lenta (<b>dependencia de uso: más bloqueo a mayor frecuencia</b>). Enlentece la conducción en aurículas, ventrículos y vías accesorias y <b>ensancha el QRS</b>, con poco efecto sobre la repolarización. Tiene un efecto inotrópico negativo.	Farmacoterapia::Cardiovascular
¿Qué distingue a Flecainida de los demás fármacos de su clase (Antiarrítmico)?	<b>SOLO en corazón estructuralmente sano</b>: en cardiopatía isquémica o con FEVI reducida <b>aumenta la mortalidad</b> (estudio CAST). La amiodarona, en cambio, sí se puede usar en cardiopatía estructural.	Farmacoterapia::Cardiovascular
¿Cuál es la dosis de Flecainida en Cardioversión farmacológica de fibrilación auricular de <48 h sin cardiopatía estructural?	200-300 mg VO o 2 mg/kg IV (máximo 150 mg) — Dosis única (IV en 10-20 min), vía VO / IV	Farmacoterapia::Cardiovascular
¿Cuál es la dosis de Flecainida en «Pastilla en el bolsillo» para episodios de FA paroxística (probada antes en el hospital)?	200 mg (<70 kg) o 300 mg (≥70 kg) — Dosis única al inicio del episodio, junto con un betabloqueante, vía VO	Farmacoterapia::Cardiovascular
¿Cuál es la dosis de Flecainida en Mantenimiento del ritmo sinusal en FA paroxística o persistente sin cardiopatía estructural?	50-150 mg — Cada 12 h, vía VO	Farmacoterapia::Cardiovascular
¿Cuánto dura el tratamiento con Flecainida?	Indefinida mientras sea eficaz y siga sin cardiopatía estructural.	Farmacoterapia::Cardiovascular
¿Cómo se suspende Flecainida?	<b>Suspender si aparece cardiopatía isquémica o disfunción ventricular.</b> Retirada directa.	Farmacoterapia::Cardiovascular
¿Qué hay que monitorizar durante el tratamiento con Flecainida?	<b>ECG (QRS y PR) tras cada cambio de dosis</b>, función renal, y reevaluación de cardiopatía estructural si aparecen síntomas nuevos.	Farmacoterapia::Cardiovascular
¿Cuál es la vida media de Flecainida?	12-27 h.	Farmacoterapia::Cardiovascular
¿Requiere Flecainida ajuste en insuficiencia renal?	FG <35: iniciar con 50 mg cada 12 h y monitorizar niveles o QRS.	Farmacoterapia::Cardiovascular
Interacción crítica de Flecainida con Amiodarona: ¿qué ocurre y qué se hace?	Duplica sus niveles. Manejo: Reducir la flecainida un 50%	Farmacoterapia::Cardiovascular
Interacción crítica de Flecainida con Inhibidores del CYP2D6 (paroxetina, fluoxetina, quinidina): ¿qué ocurre y qué se hace?	Aumentan sus niveles: proarritmia. Manejo: Reducir dosis y vigilar QRS	Farmacoterapia::Cardiovascular
Efecto adverso grave de Flecainida: **Proarritmia — ¿en qué consiste?	<b>Proarritmia: taquicardia ventricular monomorfa incesante</b>, sobre todo con cardiopatía estructural	Farmacoterapia::Cardiovascular
Efecto adverso grave de Flecainida: **Flúter auricular con conducción 1 — ¿en qué consiste?	<b>Flúter auricular con conducción 1:1</b>	Farmacoterapia::Cardiovascular
Efecto adverso grave de Flecainida: Insuficiencia cardiaca en FEVI reducida — ¿en qué consiste?	Insuficiencia cardiaca en FEVI reducida	Farmacoterapia::Cardiovascular
Efecto adverso grave de Flecainida: <b>Desenmascaramiento de un patrón de Brugada</b> — ¿en qué consiste?	<b>Desenmascaramiento de un patrón de Brugada</b>	Farmacoterapia::Cardiovascular
¿Está contraindicado Flecainida en: **Cardiopatía isquémica?	Sí — <b>Cardiopatía isquémica (infarto previo) o FEVI reducida</b>	Farmacoterapia::Cardiovascular
¿Está contraindicado Flecainida en: Hipertrofia ventricular izquierda grave?	Sí — Hipertrofia ventricular izquierda grave	Farmacoterapia::Cardiovascular
¿Está contraindicado Flecainida en: Síndrome de Brugada?	Sí — Síndrome de Brugada	Farmacoterapia::Cardiovascular
¿Está contraindicado Flecainida en: Bloqueo de rama o BAV de 2.º-3.er grado sin marcapasos?	Sí — Bloqueo de rama o BAV de 2.º-3.er grado sin marcapasos	Farmacoterapia::Cardiovascular
¿Está contraindicado Flecainida en: Shock cardiogénico?	Sí — Shock cardiogénico	Farmacoterapia::Cardiovascular
Particularidad de Flecainida que hay que tener en cuenta:	<b>«Flecainida sin frenador del nodo es un error»</b>: el flúter 1:1 resultante puede producir síncope.	Farmacoterapia::Cardiovascular
¿A qué clase farmacológica pertenece Antihipertensivos parenterales (labetalol, urapidilo, nitroprusiato, nicardipino)?	Visión de clase: antihipertensivos parenterales (Fármacos de acción rápida para la emergencia hipertensiva)	Farmacoterapia::Cardiovascular
¿Cuál es el mecanismo de acción de Antihipertensivos parenterales (labetalol, urapidilo, nitroprusiato, nicardipino)?	Cada uno actúa por una vía distinta, y esa diferencia es la que permite elegir según la lesión de órgano diana. El LABETALOL bloquea receptores beta y alfa-1 en proporción aproximada 7:1: baja las resistencias periféricas sin taquicardia refleja, lo que lo hace ideal en la disección aórtica y en el ictus. El URAPIDILO es un antagonista alfa-1 periférico que además estimula receptores serotoninérgicos 5-HT1A centrales, reduciendo el tono simpático sin taquicardia refleja. El NITROPRUSIATO libera ÓXIDO NÍTRICO y dilata arterias y venas por igual, con un efecto instantáneo y titulable segundo a segundo, pero a costa de liberar CIANURO al metabolizarse. El NICARDIPINO es un calcioantagonista dihidropiridínico de acción arterial predominante y titulación cómoda. El principio que gobierna a todos ellos no es farmacológico sino fisiológico: en la hipertensión crónica la AUTORREGULACIÓN cerebral y renal está desplazada hacia arriba, de modo que bajar la tensión demasiado deprisa produce ISQUEMIA en un territorio acostumbrado a presiones altas.	Farmacoterapia::Cardiovascular
¿Cuál es la dosis de Antihipertensivos parenterales (labetalol, urapidilo, nitroprusiato, nicardipino) en EMERGENCIA HIPERTENSIVA con lesión de órgano diana?	Labetalol 20 mg IV en bolo, repetible cada 10 minutos doblando la dosis hasta 300 mg, o perfusión de 0,5-2 mg/min — Bolos repetidos o perfusión continua, vía IV	Farmacoterapia::Cardiovascular
¿A qué objetivo se ajusta la dosis de Antihipertensivos parenterales (labetalol, urapidilo, nitroprusiato, nicardipino) en EMERGENCIA HIPERTENSIVA con lesión de órgano diana?	Reducir la tensión arterial media un 20-25% en la PRIMERA HORA, y después de forma progresiva en 24-48 horas	Farmacoterapia::Cardiovascular
¿Cuál es la dosis de Antihipertensivos parenterales (labetalol, urapidilo, nitroprusiato, nicardipino) en DISECCIÓN AÓRTICA?	Labetalol IV hasta frecuencia cardiaca menor de 60 lpm, y después vasodilatador si hace falta — Perfusión titulada, vía IV	Farmacoterapia::Cardiovascular
¿A qué objetivo se ajusta la dosis de Antihipertensivos parenterales (labetalol, urapidilo, nitroprusiato, nicardipino) en DISECCIÓN AÓRTICA?	Frecuencia cardiaca inferior a 60 lpm y tensión sistólica de 100-120 mmHg	Farmacoterapia::Cardiovascular
¿Cuál es la dosis de Antihipertensivos parenterales (labetalol, urapidilo, nitroprusiato, nicardipino) en Emergencia hipertensiva en el EMBARAZO (preeclampsia grave)?	Labetalol 20 mg IV, repetible y ascendente; o hidralazina 5 mg IV cada 20 minutos; o nifedipino 10 mg VO — Bolos repetidos, vía IV	Farmacoterapia::Cardiovascular
¿A qué objetivo se ajusta la dosis de Antihipertensivos parenterales (labetalol, urapidilo, nitroprusiato, nicardipino) en Emergencia hipertensiva en el EMBARAZO (preeclampsia grave)?	Tensión sistólica de 140-150 mmHg y diastólica de 90-100 mmHg, sin bajar más	Farmacoterapia::Cardiovascular
¿Cuál es la dosis de Antihipertensivos parenterales (labetalol, urapidilo, nitroprusiato, nicardipino) en Encefalopatía hipertensiva y edema agudo de pulmón hipertensivo?	Nitroprusiato 0,3-0,5 microgramos/kg/min, ascendiendo hasta un máximo de 8-10 microgramos/kg/min; o nitroglicerina en el edema pulmonar — Perfusión continua con bomba y monitorización arterial, vía IV	Farmacoterapia::Cardiovascular
¿Cuál es la dosis de Antihipertensivos parenterales (labetalol, urapidilo, nitroprusiato, nicardipino) en Crisis por FEOCROMOCITOMA o por simpaticomiméticos (cocaína)?	Fentolamina 5 mg IV, o urapidilo 25 mg IV; benzodiazepinas en la intoxicación por cocaína — Bolos repetibles, vía IV	Farmacoterapia::Cardiovascular
¿Cuánto dura el tratamiento con Antihipertensivos parenterales (labetalol, urapidilo, nitroprusiato, nicardipino)?	Horas, hasta el paso a tratamiento oral.	Farmacoterapia::Cardiovascular
¿Cómo se suspende Antihipertensivos parenterales (labetalol, urapidilo, nitroprusiato, nicardipino)?	Transición a antihipertensivos orales solapando ambos, y búsqueda de la causa: incumplimiento terapéutico, hipertensión secundaria, tóxicos o dolor.	Farmacoterapia::Cardiovascular
¿Qué hay que monitorizar durante el tratamiento con Antihipertensivos parenterales (labetalol, urapidilo, nitroprusiato, nicardipino)?	Tensión arterial CONTINUA, diuresis, exploración neurológica repetida y ECG. Con nitroprusiato prolongado: lactato, equilibrio ácido-base y saturación venosa.	Farmacoterapia::Cardiovascular
¿Cuál es la vida media de Antihipertensivos parenterales (labetalol, urapidilo, nitroprusiato, nicardipino)?	Nitroprusiato: SEGUNDOS (titulación instantánea). Labetalol: 5-8 horas.	Farmacoterapia::Cardiovascular
¿Requiere Antihipertensivos parenterales (labetalol, urapidilo, nitroprusiato, nicardipino) ajuste en insuficiencia renal?	El nitroprusiato acumula TIOCIANATO en la insuficiencia renal: limitar dosis y duración.	Farmacoterapia::Cardiovascular
Interacción crítica de Antihipertensivos parenterales (labetalol, urapidilo, nitroprusiato, nicardipino) con Betabloqueante SOLO en la crisis por feocromocitoma o por COCAÍNA: ¿qué ocurre y qué se hace?	Vasoconstricción alfa sin oposición con CRISIS HIPERTENSIVA PARADÓJICA. Manejo: Alfabloquear PRIMERO (fentolamina, urapidilo) o usar benzodiazepinas y vasodilatadores. Es un error clásico y grave	Farmacoterapia::Cardiovascular
Interacción crítica de Antihipertensivos parenterales (labetalol, urapidilo, nitroprusiato, nicardipino) con Luz (nitroprusiato): ¿qué ocurre y qué se hace?	Se DEGRADA y libera cianuro. Manejo: Proteger el sistema de infusión de la luz con funda opaca y cambiar la solución cada 24 horas	Farmacoterapia::Cardiovascular
Interacción crítica de Antihipertensivos parenterales (labetalol, urapidilo, nitroprusiato, nicardipino) con Otros antihipertensivos y sedantes: ¿qué ocurre y qué se hace?	Hipotensión aditiva con hipoperfusión de órgano. Manejo: Titular con precaución	Farmacoterapia::Cardiovascular
Efecto adverso grave de Antihipertensivos parenterales (labetalol, urapidilo, nitroprusiato, nicardipino): ICTUS ISQUÉMICO, infarto y fracaso renal por descenso DEMASIADO RÁPIDO de la tensión — ¿en qué consiste?	ICTUS ISQUÉMICO, infarto y fracaso renal por descenso DEMASIADO RÁPIDO de la tensión	Farmacoterapia::Cardiovascular
Efecto adverso grave de Antihipertensivos parenterales (labetalol, urapidilo, nitroprusiato, nicardipino): INTOXICACIÓN POR CIANURO y TIOCIANATO con el nitroprusiato — ¿en qué consiste?	INTOXICACIÓN POR CIANURO y TIOCIANATO con el nitroprusiato: acidosis láctica, confusión, convulsiones, saturación venosa paradójicamente alta y olor a almendras amargas	Farmacoterapia::Cardiovascular
Efecto adverso grave de Antihipertensivos parenterales (labetalol, urapidilo, nitroprusiato, nicardipino): Bloqueo auriculoventricular e insuficiencia cardiaca con labetalol — ¿en qué consiste?	Bloqueo auriculoventricular e insuficiencia cardiaca con labetalol	Farmacoterapia::Cardiovascular
Efecto adverso grave de Antihipertensivos parenterales (labetalol, urapidilo, nitroprusiato, nicardipino): Crisis hipertensiva paradójica por betabloqueo sin alfabloqueo previo — ¿en qué consiste?	Crisis hipertensiva paradójica por betabloqueo sin alfabloqueo previo	Farmacoterapia::Cardiovascular
Efecto adverso grave de Antihipertensivos parenterales (labetalol, urapidilo, nitroprusiato, nicardipino): Metahemoglobinemia con nitroprusiato y nitratos — ¿en qué consiste?	Metahemoglobinemia con nitroprusiato y nitratos	Farmacoterapia::Cardiovascular
¿Está contraindicado Antihipertensivos parenterales (labetalol, urapidilo, nitroprusiato, nicardipino) en: LABETALOL?	Sí — LABETALOL: asma, bradicardia, bloqueo avanzado e insuficiencia cardiaca descompensada	Farmacoterapia::Cardiovascular
¿Está contraindicado Antihipertensivos parenterales (labetalol, urapidilo, nitroprusiato, nicardipino) en: NITROPRUSIATO?	Sí — NITROPRUSIATO: insuficiencia hepática o renal grave, atrofia óptica de Leber y deficiencia de vitamina B12	Farmacoterapia::Cardiovascular
¿Está contraindicado Antihipertensivos parenterales (labetalol, urapidilo, nitroprusiato, nicardipino) en: Betabloqueante en monoterapia en el feocromocitoma y en la intoxicación por cocaína?	Sí — Betabloqueante en monoterapia en el feocromocitoma y en la intoxicación por cocaína	Farmacoterapia::Cardiovascular
¿Está contraindicado Antihipertensivos parenterales (labetalol, urapidilo, nitroprusiato, nicardipino) en: Uso de la vía intravenosa en una urgencia hipertensiva SIN lesión de órgano diana?	Sí — Uso de la vía intravenosa en una urgencia hipertensiva SIN lesión de órgano diana	Farmacoterapia::Cardiovascular
Particularidad de Antihipertensivos parenterales (labetalol, urapidilo, nitroprusiato, nicardipino) que hay que tener en cuenta:	La distinción que ordena todo el manejo: URGENCIA hipertensiva es tensión muy alta SIN lesión de órgano diana, y se trata con fármacos ORALES y sin prisa, a menudo de forma ambulatoria; EMERGENCIA es tensión alta CON lesión aguda de órgano (encefalopatía, disección, edema pulmonar, eclampsia, ictus, fracaso renal), y solo esta justifica la vía intravenosa y el ingreso.	Farmacoterapia::Cardiovascular
¿A qué clase farmacológica pertenece Noradrenalina (norepinefrina)?	Catecolamina y vasopresor (Vasopresor alfa-1 predominante)	Farmacoterapia::Cardiovascular
¿Cuál es el mecanismo de acción de Noradrenalina (norepinefrina)?	Agonista de receptores alfa-1 (vasoconstricción arteriolar y venosa, aumento de resistencias y del retorno venoso) y beta-1 (inotropismo moderado). Poco efecto beta-2.	Farmacoterapia::Cardiovascular
¿Qué distingue a Noradrenalina (norepinefrina) de los demás fármacos de su clase (Catecolamina y vasopresor)?	<b>VASOPRESOR DE PRIMERA ELECCIÓN en el shock séptico</b> y en la mayoría de shocks vasodilatados.	Farmacoterapia::Cardiovascular
¿Cuál es la dosis de Noradrenalina (norepinefrina) en Shock séptico y shock distributivo con PAM <65 mmHg tras volumen?	0,05-0,5 µg/kg/min (hasta 1-2 µg/kg/min) — Perfusión continua titulada, vía IV	Farmacoterapia::Cardiovascular
¿Cuál es la dosis de Noradrenalina (norepinefrina) en Shock cardiogénico con hipotensión grave?	0,05-0,5 µg/kg/min — Perfusión continua, vía IV	Farmacoterapia::Cardiovascular
¿Cuánto dura el tratamiento con Noradrenalina (norepinefrina)?	Hasta estabilidad hemodinámica.	Farmacoterapia::Cardiovascular
¿Cómo se suspende Noradrenalina (norepinefrina)?	<b>Descenso progresivo</b>, no brusco.	Farmacoterapia::Cardiovascular
¿Qué hay que monitorizar durante el tratamiento con Noradrenalina (norepinefrina)?	PA invasiva, FC, lactato, diuresis, perfusión distal, zona de infusión.	Farmacoterapia::Cardiovascular
¿Cuál es la vida media de Noradrenalina (norepinefrina)?	<b>2-3 min</b> (efecto cesa al detener la perfusión).	Farmacoterapia::Cardiovascular
¿Requiere Noradrenalina (norepinefrina) ajuste en insuficiencia renal?	No precisa (se titula por efecto).	Farmacoterapia::Cardiovascular
Interacción crítica de Noradrenalina (norepinefrina) con IMAO, antidepresivos tricíclicos, linezolid: ¿qué ocurre y qué se hace?	Respuesta presora exagerada. Manejo: Dosis iniciales bajas	Farmacoterapia::Cardiovascular
Efecto adverso grave de Noradrenalina (norepinefrina): <b>Isquemia digital, mesentérica o renal</b> a dosis altas — ¿en qué consiste?	<b>Isquemia digital, mesentérica o renal</b> a dosis altas	Farmacoterapia::Cardiovascular
Efecto adverso grave de Noradrenalina (norepinefrina): <b>Necrosis cutánea por extravasación</b> — ¿en qué consiste?	<b>Necrosis cutánea por extravasación</b> (antídoto: fentolamina local)	Farmacoterapia::Cardiovascular
Efecto adverso grave de Noradrenalina (norepinefrina): Arritmias — ¿en qué consiste?	Arritmias	Farmacoterapia::Cardiovascular
¿Está contraindicado Noradrenalina (norepinefrina) en: Hipovolemia no corregida?	Sí — Hipovolemia no corregida (relativa: usar mientras se repone)	Farmacoterapia::Cardiovascular
¿Está contraindicado Noradrenalina (norepinefrina) en: Trombosis vascular mesentérica o periférica?	Sí — Trombosis vascular mesentérica o periférica (relativa)	Farmacoterapia::Cardiovascular
Particularidad de Noradrenalina (norepinefrina) que hay que tener en cuenta:	<b>Sin volumen previo, la noradrenalina «exprime» un sistema vacío</b>: reponer líquidos a la vez.	Farmacoterapia::Cardiovascular
¿A qué clase farmacológica pertenece Dobutamina?	Catecolamina y vasopresor (Inotrópico beta-1 predominante)	Farmacoterapia::Cardiovascular
¿Cuál es el mecanismo de acción de Dobutamina?	Agonista beta-1 con efecto beta-2 y alfa-1 leves que se compensan: aumento de contractilidad y gasto con escasa variación de resistencias.	Farmacoterapia::Cardiovascular
¿Qué distingue a Dobutamina de los demás fármacos de su clase (Catecolamina y vasopresor)?	<b>INOTRÓPICO, no vasopresor</b>: aumenta el gasto cardiaco y puede <b>bajar</b> la PA (efecto beta-2 vasodilatador).	Farmacoterapia::Cardiovascular
¿Cuál es la dosis de Dobutamina en Insuficiencia cardiaca aguda con bajo gasto e hipoperfusión?	2-20 µg/kg/min — Perfusión continua, vía IV	Farmacoterapia::Cardiovascular
¿Cuál es la dosis de Dobutamina en Ecocardiografía de estrés farmacológico?	5 → 40 µg/kg/min — Escalones de 3 min, vía IV	Farmacoterapia::Cardiovascular
¿Cuánto dura el tratamiento con Dobutamina?	El mínimo necesario (taquifilaxia en 48-72 h).	Farmacoterapia::Cardiovascular
¿Cómo se suspende Dobutamina?	Descenso progresivo.	Farmacoterapia::Cardiovascular
¿Qué hay que monitorizar durante el tratamiento con Dobutamina?	ECG continuo, PA, diuresis, lactato, SvO2.	Farmacoterapia::Cardiovascular
¿Cuál es la vida media de Dobutamina?	2 min.	Farmacoterapia::Cardiovascular
¿Requiere Dobutamina ajuste en insuficiencia renal?	No precisa.	Farmacoterapia::Cardiovascular
Efecto adverso grave de Dobutamina: Arritmias ventriculares — ¿en qué consiste?	Arritmias ventriculares	Farmacoterapia::Cardiovascular
Efecto adverso grave de Dobutamina: Isquemia miocárdica — ¿en qué consiste?	Isquemia miocárdica	Farmacoterapia::Cardiovascular
Efecto adverso grave de Dobutamina: Hipotensión — ¿en qué consiste?	Hipotensión (efecto beta-2)	Farmacoterapia::Cardiovascular
Efecto adverso grave de Dobutamina: Miocarditis eosinofílica con uso prolongado — ¿en qué consiste?	Miocarditis eosinofílica con uso prolongado	Farmacoterapia::Cardiovascular
¿Está contraindicado Dobutamina en: Miocardiopatía hipertrófica obstructiva?	Sí — Miocardiopatía hipertrófica obstructiva	Farmacoterapia::Cardiovascular
¿Está contraindicado Dobutamina en: Taquiarritmias no controladas?	Sí — Taquiarritmias no controladas	Farmacoterapia::Cardiovascular
Particularidad de Dobutamina que hay que tener en cuenta:	Hipotenso y frío: noradrenalina para la presión, dobutamina para el gasto.	Farmacoterapia::Cardiovascular
¿A qué clase farmacológica pertenece Dopamina?	Catecolamina y vasopresor (Catecolamina de efecto dosis-dependiente)	Farmacoterapia::Cardiovascular
¿Cuál es el mecanismo de acción de Dopamina?	Precursor de noradrenalina; agonista D1, beta-1 y alfa-1 según la dosis, y liberador de noradrenalina endógena.	Farmacoterapia::Cardiovascular
¿Qué distingue a Dopamina de los demás fármacos de su clase (Catecolamina y vasopresor)?	<b>Efecto según la dosis</b>: D1 renal (<3 µg/kg/min), beta-1 inotrópico (3-10) y alfa vasopresor (>10).	Farmacoterapia::Cardiovascular
¿Cuál es la dosis de Dopamina en Bradicardia sintomática refractaria a atropina (alternativa al marcapasos transcutáneo)?	5-20 µg/kg/min — Perfusión continua, vía IV	Farmacoterapia::Cardiovascular
¿Cuál es la dosis de Dopamina en Shock con bradicardia relativa (alternativa)?	5-20 µg/kg/min — Perfusión continua, vía IV	Farmacoterapia::Cardiovascular
¿Cuánto dura el tratamiento con Dopamina?	El mínimo necesario.	Farmacoterapia::Cardiovascular
¿Cómo se suspende Dopamina?	Descenso progresivo.	Farmacoterapia::Cardiovascular
¿Qué hay que monitorizar durante el tratamiento con Dopamina?	ECG, PA, diuresis, zona de infusión.	Farmacoterapia::Cardiovascular
¿Cuál es la vida media de Dopamina?	2 min.	Farmacoterapia::Cardiovascular
¿Requiere Dopamina ajuste en insuficiencia renal?	No precisa.	Farmacoterapia::Cardiovascular
Interacción crítica de Dopamina con IMAO: ¿qué ocurre y qué se hace?	Crisis hipertensiva (reducir dosis al 10%). Manejo: Evitar o dosis mínimas	Farmacoterapia::Cardiovascular
Efecto adverso grave de Dopamina: <b>Arritmias</b> — ¿en qué consiste?	<b>Arritmias</b> (FA, TV)	Farmacoterapia::Cardiovascular
Efecto adverso grave de Dopamina: Isquemia periférica, necrosis por extravasación — ¿en qué consiste?	Isquemia periférica, necrosis por extravasación	Farmacoterapia::Cardiovascular
Efecto adverso grave de Dopamina: Supresión de prolactina y TSH — ¿en qué consiste?	Supresión de prolactina y TSH	Farmacoterapia::Cardiovascular
¿Está contraindicado Dopamina en: Feocromocitoma?	Sí — Feocromocitoma	Farmacoterapia::Cardiovascular
¿Está contraindicado Dopamina en: Taquiarritmias no controladas?	Sí — Taquiarritmias no controladas	Farmacoterapia::Cardiovascular
Particularidad de Dopamina que hay que tener en cuenta:	En el shock séptico, la noradrenalina es superior; la dopamina queda para bradicardia sintomática como puente.	Farmacoterapia::Cardiovascular
¿A qué clase farmacológica pertenece Levosimendán?	Inotrópico no adrenérgico (Sensibilizador del calcio e inodilatador)	Farmacoterapia::Cardiovascular
¿Cuál es el mecanismo de acción de Levosimendán?	Se une a la troponina C de forma dependiente de calcio (sensibilización) y abre canales de potasio dependientes de ATP del músculo liso vascular (vasodilatación).	Farmacoterapia::Cardiovascular
¿Qué distingue a Levosimendán de los demás fármacos de su clase (Inotrópico no adrenérgico)?	<b>Sensibiliza la troponina C al calcio</b>: aumenta la contractilidad <b>sin aumentar el calcio intracelular ni el consumo de oxígeno</b> como las catecolaminas.	Farmacoterapia::Cardiovascular
¿Cuál es la dosis de Levosimendán en Insuficiencia cardiaca aguda con bajo gasto en paciente betabloqueado?	0,05-0,2 µg/kg/min (sin bolo si PA baja) — Perfusión de 24 h, vía IV	Farmacoterapia::Cardiovascular
¿Cuánto dura el tratamiento con Levosimendán?	24 h.	Farmacoterapia::Cardiovascular
¿Cómo se suspende Levosimendán?	Efecto prolongado tras suspender.	Farmacoterapia::Cardiovascular
¿Qué hay que monitorizar durante el tratamiento con Levosimendán?	PA, FC, ECG, potasio.	Farmacoterapia::Cardiovascular
¿Cuál es la vida media de Levosimendán?	1 h (metabolito 75-80 h).	Farmacoterapia::Cardiovascular
¿Requiere Levosimendán ajuste en insuficiencia renal?	Precaución con FG <30.	Farmacoterapia::Cardiovascular
Efecto adverso grave de Levosimendán: Taquiarritmias — ¿en qué consiste?	Taquiarritmias (FA)	Farmacoterapia::Cardiovascular
Efecto adverso grave de Levosimendán: Hipotensión grave — ¿en qué consiste?	Hipotensión grave	Farmacoterapia::Cardiovascular
¿Está contraindicado Levosimendán en: Hipotensión grave?	Sí — Hipotensión grave (PAS <85)	Farmacoterapia::Cardiovascular
¿Está contraindicado Levosimendán en: Obstrucción mecánica al llenado o vaciado ventricular?	Sí — Obstrucción mecánica al llenado o vaciado ventricular	Farmacoterapia::Cardiovascular
¿Está contraindicado Levosimendán en: Antecedente de torsade de pointes?	Sí — Antecedente de torsade de pointes	Farmacoterapia::Cardiovascular
Particularidad de Levosimendán que hay que tener en cuenta:	Su efecto dura días: útil como puente en la IC avanzada, pero la hipotensión también.	Farmacoterapia::Cardiovascular
¿A qué clase farmacológica pertenece Milrinona?	Inotrópico no adrenérgico (Inhibidor de la fosfodiesterasa 3 (inodilatador))	Farmacoterapia::Cardiovascular
¿Cuál es el mecanismo de acción de Milrinona?	Inhibición de la PDE3 cardiaca y vascular: más AMPc → inotropismo, lusitropismo y vasodilatación.	Farmacoterapia::Cardiovascular
¿Qué distingue a Milrinona de los demás fármacos de su clase (Inotrópico no adrenérgico)?	<b>Inhibe la PDE3</b>: aumenta el AMPc <b>sin pasar por el receptor beta</b> (útil con betabloqueante).	Farmacoterapia::Cardiovascular
¿Cuál es la dosis de Milrinona en Bajo gasto tras cirugía cardiaca o IC aguda con resistencias pulmonares altas?	0,25-0,75 µg/kg/min — Perfusión continua (bolo opcional 50 µg/kg en 10 min), vía IV	Farmacoterapia::Cardiovascular
¿Cuánto dura el tratamiento con Milrinona?	48-72 h.	Farmacoterapia::Cardiovascular
¿Cómo se suspende Milrinona?	Descenso progresivo.	Farmacoterapia::Cardiovascular
¿Qué hay que monitorizar durante el tratamiento con Milrinona?	PA, ECG, función renal, plaquetas.	Farmacoterapia::Cardiovascular
¿Cuál es la vida media de Milrinona?	2-3 h.	Farmacoterapia::Cardiovascular
¿Requiere Milrinona ajuste en insuficiencia renal?	<b>Reducir la perfusión según FG.</b>	Farmacoterapia::Cardiovascular
Efecto adverso grave de Milrinona: Arritmias ventriculares — ¿en qué consiste?	Arritmias ventriculares	Farmacoterapia::Cardiovascular
Efecto adverso grave de Milrinona: Trombocitopenia — ¿en qué consiste?	Trombocitopenia	Farmacoterapia::Cardiovascular
¿Está contraindicado Milrinona en: Hipotensión grave?	Sí — Hipotensión grave	Farmacoterapia::Cardiovascular
¿Está contraindicado Milrinona en: Miocardiopatía hipertrófica obstructiva?	Sí — Miocardiopatía hipertrófica obstructiva	Farmacoterapia::Cardiovascular
Particularidad de Milrinona que hay que tener en cuenta:	Su uso crónico oral aumentó la mortalidad (PROMISE): solo uso agudo.	Farmacoterapia::Cardiovascular
¿A qué clase farmacológica pertenece Ranolazina?	Antianginoso de otros mecanismos (Inhibidor de la corriente tardía de sodio)	Farmacoterapia::Cardiovascular
¿Cuál es el mecanismo de acción de Ranolazina?	Inhibe la corriente tardía de sodio en el miocito isquémico, reduciendo la sobrecarga de sodio y calcio y la tensión diastólica.	Farmacoterapia::Cardiovascular
¿Qué distingue a Ranolazina de los demás fármacos de su clase (Antianginoso de otros mecanismos)?	<b>Antianginoso SIN efecto sobre la FC ni la PA</b>: útil cuando el paciente ya está bradicárdico o hipotenso.	Farmacoterapia::Cardiovascular
¿Cuál es la dosis de Ranolazina en Angina estable con control insuficiente (añadida)?	375 mg → 500-750 mg — Cada 12 h, vía VO	Farmacoterapia::Cardiovascular
¿Cuánto dura el tratamiento con Ranolazina?	Indefinida si eficaz.	Farmacoterapia::Cardiovascular
¿Cómo se suspende Ranolazina?	Suspensión directa.	Farmacoterapia::Cardiovascular
¿Qué hay que monitorizar durante el tratamiento con Ranolazina?	QT, función renal.	Farmacoterapia::Cardiovascular
¿Cuál es la vida media de Ranolazina?	7 h.	Farmacoterapia::Cardiovascular
¿Requiere Ranolazina ajuste en insuficiencia renal?	Contraindicada con FG <30.	Farmacoterapia::Cardiovascular
Interacción crítica de Ranolazina con Inhibidores potentes del CYP3A4 (claritromicina, ketoconazol): ¿qué ocurre y qué se hace?	Aumento de niveles y del QT. Manejo: Contraindicado	Farmacoterapia::Cardiovascular
Efecto adverso grave de Ranolazina: Prolongación del QT — ¿en qué consiste?	Prolongación del QT	Farmacoterapia::Cardiovascular
Efecto adverso grave de Ranolazina: Síncope — ¿en qué consiste?	Síncope	Farmacoterapia::Cardiovascular
¿Está contraindicado Ranolazina en: FG <30?	Sí — FG <30	Farmacoterapia::Cardiovascular
¿Está contraindicado Ranolazina en: Insuficiencia hepática moderada-grave?	Sí — Insuficiencia hepática moderada-grave	Farmacoterapia::Cardiovascular
¿Está contraindicado Ranolazina en: Uso con inhibidores potentes del CYP3A4?	Sí — Uso con inhibidores potentes del CYP3A4	Farmacoterapia::Cardiovascular
Particularidad de Ranolazina que hay que tener en cuenta:	Opción lógica en el anginoso con FC 50 y PA 100: no empeora ninguna de las dos.	Farmacoterapia::Cardiovascular
¿A qué clase farmacológica pertenece Trimetazidina?	Antianginoso de otros mecanismos (Modulador metabólico (inhibidor de la beta-oxidación))	Farmacoterapia::Cardiovascular
¿Cuál es el mecanismo de acción de Trimetazidina?	Inhibe la 3-cetoacil-CoA tiolasa mitocondrial (beta-oxidación), favoreciendo la oxidación de glucosa.	Farmacoterapia::Cardiovascular
¿Qué distingue a Trimetazidina de los demás fármacos de su clase (Antianginoso de otros mecanismos)?	<b>Modulador METABÓLICO</b>: desplaza el metabolismo del miocito de ácidos grasos a glucosa (más ATP por oxígeno).	Farmacoterapia::Cardiovascular
¿Cuál es la dosis de Trimetazidina en Angina estable con control insuficiente (añadida, 2.ª línea)?	35 mg (liberación modificada) — Cada 12 h, vía VO	Farmacoterapia::Cardiovascular
¿Cuánto dura el tratamiento con Trimetazidina?	Reevaluar a los 3 meses.	Farmacoterapia::Cardiovascular
¿Cómo se suspende Trimetazidina?	Suspender si síntomas extrapiramidales.	Farmacoterapia::Cardiovascular
¿Qué hay que monitorizar durante el tratamiento con Trimetazidina?	Temblor, rigidez, marcha.	Farmacoterapia::Cardiovascular
¿Cuál es la vida media de Trimetazidina?	7 h.	Farmacoterapia::Cardiovascular
¿Requiere Trimetazidina ajuste en insuficiencia renal?	FG 30-60: 35 mg/24 h; contraindicada con FG <30.	Farmacoterapia::Cardiovascular
Efecto adverso grave de Trimetazidina: <b>Parkinsonismo, temblor, inestabilidad y caídas</b> — ¿en qué consiste?	<b>Parkinsonismo, temblor, inestabilidad y caídas</b>	Farmacoterapia::Cardiovascular
¿Está contraindicado Trimetazidina en: Enfermedad de Parkinson o síntomas extrapiramidales?	Sí — Enfermedad de Parkinson o síntomas extrapiramidales	Farmacoterapia::Cardiovascular
¿Está contraindicado Trimetazidina en: FG <30?	Sí — FG <30	Farmacoterapia::Cardiovascular
Particularidad de Trimetazidina que hay que tener en cuenta:	Anciano con angina que empieza a caerse y temblar: revisar trimetazidina.	Farmacoterapia::Cardiovascular
¿A qué clase farmacológica pertenece Fenofibrato?	Hipolipemiante no estatínico (Fibrato (agonista PPAR-alfa))	Farmacoterapia::Cardiovascular
¿Cuál es el mecanismo de acción de Fenofibrato?	Agonista del receptor PPAR-alfa: aumenta la lipoproteína lipasa y la oxidación de ácidos grasos, reduce la producción de VLDL y eleva el HDL.	Farmacoterapia::Cardiovascular
¿Qué distingue a Fenofibrato de los demás fármacos de su clase (Hipolipemiante no estatínico)?	<b>El hipolipemiante de los TRIGLICÉRIDOS</b>: los reduce un 30-50% (sobre todo útil si >500 mg/dL por riesgo de pancreatitis).	Farmacoterapia::Cardiovascular
¿Cuál es la dosis de Fenofibrato en Hipertrigliceridemia grave (>500-880 mg/dL) para prevenir pancreatitis?	145-160 mg (o 200-250 mg según formulación) — Cada 24 h, vía VO	Farmacoterapia::Cardiovascular
¿Cuál es la dosis de Fenofibrato en Dislipemia aterogénica (TG altos y HDL bajo) con LDL ya controlado?	145-160 mg — Cada 24 h, vía VO	Farmacoterapia::Cardiovascular
¿Cuánto dura el tratamiento con Fenofibrato?	Indefinida mientras esté indicado.	Farmacoterapia::Cardiovascular
¿Cómo se suspende Fenofibrato?	Suspender si CK alta con síntomas o deterioro renal.	Farmacoterapia::Cardiovascular
¿Qué hay que monitorizar durante el tratamiento con Fenofibrato?	Perfil lipídico, creatinina, transaminasas.	Farmacoterapia::Cardiovascular
¿Cuál es la vida media de Fenofibrato?	20 h.	Farmacoterapia::Cardiovascular
¿Requiere Fenofibrato ajuste en insuficiencia renal?	FG 30-60: dosis mínima; contraindicado con FG <30.	Farmacoterapia::Cardiovascular
Interacción crítica de Fenofibrato con Warfarina: ¿qué ocurre y qué se hace?	Aumento del INR. Manejo: Reducir warfarina y controlar INR	Farmacoterapia::Cardiovascular
Efecto adverso grave de Fenofibrato: Miopatía/rabdomiólisis — ¿en qué consiste?	Miopatía/rabdomiólisis (con estatinas)	Farmacoterapia::Cardiovascular
Efecto adverso grave de Fenofibrato: Colelitiasis — ¿en qué consiste?	Colelitiasis	Farmacoterapia::Cardiovascular
Efecto adverso grave de Fenofibrato: Pancreatitis — ¿en qué consiste?	Pancreatitis	Farmacoterapia::Cardiovascular
Efecto adverso grave de Fenofibrato: Tromboembolia venosa — ¿en qué consiste?	Tromboembolia venosa (leve aumento)	Farmacoterapia::Cardiovascular
¿Está contraindicado Fenofibrato en: FG <30?	Sí — FG <30	Farmacoterapia::Cardiovascular
¿Está contraindicado Fenofibrato en: Hepatopatía o colecistopatía?	Sí — Hepatopatía o colecistopatía	Farmacoterapia::Cardiovascular
¿Está contraindicado Fenofibrato en: Hipersensibilidad?	Sí — Hipersensibilidad	Farmacoterapia::Cardiovascular
Particularidad de Fenofibrato que hay que tener en cuenta:	Triglicéridos >1.000 mg/dL: el riesgo es la pancreatitis, y el fibrato + abstinencia de alcohol + dieta son el tratamiento.	Farmacoterapia::Cardiovascular
¿A qué clase farmacológica pertenece Evolocumab (y alirocumab)?	Hipolipemiante no estatínico (Anticuerpo monoclonal anti-PCSK9)	Farmacoterapia::Cardiovascular
¿Cuál es el mecanismo de acción de Evolocumab (y alirocumab)?	Anticuerpo que bloquea PCSK9, proteína que degrada el receptor de LDL: más receptores en el hepatocito y más aclaramiento de LDL.	Farmacoterapia::Cardiovascular
¿Qué distingue a Evolocumab (y alirocumab) de los demás fármacos de su clase (Hipolipemiante no estatínico)?	<b>El hipolipemiante MÁS POTENTE: reduce el LDL un 50-60% adicional</b> a la estatina.	Farmacoterapia::Cardiovascular
¿Cuál es la dosis de Evolocumab (y alirocumab) en Riesgo cardiovascular muy alto o hipercolesterolemia familiar con LDL fuera de objetivo pese a estatina + ezetimiba?	140 mg (o 420 mg mensual) — Cada 2 semanas, vía SC	Farmacoterapia::Cardiovascular
¿Cuánto dura el tratamiento con Evolocumab (y alirocumab)?	Indefinida.	Farmacoterapia::Cardiovascular
¿Cómo se suspende Evolocumab (y alirocumab)?	Al suspender, el LDL vuelve al basal en semanas.	Farmacoterapia::Cardiovascular
¿Qué hay que monitorizar durante el tratamiento con Evolocumab (y alirocumab)?	Perfil lipídico a las 4-8 semanas.	Farmacoterapia::Cardiovascular
¿Cuál es la vida media de Evolocumab (y alirocumab)?	11-17 días.	Farmacoterapia::Cardiovascular
¿Requiere Evolocumab (y alirocumab) ajuste en insuficiencia renal?	No precisa.	Farmacoterapia::Cardiovascular
Efecto adverso grave de Evolocumab (y alirocumab): Hipersensibilidad — ¿en qué consiste?	Hipersensibilidad (rara)	Farmacoterapia::Cardiovascular
¿Está contraindicado Evolocumab (y alirocumab) en: Hipersensibilidad?	Sí — Hipersensibilidad	Farmacoterapia::Cardiovascular
Particularidad de Evolocumab (y alirocumab) que hay que tener en cuenta:	El LDL muy bajo que consiguen (<30 mg/dL) no se ha asociado a efectos adversos cognitivos ni de otro tipo.	Farmacoterapia::Cardiovascular
¿A qué clase farmacológica pertenece Ácido bempedoico?	Hipolipemiante no estatínico (Inhibidor de la ATP-citrato liasa (profármaco hepático))	Farmacoterapia::Cardiovascular
¿Cuál es el mecanismo de acción de Ácido bempedoico?	Profármaco activado por la acil-CoA sintetasa hepática; inhibe la ATP-citrato liasa, previa a la HMG-CoA reductasa.	Farmacoterapia::Cardiovascular
¿Qué distingue a Ácido bempedoico de los demás fármacos de su clase (Hipolipemiante no estatínico)?	<b>Actúa en la misma vía que la estatina pero un paso antes y SOLO en el hígado</b> (el músculo no lo activa): <b>sin miopatía</b>, opción en intolerancia a estatinas.	Farmacoterapia::Cardiovascular
¿Cuál es la dosis de Ácido bempedoico en Hipercolesterolemia con intolerancia a estatinas o LDL fuera de objetivo?	180 mg — Cada 24 h, vía VO	Farmacoterapia::Cardiovascular
¿Cuánto dura el tratamiento con Ácido bempedoico?	Indefinida.	Farmacoterapia::Cardiovascular
¿Cómo se suspende Ácido bempedoico?	Suspensión directa.	Farmacoterapia::Cardiovascular
¿Qué hay que monitorizar durante el tratamiento con Ácido bempedoico?	Perfil lipídico, ácido úrico, creatinina.	Farmacoterapia::Cardiovascular
¿Cuál es la vida media de Ácido bempedoico?	21 h.	Farmacoterapia::Cardiovascular
¿Requiere Ácido bempedoico ajuste en insuficiencia renal?	Precaución con FG <30.	Farmacoterapia::Cardiovascular
Efecto adverso grave de Ácido bempedoico: Gota — ¿en qué consiste?	Gota	Farmacoterapia::Cardiovascular
Efecto adverso grave de Ácido bempedoico: Rotura tendinosa — ¿en qué consiste?	Rotura tendinosa (rara)	Farmacoterapia::Cardiovascular
Efecto adverso grave de Ácido bempedoico: Colelitiasis — ¿en qué consiste?	Colelitiasis	Farmacoterapia::Cardiovascular
¿Está contraindicado Ácido bempedoico en: Embarazo y lactancia?	Sí — Embarazo y lactancia	Farmacoterapia::Cardiovascular
¿Está contraindicado Ácido bempedoico en: Uso con simvastatina >40 mg?	Sí — Uso con simvastatina >40 mg	Farmacoterapia::Cardiovascular
Particularidad de Ácido bempedoico que hay que tener en cuenta:	Paciente que «no tolera ninguna estatina»: ácido bempedoico + ezetimiba como base, y iPCSK9 si no basta.	Farmacoterapia::Cardiovascular
