¿A qué clase farmacológica pertenece Duloxetina?	Antidepresivo (mecanismo no ISRS) (IRSN (inhibidor de la recaptación de serotonina y noradrenalina))	Farmacoterapia::Psiquiatría
¿Cuál es el mecanismo de acción de Duloxetina?	Inhibe la recaptación de serotonina y noradrenalina y refuerza las vías descendentes inhibidoras del dolor.	Farmacoterapia::Psiquiatría
¿Qué distingue a Duloxetina de los demás fármacos de su clase (Antidepresivo (mecanismo no ISRS))?	<b>IRSN con indicaciones de DOLOR</b>: <b>neuropatía diabética</b>, <b>fibromialgia</b>, <b>artrosis y lumbalgia crónica</b>, además de depresión y ansiedad generalizada.	Farmacoterapia::Psiquiatría
¿Cuál es la dosis de Duloxetina en Dolor neuropático diabético, fibromialgia, dolor musculoesquelético crónico?	30 mg 1 semana; después 60 mg — Cada 24 h, vía VO	Farmacoterapia::Psiquiatría
¿Cuál es la dosis de Duloxetina en Depresión mayor y ansiedad generalizada?	60 mg (hasta 120 mg) — Cada 24 h, vía VO	Farmacoterapia::Psiquiatría
¿Cuánto dura el tratamiento con Duloxetina?	Reevaluar el dolor a las 8-12 semanas.	Farmacoterapia::Psiquiatría
¿Cómo se suspende Duloxetina?	<b>Retirada gradual</b> (síndrome de discontinuación).	Farmacoterapia::Psiquiatría
¿Qué hay que monitorizar durante el tratamiento con Duloxetina?	Náuseas, PA, sodio en ancianos, transaminasas si factores de riesgo.	Farmacoterapia::Psiquiatría
¿Cuál es la vida media de Duloxetina?	12 h.	Farmacoterapia::Psiquiatría
¿Requiere Duloxetina ajuste en insuficiencia renal?	Evitar si FG <30.	Farmacoterapia::Psiquiatría
Interacción crítica de Duloxetina con Fluvoxamina, ciprofloxacino (inhibidores de CYP1A2): ¿qué ocurre y qué se hace?	Aumentan mucho sus niveles. Manejo: Evitar	Farmacoterapia::Psiquiatría
Interacción crítica de Duloxetina con IMAO, tramadol, triptanes, linezolid: ¿qué ocurre y qué se hace?	Síndrome serotoninérgico. Manejo: Evitar o vigilar	Farmacoterapia::Psiquiatría
Efecto adverso grave de Duloxetina: <b>Hepatotoxicidad</b> — ¿en qué consiste?	<b>Hepatotoxicidad</b>	Farmacoterapia::Psiquiatría
Efecto adverso grave de Duloxetina: Hiponatremia — ¿en qué consiste?	Hiponatremia (SIADH)	Farmacoterapia::Psiquiatría
Efecto adverso grave de Duloxetina: Síndrome serotoninérgico — ¿en qué consiste?	Síndrome serotoninérgico	Farmacoterapia::Psiquiatría
¿Está contraindicado Duloxetina en: Insuficiencia hepática?	Sí — Insuficiencia hepática	Farmacoterapia::Psiquiatría
¿Está contraindicado Duloxetina en: FG <30?	Sí — FG <30	Farmacoterapia::Psiquiatría
¿Está contraindicado Duloxetina en: Glaucoma de ángulo cerrado no controlado?	Sí — Glaucoma de ángulo cerrado no controlado	Farmacoterapia::Psiquiatría
¿Está contraindicado Duloxetina en: IMAO?	Sí — IMAO	Farmacoterapia::Psiquiatría
Particularidad de Duloxetina que hay que tener en cuenta:	Paciente con depresión y dolor crónico: la duloxetina trata ambos con un solo fármaco.	Farmacoterapia::Psiquiatría
¿A qué clase farmacológica pertenece Terapia sustitutiva con nicotina?	Fármaco de deshabituación (alcohol y tabaco) (Agonista nicotínico (sustitución))	Farmacoterapia::Psiquiatría
¿Cuál es el mecanismo de acción de Terapia sustitutiva con nicotina?	Ocupa los receptores nicotínicos alfa-4-beta-2 y alivia la abstinencia y el craving.	Farmacoterapia::Psiquiatría
¿Qué distingue a Terapia sustitutiva con nicotina de los demás fármacos de su clase (Fármaco de deshabituación (alcohol y tabaco))?	<b>Sustituye la nicotina sin el humo</b>: segura incluso en <b>cardiópatas estables</b> y, si hace falta, en el embarazo.	Farmacoterapia::Psiquiatría
¿Cuál es la dosis de Terapia sustitutiva con nicotina en Deshabituación tabáquica (≥10 cigarrillos/día)?	Parche de 21 mg/24 h (o 25 mg/16 h) + chicle o comprimido de 2-4 mg a demanda — Parche cada 24 h; formas rápidas cada 1-2 h si hay deseo (máximo 15-24 al día), vía transdérmica y bucal	Farmacoterapia::Psiquiatría
¿Cuál es la dosis de Terapia sustitutiva con nicotina en Deshabituación tabáquica (<10 cigarrillos/día)?	Parche de 14 mg/24 h (o 15 mg/16 h) — Cada 24 h, vía transdérmica	Farmacoterapia::Psiquiatría
¿Cuánto dura el tratamiento con Terapia sustitutiva con nicotina?	8-12 semanas (más si hace falta).	Farmacoterapia::Psiquiatría
¿Cómo se suspende Terapia sustitutiva con nicotina?	Reducción progresiva.	Farmacoterapia::Psiquiatría
¿Qué hay que monitorizar durante el tratamiento con Terapia sustitutiva con nicotina?	Síntomas de abstinencia o exceso (náuseas, palpitaciones).	Farmacoterapia::Psiquiatría
¿Cuál es la vida media de Terapia sustitutiva con nicotina?	2 h (nicotina).	Farmacoterapia::Psiquiatría
¿Requiere Terapia sustitutiva con nicotina ajuste en insuficiencia renal?	Precaución en insuficiencia grave.	Farmacoterapia::Psiquiatría
Efecto adverso grave de Terapia sustitutiva con nicotina: Excepcionales — ¿en qué consiste?	Excepcionales	Farmacoterapia::Psiquiatría
¿Está contraindicado Terapia sustitutiva con nicotina en: IAM, angina inestable o arritmias graves en las 2 semanas previas?	Sí — IAM, angina inestable o arritmias graves en las 2 semanas previas (relativa)	Farmacoterapia::Psiquiatría
Particularidad de Terapia sustitutiva con nicotina que hay que tener en cuenta:	La mayoría de los fracasos con nicotina se deben a dosis insuficientes: combinar parche y forma rápida.	Farmacoterapia::Psiquiatría
¿A qué clase farmacológica pertenece Citisina (citisiniclina)?	Fármaco de deshabituación (alcohol y tabaco) (Agonista parcial nicotínico de origen vegetal)	Farmacoterapia::Psiquiatría
¿Cuál es el mecanismo de acción de Citisina (citisiniclina)?	Agonista parcial del receptor nicotínico alfa-4-beta-2: reduce el craving y bloquea la recompensa del cigarrillo.	Farmacoterapia::Psiquiatría
¿Qué distingue a Citisina (citisiniclina) de los demás fármacos de su clase (Fármaco de deshabituación (alcohol y tabaco))?	<b>Mismo mecanismo que la vareniclina</b> (agonista parcial alfa-4-beta-2), de origen vegetal y <b>mucho más barata</b>.	Farmacoterapia::Psiquiatría
¿Cuál es la dosis de Citisina (citisiniclina) en Deshabituación tabáquica?	1,5 mg por comprimido: 6 al día los días 1-3, bajando hasta 1-2 al día el día 25 — Días 1-3: cada 2 h; días 4-12: cada 2,5 h; días 13-16: cada 3 h; días 17-20: cada 5 h; días 21-25: cada 6 h, vía VO	Farmacoterapia::Psiquiatría
¿Cuánto dura el tratamiento con Citisina (citisiniclina)?	25 días (repetible).	Farmacoterapia::Psiquiatría
¿Cómo se suspende Citisina (citisiniclina)?	—	Farmacoterapia::Psiquiatría
¿Qué hay que monitorizar durante el tratamiento con Citisina (citisiniclina)?	Abstinencia, efectos adversos.	Farmacoterapia::Psiquiatría
¿Cuál es la vida media de Citisina (citisiniclina)?	4,8 h.	Farmacoterapia::Psiquiatría
¿Requiere Citisina (citisiniclina) ajuste en insuficiencia renal?	No recomendado en insuficiencia renal grave.	Farmacoterapia::Psiquiatría
Efecto adverso grave de Citisina (citisiniclina): Taquicardia, HTA — ¿en qué consiste?	Taquicardia, HTA (raras)	Farmacoterapia::Psiquiatría
¿Está contraindicado Citisina (citisiniclina) en: Angina inestable, IAM o ictus recientes, arritmias?	Sí — Angina inestable, IAM o ictus recientes, arritmias	Farmacoterapia::Psiquiatría
¿Está contraindicado Citisina (citisiniclina) en: Embarazo y lactancia?	Sí — Embarazo y lactancia	Farmacoterapia::Psiquiatría
Particularidad de Citisina (citisiniclina) que hay que tener en cuenta:	Si el coste limita la vareniclina, la citisina es la alternativa con mejor relación coste-eficacia.	Farmacoterapia::Psiquiatría
¿A qué clase farmacológica pertenece Zopiclona?	Hipnótico no benzodiacepínico (Fármaco Z de vida media intermedia)	Farmacoterapia::Psiquiatría
¿Cuál es el mecanismo de acción de Zopiclona?	Agonista del receptor GABA-A en el sitio benzodiacepínico (ciclopirrolona).	Farmacoterapia::Psiquiatría
¿Qué distingue a Zopiclona de los demás fármacos de su clase (Hipnótico no benzodiacepínico)?	<b>Vida media más larga que el zolpidem (5-6 h)</b>: útil en el <b>insomnio de MANTENIMIENTO</b> (despertares), a costa de más somnolencia matutina.	Farmacoterapia::Psiquiatría
¿Cuál es la dosis de Zopiclona en Insomnio de mantenimiento incapacitante (tratamiento breve)?	3,75-7,5 mg — Al acostarse, vía VO	Farmacoterapia::Psiquiatría
¿Cuánto dura el tratamiento con Zopiclona?	≤4 semanas.	Farmacoterapia::Psiquiatría
¿Cómo se suspende Zopiclona?	Retirada gradual si uso prolongado.	Farmacoterapia::Psiquiatría
¿Qué hay que monitorizar durante el tratamiento con Zopiclona?	Somnolencia matutina, dependencia.	Farmacoterapia::Psiquiatría
¿Cuál es la vida media de Zopiclona?	5-6 h (más en ancianos).	Farmacoterapia::Psiquiatría
¿Requiere Zopiclona ajuste en insuficiencia renal?	Iniciar con 3,75 mg.	Farmacoterapia::Psiquiatría
Interacción crítica de Zopiclona con Alcohol, opioides: ¿qué ocurre y qué se hace?	Depresión del SNC. Manejo: Evitar	Farmacoterapia::Psiquiatría
Efecto adverso grave de Zopiclona: Conductas complejas del sueño — ¿en qué consiste?	Conductas complejas del sueño	Farmacoterapia::Psiquiatría
Efecto adverso grave de Zopiclona: Caídas — ¿en qué consiste?	Caídas	Farmacoterapia::Psiquiatría
Efecto adverso grave de Zopiclona: Dependencia — ¿en qué consiste?	Dependencia	Farmacoterapia::Psiquiatría
¿Está contraindicado Zopiclona en: Insuficiencia respiratoria grave, apnea del sueño?	Sí — Insuficiencia respiratoria grave, apnea del sueño	Farmacoterapia::Psiquiatría
¿Está contraindicado Zopiclona en: Miastenia gravis?	Sí — Miastenia gravis	Farmacoterapia::Psiquiatría
¿Está contraindicado Zopiclona en: Insuficiencia hepática grave?	Sí — Insuficiencia hepática grave	Farmacoterapia::Psiquiatría
Particularidad de Zopiclona que hay que tener en cuenta:	No conducir a la mañana siguiente si se ha tomado tarde.	Farmacoterapia::Psiquiatría
¿A qué clase farmacológica pertenece Melatonina de liberación prolongada?	Hipnótico no benzodiacepínico (Agonista de los receptores MT1/MT2 (cronobiótico))	Farmacoterapia::Psiquiatría
¿Cuál es el mecanismo de acción de Melatonina de liberación prolongada?	Agonista de los receptores de melatonina del núcleo supraquiasmático: regula el ritmo circadiano y facilita el inicio del sueño.	Farmacoterapia::Psiquiatría
¿Qué distingue a Melatonina de liberación prolongada de los demás fármacos de su clase (Hipnótico no benzodiacepínico)?	<b>SIN dependencia, sin caídas ni efecto resaca</b>: opción hipnótica más segura en ≥55 años.	Farmacoterapia::Psiquiatría
¿Cuál es la dosis de Melatonina de liberación prolongada en Insomnio primario en ≥55 años?	2 mg — 1-2 h antes de acostarse, vía VO	Farmacoterapia::Psiquiatría
¿Cuál es la dosis de Melatonina de liberación prolongada en Trastorno de conducta del sueño REM (alternativa a clonazepam)?	3-12 mg (liberación inmediata) — Al acostarse, vía VO	Farmacoterapia::Psiquiatría
¿Cuánto dura el tratamiento con Melatonina de liberación prolongada?	Hasta 13 semanas (insomnio).	Farmacoterapia::Psiquiatría
¿Cómo se suspende Melatonina de liberación prolongada?	Suspensión directa.	Farmacoterapia::Psiquiatría
¿Qué hay que monitorizar durante el tratamiento con Melatonina de liberación prolongada?	Eficacia.	Farmacoterapia::Psiquiatría
¿Cuál es la vida media de Melatonina de liberación prolongada?	3,5-4 h (formulación).	Farmacoterapia::Psiquiatría
¿Requiere Melatonina de liberación prolongada ajuste en insuficiencia renal?	No precisa.	Farmacoterapia::Psiquiatría
Efecto adverso grave de Melatonina de liberación prolongada: Raros — ¿en qué consiste?	Raros	Farmacoterapia::Psiquiatría
¿Está contraindicado Melatonina de liberación prolongada en: Hepatopatía?	Sí — Hepatopatía	Farmacoterapia::Psiquiatría
¿Está contraindicado Melatonina de liberación prolongada en: Enfermedades autoinmunes?	Sí — Enfermedades autoinmunes (relativa)	Farmacoterapia::Psiquiatría
Particularidad de Melatonina de liberación prolongada que hay que tener en cuenta:	En el anciano con insomnio, antes que benzodiacepinas: TCC-I y melatonina.	Farmacoterapia::Psiquiatría
¿A qué clase farmacológica pertenece Bupropión?	Antidepresivo (mecanismo no ISRS) (Inhibidor de la recaptación de noradrenalina y dopamina (IRND))	Farmacoterapia::Psiquiatría
¿Cuál es el mecanismo de acción de Bupropión?	Inhibe la recaptación de noradrenalina y dopamina; antagonista nicotínico débil.	Farmacoterapia::Psiquiatría
¿Qué distingue a Bupropión de los demás fármacos de su clase (Antidepresivo (mecanismo no ISRS))?	<b>Sin disfunción sexual ni aumento de peso</b>: alternativa cuando los ISRS causan estos efectos.	Farmacoterapia::Psiquiatría
¿Cuál es la dosis de Bupropión en Episodio depresivo mayor?	150 mg → 300 mg (liberación modificada) — Cada 24 h por la mañana, vía VO	Farmacoterapia::Psiquiatría
¿Cuál es la dosis de Bupropión en Deshabituación tabáquica?	150 mg/24 h 6 días, después 150 mg/12 h — Cada 12 h (separar 8 h), vía VO	Farmacoterapia::Psiquiatría
¿Cuánto dura el tratamiento con Bupropión?	Depresión: 6-12 meses tras remisión; tabaco: 7-12 semanas.	Farmacoterapia::Psiquiatría
¿Cómo se suspende Bupropión?	Retirada directa o gradual.	Farmacoterapia::Psiquiatría
¿Qué hay que monitorizar durante el tratamiento con Bupropión?	PA, insomnio, ideación suicida.	Farmacoterapia::Psiquiatría
¿Cuál es la vida media de Bupropión?	21 h.	Farmacoterapia::Psiquiatría
¿Requiere Bupropión ajuste en insuficiencia renal?	Reducir dosis.	Farmacoterapia::Psiquiatría
Interacción crítica de Bupropión con Tramadol, antipsicóticos, teofilina: ¿qué ocurre y qué se hace?	Convulsiones. Manejo: Evitar	Farmacoterapia::Psiquiatría
Interacción crítica de Bupropión con Metoprolol, tamoxifeno, codeína (CYP2D6): ¿qué ocurre y qué se hace?	Aumento de niveles o pérdida de eficacia. Manejo: Evitar o ajustar	Farmacoterapia::Psiquiatría
Interacción crítica de Bupropión con IMAO: ¿qué ocurre y qué se hace?	Crisis hipertensiva. Manejo: Contraindicado	Farmacoterapia::Psiquiatría
Efecto adverso grave de Bupropión: <b>Convulsiones</b> — ¿en qué consiste?	<b>Convulsiones</b>	Farmacoterapia::Psiquiatría
Efecto adverso grave de Bupropión: Hipertensión — ¿en qué consiste?	Hipertensión	Farmacoterapia::Psiquiatría
Efecto adverso grave de Bupropión: Reacciones neuropsiquiátricas — ¿en qué consiste?	Reacciones neuropsiquiátricas	Farmacoterapia::Psiquiatría
¿Está contraindicado Bupropión en: Epilepsia o riesgo convulsivo?	Sí — Epilepsia o riesgo convulsivo	Farmacoterapia::Psiquiatría
¿Está contraindicado Bupropión en: Bulimia o anorexia?	Sí — Bulimia o anorexia	Farmacoterapia::Psiquiatría
¿Está contraindicado Bupropión en: Abstinencia de alcohol o benzodiacepinas?	Sí — Abstinencia de alcohol o benzodiacepinas	Farmacoterapia::Psiquiatría
¿Está contraindicado Bupropión en: Uso de IMAO?	Sí — Uso de IMAO	Farmacoterapia::Psiquiatría
Particularidad de Bupropión que hay que tener en cuenta:	Depresión en fumador con disfunción sexual por ISRS: bupropión cubre las tres cosas.	Farmacoterapia::Psiquiatría
¿A qué clase farmacológica pertenece Vareniclina?	Fármaco de deshabituación (alcohol y tabaco) (Agonista parcial del receptor nicotínico alfa-4-beta-2)	Farmacoterapia::Psiquiatría
¿Cuál es el mecanismo de acción de Vareniclina?	Agonista parcial de receptores nicotínicos alfa-4-beta-2: libera dopamina en menor grado que la nicotina y compite con ella.	Farmacoterapia::Psiquiatría
¿Qué distingue a Vareniclina de los demás fármacos de su clase (Fármaco de deshabituación (alcohol y tabaco))?	<b>El fármaco MÁS EFICAZ para dejar de FUMAR</b> (superior a bupropión y a la terapia sustitutiva sola).	Farmacoterapia::Psiquiatría
¿Cuál es la dosis de Vareniclina en Deshabituación tabáquica?	0,5 mg/24 h (días 1-3), 0,5 mg/12 h (días 4-7), después 1 mg/12 h — Cada 12 h, vía VO	Farmacoterapia::Psiquiatría
¿Cuánto dura el tratamiento con Vareniclina?	12-24 semanas.	Farmacoterapia::Psiquiatría
¿Cómo se suspende Vareniclina?	Suspensión directa.	Farmacoterapia::Psiquiatría
¿Qué hay que monitorizar durante el tratamiento con Vareniclina?	Náuseas, estado de ánimo.	Farmacoterapia::Psiquiatría
¿Cuál es la vida media de Vareniclina?	24 h.	Farmacoterapia::Psiquiatría
¿Requiere Vareniclina ajuste en insuficiencia renal?	FG <30: máx. 0,5 mg/12 h.	Farmacoterapia::Psiquiatría
Efecto adverso grave de Vareniclina: Reacciones neuropsiquiátricas — ¿en qué consiste?	Reacciones neuropsiquiátricas (raras)	Farmacoterapia::Psiquiatría
Efecto adverso grave de Vareniclina: Convulsiones — ¿en qué consiste?	Convulsiones (muy raras)	Farmacoterapia::Psiquiatría
¿Está contraindicado Vareniclina en: Hipersensibilidad?	Sí — Hipersensibilidad	Farmacoterapia::Psiquiatría
Particularidad de Vareniclina que hay que tener en cuenta:	Tomarla con comida y un vaso de agua reduce mucho las náuseas.	Farmacoterapia::Psiquiatría
¿A qué clase farmacológica pertenece Naltrexona?	Fármaco de deshabituación (alcohol y tabaco) (Antagonista opioide oral)	Farmacoterapia::Psiquiatría
¿Cuál es el mecanismo de acción de Naltrexona?	Antagonista competitivo de los receptores mu (y kappa) de larga duración por VO.	Farmacoterapia::Psiquiatría
¿Qué distingue a Naltrexona de los demás fármacos de su clase (Fármaco de deshabituación (alcohol y tabaco))?	<b>Reduce el CRAVING y los atracones de ALCOHOL</b> (bloquea el refuerzo mediado por opioides endógenos).	Farmacoterapia::Psiquiatría
¿Cuál es la dosis de Naltrexona en Trastorno por consumo de alcohol (reducción o abstinencia)?	50 mg — Cada 24 h, vía VO	Farmacoterapia::Psiquiatría
¿Cuál es la dosis de Naltrexona en Prevención de recaídas en dependencia de opioides (tras desintoxicación)?	50 mg — Cada 24 h, vía VO	Farmacoterapia::Psiquiatría
¿Cuánto dura el tratamiento con Naltrexona?	3-12 meses.	Farmacoterapia::Psiquiatría
¿Cómo se suspende Naltrexona?	Suspensión directa (riesgo de sobredosis si recae en opioides por pérdida de tolerancia).	Farmacoterapia::Psiquiatría
¿Qué hay que monitorizar durante el tratamiento con Naltrexona?	Transaminasas, consumo.	Farmacoterapia::Psiquiatría
¿Cuál es la vida media de Naltrexona?	4 h (metabolito 13 h).	Farmacoterapia::Psiquiatría
¿Requiere Naltrexona ajuste en insuficiencia renal?	Precaución.	Farmacoterapia::Psiquiatría
Interacción crítica de Naltrexona con Opioides (analgésicos, antitusígenos, antidiarreicos): ¿qué ocurre y qué se hace?	Ineficacia y abstinencia. Manejo: Contraindicado	Farmacoterapia::Psiquiatría
Efecto adverso grave de Naltrexona: Hepatotoxicidad — ¿en qué consiste?	Hepatotoxicidad	Farmacoterapia::Psiquiatría
Efecto adverso grave de Naltrexona: Abstinencia precipitada — ¿en qué consiste?	Abstinencia precipitada	Farmacoterapia::Psiquiatría
Efecto adverso grave de Naltrexona: Sobredosis de opioides tras suspenderla — ¿en qué consiste?	Sobredosis de opioides tras suspenderla	Farmacoterapia::Psiquiatría
¿Está contraindicado Naltrexona en: Uso de opioides?	Sí — Uso de opioides	Farmacoterapia::Psiquiatría
¿Está contraindicado Naltrexona en: Hepatitis aguda o insuficiencia hepática?	Sí — Hepatitis aguda o insuficiencia hepática	Farmacoterapia::Psiquiatría
Particularidad de Naltrexona que hay que tener en cuenta:	Llevar tarjeta identificativa: si necesita analgesia urgente, los opioides no harán efecto.	Farmacoterapia::Psiquiatría
¿A qué clase farmacológica pertenece Acamprosato?	Fármaco de deshabituación (alcohol y tabaco) (Modulador glutamatérgico)	Farmacoterapia::Psiquiatría
¿Cuál es el mecanismo de acción de Acamprosato?	Modula la hiperexcitabilidad glutamatérgica (NMDA) que persiste tras dejar el alcohol.	Farmacoterapia::Psiquiatría
¿Qué distingue a Acamprosato de los demás fármacos de su clase (Fármaco de deshabituación (alcohol y tabaco))?	<b>Mantiene la ABSTINENCIA alcohólica</b> (no reduce el consumo como la naltrexona): se inicia tras la desintoxicación.	Farmacoterapia::Psiquiatría
¿Cuál es la dosis de Acamprosato en Mantenimiento de la abstinencia alcohólica?	666 mg (≥60 kg) o 666 + 333 + 333 mg (<60 kg) — Cada 8 h, vía VO	Farmacoterapia::Psiquiatría
¿Cuánto dura el tratamiento con Acamprosato?	12 meses (aunque recaiga).	Farmacoterapia::Psiquiatría
¿Cómo se suspende Acamprosato?	Suspensión directa.	Farmacoterapia::Psiquiatría
¿Qué hay que monitorizar durante el tratamiento con Acamprosato?	Función renal, ánimo.	Farmacoterapia::Psiquiatría
¿Cuál es la vida media de Acamprosato?	20-33 h.	Farmacoterapia::Psiquiatría
¿Requiere Acamprosato ajuste en insuficiencia renal?	FG 30-50: 333 mg/8 h; contraindicado con FG <30.	Farmacoterapia::Psiquiatría
Efecto adverso grave de Acamprosato: Ideación suicida — ¿en qué consiste?	Ideación suicida (vigilar)	Farmacoterapia::Psiquiatría
¿Está contraindicado Acamprosato en: FG <30?	Sí — FG <30	Farmacoterapia::Psiquiatría
¿Está contraindicado Acamprosato en: Hepatopatía grave?	Sí — Hepatopatía grave (Child C)	Farmacoterapia::Psiquiatría
Particularidad de Acamprosato que hay que tener en cuenta:	Cirrótico alcohólico que quiere mantenerse abstinente: acamprosato (o baclofeno).	Farmacoterapia::Psiquiatría
¿A qué clase farmacológica pertenece Disulfiram?	Fármaco de deshabituación (alcohol y tabaco) (Interdictor (inhibidor de la aldehído deshidrogenasa))	Farmacoterapia::Psiquiatría
¿Cuál es el mecanismo de acción de Disulfiram?	Inhibe irreversiblemente la aldehído deshidrogenasa: acumulación de acetaldehído al beber.	Farmacoterapia::Psiquiatría
¿Qué distingue a Disulfiram de los demás fármacos de su clase (Fármaco de deshabituación (alcohol y tabaco))?	<b>INTERDICTOR</b>: no reduce el deseo; provoca una <b>reacción aversiva</b> (rubor, taquicardia, vómitos, hipotensión) si se bebe.	Farmacoterapia::Psiquiatría
¿Cuál es la dosis de Disulfiram en Mantenimiento de la abstinencia alcohólica (paciente motivado, toma supervisada)?	250 mg (125-500 mg) — Cada 24 h, vía VO	Farmacoterapia::Psiquiatría
¿Cuánto dura el tratamiento con Disulfiram?	Meses.	Farmacoterapia::Psiquiatría
¿Cómo se suspende Disulfiram?	Efecto persiste 1-2 semanas.	Farmacoterapia::Psiquiatría
¿Qué hay que monitorizar durante el tratamiento con Disulfiram?	Transaminasas, neuropatía.	Farmacoterapia::Psiquiatría
¿Cuál es la vida media de Disulfiram?	Efecto de días (inhibición irreversible).	Farmacoterapia::Psiquiatría
¿Requiere Disulfiram ajuste en insuficiencia renal?	Precaución.	Farmacoterapia::Psiquiatría
Interacción crítica de Disulfiram con Alcohol (incluido en jarabes, colutorios, colonias): ¿qué ocurre y qué se hace?	Reacción disulfiram. Manejo: Evitar toda fuente de alcohol	Farmacoterapia::Psiquiatría
Interacción crítica de Disulfiram con Metronidazol: ¿qué ocurre y qué se hace?	Psicosis aguda. Manejo: Evitar	Farmacoterapia::Psiquiatría
Efecto adverso grave de Disulfiram: <b>Reacción con alcohol grave</b> — ¿en qué consiste?	<b>Reacción con alcohol grave</b>	Farmacoterapia::Psiquiatría
Efecto adverso grave de Disulfiram: Hepatitis — ¿en qué consiste?	Hepatitis	Farmacoterapia::Psiquiatría
Efecto adverso grave de Disulfiram: Neuropatía periférica y óptica — ¿en qué consiste?	Neuropatía periférica y óptica	Farmacoterapia::Psiquiatría
Efecto adverso grave de Disulfiram: Psicosis — ¿en qué consiste?	Psicosis	Farmacoterapia::Psiquiatría
¿Está contraindicado Disulfiram en: Cardiopatía isquémica o arritmias?	Sí — Cardiopatía isquémica o arritmias	Farmacoterapia::Psiquiatría
¿Está contraindicado Disulfiram en: Psicosis?	Sí — Psicosis	Farmacoterapia::Psiquiatría
¿Está contraindicado Disulfiram en: Consumo de alcohol en las últimas 24 h?	Sí — Consumo de alcohol en las últimas 24 h	Farmacoterapia::Psiquiatría
Particularidad de Disulfiram que hay que tener en cuenta:	Sin supervisión de la toma, la eficacia es nula: el paciente simplemente la deja.	Farmacoterapia::Psiquiatría
¿A qué clase farmacológica pertenece Sertralina?	Antidepresivo ISRS (inhibidor selectivo de la recaptación de serotonina) (Antidepresivo de primera línea)	Farmacoterapia::Psiquiatría
¿Cuál es el mecanismo de acción de Sertralina?	Bloquea el transportador presináptico de SEROTONINA (SERT), aumentando su disponibilidad en la hendidura sináptica. El bloqueo del transportador es inmediato, pero el efecto ANTIDEPRESIVO tarda 2-4 semanas: esa disociación se explica porque el beneficio clínico depende de la desensibilización progresiva de los autorreceptores 5-HT1A y de cambios en la neuroplasticidad y la expresión de factores neurotróficos, no del aumento agudo de serotonina. Entender ese desfase es lo que permite explicar al paciente por qué debe seguir tomándolo cuando aún no nota nada.	Farmacoterapia::Psiquiatría
¿Qué distingue a Sertralina de los demás fármacos de su clase (Antidepresivo ISRS (inhibidor selectivo de la recaptación de serotonina))?	<b>El ISRS de elección en el EMBARAZO y la LACTANCIA</b> y en el <b>paciente cardiópata</b> (SADHART, poca prolongación del QT).	Farmacoterapia::Psiquiatría
¿Cuál es la dosis de Sertralina en Episodio depresivo mayor?	Inicio 50 mg/24 h; mantenimiento 50-200 mg/24 h — Una vez al día, por la mañana, vía VO	Farmacoterapia::Psiquiatría
¿Cuál es la dosis de Sertralina en Trastorno de ansiedad generalizada, crisis de angustia y fobia social?	Inicio 25 mg/24 h (la mitad de la habitual); mantenimiento 50-200 mg/24 h — Una vez al día, vía VO	Farmacoterapia::Psiquiatría
¿Cuál es la dosis de Sertralina en Trastorno obsesivo-compulsivo?	50-200 mg/24 h (con frecuencia se necesitan las dosis altas) — Una vez al día, vía VO	Farmacoterapia::Psiquiatría
¿Cuál es la dosis de Sertralina en Trastorno de estrés postraumático?	50-200 mg/24 h — Una vez al día, vía VO	Farmacoterapia::Psiquiatría
¿Cuál es la dosis de Sertralina en Depresión en el paciente cardiópata o polimedicado?	50-100 mg/24 h — Una vez al día, vía VO	Farmacoterapia::Psiquiatría
¿Cuánto dura el tratamiento con Sertralina?	Mínimo 6-12 MESES tras la remisión en un primer episodio. Tras dos o más episodios, 2 años o de forma indefinida. Retirarlo al mes de encontrarse bien es la causa más frecuente de recaída.	Farmacoterapia::Psiquiatría
¿Cómo se suspende Sertralina?	Retirada GRADUAL a lo largo de 4 semanas o más, por el síndrome de discontinuación.	Farmacoterapia::Psiquiatría
¿Qué hay que monitorizar durante el tratamiento con Sertralina?	Respuesta clínica y, sobre todo, VIGILANCIA DE IDEACIÓN SUICIDA en las primeras semanas y en menores de 25 años. Sodio a las 2-4 semanas en el anciano (hiponatremia). Peso y función sexual.	Farmacoterapia::Psiquiatría
¿Cuál es la vida media de Sertralina?	26 h, que permite la dosis única diaria.	Farmacoterapia::Psiquiatría
¿Requiere Sertralina ajuste en insuficiencia renal?	No precisa ajuste.	Farmacoterapia::Psiquiatría
Interacción crítica de Sertralina con IMAO, linezolid, azul de metileno: ¿qué ocurre y qué se hace?	SÍNDROME SEROTONINÉRGICO: agitación, clonus, hiperreflexia, hipertermia y rigidez, potencialmente mortal. Manejo: CONTRAINDICADO. Respetar 2 semanas de lavado entre un IMAO y un ISRS (5 semanas si el ISRS es fluoxetina)	Farmacoterapia::Psiquiatría
Interacción crítica de Sertralina con AINE, AAS, anticoagulantes: ¿qué ocurre y qué se hace?	La serotonina plaquetaria es necesaria para la agregación: los ISRS producen disfunción plaquetaria y el riesgo de HEMORRAGIA DIGESTIVA se multiplica al asociarlos. Manejo: Añadir protección gástrica y evitar los AINE; es una asociación muy frecuente y poco vigilada	Farmacoterapia::Psiquiatría
Interacción crítica de Sertralina con Diuréticos tiazídicos, carbamazepina: ¿qué ocurre y qué se hace?	HIPONATREMIA aditiva por SIADH, sobre todo en el anciano. Manejo: Controlar el sodio a las 2-4 semanas de iniciar en el paciente mayor de 65 años	Farmacoterapia::Psiquiatría
Interacción crítica de Sertralina con TAMOXIFENO: ¿qué ocurre y qué se hace?	Los ISRS inhibidores potentes del CYP2D6 (fluoxetina, paroxetina) impiden su conversión al metabolito activo y REDUCEN su eficacia antitumoral. Manejo: En la paciente con tamoxifeno, elegir SERTRALINA, escitalopram o venlafaxina, que apenas lo inhiben	Farmacoterapia::Psiquiatría
Efecto adverso grave de Sertralina: AUMENTO DE LA IDEACIÓN SUICIDA en las primeras semanas, especialmente en menores de 25 años — ¿en qué consiste?	AUMENTO DE LA IDEACIÓN SUICIDA en las primeras semanas, especialmente en menores de 25 años (advertencia con recuadro negro)	Farmacoterapia::Psiquiatría
Efecto adverso grave de Sertralina: SÍNDROME SEROTONINÉRGICO en combinación con otros serotoninérgicos — ¿en qué consiste?	SÍNDROME SEROTONINÉRGICO en combinación con otros serotoninérgicos	Farmacoterapia::Psiquiatría
Efecto adverso grave de Sertralina: HIPONATREMIA por SIADH, sobre todo en el anciano y en las primeras semanas — ¿en qué consiste?	HIPONATREMIA por SIADH, sobre todo en el anciano y en las primeras semanas	Farmacoterapia::Psiquiatría
Efecto adverso grave de Sertralina: Hemorragia digestiva por disfunción plaquetaria, potenciada por AINE — ¿en qué consiste?	Hemorragia digestiva por disfunción plaquetaria, potenciada por AINE	Farmacoterapia::Psiquiatría
Efecto adverso grave de Sertralina: VIRAJE MANÍACO en el paciente con trastorno bipolar no diagnosticado — ¿en qué consiste?	VIRAJE MANÍACO en el paciente con trastorno bipolar no diagnosticado	Farmacoterapia::Psiquiatría
Efecto adverso grave de Sertralina: Prolongación del QT — ¿en qué consiste?	Prolongación del QT (más con citalopram y escitalopram que con sertralina)	Farmacoterapia::Psiquiatría
Efecto adverso grave de Sertralina: Síndrome de discontinuación por retirada brusca — ¿en qué consiste?	Síndrome de discontinuación por retirada brusca	Farmacoterapia::Psiquiatría
¿Está contraindicado Sertralina en: Uso concomitante o reciente de IMAO, linezolid o azul de metileno?	Sí — Uso concomitante o reciente de IMAO, linezolid o azul de metileno	Farmacoterapia::Psiquiatría
¿Está contraindicado Sertralina en: Hipersensibilidad al fármaco?	Sí — Hipersensibilidad al fármaco	Farmacoterapia::Psiquiatría
¿Está contraindicado Sertralina en: TRASTORNO BIPOLAR sin estabilizador del ánimo asociado?	Sí — TRASTORNO BIPOLAR sin estabilizador del ánimo asociado (riesgo de viraje maníaco)	Farmacoterapia::Psiquiatría
¿Está contraindicado Sertralina en: Precaución en epilepsia, hepatopatía grave y antecedente de hemorragia digestiva?	Sí — Precaución en epilepsia, hepatopatía grave y antecedente de hemorragia digestiva	Farmacoterapia::Psiquiatría
Particularidad de Sertralina que hay que tener en cuenta:	Lo que hay que explicar en la primera consulta, y que decide si el tratamiento funcionará: tardará 2-4 SEMANAS en notar mejoría; los primeros días puede encontrarse ALGO PEOR (más ansiedad, náuseas); y no debe suspenderlo por su cuenta. La mayoría de los abandonos ocurren en la primera semana, justo cuando solo hay efectos adversos y ningún beneficio.	Farmacoterapia::Psiquiatría
¿A qué clase farmacológica pertenece Lorazepam?	Benzodiacepina (Acción intermedia, sin metabolitos activos (glucuronidación))	Farmacoterapia::Psiquiatría
¿Cuál es el mecanismo de acción de Lorazepam?	Se une a un sitio alostérico del receptor GABA-A y aumenta la FRECUENCIA de apertura del canal de cloro en respuesta al GABA. Es un modulador, no un agonista directo: necesita que haya GABA endógeno, y esa dependencia explica su amplio margen de seguridad en sobredosis aislada frente a los barbitúricos, que abren el canal directamente. La tolerancia aparece de forma desigual: rápida para el efecto hipnótico y sedante, mucho más lenta para el ansiolítico y el anticonvulsivante.	Farmacoterapia::Psiquiatría
¿Qué distingue a Lorazepam de los demás fármacos de su clase (Benzodiacepina)?	<b>Metabolismo por GLUCURONIDACIÓN (sin CYP ni metabolitos activos)</b>: la benzodiacepina de elección en <b>ancianos y hepatópatas</b> (incluida la abstinencia alcohólica con cirrosis).	Farmacoterapia::Psiquiatría
¿Cuál es la dosis de Lorazepam en Crisis de ansiedad y ansiedad grave incapacitante?	0,5-1 mg, repetible; máximo 2-4 mg/día — A demanda o cada 8-12 h, vía VO o SL	Farmacoterapia::Psiquiatría
¿Cuál es la dosis de Lorazepam en Estado epiléptico y crisis convulsiva prolongada?	4 mg IV lentos, repetibles una vez a los 5-10 minutos — Bolo repetible, vía IV	Farmacoterapia::Psiquiatría
¿Cuál es la dosis de Lorazepam en Síndrome de abstinencia alcohólica y delirium tremens?	1-4 mg/6-8 h, pautados o guiados por escala CIWA-Ar — Cada 6-8 h o según escala, vía VO o IV	Farmacoterapia::Psiquiatría
¿Cuál es la dosis de Lorazepam en Insomnio de conciliación grave y transitorio?	1-2 mg al acostarse — Una vez al día, por la noche, vía VO	Farmacoterapia::Psiquiatría
¿Cuál es la dosis de Lorazepam en Agitación aguda y sedación paliativa?	1-2 mg, repetible según respuesta — A demanda, vía VO, SL, IM o IV	Farmacoterapia::Psiquiatría
¿Cuánto dura el tratamiento con Lorazepam?	2-4 SEMANAS como norma general. En el estado epiléptico y la abstinencia alcohólica, uso puntual de días.	Farmacoterapia::Psiquiatría
¿Cómo se suspende Lorazepam?	Retirada MUY gradual: reducciones del 10-25% cada 2-4 semanas, más lentas cuanto mayor sea la duración del tratamiento. En consumos de años puede llevar meses. La retirada brusca puede provocar CONVULSIONES y delirium.	Farmacoterapia::Psiquiatría
¿Qué hay que monitorizar durante el tratamiento con Lorazepam?	Nivel de sedación, marcha y riesgo de CAÍDAS en el anciano, función cognitiva, y revisión periódica de si la indicación sigue vigente. Vigilar la escalada de dosis.	Farmacoterapia::Psiquiatría
¿Cuál es la vida media de Lorazepam?	10-20 h, intermedia.	Farmacoterapia::Psiquiatría
¿Requiere Lorazepam ajuste en insuficiencia renal?	Precaución en la insuficiencia renal grave.	Farmacoterapia::Psiquiatría
Interacción crítica de Lorazepam con OPIOIDES: ¿qué ocurre y qué se hace?	DEPRESIÓN RESPIRATORIA y muerte: la combinación multiplica el riesgo y está detrás de gran parte de la mortalidad por sobredosis. Manejo: Advertencia con recuadro negro. Evitar la combinación; si es imprescindible, dosis mínimas y vigilancia	Farmacoterapia::Psiquiatría
Interacción crítica de Lorazepam con ALCOHOL: ¿qué ocurre y qué se hace?	Depresión aditiva del sistema nervioso central con riesgo de coma y depresión respiratoria. Manejo: Advertir expresamente; es una combinación cotidiana y subestimada	Farmacoterapia::Psiquiatría
Efecto adverso grave de Lorazepam: DEPENDENCIA física y psicológica, con tolerancia y escalada de dosis — ¿en qué consiste?	DEPENDENCIA física y psicológica, con tolerancia y escalada de dosis (aparece en semanas)	Farmacoterapia::Psiquiatría
Efecto adverso grave de Lorazepam: SÍNDROME DE ABSTINENCIA por retirada brusca — ¿en qué consiste?	SÍNDROME DE ABSTINENCIA por retirada brusca: ansiedad de rebote, insomnio, temblor, CONVULSIONES y delirium	Farmacoterapia::Psiquiatría
Efecto adverso grave de Lorazepam: CAÍDAS Y FRACTURA DE CADERA en el anciano — ¿en qué consiste?	CAÍDAS Y FRACTURA DE CADERA en el anciano: es uno de los efectos con mayor impacto poblacional real	Farmacoterapia::Psiquiatría
Efecto adverso grave de Lorazepam: Depresión respiratoria, especialmente combinado con opioides o alcohol — ¿en qué consiste?	Depresión respiratoria, especialmente combinado con opioides o alcohol	Farmacoterapia::Psiquiatría
Efecto adverso grave de Lorazepam: AGITACIÓN PARADÓJICA con desinhibición y agresividad, típica en niños, ancianos y personas con deterioro cognitivo — ¿en qué consiste?	AGITACIÓN PARADÓJICA con desinhibición y agresividad, típica en niños, ancianos y personas con deterioro cognitivo	Farmacoterapia::Psiquiatría
Efecto adverso grave de Lorazepam: Deterioro cognitivo y posible asociación con demencia en el uso muy prolongado — ¿en qué consiste?	Deterioro cognitivo y posible asociación con demencia en el uso muy prolongado	Farmacoterapia::Psiquiatría
¿Está contraindicado Lorazepam en: MIASTENIA GRAVIS?	Sí — MIASTENIA GRAVIS	Farmacoterapia::Psiquiatría
¿Está contraindicado Lorazepam en: Síndrome de apnea del sueño grave no tratado?	Sí — Síndrome de apnea del sueño grave no tratado	Farmacoterapia::Psiquiatría
¿Está contraindicado Lorazepam en: Insuficiencia respiratoria grave?	Sí — Insuficiencia respiratoria grave	Farmacoterapia::Psiquiatría
¿Está contraindicado Lorazepam en: Intoxicación etílica aguda con depresión de constantes vitales?	Sí — Intoxicación etílica aguda con depresión de constantes vitales	Farmacoterapia::Psiquiatría
¿Está contraindicado Lorazepam en: Glaucoma de ángulo estrecho?	Sí — Glaucoma de ángulo estrecho	Farmacoterapia::Psiquiatría
¿Está contraindicado Lorazepam en: Antecedente de dependencia a benzodiacepinas o a otras sustancias?	Sí — Antecedente de dependencia a benzodiacepinas o a otras sustancias (contraindicación relativa)	Farmacoterapia::Psiquiatría
Particularidad de Lorazepam que hay que tener en cuenta:	La regla que evita casi todos los problemas de esta clase: prescribirla SIEMPRE con fecha de fin pactada desde la primera receta y explicada al paciente. Sin ese acuerdo inicial, la benzodiacepina de 2 semanas se convierte en un tratamiento de 10 años, y para entonces retirarla cuesta meses.	Farmacoterapia::Psiquiatría
¿A qué clase farmacológica pertenece Quetiapina?	Antipsicótico (Atípico (segunda generación): antagonista D2 de disociación rápida y 5-HT2A)	Farmacoterapia::Psiquiatría
¿Cuál es el mecanismo de acción de Quetiapina?	Antagonista de los receptores D2 y 5-HT2A, con afinidad además por receptores histaminérgicos H1 (sedación y aumento de peso), alfa-1 adrenérgicos (hipotensión ortostática) y muscarínicos. Su rasgo diferencial es una unión al receptor D2 DÉBIL y RÁPIDAMENTE REVERSIBLE (disociación rápida): ocupa el receptor lo justo para el efecto antipsicótico y se separa enseguida, lo que explica su bajísima tasa de efectos extrapiramidales y por qué es uno de los pocos antipsicóticos utilizables en la enfermedad de Parkinson. El precio de esa promiscuidad de receptores es un perfil METABÓLICO desfavorable.	Farmacoterapia::Psiquiatría
¿Qué distingue a Quetiapina de los demás fármacos de su clase (Antipsicótico)?	<b>Disociación rápida del receptor D2: casi SIN efectos extrapiramidales</b>; antipsicótico de elección en la <b>psicosis del Parkinson y la demencia con cuerpos de Lewy</b> (con clozapina).	Farmacoterapia::Psiquiatría
¿Cuál es la dosis de Quetiapina en Esquizofrenia y trastorno psicótico?	Inicio 25 mg/12 h; mantenimiento 300-750 mg/día — Cada 12 h, o dosis única nocturna con la formulación retardada, vía VO	Farmacoterapia::Psiquiatría
¿Cuál es la dosis de Quetiapina en Episodio maníaco del trastorno bipolar?	Escalado hasta 400-800 mg/día — Cada 12 h, vía VO	Farmacoterapia::Psiquiatría
¿Cuál es la dosis de Quetiapina en Depresión bipolar?	300 mg/24 h por la noche — Una vez al día, vía VO	Farmacoterapia::Psiquiatría
¿Cuál es la dosis de Quetiapina en Psicosis y alucinaciones en la enfermedad de Parkinson o en la demencia por cuerpos de Lewy?	12,5-50 mg por la noche — Una vez al día, vía VO	Farmacoterapia::Psiquiatría
¿Cuál es la dosis de Quetiapina en Potenciación en la depresión resistente?	50-300 mg/24 h — Una vez al día, vía VO	Farmacoterapia::Psiquiatría
¿Cuánto dura el tratamiento con Quetiapina?	Prolongada en la esquizofrenia y en el trastorno bipolar. En el insomnio, uso NO recomendado.	Farmacoterapia::Psiquiatría
¿Cómo se suspende Quetiapina?	Retirada gradual: la suspensión brusca puede producir insomnio de rebote, náuseas y recaída psicótica.	Farmacoterapia::Psiquiatría
¿Qué hay que monitorizar durante el tratamiento con Quetiapina?	SÍNDROME METABÓLICO: peso y perímetro abdominal cada 3 meses, glucemia y lípidos al inicio, a los 3 meses y anualmente. ECG con QT. Prolactina si hay síntomas. Signos extrapiramidales.	Farmacoterapia::Psiquiatría
¿Cuál es la vida media de Quetiapina?	6-7 h (la norquetiapina, 12 h).	Farmacoterapia::Psiquiatría
¿Requiere Quetiapina ajuste en insuficiencia renal?	No precisa ajuste.	Farmacoterapia::Psiquiatría
Interacción crítica de Quetiapina con Inhibidores potentes del CYP3A4: ketoconazol, itraconazol, claritromicina, ritonavir: ¿qué ocurre y qué se hace?	Aumento marcado de sus concentraciones con sedación e hipotensión. Manejo: Reducir la dosis a la sexta parte o evitar la combinación	Farmacoterapia::Psiquiatría
Interacción crítica de Quetiapina con Inductores: carbamazepina, fenitoína, rifampicina: ¿qué ocurre y qué se hace?	Caída de las concentraciones con pérdida de eficacia y riesgo de recaída psicótica. Manejo: Puede requerir multiplicar la dosis por 5; vigilar la clínica	Farmacoterapia::Psiquiatría
Interacción crítica de Quetiapina con Fármacos que prolongan el QT y alteraciones electrolíticas: ¿qué ocurre y qué se hace?	Prolongación aditiva del QT con riesgo de torsade de pointes. Manejo: ECG basal y de control; corregir potasio y magnesio	Farmacoterapia::Psiquiatría
Efecto adverso grave de Quetiapina: SÍNDROME METABÓLICO — ¿en qué consiste?	SÍNDROME METABÓLICO: obesidad central, dislipemia y DIABETES de nueva aparición (la quetiapina y la olanzapina son las peores de su clase en este aspecto)	Farmacoterapia::Psiquiatría
Efecto adverso grave de Quetiapina: Prolongación del QT y torsade de pointes — ¿en qué consiste?	Prolongación del QT y torsade de pointes	Farmacoterapia::Psiquiatría
Efecto adverso grave de Quetiapina: SÍNDROME NEUROLÉPTICO MALIGNO — ¿en qué consiste?	SÍNDROME NEUROLÉPTICO MALIGNO: hipertermia, rigidez, alteración de la conciencia, CPK muy elevada e inestabilidad autonómica	Farmacoterapia::Psiquiatría
Efecto adverso grave de Quetiapina: Cetoacidosis diabética de debut, incluso sin obesidad previa — ¿en qué consiste?	Cetoacidosis diabética de debut, incluso sin obesidad previa	Farmacoterapia::Psiquiatría
Efecto adverso grave de Quetiapina: AUMENTO DE MORTALIDAD en el anciano con demencia y síntomas psicóticos o conductuales — ¿en qué consiste?	AUMENTO DE MORTALIDAD en el anciano con demencia y síntomas psicóticos o conductuales (advertencia con recuadro negro)	Farmacoterapia::Psiquiatría
Efecto adverso grave de Quetiapina: Discinesia tardía — ¿en qué consiste?	Discinesia tardía (menos frecuente que con los típicos, pero posible)	Farmacoterapia::Psiquiatría
Efecto adverso grave de Quetiapina: Cataratas — ¿en qué consiste?	Cataratas (recomendación de revisión oftalmológica periódica)	Farmacoterapia::Psiquiatría
¿Está contraindicado Quetiapina en: Hipersensibilidad al fármaco?	Sí — Hipersensibilidad al fármaco	Farmacoterapia::Psiquiatría
¿Está contraindicado Quetiapina en: Uso concomitante con inhibidores potentes del CYP3A4 sin ajuste?	Sí — Uso concomitante con inhibidores potentes del CYP3A4 sin ajuste	Farmacoterapia::Psiquiatría
¿Está contraindicado Quetiapina en: Precaución en cardiopatía con QT largo, epilepsia y demencia?	Sí — Precaución en cardiopatía con QT largo, epilepsia y demencia (mayor mortalidad)	Farmacoterapia::Psiquiatría
¿Está contraindicado Quetiapina en: No indicada como hipnótico?	Sí — No indicada como hipnótico	Farmacoterapia::Psiquiatría
Particularidad de Quetiapina que hay que tener en cuenta:	Su uso más extendido es probablemente el menos justificado: se prescribe a dosis bajas (25-50 mg) como HIPNÓTICO. A esas dosis actúa casi solo como antihistamínico, no tiene efecto antipsicótico, y expone al paciente a aumento de peso, riesgo metabólico y prolongación del QT para tratar un insomnio que respondería a terapia cognitivo-conductual. Es una de las prescripciones inadecuadas más frecuentes de la psiquiatría actual.	Farmacoterapia::Psiquiatría
¿A qué clase farmacológica pertenece Litio (carbonato de litio)?	Estabilizador del ánimo (litio) (Catión monovalente)	Farmacoterapia::Psiquiatría
¿Cuál es el mecanismo de acción de Litio (carbonato de litio)?	Su mecanismo no está completamente aclarado, pero se atribuye a la inhibición de la INOSITOL MONOFOSFATASA (con depleción del inositol y atenuación de la señalización por fosfatidilinositol) y de la GLUCÓGENO SINTASA CINASA 3 (GSK-3), con efectos sobre la neuroplasticidad y la neuroprotección. Es un ION, no una molécula orgánica: no se metaboliza, se maneja como el sodio y se elimina íntegro por el riñón, y esa naturaleza iónica explica todo su comportamiento clínico, incluida la interacción crítica con la volemia y con el sodio.	Farmacoterapia::Psiquiatría
¿Qué distingue a Litio (carbonato de litio) de los demás fármacos de su clase (Estabilizador del ánimo (litio))?	<b>El estabilizador de referencia del trastorno bipolar</b> y el único con efecto <b>ANTISUICIDA</b> demostrado.	Farmacoterapia::Psiquiatría
¿Cuál es la dosis de Litio (carbonato de litio) en Trastorno bipolar: tratamiento de mantenimiento?	400-1200 mg/día ajustados por litemia — Cada 12 h o dosis única nocturna, vía VO	Farmacoterapia::Psiquiatría
¿A qué objetivo se ajusta la dosis de Litio (carbonato de litio) en Trastorno bipolar: tratamiento de mantenimiento?	Litemia 0,6-0,8 mEq/L en mantenimiento, extraída 12 h después de la última dosis	Farmacoterapia::Psiquiatría
¿Cuál es la dosis de Litio (carbonato de litio) en Episodio maníaco agudo?	900-1800 mg/día — Cada 8-12 h, vía VO	Farmacoterapia::Psiquiatría
¿A qué objetivo se ajusta la dosis de Litio (carbonato de litio) en Episodio maníaco agudo?	Litemia 0,8-1,2 mEq/L en la fase aguda	Farmacoterapia::Psiquiatría
¿Cuál es la dosis de Litio (carbonato de litio) en Potenciación en la depresión unipolar resistente?	600-900 mg/día — Cada 12 h, vía VO	Farmacoterapia::Psiquiatría
¿A qué objetivo se ajusta la dosis de Litio (carbonato de litio) en Potenciación en la depresión unipolar resistente?	Litemia 0,4-0,8 mEq/L	Farmacoterapia::Psiquiatría
¿Cuál es la dosis de Litio (carbonato de litio) en Prevención del suicidio en el trastorno afectivo recurrente?	600-1200 mg/día — Cada 12 h, vía VO	Farmacoterapia::Psiquiatría
¿A qué objetivo se ajusta la dosis de Litio (carbonato de litio) en Prevención del suicidio en el trastorno afectivo recurrente?	Litemia 0,6-0,8 mEq/L	Farmacoterapia::Psiquiatría
¿Cuánto dura el tratamiento con Litio (carbonato de litio)?	Prolongada, con frecuencia de por vida en el trastorno bipolar.	Farmacoterapia::Psiquiatría
¿Cómo se suspende Litio (carbonato de litio)?	Retirada MUY gradual (meses). La suspensión brusca produce un REBOTE con riesgo elevado de recaída maníaca precoz, mayor que si nunca se hubiera tratado.	Farmacoterapia::Psiquiatría
¿Qué hay que monitorizar durante el tratamiento con Litio (carbonato de litio)?	LITEMIA cada 3-6 meses una vez estable; FUNCIÓN RENAL, TSH y CALCIO cada 6-12 meses. Educación al paciente sobre las situaciones que elevan la litemia.	Farmacoterapia::Psiquiatría
¿Cuál es la vida media de Litio (carbonato de litio)?	18-24 h, más prolongada en el anciano y en la insuficiencia renal.	Farmacoterapia::Psiquiatría
¿Requiere Litio (carbonato de litio) ajuste en insuficiencia renal?	Reducir la dosis y monitorizar de forma estrecha; contraindicado en la insuficiencia renal grave. Es dializable, y la hemodiálisis es el tratamiento de la intoxicación grave.	Farmacoterapia::Psiquiatría
Interacción crítica de Litio (carbonato de litio) con AINE (excepto AAS y sulindaco): ¿qué ocurre y qué se hace?	Reducen el flujo renal y la excreción de litio, ELEVANDO la litemia hasta niveles tóxicos. Manejo: Evitar los AINE. Es la causa más frecuente de intoxicación por litio en la práctica, y muchas veces el paciente los compra sin receta	Farmacoterapia::Psiquiatría
Interacción crítica de Litio (carbonato de litio) con DIURÉTICOS TIAZÍDICOS: ¿qué ocurre y qué se hace?	Aumentan la reabsorción proximal de litio y elevan mucho la litemia. Manejo: Evitar; los diuréticos de asa son algo más seguros pero también requieren vigilancia	Farmacoterapia::Psiquiatría
Interacción crítica de Litio (carbonato de litio) con IECA y ARA-II: ¿qué ocurre y qué se hace?	Reducen la excreción de litio. Manejo: Controlar la litemia a las 1-2 semanas de iniciarlos y reducir la dosis si procede	Farmacoterapia::Psiquiatría
Interacción crítica de Litio (carbonato de litio) con Deshidratación, fiebre, vómitos, diarrea, dieta hiposódica, ejercicio intenso con sudoración: ¿qué ocurre y qué se hace?	Elevan la litemia por aumento de la reabsorción de sodio y de litio. Manejo: Educar al paciente: mantener ingesta constante de sal y líquidos, y consultar ante cualquier proceso agudo con deshidratación	Farmacoterapia::Psiquiatría
Efecto adverso grave de Litio (carbonato de litio): INTOXICACIÓN AGUDA — ¿en qué consiste?	INTOXICACIÓN AGUDA: temblor GRUESO, ataxia, disartria, vómitos, confusión, convulsiones, coma y arritmias. Su margen terapéutico es MUY ESTRECHO	Farmacoterapia::Psiquiatría
Efecto adverso grave de Litio (carbonato de litio): HIPOTIROIDISMO — ¿en qué consiste?	HIPOTIROIDISMO (frecuente, hasta el 20%) y, con menos frecuencia, hipertiroidismo	Farmacoterapia::Psiquiatría
Efecto adverso grave de Litio (carbonato de litio): HIPERPARATIROIDISMO con hipercalcemia — ¿en qué consiste?	HIPERPARATIROIDISMO con hipercalcemia	Farmacoterapia::Psiquiatría
Efecto adverso grave de Litio (carbonato de litio): NEFROPATÍA CRÓNICA intersticial con el uso prolongado — ¿en qué consiste?	NEFROPATÍA CRÓNICA intersticial con el uso prolongado	Farmacoterapia::Psiquiatría
Efecto adverso grave de Litio (carbonato de litio): DIABETES INSÍPIDA nefrogénica — ¿en qué consiste?	DIABETES INSÍPIDA nefrogénica	Farmacoterapia::Psiquiatría
Efecto adverso grave de Litio (carbonato de litio): TERATOGENIA — ¿en qué consiste?	TERATOGENIA: anomalía de EBSTEIN (malformación de la válvula tricúspide) con la exposición en el primer trimestre	Farmacoterapia::Psiquiatría
Efecto adverso grave de Litio (carbonato de litio): Disfunción del nodo sinusal y alteraciones de la onda T — ¿en qué consiste?	Disfunción del nodo sinusal y alteraciones de la onda T	Farmacoterapia::Psiquiatría
¿Está contraindicado Litio (carbonato de litio) en: Insuficiencia renal grave?	Sí — Insuficiencia renal grave	Farmacoterapia::Psiquiatría
¿Está contraindicado Litio (carbonato de litio) en: Deshidratación grave o hiponatremia significativa?	Sí — Deshidratación grave o hiponatremia significativa	Farmacoterapia::Psiquiatría
¿Está contraindicado Litio (carbonato de litio) en: Enfermedad de Addison no tratada?	Sí — Enfermedad de Addison no tratada	Farmacoterapia::Psiquiatría
¿Está contraindicado Litio (carbonato de litio) en: Síndrome de Brugada y enfermedad del seno?	Sí — Síndrome de Brugada y enfermedad del seno	Farmacoterapia::Psiquiatría
¿Está contraindicado Litio (carbonato de litio) en: Primer trimestre del embarazo?	Sí — Primer trimestre del embarazo (contraindicación relativa, valorando riesgo-beneficio)	Farmacoterapia::Psiquiatría
Particularidad de Litio (carbonato de litio) que hay que tener en cuenta:	Es un ION que se comporta como el SODIO, y de ahí se deduce toda su toxicidad: cualquier cosa que haga al riñón retener sodio le hace retener litio. Deshidratación, gastroenteritis, fiebre, dieta sin sal, una tiazida o un AINE pueden convertir una dosis estable en una intoxicación. Explicárselo así al paciente vale más que cualquier lista memorizada.	Farmacoterapia::Psiquiatría
¿A qué clase farmacológica pertenece Diazepam?	Benzodiacepina (Acción prolongada, con metabolitos activos)	Farmacoterapia::Psiquiatría
¿Cuál es el mecanismo de acción de Diazepam?	Modulador alostérico positivo del receptor GABA-A: aumenta la frecuencia de apertura del canal de cloro en presencia de GABA. Efectos ansiolítico, hipnótico, anticonvulsivante, miorrelajante y amnésico.	Farmacoterapia::Psiquiatría
¿Qué distingue a Diazepam de los demás fármacos de su clase (Benzodiacepina)?	<b>Vida media MUY LARGA (20-100 h, y su metabolito desmetildiazepam hasta 200 h)</b>: retirada suave, ideal para <b>sustituir otras benzodiacepinas en las pautas de deshabituación</b> y para la <b>abstinencia alcohólica</b>.	Farmacoterapia::Psiquiatría
¿Cuál es la dosis de Diazepam en Síndrome de abstinencia alcohólica?	10-20 mg — Cada 1-2 h según escala CIWA-Ar (dosis guiada por síntomas), o pauta fija 10 mg cada 6 h con reducción en 3-5 días, vía VO / IV	Farmacoterapia::Psiquiatría
¿Cuál es la dosis de Diazepam en Crisis convulsiva prolongada o estatus epiléptico (si no hay acceso a midazolam o lorazepam)?	10 mg IV (0,15-0,2 mg/kg) o 10-20 mg rectal — Repetible una vez a los 5 min, vía IV / rectal	Farmacoterapia::Psiquiatría
¿Cuál es la dosis de Diazepam en Ansiedad aguda y contractura muscular?	2-10 mg — Cada 8-12 h, vía VO	Farmacoterapia::Psiquiatría
¿Cuánto dura el tratamiento con Diazepam?	<b>Ansiedad: máximo 2-4 semanas (incluida la retirada).</b> Abstinencia alcohólica: 3-7 días.	Farmacoterapia::Psiquiatría
¿Cómo se suspende Diazepam?	<b>Tras uso >2-4 semanas, retirada gradual</b> (10-25% cada 2 semanas). Riesgo de abstinencia y convulsiones si se suspende de golpe.	Farmacoterapia::Psiquiatría
¿Qué hay que monitorizar durante el tratamiento con Diazepam?	Sedación, función respiratoria, caídas, signos de dependencia.	Farmacoterapia::Psiquiatría
¿Cuál es la vida media de Diazepam?	<b>20-100 h (metabolito activo 36-200 h).</b>	Farmacoterapia::Psiquiatría
¿Requiere Diazepam ajuste en insuficiencia renal?	No precisa ajuste, precaución.	Farmacoterapia::Psiquiatría
Interacción crítica de Diazepam con Opioides, alcohol, otros depresores del SNC: ¿qué ocurre y qué se hace?	<b>Depresión respiratoria y muerte</b>. Manejo: Evitar la combinación	Farmacoterapia::Psiquiatría
Efecto adverso grave de Diazepam: Depresión respiratoria — ¿en qué consiste?	Depresión respiratoria (IV o con otros depresores)	Farmacoterapia::Psiquiatría
Efecto adverso grave de Diazepam: <b>Caídas y fracturas en ancianos</b> — ¿en qué consiste?	<b>Caídas y fracturas en ancianos</b>	Farmacoterapia::Psiquiatría
Efecto adverso grave de Diazepam: Dependencia y abstinencia — ¿en qué consiste?	Dependencia y abstinencia	Farmacoterapia::Psiquiatría
Efecto adverso grave de Diazepam: Reacciones paradójicas — ¿en qué consiste?	Reacciones paradójicas (agitación)	Farmacoterapia::Psiquiatría
¿Está contraindicado Diazepam en: Insuficiencia respiratoria grave, apnea del sueño grave?	Sí — Insuficiencia respiratoria grave, apnea del sueño grave	Farmacoterapia::Psiquiatría
¿Está contraindicado Diazepam en: Miastenia gravis?	Sí — Miastenia gravis	Farmacoterapia::Psiquiatría
¿Está contraindicado Diazepam en: Insuficiencia hepática grave?	Sí — Insuficiencia hepática grave	Farmacoterapia::Psiquiatría
¿Está contraindicado Diazepam en: Intoxicación etílica aguda?	Sí — Intoxicación etílica aguda	Farmacoterapia::Psiquiatría
Particularidad de Diazepam que hay que tener en cuenta:	<b>Para retirar una benzodiacepina de vida media corta (alprazolam, lorazepam), pasar a dosis equivalente de diazepam y reducir este.</b>	Farmacoterapia::Psiquiatría
¿A qué clase farmacológica pertenece Alprazolam?	Benzodiacepina (Acción corta-intermedia, alta potencia)	Farmacoterapia::Psiquiatría
¿Cuál es el mecanismo de acción de Alprazolam?	Modulador alostérico positivo del receptor GABA-A, de alta potencia.	Farmacoterapia::Psiquiatría
¿Qué distingue a Alprazolam de los demás fármacos de su clase (Benzodiacepina)?	<b>Alta potencia y vida media CORTA (6-12 h)</b>: <b>el mayor potencial de DEPENDENCIA, ansiedad de rebote entre dosis y abstinencia grave</b> de las benzodiacepinas de uso habitual.	Farmacoterapia::Psiquiatría
¿Cuál es la dosis de Alprazolam en Ansiedad aguda o crisis de pánico (puente mientras actúa el ISRS)?	0,25-0,5 mg — Cada 8 h (o a demanda), vía VO	Farmacoterapia::Psiquiatría
¿Cuánto dura el tratamiento con Alprazolam?	<b>Máximo 2-4 semanas.</b>	Farmacoterapia::Psiquiatría
¿Cómo se suspende Alprazolam?	<b>Retirada MUY gradual</b> (0,25 mg cada 1-2 semanas) o paso a diazepam: riesgo de <b>convulsiones</b> con la retirada brusca.	Farmacoterapia::Psiquiatría
¿Qué hay que monitorizar durante el tratamiento con Alprazolam?	Uso a demanda creciente (dependencia), sedación.	Farmacoterapia::Psiquiatría
¿Cuál es la vida media de Alprazolam?	<b>6-12 h.</b>	Farmacoterapia::Psiquiatría
¿Requiere Alprazolam ajuste en insuficiencia renal?	No precisa.	Farmacoterapia::Psiquiatría
Interacción crítica de Alprazolam con Ketoconazol, itraconazol, ritonavir: ¿qué ocurre y qué se hace?	Multiplican sus niveles. Manejo: Contraindicado	Farmacoterapia::Psiquiatría
Interacción crítica de Alprazolam con Opioides, alcohol: ¿qué ocurre y qué se hace?	Depresión respiratoria. Manejo: Evitar	Farmacoterapia::Psiquiatría
Efecto adverso grave de Alprazolam: <b>Dependencia y abstinencia grave con convulsiones</b> — ¿en qué consiste?	<b>Dependencia y abstinencia grave con convulsiones</b>	Farmacoterapia::Psiquiatría
Efecto adverso grave de Alprazolam: Depresión respiratoria combinada — ¿en qué consiste?	Depresión respiratoria combinada	Farmacoterapia::Psiquiatría
Efecto adverso grave de Alprazolam: Caídas en ancianos — ¿en qué consiste?	Caídas en ancianos	Farmacoterapia::Psiquiatría
¿Está contraindicado Alprazolam en: Miastenia gravis?	Sí — Miastenia gravis	Farmacoterapia::Psiquiatría
¿Está contraindicado Alprazolam en: Insuficiencia respiratoria grave o apnea del sueño?	Sí — Insuficiencia respiratoria grave o apnea del sueño	Farmacoterapia::Psiquiatría
¿Está contraindicado Alprazolam en: Uso con ketoconazol o itraconazol?	Sí — Uso con ketoconazol o itraconazol	Farmacoterapia::Psiquiatría
Particularidad de Alprazolam que hay que tener en cuenta:	<b>El paciente que toma alprazolam «a demanda» varias veces al día lleva camino de la dependencia</b>: priorizar ISRS y psicoterapia.	Farmacoterapia::Psiquiatría
¿A qué clase farmacológica pertenece Clonazepam?	Benzodiacepina (Acción prolongada, alta potencia, con indicación antiepiléptica)	Farmacoterapia::Psiquiatría
¿Cuál es el mecanismo de acción de Clonazepam?	Modulador alostérico positivo del receptor GABA-A de alta potencia; efecto anticonvulsivante marcado.	Farmacoterapia::Psiquiatría
¿Qué distingue a Clonazepam de los demás fármacos de su clase (Benzodiacepina)?	<b>Indicación ANTIEPILÉPTICA crónica</b> (mioclonías, ausencias atípicas) y <b>tratamiento del trastorno de conducta del sueño REM</b> (0,5-1 mg por la noche).	Farmacoterapia::Psiquiatría
¿Cuál es la dosis de Clonazepam en Trastorno de pánico (con ISRS)?	0,25 mg → 0,5-1 mg — Cada 12 h, vía VO	Farmacoterapia::Psiquiatría
¿Cuál es la dosis de Clonazepam en Trastorno de conducta del sueño REM?	0,25-1 mg — Cada 24 h, al acostarse, vía VO	Farmacoterapia::Psiquiatría
¿Cuál es la dosis de Clonazepam en Epilepsia mioclónica y crisis refractarias (coadyuvante)?	0,5 mg → 2-8 mg/día — Repartido cada 8-12 h, vía VO	Farmacoterapia::Psiquiatría
¿Cuánto dura el tratamiento con Clonazepam?	Pánico: semanas; epilepsia y parasomnias: prolongada.	Farmacoterapia::Psiquiatría
¿Cómo se suspende Clonazepam?	<b>Retirada gradual</b>; en epilépticos, la retirada brusca puede precipitar un estatus.	Farmacoterapia::Psiquiatría
¿Qué hay que monitorizar durante el tratamiento con Clonazepam?	Sedación, caídas, salivación (niños), control de crisis.	Farmacoterapia::Psiquiatría
¿Cuál es la vida media de Clonazepam?	<b>30-40 h.</b>	Farmacoterapia::Psiquiatría
¿Requiere Clonazepam ajuste en insuficiencia renal?	No precisa.	Farmacoterapia::Psiquiatría
Interacción crítica de Clonazepam con Opioides y alcohol: ¿qué ocurre y qué se hace?	Depresión respiratoria. Manejo: Evitar	Farmacoterapia::Psiquiatría
Efecto adverso grave de Clonazepam: Depresión respiratoria — ¿en qué consiste?	Depresión respiratoria	Farmacoterapia::Psiquiatría
Efecto adverso grave de Clonazepam: Dependencia — ¿en qué consiste?	Dependencia	Farmacoterapia::Psiquiatría
Efecto adverso grave de Clonazepam: Caídas en ancianos — ¿en qué consiste?	Caídas en ancianos	Farmacoterapia::Psiquiatría
¿Está contraindicado Clonazepam en: Insuficiencia respiratoria grave, apnea del sueño?	Sí — Insuficiencia respiratoria grave, apnea del sueño	Farmacoterapia::Psiquiatría
¿Está contraindicado Clonazepam en: Miastenia gravis?	Sí — Miastenia gravis	Farmacoterapia::Psiquiatría
¿Está contraindicado Clonazepam en: Insuficiencia hepática grave?	Sí — Insuficiencia hepática grave	Farmacoterapia::Psiquiatría
¿Está contraindicado Clonazepam en: Glaucoma de ángulo cerrado agudo?	Sí — Glaucoma de ángulo cerrado agudo	Farmacoterapia::Psiquiatría
Particularidad de Clonazepam que hay que tener en cuenta:	<b>Paciente que «pega patadas y grita en sueños» (soñando que se defiende): trastorno de conducta del sueño REM</b>, posible pródromo de sinucleinopatía.	Farmacoterapia::Psiquiatría
¿A qué clase farmacológica pertenece Midazolam?	Benzodiacepina (Acción ultracorta, hidrosoluble a pH ácido, de uso parenteral)	Farmacoterapia::Psiquiatría
¿Cuál es el mecanismo de acción de Midazolam?	Modulador alostérico positivo del receptor GABA-A. A pH ácido su anillo se abre y es hidrosoluble (no irrita la vena); a pH fisiológico se cierra y se vuelve lipófilo, atravesando rápido la barrera hematoencefálica.	Farmacoterapia::Psiquiatría
¿Qué distingue a Midazolam de los demás fármacos de su clase (Benzodiacepina)?	<b>La benzodiacepina de la SEDACIÓN para procedimientos</b> (endoscopia, sedación consciente) y de la <b>inducción y sedación en UCI</b>: inicio en 2-3 min IV y duración corta.	Farmacoterapia::Psiquiatría
¿Cuál es la dosis de Midazolam en Estatus epiléptico o crisis prolongada (>5 min) sin vía IV?	10 mg (>40 kg) o 5 mg (13-40 kg) — Dosis única IM; IV 0,1-0,2 mg/kg, vía IM / IV	Farmacoterapia::Psiquiatría
¿Cuál es la dosis de Midazolam en Sedación consciente para procedimientos?	1-2,5 mg; bolos adicionales de 1 mg — Bolos IV lentos cada 2-3 min hasta efecto (máximo 5 mg habitual), vía IV	Farmacoterapia::Psiquiatría
¿Cuál es la dosis de Midazolam en Sedación en UCI y en cuidados paliativos (sedación paliativa)?	0,02-0,1 mg/kg/h (UCI); 0,5-1 mg/h SC en paliativos — Perfusión continua, vía IV / SC	Farmacoterapia::Psiquiatría
¿Cuánto dura el tratamiento con Midazolam?	Procedimientos: dosis única; UCI y paliativos: según necesidad.	Farmacoterapia::Psiquiatría
¿Cómo se suspende Midazolam?	Tras perfusiones prolongadas (>3-5 días), descenso gradual para evitar abstinencia.	Farmacoterapia::Psiquiatría
¿Qué hay que monitorizar durante el tratamiento con Midazolam?	Nivel de sedación, FR, SpO2, PA.	Farmacoterapia::Psiquiatría
¿Cuál es la vida media de Midazolam?	<b>1,5-3 h</b> (prolongada en obesos, ancianos, UCI e insuficiencia hepática).	Farmacoterapia::Psiquiatría
¿Requiere Midazolam ajuste en insuficiencia renal?	Perfusiones prolongadas: acumulación del metabolito; reducir.	Farmacoterapia::Psiquiatría
Interacción crítica de Midazolam con Ritonavir, cobicistat, ketoconazol, itraconazol, claritromicina: ¿qué ocurre y qué se hace?	<b>Sedación y depresión respiratoria muy prolongadas</b>. Manejo: Contraindicado el midazolam oral; IV solo con monitorización y dosis reducidas	Farmacoterapia::Psiquiatría
Interacción crítica de Midazolam con Opioides (fentanilo): ¿qué ocurre y qué se hace?	Depresión respiratoria sinérgica. Manejo: Reducir dosis de ambos y monitorizar	Farmacoterapia::Psiquiatría
Efecto adverso grave de Midazolam: <b>Depresión respiratoria y apnea</b> — ¿en qué consiste?	<b>Depresión respiratoria y apnea</b>	Farmacoterapia::Psiquiatría
Efecto adverso grave de Midazolam: Hipotensión grave en hipovolémicos — ¿en qué consiste?	Hipotensión grave en hipovolémicos	Farmacoterapia::Psiquiatría
Efecto adverso grave de Midazolam: Agitación paradójica — ¿en qué consiste?	Agitación paradójica (ancianos, niños)	Farmacoterapia::Psiquiatría
Efecto adverso grave de Midazolam: Delirium en UCI — ¿en qué consiste?	Delirium en UCI	Farmacoterapia::Psiquiatría
¿Está contraindicado Midazolam en: Insuficiencia respiratoria grave sin soporte ventilatorio?	Sí — Insuficiencia respiratoria grave sin soporte ventilatorio	Farmacoterapia::Psiquiatría
¿Está contraindicado Midazolam en: Miastenia gravis?	Sí — Miastenia gravis	Farmacoterapia::Psiquiatría
¿Está contraindicado Midazolam en: Shock?	Sí — Shock	Farmacoterapia::Psiquiatría
¿Está contraindicado Midazolam en: Uso oral con inhibidores potentes del CYP3A4?	Sí — Uso oral con inhibidores potentes del CYP3A4	Farmacoterapia::Psiquiatría
Particularidad de Midazolam que hay que tener en cuenta:	<b>Crisis convulsiva sin vía venosa: midazolam IM, bucal o intranasal</b>; no esperar a canalizar.	Farmacoterapia::Psiquiatría
¿A qué clase farmacológica pertenece Zolpidem?	Hipnótico no benzodiacepínico (Agonista selectivo de la subunidad alfa-1 del receptor GABA-A)	Farmacoterapia::Psiquiatría
¿Cuál es el mecanismo de acción de Zolpidem?	Se une selectivamente a receptores GABA-A con subunidad alfa-1, responsables del efecto hipnótico, con poca acción ansiolítica, miorrelajante o anticonvulsivante. Acorta la latencia de sueño con escasa alteración de su arquitectura.	Farmacoterapia::Psiquiatría
¿Qué distingue a Zolpidem de los demás fármacos de su clase (Hipnótico no benzodiacepínico)?	<b>Fármaco Z de vida media CORTA (2-3 h)</b>: para el insomnio de CONCILIACIÓN; se toma justo al acostarse.	Farmacoterapia::Psiquiatría
¿Cuál es la dosis de Zolpidem en Insomnio de conciliación grave e incapacitante (tratamiento breve)?	5 mg (mujeres y ancianos) a 10 mg (varones) — Cada 24 h, inmediatamente al acostarse, vía VO	Farmacoterapia::Psiquiatría
¿Cuánto dura el tratamiento con Zolpidem?	<b>De días a 4 semanas como máximo.</b>	Farmacoterapia::Psiquiatría
¿Cómo se suspende Zolpidem?	Retirada gradual si uso prolongado (insomnio de rebote).	Farmacoterapia::Psiquiatría
¿Qué hay que monitorizar durante el tratamiento con Zolpidem?	Conductas complejas durante el sueño, somnolencia matutina, dependencia.	Farmacoterapia::Psiquiatría
¿Cuál es la vida media de Zolpidem?	<b>2-3 h</b> (más larga en mujeres y ancianos).	Farmacoterapia::Psiquiatría
¿Requiere Zolpidem ajuste en insuficiencia renal?	No precisa.	Farmacoterapia::Psiquiatría
Interacción crítica de Zolpidem con Alcohol, opioides, otros depresores: ¿qué ocurre y qué se hace?	Depresión respiratoria y conductas complejas. Manejo: Evitar	Farmacoterapia::Psiquiatría
Efecto adverso grave de Zolpidem: <b>Conductas complejas durante el sueño</b> — ¿en qué consiste?	<b>Conductas complejas durante el sueño</b> (sonambulismo, conducir o cocinar dormido) con lesiones	Farmacoterapia::Psiquiatría
Efecto adverso grave de Zolpidem: Caídas y fracturas en ancianos — ¿en qué consiste?	Caídas y fracturas en ancianos	Farmacoterapia::Psiquiatría
Efecto adverso grave de Zolpidem: Dependencia — ¿en qué consiste?	Dependencia	Farmacoterapia::Psiquiatría
Efecto adverso grave de Zolpidem: Alucinaciones — ¿en qué consiste?	Alucinaciones	Farmacoterapia::Psiquiatría
¿Está contraindicado Zolpidem en: Antecedente de conductas complejas del sueño con fármacos Z?	Sí — Antecedente de conductas complejas del sueño con fármacos Z	Farmacoterapia::Psiquiatría
¿Está contraindicado Zolpidem en: Insuficiencia respiratoria grave, apnea del sueño grave?	Sí — Insuficiencia respiratoria grave, apnea del sueño grave	Farmacoterapia::Psiquiatría
¿Está contraindicado Zolpidem en: Insuficiencia hepática grave?	Sí — Insuficiencia hepática grave	Farmacoterapia::Psiquiatría
¿Está contraindicado Zolpidem en: Miastenia gravis?	Sí — Miastenia gravis	Farmacoterapia::Psiquiatría
Particularidad de Zolpidem que hay que tener en cuenta:	<b>No es «más seguro» que una benzodiacepina</b> en dependencia o caídas: mismas precauciones.	Farmacoterapia::Psiquiatría
¿A qué clase farmacológica pertenece Escitalopram?	Antidepresivo ISRS (inhibidor selectivo de la recaptación de serotonina) (S-enantiómero del citalopram, el ISRS más selectivo)	Farmacoterapia::Psiquiatría
¿Cuál es el mecanismo de acción de Escitalopram?	Inhibe de forma muy selectiva el transportador de serotonina (SERT); se une además a un sitio alostérico que estabiliza la inhibición. El efecto antidepresivo aparece en 2-4 semanas por adaptación de receptores (desensibilización de 5-HT1A).	Farmacoterapia::Psiquiatría
¿Qué distingue a Escitalopram de los demás fármacos de su clase (Antidepresivo ISRS (inhibidor selectivo de la recaptación de serotonina))?	<b>El ISRS más SELECTIVO y de los mejor tolerados</b>, con <b>pocas interacciones</b> (débil inhibidor del CYP2D6).	Farmacoterapia::Psiquiatría
¿Cuál es la dosis de Escitalopram en Episodio depresivo mayor?	10 mg → 20 mg — Cada 24 h, vía VO	Farmacoterapia::Psiquiatría
¿Cuál es la dosis de Escitalopram en Trastorno de ansiedad generalizada, trastorno de pánico y fobia social?	5-10 mg → 20 mg — Cada 24 h, vía VO	Farmacoterapia::Psiquiatría
¿Cuánto dura el tratamiento con Escitalopram?	<b>Mantener 6-12 meses tras la remisión</b> del primer episodio; 2 años o indefinido si recurrente.	Farmacoterapia::Psiquiatría
¿Cómo se suspende Escitalopram?	<b>Retirada GRADUAL en 4 semanas</b> (síndrome de discontinuación).	Farmacoterapia::Psiquiatría
¿Qué hay que monitorizar durante el tratamiento con Escitalopram?	Respuesta a las 4-6 semanas; <b>ideación suicida en <25 años</b> al inicio; sodio en ancianos; ECG si dosis máximas en riesgo.	Farmacoterapia::Psiquiatría
¿Cuál es la vida media de Escitalopram?	30 h.	Farmacoterapia::Psiquiatría
¿Requiere Escitalopram ajuste en insuficiencia renal?	Precaución con FG <30.	Farmacoterapia::Psiquiatría
Interacción crítica de Escitalopram con Fármacos que prolongan el QT (antiarrítmicos, antipsicóticos, macrólidos, metadona, ondansetrón): ¿qué ocurre y qué se hace?	<b>Torsade de pointes</b>. Manejo: Evitar o ECG de control	Farmacoterapia::Psiquiatría
Interacción crítica de Escitalopram con IMAO, linezolid, tramadol, triptanes, fentanilo: ¿qué ocurre y qué se hace?	Síndrome serotoninérgico. Manejo: IMAO contraindicados; vigilancia con el resto	Farmacoterapia::Psiquiatría
Efecto adverso grave de Escitalopram: <b>Prolongación del QT</b> — ¿en qué consiste?	<b>Prolongación del QT</b>	Farmacoterapia::Psiquiatría
Efecto adverso grave de Escitalopram: Hiponatremia por SIADH — ¿en qué consiste?	Hiponatremia por SIADH (ancianos)	Farmacoterapia::Psiquiatría
Efecto adverso grave de Escitalopram: Síndrome serotoninérgico — ¿en qué consiste?	Síndrome serotoninérgico	Farmacoterapia::Psiquiatría
Efecto adverso grave de Escitalopram: Viraje maníaco en bipolares — ¿en qué consiste?	Viraje maníaco en bipolares	Farmacoterapia::Psiquiatría
Efecto adverso grave de Escitalopram: Ideación suicida en jóvenes al inicio — ¿en qué consiste?	Ideación suicida en jóvenes al inicio	Farmacoterapia::Psiquiatría
¿Está contraindicado Escitalopram en: <b>QT largo congénito o adquirido</b>?	Sí — <b>QT largo congénito o adquirido</b>	Farmacoterapia::Psiquiatría
¿Está contraindicado Escitalopram en: Uso de IMAO o linezolid?	Sí — Uso de IMAO o linezolid	Farmacoterapia::Psiquiatría
¿Está contraindicado Escitalopram en: Uso con otros fármacos que prolongan el QT?	Sí — Uso con otros fármacos que prolongan el QT	Farmacoterapia::Psiquiatría
Particularidad de Escitalopram que hay que tener en cuenta:	<b>El anciano con escitalopram 20 mg está por encima de la dosis máxima recomendada</b>: bajar a 10 mg.	Farmacoterapia::Psiquiatría
¿A qué clase farmacológica pertenece Fluoxetina?	Antidepresivo ISRS (inhibidor selectivo de la recaptación de serotonina) (ISRS de vida media muy larga, activador)	Farmacoterapia::Psiquiatría
¿Cuál es el mecanismo de acción de Fluoxetina?	Inhibe el transportador de serotonina. Su metabolito norfluoxetina es igualmente activo y de eliminación muy lenta. Tiene un débil efecto 5-HT2C antagonista que contribuye a su perfil activador.	Farmacoterapia::Psiquiatría
¿Qué distingue a Fluoxetina de los demás fármacos de su clase (Antidepresivo ISRS (inhibidor selectivo de la recaptación de serotonina))?	<b>VIDA MEDIA LARGUÍSIMA (norfluoxetina: 7-15 días)</b>: <b>casi sin síndrome de discontinuación</b> (se autorretira), pero <b>sus interacciones persisten semanas</b> tras suspenderla (esperar <b>5 semanas</b> antes de un IMAO).	Farmacoterapia::Psiquiatría
¿Cuál es la dosis de Fluoxetina en Episodio depresivo mayor (adulto)?	20 mg (hasta 60 mg) — Cada 24 h, por la mañana, vía VO	Farmacoterapia::Psiquiatría
¿Cuál es la dosis de Fluoxetina en Depresión moderada-grave en niños ≥8 años y adolescentes (con psicoterapia)?	10 mg → 20 mg — Cada 24 h, vía VO	Farmacoterapia::Psiquiatría
¿Cuál es la dosis de Fluoxetina en Bulimia nerviosa?	60 mg — Cada 24 h, vía VO	Farmacoterapia::Psiquiatría
¿Cuál es la dosis de Fluoxetina en Trastorno obsesivo-compulsivo?	20-60 mg — Cada 24 h, vía VO	Farmacoterapia::Psiquiatría
¿Cuánto dura el tratamiento con Fluoxetina?	6-12 meses tras la remisión.	Farmacoterapia::Psiquiatría
¿Cómo se suspende Fluoxetina?	<b>Puede suspenderse sin pauta descendente larga</b> por su vida media. Antes de un IMAO, esperar 5 semanas.	Farmacoterapia::Psiquiatría
¿Qué hay que monitorizar durante el tratamiento con Fluoxetina?	Ideación suicida en jóvenes, insomnio, peso, sodio en ancianos.	Farmacoterapia::Psiquiatría
¿Cuál es la vida media de Fluoxetina?	<b>Fluoxetina 1-3 días (4-6 en uso crónico); norfluoxetina 7-15 días.</b>	Farmacoterapia::Psiquiatría
¿Requiere Fluoxetina ajuste en insuficiencia renal?	No precisa.	Farmacoterapia::Psiquiatría
Interacción crítica de Fluoxetina con <b>Tamoxifeno</b>: ¿qué ocurre y qué se hace?	<b>Impide su activación a endoxifeno: menor eficacia y más recidivas de cáncer de mama</b>. Manejo: <b>No combinar</b>; usar venlafaxina o escitalopram	Farmacoterapia::Psiquiatría
Interacción crítica de Fluoxetina con IMAO, linezolid: ¿qué ocurre y qué se hace?	Síndrome serotoninérgico grave. Manejo: Contraindicado; <b>5 semanas de lavado antes de un IMAO</b>	Farmacoterapia::Psiquiatría
Interacción crítica de Fluoxetina con Tricíclicos, antipsicóticos, metoprolol, flecainida: ¿qué ocurre y qué se hace?	Aumento marcado de sus niveles. Manejo: Reducir sus dosis	Farmacoterapia::Psiquiatría
Efecto adverso grave de Fluoxetina: Ideación suicida en jóvenes — ¿en qué consiste?	Ideación suicida en jóvenes	Farmacoterapia::Psiquiatría
Efecto adverso grave de Fluoxetina: Hiponatremia — ¿en qué consiste?	Hiponatremia	Farmacoterapia::Psiquiatría
Efecto adverso grave de Fluoxetina: Síndrome serotoninérgico — ¿en qué consiste?	Síndrome serotoninérgico	Farmacoterapia::Psiquiatría
Efecto adverso grave de Fluoxetina: Viraje maníaco — ¿en qué consiste?	Viraje maníaco	Farmacoterapia::Psiquiatría
¿Está contraindicado Fluoxetina en: Uso de IMAO o en las 2 semanas previas?	Sí — Uso de IMAO o en las 2 semanas previas	Farmacoterapia::Psiquiatría
¿Está contraindicado Fluoxetina en: Tratamiento con tamoxifeno?	Sí — Tratamiento con tamoxifeno	Farmacoterapia::Psiquiatría
¿Está contraindicado Fluoxetina en: Tratamiento con pimozida o tioridazina?	Sí — Tratamiento con pimozida o tioridazina	Farmacoterapia::Psiquiatría
Particularidad de Fluoxetina que hay que tener en cuenta:	<b>Mujer con cáncer de mama en tamoxifeno y depresión: ni fluoxetina ni paroxetina.</b>	Farmacoterapia::Psiquiatría
¿A qué clase farmacológica pertenece Paroxetina?	Antidepresivo ISRS (inhibidor selectivo de la recaptación de serotonina) (ISRS sedante con efecto anticolinérgico)	Farmacoterapia::Psiquiatría
¿Cuál es el mecanismo de acción de Paroxetina?	Inhibidor potente del transportador de serotonina, con afinidad moderada por receptores muscarínicos y por el transportador de noradrenalina a dosis altas.	Farmacoterapia::Psiquiatría
¿Qué distingue a Paroxetina de los demás fármacos de su clase (Antidepresivo ISRS (inhibidor selectivo de la recaptación de serotonina))?	<b>El ISRS con PEOR SÍNDROME DE DISCONTINUACIÓN</b> (vida media corta y sin metabolitos activos): retirada muy lenta.	Farmacoterapia::Psiquiatría
¿Cuál es la dosis de Paroxetina en Trastorno de pánico, ansiedad social y TOC?	10 mg → 20-40 mg (hasta 60 mg) — Cada 24 h, por la mañana, vía VO	Farmacoterapia::Psiquiatría
¿Cuál es la dosis de Paroxetina en Episodio depresivo mayor?	20 mg (hasta 50 mg) — Cada 24 h, vía VO	Farmacoterapia::Psiquiatría
¿Cuánto dura el tratamiento con Paroxetina?	6-12 meses tras la remisión.	Farmacoterapia::Psiquiatría
¿Cómo se suspende Paroxetina?	<b>Retirada MUY lenta</b> (10 mg cada 2-4 semanas, y al final usar solución oral o días alternos): mareo, parestesias tipo «descarga», irritabilidad, insomnio.	Farmacoterapia::Psiquiatría
¿Qué hay que monitorizar durante el tratamiento con Paroxetina?	Ideación suicida en jóvenes, peso, sodio.	Farmacoterapia::Psiquiatría
¿Cuál es la vida media de Paroxetina?	<b>21 h, sin metabolitos activos.</b>	Farmacoterapia::Psiquiatría
¿Requiere Paroxetina ajuste en insuficiencia renal?	FG <30: reducir dosis.	Farmacoterapia::Psiquiatría
Interacción crítica de Paroxetina con Tamoxifeno: ¿qué ocurre y qué se hace?	Menor eficacia antitumoral. Manejo: Contraindicado	Farmacoterapia::Psiquiatría
Interacción crítica de Paroxetina con IMAO, linezolid: ¿qué ocurre y qué se hace?	Síndrome serotoninérgico. Manejo: Contraindicado	Farmacoterapia::Psiquiatría
Interacción crítica de Paroxetina con Metoprolol, tricíclicos, antipsicóticos, atomoxetina: ¿qué ocurre y qué se hace?	Aumento de sus niveles (CYP2D6). Manejo: Reducir dosis	Farmacoterapia::Psiquiatría
Efecto adverso grave de Paroxetina: <b>Malformaciones cardiacas fetales</b> — ¿en qué consiste?	<b>Malformaciones cardiacas fetales</b>	Farmacoterapia::Psiquiatría
Efecto adverso grave de Paroxetina: <b>Síndrome de discontinuación intenso</b> — ¿en qué consiste?	<b>Síndrome de discontinuación intenso</b>	Farmacoterapia::Psiquiatría
Efecto adverso grave de Paroxetina: Hiponatremia, síndrome serotoninérgico — ¿en qué consiste?	Hiponatremia, síndrome serotoninérgico	Farmacoterapia::Psiquiatría
Efecto adverso grave de Paroxetina: Ideación suicida en jóvenes — ¿en qué consiste?	Ideación suicida en jóvenes	Farmacoterapia::Psiquiatría
¿Está contraindicado Paroxetina en: Uso de IMAO, linezolid, tioridazina o pimozida?	Sí — Uso de IMAO, linezolid, tioridazina o pimozida	Farmacoterapia::Psiquiatría
¿Está contraindicado Paroxetina en: Tratamiento con tamoxifeno?	Sí — Tratamiento con tamoxifeno	Farmacoterapia::Psiquiatría
¿Está contraindicado Paroxetina en: Embarazo?	Sí — Embarazo (1.er trimestre, relativa)	Farmacoterapia::Psiquiatría
Particularidad de Paroxetina que hay que tener en cuenta:	<b>Paciente que «no puede dejar la paroxetina» por los síntomas al bajarla</b>: cambiar a fluoxetina y retirar esta (técnica del puente).	Farmacoterapia::Psiquiatría
¿A qué clase farmacológica pertenece Risperidona?	Antipsicótico (Atípico (segunda generación) de alta potencia D2)	Farmacoterapia::Psiquiatría
¿Cuál es el mecanismo de acción de Risperidona?	Antagonista potente de receptores 5-HT2A y D2 (relación 5-HT2A/D2 alta). A dosis bajas el bloqueo serotoninérgico protege frente a los efectos extrapiramidales; a dosis altas predomina el bloqueo D2. Bloqueo alfa-1 (hipotensión ortostática).	Farmacoterapia::Psiquiatría
¿Qué distingue a Risperidona de los demás fármacos de su clase (Antipsicótico)?	<b>El atípico que MÁS se parece a un típico</b>: a dosis >6 mg produce <b>efectos EXTRAPIRAMIDALES</b> dosis-dependientes.	Farmacoterapia::Psiquiatría
¿Cuál es la dosis de Risperidona en Esquizofrenia y otros trastornos psicóticos?	2 mg → 4-6 mg — Cada 24 h (o repartida cada 12 h), vía VO	Farmacoterapia::Psiquiatría
¿Cuál es la dosis de Risperidona en Episodio maníaco en trastorno bipolar?	2-6 mg — Cada 24 h, vía VO	Farmacoterapia::Psiquiatría
¿Cuál es la dosis de Risperidona en Agresividad persistente en la demencia de Alzheimer moderada-grave?	0,25 mg → 0,5-1 mg — Cada 12 h, vía VO	Farmacoterapia::Psiquiatría
¿Cuánto dura el tratamiento con Risperidona?	Esquizofrenia: al menos 1-2 años tras el primer episodio; indefinida si recaídas.	Farmacoterapia::Psiquiatría
¿Cómo se suspende Risperidona?	Retirada gradual (riesgo de recaída y de discinesias de retirada).	Farmacoterapia::Psiquiatría
¿Qué hay que monitorizar durante el tratamiento con Risperidona?	Peso, glucemia y lípidos a las 12 semanas y después anual; síntomas extrapiramidales; prolactina si clínica.	Farmacoterapia::Psiquiatría
¿Cuál es la vida media de Risperidona?	20 h (fracción activa).	Farmacoterapia::Psiquiatría
¿Requiere Risperidona ajuste en insuficiencia renal?	<b>Reducir a la mitad</b> (la paliperidona se elimina por riñón).	Farmacoterapia::Psiquiatría
Interacción crítica de Risperidona con Levodopa y agonistas dopaminérgicos: ¿qué ocurre y qué se hace?	Antagonismo mutuo. Manejo: Evitar en Parkinson (usar quetiapina o clozapina)	Farmacoterapia::Psiquiatría
Efecto adverso grave de Risperidona: <b>Ictus y mayor mortalidad en ancianos con demencia</b> — ¿en qué consiste?	<b>Ictus y mayor mortalidad en ancianos con demencia</b>	Farmacoterapia::Psiquiatría
Efecto adverso grave de Risperidona: Síndrome neuroléptico maligno — ¿en qué consiste?	Síndrome neuroléptico maligno	Farmacoterapia::Psiquiatría
Efecto adverso grave de Risperidona: Discinesia tardía — ¿en qué consiste?	Discinesia tardía	Farmacoterapia::Psiquiatría
Efecto adverso grave de Risperidona: Prolongación del QT — ¿en qué consiste?	Prolongación del QT	Farmacoterapia::Psiquiatría
¿Está contraindicado Risperidona en: Enfermedad de Parkinson y demencia con cuerpos de Lewy?	Sí — Enfermedad de Parkinson y demencia con cuerpos de Lewy	Farmacoterapia::Psiquiatría
¿Está contraindicado Risperidona en: Hiperprolactinemia o prolactinoma?	Sí — Hiperprolactinemia o prolactinoma (relativa)	Farmacoterapia::Psiquiatría
¿Está contraindicado Risperidona en: Hipersensibilidad?	Sí — Hipersensibilidad	Farmacoterapia::Psiquiatría
Particularidad de Risperidona que hay que tener en cuenta:	<b>Amenorrea o galactorrea en una paciente con risperidona: mirar la prolactina</b>, y valorar aripiprazol (que la reduce).	Farmacoterapia::Psiquiatría
¿A qué clase farmacológica pertenece Aripiprazol?	Antipsicótico (Agonista PARCIAL D2 (tercera generación))	Farmacoterapia::Psiquiatría
¿Cuál es el mecanismo de acción de Aripiprazol?	Agonista parcial de receptores D2 y 5-HT1A y antagonista 5-HT2A. En la vía mesolímbica hiperactiva actúa como antagonista funcional; en la mesocortical y tuberoinfundibular (con poca dopamina) como agonista, lo que explica menos síntomas negativos y la reducción de prolactina.	Farmacoterapia::Psiquiatría
¿Qué distingue a Aripiprazol de los demás fármacos de su clase (Antipsicótico)?	<b>AGONISTA PARCIAL D2</b>, no antagonista: estabiliza la vía dopaminérgica.	Farmacoterapia::Psiquiatría
¿Cuál es la dosis de Aripiprazol en Esquizofrenia?	10-15 mg (hasta 30 mg) — Cada 24 h, vía VO	Farmacoterapia::Psiquiatría
¿Cuál es la dosis de Aripiprazol en Episodio maníaco y mantenimiento en trastorno bipolar tipo I?	15 mg (hasta 30 mg) — Cada 24 h, vía VO	Farmacoterapia::Psiquiatría
¿Cuál es la dosis de Aripiprazol en Depresión mayor resistente (potenciación de antidepresivo)?	2-5 mg (hasta 15 mg) — Cada 24 h, vía VO	Farmacoterapia::Psiquiatría
¿Cuánto dura el tratamiento con Aripiprazol?	Como el resto de antipsicóticos.	Farmacoterapia::Psiquiatría
¿Cómo se suspende Aripiprazol?	Retirada gradual.	Farmacoterapia::Psiquiatría
¿Qué hay que monitorizar durante el tratamiento con Aripiprazol?	Acatisia, conductas compulsivas, perfil metabólico anual.	Farmacoterapia::Psiquiatría
¿Cuál es la vida media de Aripiprazol?	<b>75 h</b> (94 h el metabolito).	Farmacoterapia::Psiquiatría
¿Requiere Aripiprazol ajuste en insuficiencia renal?	No precisa.	Farmacoterapia::Psiquiatría
Efecto adverso grave de Aripiprazol: **Trastornos del control de impulsos — ¿en qué consiste?	<b>Trastornos del control de impulsos (juego patológico, compras)</b>	Farmacoterapia::Psiquiatría
Efecto adverso grave de Aripiprazol: Mayor mortalidad en ancianos con demencia — ¿en qué consiste?	Mayor mortalidad en ancianos con demencia	Farmacoterapia::Psiquiatría
Efecto adverso grave de Aripiprazol: Síndrome neuroléptico maligno, discinesia tardía — ¿en qué consiste?	Síndrome neuroléptico maligno, discinesia tardía	Farmacoterapia::Psiquiatría
¿Está contraindicado Aripiprazol en: Hipersensibilidad?	Sí — Hipersensibilidad	Farmacoterapia::Psiquiatría
¿Está contraindicado Aripiprazol en: Antecedente de juego patológico?	Sí — Antecedente de juego patológico (relativa)	Farmacoterapia::Psiquiatría
Particularidad de Aripiprazol que hay que tener en cuenta:	<b>Paciente con antipsicótico y obesidad, diabetes o hiperprolactinemia: el aripiprazol es la alternativa lógica.</b>	Farmacoterapia::Psiquiatría
¿A qué clase farmacológica pertenece Amitriptilina?	Antidepresivo (mecanismo no ISRS) (Tricíclico (inhibidor de la recaptación de serotonina y noradrenalina con bloqueo de múltiples receptores))	Farmacoterapia::Psiquiatría
¿Cuál es el mecanismo de acción de Amitriptilina?	Inhibe la recaptación de serotonina y noradrenalina (refuerza las vías inhibitorias descendentes del dolor) y bloquea receptores muscarínicos, histamínicos H1 y alfa-1, y canales de sodio (efecto analgésico y cardiotoxicidad).	Farmacoterapia::Psiquiatría
¿Qué distingue a Amitriptilina de los demás fármacos de su clase (Antidepresivo (mecanismo no ISRS))?	<b>Hoy se usa sobre todo a DOSIS BAJAS (10-50 mg) como ANALGÉSICO</b>: dolor neuropático, profilaxis de la migraña y de la cefalea tensional, fibromialgia, colon irritable.	Farmacoterapia::Psiquiatría
¿Cuál es la dosis de Amitriptilina en Dolor neuropático (neuropatía diabética, neuralgia postherpética)?	10 mg → 25-75 mg — Cada 24 h, por la noche, vía VO	Farmacoterapia::Psiquiatría
¿Cuál es la dosis de Amitriptilina en Profilaxis de la migraña y de la cefalea tensional crónica?	10-50 mg — Cada 24 h, por la noche, vía VO	Farmacoterapia::Psiquiatría
¿Cuál es la dosis de Amitriptilina en Depresión mayor (hoy de 2.ª línea)?	75-150 mg — Cada 24 h, por la noche, vía VO	Farmacoterapia::Psiquiatría
¿Cuánto dura el tratamiento con Amitriptilina?	Dolor y profilaxis: 6-12 meses y reevaluar.	Farmacoterapia::Psiquiatría
¿Cómo se suspende Amitriptilina?	Retirada gradual (rebote colinérgico: náuseas, malestar, insomnio).	Farmacoterapia::Psiquiatría
¿Qué hay que monitorizar durante el tratamiento con Amitriptilina?	Efectos anticolinérgicos, sedación, ECG a dosis antidepresivas, ideación suicida.	Farmacoterapia::Psiquiatría
¿Cuál es la vida media de Amitriptilina?	10-28 h.	Farmacoterapia::Psiquiatría
¿Requiere Amitriptilina ajuste en insuficiencia renal?	No precisa.	Farmacoterapia::Psiquiatría
Interacción crítica de Amitriptilina con IMAO, tramadol, ISRS, linezolid: ¿qué ocurre y qué se hace?	Síndrome serotoninérgico. Manejo: IMAO contraindicados; precaución con el resto	Farmacoterapia::Psiquiatría
Interacción crítica de Amitriptilina con Fluoxetina, paroxetina, bupropión (CYP2D6): ¿qué ocurre y qué se hace?	Aumento de niveles y cardiotoxicidad. Manejo: Reducir dosis	Farmacoterapia::Psiquiatría
Interacción crítica de Amitriptilina con Otros anticolinérgicos y fármacos que prolongan el QT: ¿qué ocurre y qué se hace?	Confusión, íleo, arritmias. Manejo: Evitar acumulación	Farmacoterapia::Psiquiatría
Efecto adverso grave de Amitriptilina: **Arritmias y QRS ancho — ¿en qué consiste?	<b>Arritmias y QRS ancho (sobredosis letal)</b>	Farmacoterapia::Psiquiatría
Efecto adverso grave de Amitriptilina: Retención urinaria, glaucoma agudo — ¿en qué consiste?	Retención urinaria, glaucoma agudo	Farmacoterapia::Psiquiatría
Efecto adverso grave de Amitriptilina: Delirium en ancianos — ¿en qué consiste?	Delirium en ancianos	Farmacoterapia::Psiquiatría
Efecto adverso grave de Amitriptilina: Convulsiones — ¿en qué consiste?	Convulsiones	Farmacoterapia::Psiquiatría
¿Está contraindicado Amitriptilina en: <b>Infarto reciente, bloqueo de rama o QT largo</b>?	Sí — <b>Infarto reciente, bloqueo de rama o QT largo</b>	Farmacoterapia::Psiquiatría
¿Está contraindicado Amitriptilina en: Glaucoma de ángulo cerrado?	Sí — Glaucoma de ángulo cerrado	Farmacoterapia::Psiquiatría
¿Está contraindicado Amitriptilina en: Hiperplasia prostática con retención?	Sí — Hiperplasia prostática con retención	Farmacoterapia::Psiquiatría
¿Está contraindicado Amitriptilina en: Uso de IMAO?	Sí — Uso de IMAO	Farmacoterapia::Psiquiatría
¿Está contraindicado Amitriptilina en: Fase maníaca?	Sí — Fase maníaca	Farmacoterapia::Psiquiatría
Particularidad de Amitriptilina que hay que tener en cuenta:	<b>Intoxicación por tricíclicos: QRS >100 ms = bicarbonato sódico 1-2 mEq/kg IV.</b>	Farmacoterapia::Psiquiatría
¿A qué clase farmacológica pertenece Mirtazapina?	Antidepresivo (mecanismo no ISRS) (NaSSA: antagonista alfa-2 presináptico con bloqueo 5-HT2 y 5-HT3)	Farmacoterapia::Psiquiatría
¿Cuál es el mecanismo de acción de Mirtazapina?	Su mecanismo es el opuesto al de los ISRS y por eso su perfil clínico también lo es. Bloquea el AUTORRECEPTOR ALFA-2 presináptico, que normalmente frena la liberación de noradrenalina y serotonina: al bloquearlo, AUMENTA la liberación de ambas en lugar de impedir su recaptación. A la vez bloquea los receptores postsinápticos 5-HT2A, 5-HT2C y 5-HT3, de modo que la serotonina liberada solo actúa sobre el receptor 5-HT1A, que es el que media el efecto antidepresivo. Ese bloqueo selectivo explica que carezca de los efectos adversos característicos de los ISRS: el bloqueo 5-HT2 evita la disfunción sexual, el insomnio y la ansiedad, y el bloqueo 5-HT3 evita las náuseas y de hecho tiene efecto antiemético. Su potente antagonismo H1 (histaminérgico) produce la SEDACIÓN y el AUMENTO DE APETITO, que son sus dos efectos adversos y, en el paciente adecuado, sus dos mejores indicaciones. Una particularidad clave: la sedación es MAYOR a dosis BAJAS, porque a dosis altas el efecto noradrenérgico contrarresta el antihistamínico.	Farmacoterapia::Psiquiatría
¿Qué distingue a Mirtazapina de los demás fármacos de su clase (Antidepresivo (mecanismo no ISRS))?	<b>SEDANTE y orexígena</b>: útil en la depresión con <b>insomnio y pérdida de apetito o peso</b> (anciano, oncológico).	Farmacoterapia::Psiquiatría
¿Cuál es la dosis de Mirtazapina en DEPRESIÓN mayor con INSOMNIO, ANOREXIA y pérdida de peso?	15 mg por la noche de inicio, con ascenso a 30-45 mg al día — Una toma diaria por la NOCHE, vía VO	Farmacoterapia::Psiquiatría
¿A qué objetivo se ajusta la dosis de Mirtazapina en DEPRESIÓN mayor con INSOMNIO, ANOREXIA y pérdida de peso?	Remisión sintomática con recuperación del sueño, del apetito y del peso	Farmacoterapia::Psiquiatría
¿Cuál es la dosis de Mirtazapina en Depresión en el paciente ANCIANO u ONCOLÓGICO con caquexia?	7,5-15 mg por la noche, con ascenso lento — Una toma nocturna, vía VO	Farmacoterapia::Psiquiatría
¿Cuál es la dosis de Mirtazapina en Depresión con DISFUNCIÓN SEXUAL por ISRS?	15-45 mg al día — Una toma nocturna, vía VO	Farmacoterapia::Psiquiatría
¿Cuál es la dosis de Mirtazapina en Insomnio asociado a depresión o a ansiedad?	7,5-15 mg por la noche — Una toma nocturna, vía VO	Farmacoterapia::Psiquiatría
¿Cuánto dura el tratamiento con Mirtazapina?	Al menos 6-12 meses tras la remisión del primer episodio.	Farmacoterapia::Psiquiatría
¿Cómo se suspende Mirtazapina?	Retirada gradual a lo largo de semanas.	Farmacoterapia::Psiquiatría
¿Qué hay que monitorizar durante el tratamiento con Mirtazapina?	PESO y perfil metabólico (glucemia y lípidos), estado de ánimo y, ante fiebre o infección, hemograma por el riesgo de agranulocitosis.	Farmacoterapia::Psiquiatría
¿Cuál es la vida media de Mirtazapina?	20-40 horas, lo que permite la toma única nocturna.	Farmacoterapia::Psiquiatría
¿Requiere Mirtazapina ajuste en insuficiencia renal?	Reducir la dosis en la insuficiencia renal grave.	Farmacoterapia::Psiquiatría
Interacción crítica de Mirtazapina con IMAO: ¿qué ocurre y qué se hace?	Síndrome serotoninérgico. Manejo: CONTRAINDICADO; respetar 14 días de lavado	Farmacoterapia::Psiquiatría
Interacción crítica de Mirtazapina con Alcohol, benzodiazepinas y otros sedantes: ¿qué ocurre y qué se hace?	Sedación aditiva marcada. Manejo: Evitar o reducir dosis; advertir sobre la conducción	Farmacoterapia::Psiquiatría
Efecto adverso grave de Mirtazapina: AGRANULOCITOSIS y neutropenia grave — ¿en qué consiste?	AGRANULOCITOSIS y neutropenia grave (raras, en torno a 1 de cada 1000): ante fiebre, odinofagia o infección hay que hacer un hemograma	Farmacoterapia::Psiquiatría
Efecto adverso grave de Mirtazapina: Síndrome metabólico con dislipidemia y diabetes por la ganancia de peso — ¿en qué consiste?	Síndrome metabólico con dislipidemia y diabetes por la ganancia de peso	Farmacoterapia::Psiquiatría
Efecto adverso grave de Mirtazapina: Hiponatremia por SIADH, sobre todo en el anciano — ¿en qué consiste?	Hiponatremia por SIADH, sobre todo en el anciano	Farmacoterapia::Psiquiatría
Efecto adverso grave de Mirtazapina: Síndrome serotoninérgico en combinación — ¿en qué consiste?	Síndrome serotoninérgico en combinación	Farmacoterapia::Psiquiatría
Efecto adverso grave de Mirtazapina: Viraje a manía en el paciente bipolar — ¿en qué consiste?	Viraje a manía en el paciente bipolar	Farmacoterapia::Psiquiatría
Efecto adverso grave de Mirtazapina: Síndrome de piernas inquietas — ¿en qué consiste?	Síndrome de piernas inquietas	Farmacoterapia::Psiquiatría
¿Está contraindicado Mirtazapina en: Uso concomitante de IMAO?	Sí — Uso concomitante de IMAO	Farmacoterapia::Psiquiatría
¿Está contraindicado Mirtazapina en: Trastorno bipolar sin estabilizador del ánimo?	Sí — Trastorno bipolar sin estabilizador del ánimo	Farmacoterapia::Psiquiatría
¿Está contraindicado Mirtazapina en: Precaución en el paciente con obesidad, síndrome metabólico o diabetes mal controlada?	Sí — Precaución en el paciente con obesidad, síndrome metabólico o diabetes mal controlada	Farmacoterapia::Psiquiatría
¿Está contraindicado Mirtazapina en: Hipersensibilidad conocida?	Sí — Hipersensibilidad conocida	Farmacoterapia::Psiquiatría
Particularidad de Mirtazapina que hay que tener en cuenta:	La paradoja de la dosis es lo primero que hay que saber: SEDA MÁS a 15 mg que a 45 mg. A dosis bajas domina el bloqueo H1 (sedante) y al subir aparece el efecto noradrenérgico que lo contrarresta. Si el paciente está demasiado somnoliento, a menudo la solución correcta es SUBIR la dosis, algo que resulta contraintuitivo y que se hace justo al revés.	Farmacoterapia::Psiquiatría
¿A qué clase farmacológica pertenece Trazodona?	Antidepresivo (mecanismo no ISRS) (SARI: antagonista 5-HT2 e inhibidor débil de la recaptación de serotonina)	Farmacoterapia::Psiquiatría
¿Cuál es el mecanismo de acción de Trazodona?	Es un antidepresivo cuyo uso real hoy es mayoritariamente el de HIPNÓTICO, y la explicación está en la dosis. A dosis BAJAS (25-100 mg) domina el bloqueo de los receptores 5-HT2A, H1 (histaminérgico) y alfa-1 adrenérgico, y el resultado es sedación e inducción del sueño con una arquitectura del sueño mejor conservada que con las benzodiazepinas: aumenta el sueño de ondas lentas y no suprime la fase REM. A dosis ALTAS (150-400 mg) aparece la inhibición de la recaptación de serotonina y con ella el efecto antidepresivo. Su gran ventaja frente a las benzodiazepinas y a los fármacos Z es que NO produce dependencia ni tolerancia, lo que la ha convertido en la alternativa preferida para el insomnio crónico cuando hay que evitar las benzodiazepinas. Su antagonismo alfa-1 explica la hipotensión ortostática y también el efecto adverso más singular de toda la psicofarmacología: el priapismo.	Farmacoterapia::Psiquiatría
¿Qué distingue a Trazodona de los demás fármacos de su clase (Antidepresivo (mecanismo no ISRS))?	<b>Antidepresivo SEDANTE</b> usado sobre todo a dosis bajas (50-100 mg) como <b>hipnótico</b> y en la agitación del anciano con demencia.	Farmacoterapia::Psiquiatría
¿Cuál es la dosis de Trazodona en INSOMNIO, especialmente el asociado a depresión, ansiedad o abstinencia de benzodiazepinas?	25-100 mg por la noche, 30-60 minutos antes de acostarse — Una toma nocturna, vía VO	Farmacoterapia::Psiquiatría
¿A qué objetivo se ajusta la dosis de Trazodona en INSOMNIO, especialmente el asociado a depresión, ansiedad o abstinencia de benzodiazepinas?	Conciliación y mantenimiento del sueño sin somnolencia matutina residual	Farmacoterapia::Psiquiatría
¿Cuál es la dosis de Trazodona en Depresión mayor, sola o asociada a un ISRS?	150 mg al día con ascenso hasta 300-400 mg al día — Repartida en 2-3 tomas o en formulación retardada nocturna, vía VO	Farmacoterapia::Psiquiatría
¿Cuál es la dosis de Trazodona en Insomnio y agitación nocturna en la DEMENCIA?	25-50 mg por la noche — Una toma nocturna, vía VO	Farmacoterapia::Psiquiatría
¿Cuál es la dosis de Trazodona en Retirada de BENZODIAZEPINAS en el insomnio crónico?	25-100 mg por la noche durante la reducción escalonada — Una toma nocturna, vía VO	Farmacoterapia::Psiquiatría
¿Cuánto dura el tratamiento con Trazodona?	En el insomnio, revisión periódica de si sigue siendo necesaria; el tratamiento del insomnio crónico es cognitivo-conductual y el fármaco es un apoyo.	Farmacoterapia::Psiquiatría
¿Cómo se suspende Trazodona?	Puede retirarse sin pauta descendente prolongada, aunque conviene hacerlo de forma gradual tras un uso largo.	Farmacoterapia::Psiquiatría
¿Qué hay que monitorizar durante el tratamiento con Trazodona?	Tensión arterial (ortostatismo), somnolencia diurna, y en el varón hay que preguntar activamente por erecciones prolongadas o dolorosas.	Farmacoterapia::Psiquiatría
¿Cuál es la vida media de Trazodona?	5-9 horas, corta, lo que la hace adecuada como hipnótico con poca resaca.	Farmacoterapia::Psiquiatría
¿Requiere Trazodona ajuste en insuficiencia renal?	Precaución.	Farmacoterapia::Psiquiatría
Interacción crítica de Trazodona con Inhibidores potentes del CYP3A4 (ritonavir, azoles, claritromicina): ¿qué ocurre y qué se hace?	Aumentan mucho sus concentraciones con sedación e hipotensión. Manejo: Reducir la dosis	Farmacoterapia::Psiquiatría
Interacción crítica de Trazodona con Antihipertensivos y alfabloqueantes: ¿qué ocurre y qué se hace?	HIPOTENSIÓN ORTOSTÁTICA aditiva con riesgo de CAÍDAS. Manejo: Muy relevante en el anciano: es la causa principal de daño real con este fármaco	Farmacoterapia::Psiquiatría
Interacción crítica de Trazodona con ISRS, IRSN, IMAO y triptanes: ¿qué ocurre y qué se hace?	Síndrome serotoninérgico. Manejo: Contraindicada con IMAO; vigilancia con los demás, aunque la combinación con ISRS a dosis bajas es habitual y bien tolerada	Farmacoterapia::Psiquiatría
Efecto adverso grave de Trazodona: PRIAPISMO — ¿en qué consiste?	PRIAPISMO: erección prolongada y dolorosa que constituye una URGENCIA UROLÓGICA y puede dejar disfunción eréctil permanente si se demora más de 4 horas	Farmacoterapia::Psiquiatría
Efecto adverso grave de Trazodona: Hipotensión grave con síncope y fractura de cadera en el anciano — ¿en qué consiste?	Hipotensión grave con síncope y fractura de cadera en el anciano	Farmacoterapia::Psiquiatría
Efecto adverso grave de Trazodona: Prolongación del QT y arritmias — ¿en qué consiste?	Prolongación del QT y arritmias	Farmacoterapia::Psiquiatría
Efecto adverso grave de Trazodona: Hiponatremia por SIADH — ¿en qué consiste?	Hiponatremia por SIADH	Farmacoterapia::Psiquiatría
Efecto adverso grave de Trazodona: Síndrome serotoninérgico — ¿en qué consiste?	Síndrome serotoninérgico	Farmacoterapia::Psiquiatría
Efecto adverso grave de Trazodona: Hepatotoxicidad — ¿en qué consiste?	Hepatotoxicidad (rara)	Farmacoterapia::Psiquiatría
¿Está contraindicado Trazodona en: Uso de IMAO?	Sí — Uso de IMAO	Farmacoterapia::Psiquiatría
¿Está contraindicado Trazodona en: Infarto de miocardio reciente?	Sí — Infarto de miocardio reciente	Farmacoterapia::Psiquiatría
¿Está contraindicado Trazodona en: Precaución en el varón con antecedente de priapismo o con anemia falciforme y mieloma?	Sí — Precaución en el varón con antecedente de priapismo o con anemia falciforme y mieloma (predisponentes)	Farmacoterapia::Psiquiatría
¿Está contraindicado Trazodona en: Precaución máxima en el anciano con riesgo de caídas?	Sí — Precaución máxima en el anciano con riesgo de caídas	Farmacoterapia::Psiquiatría
Particularidad de Trazodona que hay que tener en cuenta:	La DOSIS decide qué fármaco es: a 25-100 mg es un HIPNÓTICO, y a 150-400 mg es un ANTIDEPRESIVO. La inmensa mayoría de las prescripciones actuales son de la primera clase, y confundir ambos rangos lleva a esperar un efecto antidepresivo de una dosis que nunca lo va a producir.	Farmacoterapia::Psiquiatría
¿A qué clase farmacológica pertenece Olanzapina?	Antipsicótico (Antipsicótico atípico (antagonista dopaminérgico y serotoninérgico))	Farmacoterapia::Psiquiatría
¿Cuál es el mecanismo de acción de Olanzapina?	Bloquea receptores D2 dopaminérgicos y, con mayor afinidad todavía, receptores 5-HT2A serotoninérgicos. Esa proporción a favor de la serotonina es lo que define a los antipsicóticos ATÍPICOS: el bloqueo 5-HT2A desinhibe la liberación de dopamina en la vía NIGROESTRIADA, contrarrestando parcialmente el bloqueo D2 en esa vía concreta y reduciendo mucho los síntomas extrapiramidales, mientras se mantiene el bloqueo D2 en la vía mesolímbica, que es el que produce el efecto antipsicótico. El precio de esa ventaja está en su promiscuidad por otros receptores: bloquea H1 (sedación y aumento de apetito), muscarínicos (efectos anticolinérgicos) y alfa-1 (hipotensión), y actúa sobre receptores 5-HT2C hipotalámicos implicados en la saciedad. De ahí procede su gran problema, que no es neurológico sino METABÓLICO: es, junto con la clozapina, el antipsicótico que más peso, más dislipidemia y más diabetes produce.	Farmacoterapia::Psiquiatría
¿Qué distingue a Olanzapina de los demás fármacos de su clase (Antipsicótico)?	<b>Muy eficaz pero el que más SÍNDROME METABÓLICO produce</b> (aumento de peso, diabetes, dislipemia), junto con la clozapina.	Farmacoterapia::Psiquiatría
¿Cuál es la dosis de Olanzapina en ESQUIZOFRENIA y trastornos psicóticos?	5-10 mg al día de inicio, hasta 20 mg al día — Una toma diaria, habitualmente nocturna, vía VO	Farmacoterapia::Psiquiatría
¿A qué objetivo se ajusta la dosis de Olanzapina en ESQUIZOFRENIA y trastornos psicóticos?	Control de los síntomas positivos con la dosis mínima eficaz	Farmacoterapia::Psiquiatría
¿Cuál es la dosis de Olanzapina en MANÍA aguda y mantenimiento del trastorno bipolar?	10-15 mg al día, hasta 20 mg — Una toma diaria, vía VO	Farmacoterapia::Psiquiatría
¿Cuál es la dosis de Olanzapina en AGITACIÓN psicótica aguda?	10 mg IM, repetible hasta 30 mg al día — Bolo repetible, vía IM	Farmacoterapia::Psiquiatría
¿Cuál es la dosis de Olanzapina en Náuseas y vómitos refractarios en cuidados paliativos y por quimioterapia?	5-10 mg al día — Una toma nocturna, vía VO	Farmacoterapia::Psiquiatría
¿Cuánto dura el tratamiento con Olanzapina?	Prolongada en la esquizofrenia. En el delirium y en la agitación, DÍAS, con retirada explícita al alta.	Farmacoterapia::Psiquiatría
¿Cómo se suspende Olanzapina?	Retirada gradual. Vigilar la reaparición de los síntomas y el rebote colinérgico.	Farmacoterapia::Psiquiatría
¿Qué hay que monitorizar durante el tratamiento con Olanzapina?	PESO en cada visita, y glucemia y perfil lipídico a los 3 meses y después anualmente. Prolactina y ECG si hay factores de riesgo.	Farmacoterapia::Psiquiatría
¿Cuál es la vida media de Olanzapina?	30-38 horas, lo que permite una sola toma diaria.	Farmacoterapia::Psiquiatría
¿Requiere Olanzapina ajuste en insuficiencia renal?	Sin ajuste relevante.	Farmacoterapia::Psiquiatría
Interacción crítica de Olanzapina con TABACO: ¿qué ocurre y qué se hace?	Induce el CYP1A2 y REDUCE sus niveles hasta un 30-50%. Manejo: Es una interacción de enorme relevancia práctica: un paciente esquizofrénico fumador que deja de fumar al ingresar en una planta sin humo puede INTOXICARSE con su dosis habitual. Hay que reducir la dosis al dejar de fumar y subirla al reanudarlo	Farmacoterapia::Psiquiatría
Interacción crítica de Olanzapina con BENZODIAZEPINAS parenterales (con olanzapina intramuscular): ¿qué ocurre y qué se hace?	Depresión respiratoria, hipotensión y muertes descritas. Manejo: Separar al menos una hora; no administrarlas simultáneamente	Farmacoterapia::Psiquiatría
Efecto adverso grave de Olanzapina: SÍNDROME METABÓLICO completo — ¿en qué consiste?	SÍNDROME METABÓLICO completo: obesidad, DIABETES de nueva aparición, dislipidemia e hipertensión, que reducen la esperanza de vida más que la propia enfermedad psiquiátrica	Farmacoterapia::Psiquiatría
Efecto adverso grave de Olanzapina: CETOACIDOSIS diabética de debut, a veces sin obesidad previa — ¿en qué consiste?	CETOACIDOSIS diabética de debut, a veces sin obesidad previa	Farmacoterapia::Psiquiatría
Efecto adverso grave de Olanzapina: Síndrome neuroléptico maligno — ¿en qué consiste?	Síndrome neuroléptico maligno	Farmacoterapia::Psiquiatría
Efecto adverso grave de Olanzapina: Discinesia tardía — ¿en qué consiste?	Discinesia tardía (menos frecuente que con los típicos, pero posible)	Farmacoterapia::Psiquiatría
Efecto adverso grave de Olanzapina: Aumento de la mortalidad en el ANCIANO con demencia — ¿en qué consiste?	Aumento de la mortalidad en el ANCIANO con demencia	Farmacoterapia::Psiquiatría
Efecto adverso grave de Olanzapina: Prolongación del QT — ¿en qué consiste?	Prolongación del QT	Farmacoterapia::Psiquiatría
Efecto adverso grave de Olanzapina: Convulsiones y descenso del umbral convulsivo — ¿en qué consiste?	Convulsiones y descenso del umbral convulsivo	Farmacoterapia::Psiquiatría
¿Está contraindicado Olanzapina en: Glaucoma de ángulo cerrado?	Sí — Glaucoma de ángulo cerrado	Farmacoterapia::Psiquiatría
¿Está contraindicado Olanzapina en: Precaución máxima en el anciano con demencia?	Sí — Precaución máxima en el anciano con demencia (aumento de mortalidad)	Farmacoterapia::Psiquiatría
¿Está contraindicado Olanzapina en: Diabetes mal controlada y síndrome metabólico establecido?	Sí — Diabetes mal controlada y síndrome metabólico establecido	Farmacoterapia::Psiquiatría
¿Está contraindicado Olanzapina en: Administración intramuscular simultánea con benzodiazepinas parenterales?	Sí — Administración intramuscular simultánea con benzodiazepinas parenterales	Farmacoterapia::Psiquiatría
Particularidad de Olanzapina que hay que tener en cuenta:	Su problema no es neurológico sino METABÓLICO. Da pocos extrapiramidales pero produce un aumento de peso considerable, diabetes y dislipidemia, y esa carga cardiovascular explica buena parte de los años de vida que pierden los pacientes con esquizofrenia. El seguimiento correcto no es preguntar por los síntomas psicóticos, es pesar al paciente y pedirle una analítica.	Farmacoterapia::Psiquiatría
¿A qué clase farmacológica pertenece Clozapina?	Antipsicótico (Antipsicótico atípico de segunda línea con perfil de receptores único)	Farmacoterapia::Psiquiatría
¿Cuál es el mecanismo de acción de Clozapina?	Tiene una afinidad por el receptor D2 sorprendentemente BAJA y se disocia de él con rapidez, mientras bloquea intensamente los receptores 5-HT2A, D4, muscarínicos, H1 y alfa-1. Esa baja ocupación D2 explica dos hechos aparentemente contradictorios: que apenas produzca síntomas extrapiramidales ni hiperprolactinemia (es el único antipsicótico realmente seguro en la enfermedad de Parkinson), y que, pese a ello, sea el MÁS EFICAZ de todos en la esquizofrenia resistente, lo que demuestra que el bloqueo D2 intenso no es toda la historia del efecto antipsicótico. Su mecanismo exacto sigue sin estar del todo aclarado, y es una de las pocas veces en que un fármaco de eficacia superior se mantiene en segunda línea no por su mecanismo sino por su toxicidad: la AGRANULOCITOSIS obliga a un control hematológico estricto de por vida.	Farmacoterapia::Psiquiatría
¿Qué distingue a Clozapina de los demás fármacos de su clase (Antipsicótico)?	<b>El ÚNICO eficaz en la ESQUIZOFRENIA RESISTENTE</b> y el que más reduce el suicidio.	Farmacoterapia::Psiquiatría
¿Cuál es la dosis de Clozapina en ESQUIZOFRENIA RESISTENTE (fracaso de al menos dos antipsicóticos a dosis y tiempo adecuados)?	12,5 mg el primer día, con ascenso muy lento hasta 300-450 mg al día — Repartida en 2 tomas, con la mayor por la noche, vía VO	Farmacoterapia::Psiquiatría
¿A qué objetivo se ajusta la dosis de Clozapina en ESQUIZOFRENIA RESISTENTE (fracaso de al menos dos antipsicóticos a dosis y tiempo adecuados)?	Nivel plasmático superior a 350 ng/mL antes de considerarla ineficaz	Farmacoterapia::Psiquiatría
¿Cuál es la dosis de Clozapina en Reducción del riesgo de SUICIDIO en la esquizofrenia y el trastorno esquizoafectivo?	200-450 mg al día — Dos tomas al día, vía VO	Farmacoterapia::Psiquiatría
¿Cuál es la dosis de Clozapina en PSICOSIS en la enfermedad de PARKINSON y en la demencia por cuerpos de Lewy?	6,25-12,5 mg por la noche, hasta 25-50 mg — Una toma nocturna, vía VO	Farmacoterapia::Psiquiatría
¿Cuál es la dosis de Clozapina en Discinesia tardía grave y agresividad refractaria?	100-300 mg al día — Dos tomas al día, vía VO	Farmacoterapia::Psiquiatría
¿Cuánto dura el tratamiento con Clozapina?	Indefinida mientras haya eficacia.	Farmacoterapia::Psiquiatría
¿Cómo se suspende Clozapina?	Retirada MUY gradual: la suspensión brusca produce psicosis de rebote grave y un síndrome colinérgico de retirada. Si se interrumpe más de 48 horas, hay que REINICIAR la titulación desde 12,5 mg.	Farmacoterapia::Psiquiatría
¿Qué hay que monitorizar durante el tratamiento con Clozapina?	HEMOGRAMA SEMANAL las primeras 18 semanas, después mensual DE POR VIDA. Además: temperatura y troponina las primeras semanas (miocarditis), peso, glucemia, lípidos, tensión arterial y hábito intestinal.	Farmacoterapia::Psiquiatría
¿Cuál es la vida media de Clozapina?	12-16 horas.	Farmacoterapia::Psiquiatría
¿Requiere Clozapina ajuste en insuficiencia renal?	Precaución.	Farmacoterapia::Psiquiatría
Interacción crítica de Clozapina con TABACO: ¿qué ocurre y qué se hace?	Induce el CYP1A2 y reduce sus niveles hasta un 50%; DEJAR DE FUMAR puede DUPLICARLOS y producir sedación grave, convulsiones e intoxicación. Manejo: Es la interacción crítica de este fármaco. Un ingreso hospitalario sin tabaco obliga a reducir la dosis de forma preventiva y a medir niveles	Farmacoterapia::Psiquiatría
Interacción crítica de Clozapina con CIPROFLOXACINO, fluvoxamina y otros inhibidores del CYP1A2: ¿qué ocurre y qué se hace?	Elevan mucho sus concentraciones. Manejo: Reducir la dosis y medir niveles; elegir otro antibiótico si es posible	Farmacoterapia::Psiquiatría
Interacción crítica de Clozapina con Carbamazepina y otros mielotóxicos: ¿qué ocurre y qué se hace?	AGRANULOCITOSIS aditiva. Manejo: CONTRAINDICADA la combinación con carbamazepina	Farmacoterapia::Psiquiatría
Interacción crítica de Clozapina con Benzodiazepinas: ¿qué ocurre y qué se hace?	Depresión respiratoria y colapso, sobre todo al inicio de la titulación. Manejo: Evitar o reducir mucho la dosis en las primeras semanas	Farmacoterapia::Psiquiatría
Interacción crítica de Clozapina con Fármacos anticolinérgicos y opioides: ¿qué ocurre y qué se hace?	Agravan el ÍLEO por el potente efecto anticolinérgico de la clozapina. Manejo: Vigilancia estrecha del hábito intestinal y laxantes profilácticos	Farmacoterapia::Psiquiatría
Efecto adverso grave de Clozapina: AGRANULOCITOSIS — ¿en qué consiste?	AGRANULOCITOSIS (en torno al 1%), que motiva el control hematológico obligatorio de por vida	Farmacoterapia::Psiquiatría
Efecto adverso grave de Clozapina: MIOCARDITIS y miocardiopatía, sobre todo en las primeras 8 semanas — ¿en qué consiste?	MIOCARDITIS y miocardiopatía, sobre todo en las primeras 8 semanas: fiebre, taquicardia, disnea y elevación de troponina	Farmacoterapia::Psiquiatría
Efecto adverso grave de Clozapina: ÍLEO PARALÍTICO y megacolon tóxico con perforación — ¿en qué consiste?	ÍLEO PARALÍTICO y megacolon tóxico con perforación: es hoy la causa de MÁS MUERTES por clozapina que la propia agranulocitosis, y sin embargo se vigila mucho menos	Farmacoterapia::Psiquiatría
Efecto adverso grave de Clozapina: CONVULSIONES, dosis-dependientes — ¿en qué consiste?	CONVULSIONES, dosis-dependientes (por encima de 600 mg al día)	Farmacoterapia::Psiquiatría
Efecto adverso grave de Clozapina: Síndrome metabólico y diabetes — ¿en qué consiste?	Síndrome metabólico y diabetes	Farmacoterapia::Psiquiatría
Efecto adverso grave de Clozapina: Tromboembolia venosa — ¿en qué consiste?	Tromboembolia venosa	Farmacoterapia::Psiquiatría
Efecto adverso grave de Clozapina: Miocardiopatía y síndrome neuroléptico maligno — ¿en qué consiste?	Miocardiopatía y síndrome neuroléptico maligno	Farmacoterapia::Psiquiatría
¿Está contraindicado Clozapina en: Neutrófilos por debajo de 1500 o antecedente de agranulocitosis por clozapina?	Sí — Neutrófilos por debajo de 1500 o antecedente de agranulocitosis por clozapina	Farmacoterapia::Psiquiatría
¿Está contraindicado Clozapina en: Enfermedad mieloproliferativa o depresión medular?	Sí — Enfermedad mieloproliferativa o depresión medular	Farmacoterapia::Psiquiatría
¿Está contraindicado Clozapina en: Uso concomitante de CARBAMAZEPINA?	Sí — Uso concomitante de CARBAMAZEPINA	Farmacoterapia::Psiquiatría
¿Está contraindicado Clozapina en: Íleo paralítico y estreñimiento grave no controlado?	Sí — Íleo paralítico y estreñimiento grave no controlado	Farmacoterapia::Psiquiatría
¿Está contraindicado Clozapina en: Epilepsia no controlada?	Sí — Epilepsia no controlada	Farmacoterapia::Psiquiatría
¿Está contraindicado Clozapina en: Miocarditis previa por clozapina?	Sí — Miocarditis previa por clozapina	Farmacoterapia::Psiquiatría
¿Está contraindicado Clozapina en: Psicosis alcohólica y tóxica, y estados comatosos?	Sí — Psicosis alcohólica y tóxica, y estados comatosos	Farmacoterapia::Psiquiatría
Particularidad de Clozapina que hay que tener en cuenta:	Es el antipsicótico MÁS EFICAZ que existe en la esquizofrenia resistente, y sin embargo se retrasa años. Cada año de retraso son meses de síntomas, ingresos y deterioro funcional que probablemente se podrían haber evitado. Su infrautilización es un problema real de calidad asistencial.	Farmacoterapia::Psiquiatría
¿A qué clase farmacológica pertenece Venlafaxina (y duloxetina)?	Antidepresivo (mecanismo no ISRS) (IRSN: inhibidor de la recaptación de serotonina y noradrenalina)	Farmacoterapia::Psiquiatría
¿Cuál es el mecanismo de acción de Venlafaxina (y duloxetina)?	Inhibe la recaptación de SEROTONINA y de NORADRENALINA, sin apenas afinidad por los receptores muscarínicos, histaminérgicos ni alfa-adrenérgicos, lo que le da un perfil de efectos adversos mucho más limpio que el de los tricíclicos con un mecanismo similar. En la venlafaxina el efecto es DOSIS-DEPENDIENTE y escalonado: por debajo de 150 mg al día se comporta prácticamente como un ISRS puro, y solo por encima de esa dosis aparece el bloqueo noradrenérgico relevante, que es el que aporta el efecto dual y también el que eleva la tensión arterial. La duloxetina es dual desde la dosis inicial y añade eficacia demostrada en el dolor neuropático, lo que la hace preferible cuando coexisten depresión y dolor.	Farmacoterapia::Psiquiatría
¿Qué distingue a Venlafaxina (y duloxetina) de los demás fármacos de su clase (Antidepresivo (mecanismo no ISRS))?	<b>IRSN</b>: a dosis bajas actúa como ISRS; a partir de 150 mg añade efecto noradrenérgico.	Farmacoterapia::Psiquiatría
¿Cuál es la dosis de Venlafaxina (y duloxetina) en Episodio depresivo mayor, sobre todo con inhibición, dolor o falta de respuesta a un ISRS?	Venlafaxina retard 75 mg al día, ascendiendo hasta 150-225 mg al día (máximo 375 mg); duloxetina 30-60 mg al día — Una toma al día por la mañana con comida, vía VO	Farmacoterapia::Psiquiatría
¿A qué objetivo se ajusta la dosis de Venlafaxina (y duloxetina) en Episodio depresivo mayor, sobre todo con inhibición, dolor o falta de respuesta a un ISRS?	Remisión sintomática mantenida, no solo respuesta parcial	Farmacoterapia::Psiquiatría
¿Cuál es la dosis de Venlafaxina (y duloxetina) en Trastorno de ansiedad generalizada y trastorno de angustia?	Venlafaxina retard 75 mg al día, hasta 225 mg al día — Una toma al día, vía VO	Farmacoterapia::Psiquiatría
¿Cuál es la dosis de Venlafaxina (y duloxetina) en Dolor NEUROPÁTICO diabético y fibromialgia (duloxetina)?	Duloxetina 60 mg al día, hasta 120 mg al día — Una toma al día, vía VO	Farmacoterapia::Psiquiatría
¿Cuál es la dosis de Venlafaxina (y duloxetina) en Sofocos de la menopausia sin indicación de tratamiento hormonal?	Venlafaxina 37,5-75 mg al día — Una toma al día, vía VO	Farmacoterapia::Psiquiatría
¿Cuál es la dosis de Venlafaxina (y duloxetina) en Incontinencia urinaria de esfuerzo (duloxetina)?	Duloxetina 40 mg cada 12 horas — Cada 12 horas, vía VO	Farmacoterapia::Psiquiatría
¿Cuánto dura el tratamiento con Venlafaxina (y duloxetina)?	Al menos 6-12 meses tras la remisión del primer episodio, y varios años o de forma indefinida si ha habido episodios recurrentes.	Farmacoterapia::Psiquiatría
¿Cómo se suspende Venlafaxina (y duloxetina)?	Retirada MUY lenta, a lo largo de semanas o meses. La venlafaxina tiene el síndrome de discontinuación más intenso de todos los antidepresivos por su vida media corta.	Farmacoterapia::Psiquiatría
¿Qué hay que monitorizar durante el tratamiento con Venlafaxina (y duloxetina)?	TENSIÓN ARTERIAL periódica, sobre todo por encima de 150 mg al día. Natremia en el anciano en las primeras semanas. Ideación suicida en las primeras semanas y en el paciente joven.	Farmacoterapia::Psiquiatría
¿Cuál es la vida media de Venlafaxina (y duloxetina)?	Venlafaxina 5 horas (desvenlafaxina 11 horas); duloxetina 12 horas. Vidas medias CORTAS, que son la causa del síndrome de discontinuación.	Farmacoterapia::Psiquiatría
¿Requiere Venlafaxina (y duloxetina) ajuste en insuficiencia renal?	Reducir un 25-50% con filtrado menor de 30 mL/min. Duloxetina contraindicada por debajo de 30 mL/min.	Farmacoterapia::Psiquiatría
Interacción crítica de Venlafaxina (y duloxetina) con IMAO: ¿qué ocurre y qué se hace?	SÍNDROME SEROTONINÉRGICO potencialmente mortal. Manejo: CONTRAINDICADO. Respetar 14 días de lavado en ambos sentidos	Farmacoterapia::Psiquiatría
Interacción crítica de Venlafaxina (y duloxetina) con Tramadol, triptanes, litio, linezolid, hierba de San Juan: ¿qué ocurre y qué se hace?	Síndrome serotoninérgico. Manejo: Evitar o vigilar estrechamente; informar al paciente de los síntomas de alarma	Farmacoterapia::Psiquiatría
Interacción crítica de Venlafaxina (y duloxetina) con AINE, AAS, anticoagulantes y antiagregantes: ¿qué ocurre y qué se hace?	HEMORRAGIA DIGESTIVA por depleción de serotonina plaquetaria. Manejo: Asociar un inhibidor de la bomba de protones si la combinación es necesaria	Farmacoterapia::Psiquiatría
Interacción crítica de Venlafaxina (y duloxetina) con Diuréticos y otros fármacos que producen hiponatremia: ¿qué ocurre y qué se hace?	SIADH e hiponatremia, sobre todo en el anciano. Manejo: Medir el sodio a las 2-4 semanas del inicio en el paciente mayor	Farmacoterapia::Psiquiatría
Efecto adverso grave de Venlafaxina (y duloxetina): HIPERTENSIÓN ARTERIAL dosis-dependiente, característica de la venlafaxina — ¿en qué consiste?	HIPERTENSIÓN ARTERIAL dosis-dependiente, característica de la venlafaxina	Farmacoterapia::Psiquiatría
Efecto adverso grave de Venlafaxina (y duloxetina): HIPONATREMIA por SIADH, sobre todo en el anciano — ¿en qué consiste?	HIPONATREMIA por SIADH, sobre todo en el anciano	Farmacoterapia::Psiquiatría
Efecto adverso grave de Venlafaxina (y duloxetina): Síndrome serotoninérgico — ¿en qué consiste?	Síndrome serotoninérgico	Farmacoterapia::Psiquiatría
Efecto adverso grave de Venlafaxina (y duloxetina): Hemorragia digestiva — ¿en qué consiste?	Hemorragia digestiva	Farmacoterapia::Psiquiatría
Efecto adverso grave de Venlafaxina (y duloxetina): SÍNDROME DE DISCONTINUACIÓN intenso — ¿en qué consiste?	SÍNDROME DE DISCONTINUACIÓN intenso	Farmacoterapia::Psiquiatría
Efecto adverso grave de Venlafaxina (y duloxetina): CARDIOTOXICIDAD en sobredosis, muy superior a la de los ISRS — ¿en qué consiste?	CARDIOTOXICIDAD en sobredosis, muy superior a la de los ISRS	Farmacoterapia::Psiquiatría
Efecto adverso grave de Venlafaxina (y duloxetina): Hepatotoxicidad — ¿en qué consiste?	Hepatotoxicidad (duloxetina)	Farmacoterapia::Psiquiatría
Efecto adverso grave de Venlafaxina (y duloxetina): Viraje a manía en el paciente bipolar no diagnosticado — ¿en qué consiste?	Viraje a manía en el paciente bipolar no diagnosticado	Farmacoterapia::Psiquiatría
¿Está contraindicado Venlafaxina (y duloxetina) en: Uso de IMAO en las dos semanas previas?	Sí — Uso de IMAO en las dos semanas previas	Farmacoterapia::Psiquiatría
¿Está contraindicado Venlafaxina (y duloxetina) en: Hipertensión arterial no controlada?	Sí — Hipertensión arterial no controlada (venlafaxina)	Farmacoterapia::Psiquiatría
¿Está contraindicado Venlafaxina (y duloxetina) en: Hepatopatía y consumo elevado de alcohol?	Sí — Hepatopatía y consumo elevado de alcohol (duloxetina)	Farmacoterapia::Psiquiatría
¿Está contraindicado Venlafaxina (y duloxetina) en: Insuficiencia renal grave?	Sí — Insuficiencia renal grave (duloxetina)	Farmacoterapia::Psiquiatría
¿Está contraindicado Venlafaxina (y duloxetina) en: Glaucoma de ángulo cerrado no tratado?	Sí — Glaucoma de ángulo cerrado no tratado (duloxetina)	Farmacoterapia::Psiquiatría
¿Está contraindicado Venlafaxina (y duloxetina) en: Trastorno bipolar sin estabilizador del ánimo asociado?	Sí — Trastorno bipolar sin estabilizador del ánimo asociado	Farmacoterapia::Psiquiatría
Particularidad de Venlafaxina (y duloxetina) que hay que tener en cuenta:	La venlafaxina es un ISRS por debajo de 150 mg al día. Si se prescribe a 75 mg porque un ISRS ha fracasado, no se está cambiando de mecanismo, solo de molécula: para que sea dual hay que llegar a la dosis en que bloquea la noradrenalina.	Farmacoterapia::Psiquiatría
¿A qué clase farmacológica pertenece Haloperidol?	Antipsicótico (Antipsicótico típico (de primera generación), butirofenona de alta potencia)	Farmacoterapia::Psiquiatría
¿Cuál es el mecanismo de acción de Haloperidol?	Antagonista potente y bastante selectivo del receptor D2 de la dopamina. El bloqueo de la vía MESOLÍMBICA es el que produce el efecto antipsicótico sobre los síntomas positivos; el de la vía NIGROESTRIADA causa los síntomas extrapiramidales; el de la vía TUBEROINFUNDIBULAR eleva la prolactina; y el de la zona gatillo quimiorreceptora del área postrema explica su potente efecto ANTIEMÉTICO. Al tener escasa afinidad por los receptores muscarínicos, histaminérgicos y alfa-1, es poco sedante, poco anticolinérgico y poco hipotensor comparado con los antipsicóticos de baja potencia; ese mismo perfil limpio es el que deja el bloqueo D2 sin contrapeso y multiplica los efectos extrapiramidales.	Farmacoterapia::Psiquiatría
¿Qué distingue a Haloperidol de los demás fármacos de su clase (Antipsicótico)?	<b>Antipsicótico TÍPICO de alta potencia</b>: el que <b>más extrapiramidalismo</b> produce (distonía, acatisia, parkinsonismo) y más hiperprolactinemia.	Farmacoterapia::Psiquiatría
¿Cuál es la dosis de Haloperidol en Agitación psicomotriz grave y psicosis aguda?	2,5-5 mg IM o IV lenta, repetibles cada 30-60 minutos, máximo 20 mg al día — Dosis repetible hasta el control, vía IM	Farmacoterapia::Psiquiatría
¿Cuál es la dosis de Haloperidol en DELIRIUM con agitación o síntomas psicóticos en el paciente hospitalizado?	0,5-2 mg VO o IM, repetibles; en el anciano, 0,25-0,5 mg — Dosis mínima eficaz, revisada a diario, vía VO	Farmacoterapia::Psiquiatría
¿Cuál es la dosis de Haloperidol en Esquizofrenia y trastornos psicóticos crónicos?	5-15 mg al día repartidos en 1-2 tomas — Una o dos tomas al día, vía VO	Farmacoterapia::Psiquiatría
¿Cuál es la dosis de Haloperidol en NÁUSEAS Y VÓMITOS refractarios, y en cuidados paliativos?	0,5-2 mg cada 8-12 horas VO o SC — Cada 8-12 horas o en perfusión subcutánea, vía SC	Farmacoterapia::Psiquiatría
¿Cuál es la dosis de Haloperidol en Tics graves y síndrome de Gilles de la Tourette?	0,5-3 mg al día — Una o dos tomas al día, vía VO	Farmacoterapia::Psiquiatría
¿Cuánto dura el tratamiento con Haloperidol?	En el delirium, DÍAS, con retirada en cuanto se resuelva el cuadro. En la esquizofrenia, prolongada.	Farmacoterapia::Psiquiatría
¿Cómo se suspende Haloperidol?	Retirada gradual tras tratamientos prolongados para evitar la discinesia de retirada y las recaídas. En el delirium, la retirada debe quedar escrita en el informe de alta: la perpetuación involuntaria de un antipsicótico iniciado en planta es un problema real y frecuente.	Farmacoterapia::Psiquiatría
¿Qué hay que monitorizar durante el tratamiento con Haloperidol?	ECG con medición del QTc, potasio y magnesio; síntomas extrapiramidales; prolactina en tratamiento prolongado; temperatura y CK ante la sospecha de síndrome neuroléptico maligno.	Farmacoterapia::Psiquiatría
¿Cuál es la vida media de Haloperidol?	12-36 horas; el decanoato, unas 3 semanas.	Farmacoterapia::Psiquiatría
¿Requiere Haloperidol ajuste en insuficiencia renal?	Sin ajuste relevante.	Farmacoterapia::Psiquiatría
Interacción crítica de Haloperidol con Fármacos que alargan el QT (amiodarona, sotalol, macrólidos, quinolonas, ondansetrón, antidepresivos): ¿qué ocurre y qué se hace?	Prolongación aditiva del QT y TORSADES DE POINTES. Manejo: Revisar la lista completa del paciente; corregir potasio y magnesio; ECG	Farmacoterapia::Psiquiatría
Interacción crítica de Haloperidol con LEVODOPA y agonistas dopaminérgicos: ¿qué ocurre y qué se hace?	Antagonismo mutuo: empeora el parkinsonismo y pierde efecto antipsicótico. Manejo: CONTRAINDICADO en la enfermedad de Parkinson y en la demencia por cuerpos de Lewy; usar quetiapina o clozapina	Farmacoterapia::Psiquiatría
Interacción crítica de Haloperidol con LITIO: ¿qué ocurre y qué se hace?	Neurotoxicidad y mayor riesgo de síndrome neuroléptico maligno con dosis altas de ambos. Manejo: Vigilar la litemia y la clínica neurológica	Farmacoterapia::Psiquiatría
Efecto adverso grave de Haloperidol: SÍNDROME NEUROLÉPTICO MALIGNO — ¿en qué consiste?	SÍNDROME NEUROLÉPTICO MALIGNO: fiebre, rigidez, alteración de la conciencia, disautonomía y CK muy elevada	Farmacoterapia::Psiquiatría
Efecto adverso grave de Haloperidol: PROLONGACIÓN DEL QT y torsades de pointes, sobre todo por vía intravenosa — ¿en qué consiste?	PROLONGACIÓN DEL QT y torsades de pointes, sobre todo por vía intravenosa	Farmacoterapia::Psiquiatría
Efecto adverso grave de Haloperidol: DISCINESIA TARDÍA, frecuentemente irreversible, con el uso prolongado — ¿en qué consiste?	DISCINESIA TARDÍA, frecuentemente irreversible, con el uso prolongado	Farmacoterapia::Psiquiatría
Efecto adverso grave de Haloperidol: DISTONÍA AGUDA con crisis oculógiras y laringoespasmo — ¿en qué consiste?	DISTONÍA AGUDA con crisis oculógiras y laringoespasmo	Farmacoterapia::Psiquiatría
Efecto adverso grave de Haloperidol: Aumento de la mortalidad en el anciano con demencia — ¿en qué consiste?	Aumento de la mortalidad en el anciano con demencia	Farmacoterapia::Psiquiatría
Efecto adverso grave de Haloperidol: Descenso del umbral convulsivo — ¿en qué consiste?	Descenso del umbral convulsivo	Farmacoterapia::Psiquiatría
¿Está contraindicado Haloperidol en: Enfermedad de PARKINSON y demencia por cuerpos de LEWY?	Sí — Enfermedad de PARKINSON y demencia por cuerpos de LEWY	Farmacoterapia::Psiquiatría
¿Está contraindicado Haloperidol en: QT largo congénito o adquirido y antecedente de torsades?	Sí — QT largo congénito o adquirido y antecedente de torsades	Farmacoterapia::Psiquiatría
¿Está contraindicado Haloperidol en: Depresión grave del sistema nervioso central y coma?	Sí — Depresión grave del sistema nervioso central y coma	Farmacoterapia::Psiquiatría
¿Está contraindicado Haloperidol en: Uso con precaución máxima en el anciano con demencia?	Sí — Uso con precaución máxima en el anciano con demencia (aumento de mortalidad)	Farmacoterapia::Psiquiatría
¿Está contraindicado Haloperidol en: Hipopotasemia e hipomagnesemia no corregidas antes de la vía intravenosa?	Sí — Hipopotasemia e hipomagnesemia no corregidas antes de la vía intravenosa	Farmacoterapia::Psiquiatría
Particularidad de Haloperidol que hay que tener en cuenta:	La DISTONÍA AGUDA asusta y se resuelve en minutos: tortícolis, crisis oculógira o trismus en las horas siguientes a una dosis, típicamente en un varón joven. El tratamiento es biperideno o difenhidramina parenteral, y la respuesta es tan rápida que resulta diagnóstica. No es una reacción alérgica y no es una convulsión.	Farmacoterapia::Psiquiatría
