¿A qué clase farmacológica pertenece Mometasona intranasal?	Corticoide intranasal (Corticoide de biodisponibilidad sistémica mínima (<0,1%))	Farmacoterapia::Neumología y vía aérea
¿Cuál es el mecanismo de acción de Mometasona intranasal?	Glucocorticoide tópico que reduce la inflamación eosinofílica, el edema y la hipersecreción de la mucosa nasal.	Farmacoterapia::Neumología y vía aérea
¿Qué distingue a Mometasona intranasal de los demás fármacos de su clase (Corticoide intranasal)?	<b>Biodisponibilidad sistémica PRÁCTICAMENTE NULA</b>: de elección en <b>niños</b> (desde los 3 años) y uso prolongado.	Farmacoterapia::Neumología y vía aérea
¿Cuál es la dosis de Mometasona intranasal en Rinitis alérgica estacional y perenne?	2 pulverizaciones (50 µg cada una) en cada fosa (200 µg/día) — Cada 24 h, vía IN	Farmacoterapia::Neumología y vía aérea
¿Cuál es la dosis de Mometasona intranasal en Poliposis nasal?	2 pulverizaciones (50 µg cada una) por fosa (400 µg/día) — Cada 12 h, vía IN	Farmacoterapia::Neumología y vía aérea
¿Cuánto dura el tratamiento con Mometasona intranasal?	Toda la estación o continua en la perenne.	Farmacoterapia::Neumología y vía aérea
¿Cómo se suspende Mometasona intranasal?	—	Farmacoterapia::Neumología y vía aérea
¿Qué hay que monitorizar durante el tratamiento con Mometasona intranasal?	Epistaxis, crecimiento en niños con uso prolongado.	Farmacoterapia::Neumología y vía aérea
¿Cuál es la vida media de Mometasona intranasal?	—	Farmacoterapia::Neumología y vía aérea
¿Requiere Mometasona intranasal ajuste en insuficiencia renal?	No precisa.	Farmacoterapia::Neumología y vía aérea
Efecto adverso grave de Mometasona intranasal: Perforación septal — ¿en qué consiste?	Perforación septal (rara)	Farmacoterapia::Neumología y vía aérea
¿Está contraindicado Mometasona intranasal en: Infección nasal no tratada?	Sí — Infección nasal no tratada	Farmacoterapia::Neumología y vía aérea
¿Está contraindicado Mometasona intranasal en: Cirugía o traumatismo nasal reciente?	Sí — Cirugía o traumatismo nasal reciente	Farmacoterapia::Neumología y vía aérea
Particularidad de Mometasona intranasal que hay que tener en cuenta:	Aplicar con la mano contraria a la fosa (spray derecho con la mano izquierda) evita el tabique y la epistaxis.	Farmacoterapia::Neumología y vía aérea
¿A qué clase farmacológica pertenece Fluticasona intranasal?	Corticoide intranasal (Corticoide de alta potencia tópica)	Farmacoterapia::Neumología y vía aérea
¿Cuál es el mecanismo de acción de Fluticasona intranasal?	Glucocorticoide tópico de alta afinidad por el receptor.	Farmacoterapia::Neumología y vía aérea
¿Qué distingue a Fluticasona intranasal de los demás fármacos de su clase (Corticoide intranasal)?	<b>Mejora también los síntomas OCULARES</b> de la rinoconjuntivitis alérgica.	Farmacoterapia::Neumología y vía aérea
¿Cuál es la dosis de Fluticasona intranasal en Rinitis alérgica?	2 pulverizaciones (27,5-50 µg) en cada fosa — Cada 24 h (bajar a 1 al controlar), vía IN	Farmacoterapia::Neumología y vía aérea
¿Cuánto dura el tratamiento con Fluticasona intranasal?	Según estación.	Farmacoterapia::Neumología y vía aérea
¿Cómo se suspende Fluticasona intranasal?	—	Farmacoterapia::Neumología y vía aérea
¿Qué hay que monitorizar durante el tratamiento con Fluticasona intranasal?	Epistaxis.	Farmacoterapia::Neumología y vía aérea
¿Cuál es la vida media de Fluticasona intranasal?	—	Farmacoterapia::Neumología y vía aérea
¿Requiere Fluticasona intranasal ajuste en insuficiencia renal?	No precisa.	Farmacoterapia::Neumología y vía aérea
Interacción crítica de Fluticasona intranasal con Ritonavir, cobicistat, itraconazol: ¿qué ocurre y qué se hace?	Cushing iatrogénico e insuficiencia suprarrenal al retirarlo. Manejo: Evitar; usar mometasona o budesonida	Farmacoterapia::Neumología y vía aérea
Efecto adverso grave de Fluticasona intranasal: Supresión suprarrenal con inhibidores de CYP3A4 — ¿en qué consiste?	Supresión suprarrenal con inhibidores de CYP3A4	Farmacoterapia::Neumología y vía aérea
¿Está contraindicado Fluticasona intranasal en: Tratamiento con ritonavir o cobicistat?	Sí — Tratamiento con ritonavir o cobicistat (relativa)	Farmacoterapia::Neumología y vía aérea
Particularidad de Fluticasona intranasal que hay que tener en cuenta:	Paciente con VIH en tratamiento con ritonavir y rasgos cushingoides: revisar si usa fluticasona nasal o inhalada.	Farmacoterapia::Neumología y vía aérea
¿A qué clase farmacológica pertenece Budesonida intranasal?	Corticoide intranasal (Corticoide con mayor experiencia en el embarazo)	Farmacoterapia::Neumología y vía aérea
¿Cuál es el mecanismo de acción de Budesonida intranasal?	Glucocorticoide tópico.	Farmacoterapia::Neumología y vía aérea
¿Qué distingue a Budesonida intranasal de los demás fármacos de su clase (Corticoide intranasal)?	<b>El corticoide intranasal con MÁS DATOS de seguridad en el EMBARAZO</b>.	Farmacoterapia::Neumología y vía aérea
¿Cuál es la dosis de Budesonida intranasal en Rinitis alérgica (incluido el embarazo)?	64 µg por fosa (2 pulverizaciones de 32 µg) — Cada 24 h (o 1 pulverización por fosa cada 12 h), vía IN	Farmacoterapia::Neumología y vía aérea
¿Cuánto dura el tratamiento con Budesonida intranasal?	Según síntomas.	Farmacoterapia::Neumología y vía aérea
¿Cómo se suspende Budesonida intranasal?	—	Farmacoterapia::Neumología y vía aérea
¿Qué hay que monitorizar durante el tratamiento con Budesonida intranasal?	—	Farmacoterapia::Neumología y vía aérea
¿Cuál es la vida media de Budesonida intranasal?	2-3 h.	Farmacoterapia::Neumología y vía aérea
¿Requiere Budesonida intranasal ajuste en insuficiencia renal?	No precisa.	Farmacoterapia::Neumología y vía aérea
Efecto adverso grave de Budesonida intranasal: Excepcionales — ¿en qué consiste?	Excepcionales	Farmacoterapia::Neumología y vía aérea
¿Está contraindicado Budesonida intranasal en: Infección nasal activa?	Sí — Infección nasal activa	Farmacoterapia::Neumología y vía aérea
Particularidad de Budesonida intranasal que hay que tener en cuenta:	Rinitis del embarazo: lavados salinos primero; si alergia, budesonida nasal.	Farmacoterapia::Neumología y vía aérea
¿A qué clase farmacológica pertenece Oximetazolina nasal?	Descongestionante nasal (Agonista alfa tópico de acción larga)	Farmacoterapia::Neumología y vía aérea
¿Cuál es el mecanismo de acción de Oximetazolina nasal?	Agonista alfa-1 y alfa-2 que contrae los vasos de capacitancia de la mucosa nasal.	Farmacoterapia::Neumología y vía aérea
¿Qué distingue a Oximetazolina nasal de los demás fármacos de su clase (Descongestionante nasal)?	<b>Acción de 8-12 h</b>: 2 aplicaciones al día.	Farmacoterapia::Neumología y vía aérea
¿Cuál es la dosis de Oximetazolina nasal en Congestión nasal aguda (resfriado, sinusitis)?	1-2 pulverizaciones (0,05%) por fosa — Cada 12 h, vía IN	Farmacoterapia::Neumología y vía aérea
¿Cuánto dura el tratamiento con Oximetazolina nasal?	<b>≤3-5 días</b>.	Farmacoterapia::Neumología y vía aérea
¿Cómo se suspende Oximetazolina nasal?	—	Farmacoterapia::Neumología y vía aérea
¿Qué hay que monitorizar durante el tratamiento con Oximetazolina nasal?	Congestión de rebote.	Farmacoterapia::Neumología y vía aérea
¿Cuál es la vida media de Oximetazolina nasal?	Efecto 8-12 h.	Farmacoterapia::Neumología y vía aérea
¿Requiere Oximetazolina nasal ajuste en insuficiencia renal?	No precisa.	Farmacoterapia::Neumología y vía aérea
Efecto adverso grave de Oximetazolina nasal: Depresión del SNC y bradicardia en lactantes por absorción — ¿en qué consiste?	Depresión del SNC y bradicardia en lactantes por absorción	Farmacoterapia::Neumología y vía aérea
¿Está contraindicado Oximetazolina nasal en: Niños <6 años?	Sí — Niños <6 años	Farmacoterapia::Neumología y vía aérea
¿Está contraindicado Oximetazolina nasal en: Rinitis seca o atrófica?	Sí — Rinitis seca o atrófica	Farmacoterapia::Neumología y vía aérea
¿Está contraindicado Oximetazolina nasal en: Glaucoma de ángulo cerrado?	Sí — Glaucoma de ángulo cerrado	Farmacoterapia::Neumología y vía aérea
Particularidad de Oximetazolina nasal que hay que tener en cuenta:	Rinitis medicamentosa: retirar el descongestionante y cubrir con corticoide intranasal.	Farmacoterapia::Neumología y vía aérea
¿A qué clase farmacológica pertenece Xilometazolina nasal?	Descongestionante nasal (Agonista alfa tópico de acción intermedia)	Farmacoterapia::Neumología y vía aérea
¿Cuál es el mecanismo de acción de Xilometazolina nasal?	Agonista alfa-adrenérgico tópico.	Farmacoterapia::Neumología y vía aérea
¿Qué distingue a Xilometazolina nasal de los demás fármacos de su clase (Descongestionante nasal)?	<b>Acción algo más corta (6-10 h)</b>: hasta 3 aplicaciones al día.	Farmacoterapia::Neumología y vía aérea
¿Cuál es la dosis de Xilometazolina nasal en Congestión nasal aguda?	1-2 pulverizaciones (0,1%) por fosa — Cada 8-12 h (máximo 3 al día), vía IN	Farmacoterapia::Neumología y vía aérea
¿Cuánto dura el tratamiento con Xilometazolina nasal?	≤5 días.	Farmacoterapia::Neumología y vía aérea
¿Cómo se suspende Xilometazolina nasal?	—	Farmacoterapia::Neumología y vía aérea
¿Qué hay que monitorizar durante el tratamiento con Xilometazolina nasal?	Rebote.	Farmacoterapia::Neumología y vía aérea
¿Cuál es la vida media de Xilometazolina nasal?	Efecto 6-10 h.	Farmacoterapia::Neumología y vía aérea
¿Requiere Xilometazolina nasal ajuste en insuficiencia renal?	No precisa.	Farmacoterapia::Neumología y vía aérea
Efecto adverso grave de Xilometazolina nasal: Hipertensión, palpitaciones — ¿en qué consiste?	Hipertensión, palpitaciones (absorción)	Farmacoterapia::Neumología y vía aérea
¿Está contraindicado Xilometazolina nasal en: Niños pequeños?	Sí — Niños pequeños (según concentración)	Farmacoterapia::Neumología y vía aérea
¿Está contraindicado Xilometazolina nasal en: Cirugía transesfenoidal reciente?	Sí — Cirugía transesfenoidal reciente	Farmacoterapia::Neumología y vía aérea
Particularidad de Xilometazolina nasal que hay que tener en cuenta:	Los descongestionantes tópicos alivian, pero no acortan el resfriado.	Farmacoterapia::Neumología y vía aérea
¿A qué clase farmacológica pertenece Pseudoefedrina?	Descongestionante nasal (Simpaticomimético ORAL)	Farmacoterapia::Neumología y vía aérea
¿Cuál es el mecanismo de acción de Pseudoefedrina?	Simpaticomimético mixto que libera noradrenalina y estimula receptores alfa de la mucosa nasal.	Farmacoterapia::Neumología y vía aérea
¿Qué distingue a Pseudoefedrina de los demás fármacos de su clase (Descongestionante nasal)?	<b>ORAL y sistémica</b>: <b>no produce rebote</b>, pero sí <b>HTA, taquicardia, insomnio y retención urinaria</b>.	Farmacoterapia::Neumología y vía aérea
¿Cuál es la dosis de Pseudoefedrina en Congestión nasal (resfriado, sinusitis, rinitis)?	60 mg (o 120 mg de liberación prolongada) — Cada 4-6 h (prolongada cada 12 h); máximo 240 mg/día, vía VO	Farmacoterapia::Neumología y vía aérea
¿Cuánto dura el tratamiento con Pseudoefedrina?	≤7 días.	Farmacoterapia::Neumología y vía aérea
¿Cómo se suspende Pseudoefedrina?	—	Farmacoterapia::Neumología y vía aérea
¿Qué hay que monitorizar durante el tratamiento con Pseudoefedrina?	PA, palpitaciones.	Farmacoterapia::Neumología y vía aérea
¿Cuál es la vida media de Pseudoefedrina?	5-8 h.	Farmacoterapia::Neumología y vía aérea
¿Requiere Pseudoefedrina ajuste en insuficiencia renal?	Reducir dosis.	Farmacoterapia::Neumología y vía aérea
Interacción crítica de Pseudoefedrina con IMAO: ¿qué ocurre y qué se hace?	Crisis hipertensiva grave. Manejo: Contraindicado	Farmacoterapia::Neumología y vía aérea
Efecto adverso grave de Pseudoefedrina: <b>Crisis hipertensiva</b>, arritmias, ictus — ¿en qué consiste?	<b>Crisis hipertensiva</b>, arritmias, ictus	Farmacoterapia::Neumología y vía aérea
Efecto adverso grave de Pseudoefedrina: Retención urinaria — ¿en qué consiste?	Retención urinaria	Farmacoterapia::Neumología y vía aérea
¿Está contraindicado Pseudoefedrina en: HTA grave o no controlada, cardiopatía isquémica?	Sí — HTA grave o no controlada, cardiopatía isquémica	Farmacoterapia::Neumología y vía aérea
¿Está contraindicado Pseudoefedrina en: Tratamiento con IMAO?	Sí — Tratamiento con IMAO	Farmacoterapia::Neumología y vía aérea
¿Está contraindicado Pseudoefedrina en: Glaucoma de ángulo cerrado?	Sí — Glaucoma de ángulo cerrado	Farmacoterapia::Neumología y vía aérea
¿Está contraindicado Pseudoefedrina en: Hipertiroidismo?	Sí — Hipertiroidismo	Farmacoterapia::Neumología y vía aérea
¿Está contraindicado Pseudoefedrina en: Niños <12 años?	Sí — Niños <12 años	Farmacoterapia::Neumología y vía aérea
Particularidad de Pseudoefedrina que hay que tener en cuenta:	Antigripales combinados con pseudoefedrina: preguntar siempre por HTA y prostatismo.	Farmacoterapia::Neumología y vía aérea
¿A qué clase farmacológica pertenece Dextrometorfano?	Antitusígeno (Antitusígeno central no opioide (antagonista NMDA))	Farmacoterapia::Neumología y vía aérea
¿Cuál es el mecanismo de acción de Dextrometorfano?	Eleva el umbral del reflejo tusígeno en el bulbo (antagonista NMDA y agonista sigma-1).	Farmacoterapia::Neumología y vía aérea
¿Qué distingue a Dextrometorfano de los demás fármacos de su clase (Antitusígeno)?	<b>Antitusígeno CENTRAL sin efecto analgésico ni adictivo a dosis terapéuticas</b> (isómero de un opioide sin acción mu).	Farmacoterapia::Neumología y vía aérea
¿Cuál es la dosis de Dextrometorfano en Tos seca molesta (resfriado, bronquitis)?	15-30 mg — Cada 6-8 h (máximo 120 mg/día), vía VO	Farmacoterapia::Neumología y vía aérea
¿Cuánto dura el tratamiento con Dextrometorfano?	Pocos días.	Farmacoterapia::Neumología y vía aérea
¿Cómo se suspende Dextrometorfano?	—	Farmacoterapia::Neumología y vía aérea
¿Qué hay que monitorizar durante el tratamiento con Dextrometorfano?	—	Farmacoterapia::Neumología y vía aérea
¿Cuál es la vida media de Dextrometorfano?	3-6 h (mucho más en metabolizadores lentos).	Farmacoterapia::Neumología y vía aérea
¿Requiere Dextrometorfano ajuste en insuficiencia renal?	No precisa.	Farmacoterapia::Neumología y vía aérea
Interacción crítica de Dextrometorfano con IMAO: ¿qué ocurre y qué se hace?	Síndrome serotoninérgico grave. Manejo: Contraindicado	Farmacoterapia::Neumología y vía aérea
Efecto adverso grave de Dextrometorfano: Síndrome serotoninérgico — ¿en qué consiste?	Síndrome serotoninérgico	Farmacoterapia::Neumología y vía aérea
Efecto adverso grave de Dextrometorfano: Efectos disociativos a dosis altas — ¿en qué consiste?	Efectos disociativos a dosis altas	Farmacoterapia::Neumología y vía aérea
¿Está contraindicado Dextrometorfano en: Tratamiento con IMAO?	Sí — Tratamiento con IMAO	Farmacoterapia::Neumología y vía aérea
¿Está contraindicado Dextrometorfano en: Niños <6 años?	Sí — Niños <6 años	Farmacoterapia::Neumología y vía aérea
¿Está contraindicado Dextrometorfano en: Tos productiva o asma?	Sí — Tos productiva o asma	Farmacoterapia::Neumología y vía aérea
Particularidad de Dextrometorfano que hay que tener en cuenta:	La evidencia de los antitusígenos en la tos del resfriado es pobre: la miel es una alternativa razonable en >1 año.	Farmacoterapia::Neumología y vía aérea
¿A qué clase farmacológica pertenece Cloperastina?	Antitusígeno (Antitusígeno central con acción antihistamínica)	Farmacoterapia::Neumología y vía aérea
¿Cuál es el mecanismo de acción de Cloperastina?	Inhibe el centro de la tos y bloquea receptores H1 periféricos.	Farmacoterapia::Neumología y vía aérea
¿Qué distingue a Cloperastina de los demás fármacos de su clase (Antitusígeno)?	<b>Doble acción</b>: central sobre el reflejo de la tos <b>y antihistamínica H1</b> (útil si hay <b>goteo posnasal</b>).	Farmacoterapia::Neumología y vía aérea
¿Cuál es la dosis de Cloperastina en Tos seca no productiva?	10-20 mg — Cada 8 h, vía VO	Farmacoterapia::Neumología y vía aérea
¿Cuánto dura el tratamiento con Cloperastina?	Pocos días.	Farmacoterapia::Neumología y vía aérea
¿Cómo se suspende Cloperastina?	—	Farmacoterapia::Neumología y vía aérea
¿Qué hay que monitorizar durante el tratamiento con Cloperastina?	Somnolencia.	Farmacoterapia::Neumología y vía aérea
¿Cuál es la vida media de Cloperastina?	—	Farmacoterapia::Neumología y vía aérea
¿Requiere Cloperastina ajuste en insuficiencia renal?	No precisa.	Farmacoterapia::Neumología y vía aérea
Efecto adverso grave de Cloperastina: Excepcionales — ¿en qué consiste?	Excepcionales	Farmacoterapia::Neumología y vía aérea
¿Está contraindicado Cloperastina en: Niños <2 años?	Sí — Niños <2 años	Farmacoterapia::Neumología y vía aérea
¿Está contraindicado Cloperastina en: Tos productiva?	Sí — Tos productiva	Farmacoterapia::Neumología y vía aérea
Particularidad de Cloperastina que hay que tener en cuenta:	Tos nocturna con goteo posnasal: un antitusígeno con acción antihistamínica ayuda a dormir.	Farmacoterapia::Neumología y vía aérea
¿A qué clase farmacológica pertenece Levodropropizina?	Antitusígeno (Antitusígeno periférico)	Farmacoterapia::Neumología y vía aérea
¿Cuál es el mecanismo de acción de Levodropropizina?	Inhibe la activación de las fibras C sensitivas de la vía aérea y la liberación de neuropéptidos.	Farmacoterapia::Neumología y vía aérea
¿Qué distingue a Levodropropizina de los demás fármacos de su clase (Antitusígeno)?	<b>Acción PERIFÉRICA</b> (receptores sensitivos de la vía aérea): <b>sin sedación central</b> ni depresión respiratoria.	Farmacoterapia::Neumología y vía aérea
¿Cuál es la dosis de Levodropropizina en Tos seca no productiva?	60 mg — Cada 8 h (separadas ≥6 h), vía VO	Farmacoterapia::Neumología y vía aérea
¿Cuánto dura el tratamiento con Levodropropizina?	≤7 días.	Farmacoterapia::Neumología y vía aérea
¿Cómo se suspende Levodropropizina?	—	Farmacoterapia::Neumología y vía aérea
¿Qué hay que monitorizar durante el tratamiento con Levodropropizina?	—	Farmacoterapia::Neumología y vía aérea
¿Cuál es la vida media de Levodropropizina?	1-2 h.	Farmacoterapia::Neumología y vía aérea
¿Requiere Levodropropizina ajuste en insuficiencia renal?	Evitar en insuficiencia grave.	Farmacoterapia::Neumología y vía aérea
Efecto adverso grave de Levodropropizina: Excepcionales — ¿en qué consiste?	Excepcionales	Farmacoterapia::Neumología y vía aérea
¿Está contraindicado Levodropropizina en: Broncorrea?	Sí — Broncorrea	Farmacoterapia::Neumología y vía aérea
¿Está contraindicado Levodropropizina en: Insuficiencia hepática grave?	Sí — Insuficiencia hepática grave	Farmacoterapia::Neumología y vía aérea
¿Está contraindicado Levodropropizina en: Embarazo?	Sí — Embarazo	Farmacoterapia::Neumología y vía aérea
Particularidad de Levodropropizina que hay que tener en cuenta:	Antitusígeno de elección cuando no se quiere sedar al paciente.	Farmacoterapia::Neumología y vía aérea
¿A qué clase farmacológica pertenece Salbutamol?	Agonista beta-2 adrenérgico inhalado (Medicación de rescate)	Farmacoterapia::Neumología y vía aérea
¿Cuál es el mecanismo de acción de Salbutamol?	Agonista selectivo de los receptores BETA-2 del músculo liso bronquial: activa la adenilato ciclasa, eleva el AMP cíclico intracelular y produce relajación del músculo liso, con broncodilatación en minutos. Actúa además reduciendo la liberación de mediadores por los mastocitos y mejorando el aclaramiento mucociliar. NO tiene ningún efecto antiinflamatorio, y esa es la limitación que define todo su papel: alivia el síntoma sin tocar la causa. La estimulación beta-2 extrapulmonar explica el temblor, la taquicardia y la HIPOPOTASEMIA por entrada de potasio en la célula.	Farmacoterapia::Neumología y vía aérea
¿Qué distingue a Salbutamol de los demás fármacos de su clase (Agonista beta-2 adrenérgico inhalado)?	<b>El SABA de referencia</b>, con todas las vías: cartucho presurizado con cámara, nebulizado e IV.	Farmacoterapia::Neumología y vía aérea
¿Cuál es la dosis de Salbutamol en Crisis asmática leve-moderada?	4-10 pulsaciones de 100 µg con cámara, repetibles cada 20 minutos la primera hora — Cada 20 minutos hasta 3 tandas, después según respuesta, vía inhalada	Farmacoterapia::Neumología y vía aérea
¿Cuál es la dosis de Salbutamol en Crisis asmática grave o estado asmático?	2,5-5 mg nebulizados con oxígeno, repetibles cada 20 minutos o en nebulización continua — Cada 20 minutos o continua, vía nebulizada	Farmacoterapia::Neumología y vía aérea
¿Cuál es la dosis de Salbutamol en Asma: alivio de síntomas (rescate)?	2 pulsaciones de 100 µg a demanda — A demanda, vía inhalada	Farmacoterapia::Neumología y vía aérea
¿Cuál es la dosis de Salbutamol en Broncoespasmo inducido por ejercicio?	2 pulsaciones 10-15 minutos antes del esfuerzo — Preventiva, antes del ejercicio, vía inhalada	Farmacoterapia::Neumología y vía aérea
¿Cuál es la dosis de Salbutamol en Agudización de EPOC?	4-8 pulsaciones con cámara o 2,5-5 mg nebulizados cada 4-6 h — Cada 4-6 h, vía inhalada o nebulizada	Farmacoterapia::Neumología y vía aérea
¿Cuál es la dosis de Salbutamol en Hiperpotasemia grave (medida transitoria)?	10-20 mg nebulizados — Dosis única, repetible, vía nebulizada	Farmacoterapia::Neumología y vía aérea
¿Cuánto dura el tratamiento con Salbutamol?	Puntual. En la crisis, se espacia progresivamente a medida que el paciente mejora (de cada 20 minutos a cada 4-6 h).	Farmacoterapia::Neumología y vía aérea
¿Cómo se suspende Salbutamol?	Se suspende al ceder el broncoespasmo, manteniéndolo solo como rescate a demanda.	Farmacoterapia::Neumología y vía aérea
¿Qué hay que monitorizar durante el tratamiento con Salbutamol?	Frecuencia y saturación, POTASIO en las tandas repetidas o en nebulización continua, y sobre todo el NÚMERO DE ENVASES CONSUMIDOS AL AÑO, que es un indicador directo de control y de riesgo.	Farmacoterapia::Neumología y vía aérea
¿Cuál es la vida media de Salbutamol?	4-6 h de duración del efecto broncodilatador.	Farmacoterapia::Neumología y vía aérea
¿Requiere Salbutamol ajuste en insuficiencia renal?	No precisa ajuste.	Farmacoterapia::Neumología y vía aérea
Interacción crítica de Salbutamol con BETABLOQUEANTES no cardioselectivos (propranolol, timolol, incluido el COLIRIO para el glaucoma): ¿qué ocurre y qué se hace?	ANTAGONISMO directo del receptor beta-2: pueden desencadenar broncoespasmo grave y anular el efecto del rescate. Manejo: Evitar en el asmático; si se necesita betabloqueo, usar uno cardioselectivo (bisoprolol) y a la menor dosis. Preguntar SIEMPRE por el colirio del glaucoma	Farmacoterapia::Neumología y vía aérea
Efecto adverso grave de Salbutamol: HIPOPOTASEMIA con arritmias, sobre todo en tandas repetidas o nebulización continua — ¿en qué consiste?	HIPOPOTASEMIA con arritmias, sobre todo en tandas repetidas o nebulización continua	Farmacoterapia::Neumología y vía aérea
Efecto adverso grave de Salbutamol: Arritmias supraventriculares y agravamiento de la isquemia en el cardiópata — ¿en qué consiste?	Arritmias supraventriculares y agravamiento de la isquemia en el cardiópata	Farmacoterapia::Neumología y vía aérea
Efecto adverso grave de Salbutamol: ACIDOSIS LÁCTICA con taquipnea paradójica en la crisis grave tratada con dosis altas — ¿en qué consiste?	ACIDOSIS LÁCTICA con taquipnea paradójica en la crisis grave tratada con dosis altas: se confunde con empeoramiento del asma y lleva a dar aún más salbutamol	Farmacoterapia::Neumología y vía aérea
Efecto adverso grave de Salbutamol: Broncoespasmo paradójico — ¿en qué consiste?	Broncoespasmo paradójico (raro, obliga a suspender)	Farmacoterapia::Neumología y vía aérea
Efecto adverso grave de Salbutamol: Hiperglucemia — ¿en qué consiste?	Hiperglucemia	Farmacoterapia::Neumología y vía aérea
¿Está contraindicado Salbutamol en: Hipersensibilidad al salbutamol?	Sí — Hipersensibilidad al salbutamol	Farmacoterapia::Neumología y vía aérea
¿Está contraindicado Salbutamol en: Precaución?	Sí — Precaución (no contraindicación absoluta) en taquiarritmias, cardiopatía isquémica inestable, hipertiroidismo no controlado e hipopotasemia grave	Farmacoterapia::Neumología y vía aérea
Particularidad de Salbutamol que hay que tener en cuenta:	La regla clínica que mejor resume su papel: NO es un tratamiento del asma, es un tratamiento del SÍNTOMA. Necesitarlo más de 2 veces por semana define mal control, y consumir más de 3 envases al año se asocia a mayor riesgo de crisis grave y de muerte por asma. El número de envases dispensados es uno de los mejores predictores de riesgo que existen y está en la historia farmacéutica de cualquier paciente.	Farmacoterapia::Neumología y vía aérea
¿A qué clase farmacológica pertenece Budesonida/formoterol (corticoide inhalado con LABA)?	Corticoide inhalado con LABA (combinación) (Tratamiento de fondo y de rescate (MART) del asma)	Farmacoterapia::Neumología y vía aérea
¿Cuál es el mecanismo de acción de Budesonida/formoterol (corticoide inhalado con LABA)?	La BUDESONIDA es un glucocorticoide que se une al receptor citoplasmático y modula la transcripción génica en la mucosa bronquial: reduce la producción de citocinas, la infiltración eosinofílica y la hiperreactividad bronquial. Es el tratamiento de la CAUSA del asma. El FORMOTEROL es un agonista beta-2 de acción prolongada (12 h) pero de inicio RÁPIDO (1-3 minutos, a diferencia del salmeterol), lo que le permite servir tanto de mantenimiento como de rescate. Ambos se potencian: el corticoide aumenta la expresión de receptores beta-2 y el betaagonista facilita la translocación nuclear del receptor de glucocorticoides.	Farmacoterapia::Neumología y vía aérea
¿Qué distingue a Budesonida/formoterol (corticoide inhalado con LABA) de los demás fármacos de su clase (Corticoide inhalado con LABA (combinación))?	<b>El FORMOTEROL tiene INICIO RÁPIDO (1-3 min)</b>: la combinación <b>sirve como RESCATE</b> y permite la <b>estrategia MART</b> (un solo inhalador de fondo y rescate), que reduce las crisis graves.	Farmacoterapia::Neumología y vía aérea
¿Cuál es la dosis de Budesonida/formoterol (corticoide inhalado con LABA) en Asma persistente: tratamiento de fondo y de rescate (estrategia MART)?	160/4,5 µg, 1-2 inhalaciones/12 h de mantenimiento MÁS 1 inhalación a demanda como rescate (máximo 12 al día) — Cada 12 h más rescate a demanda, vía inhalada	Farmacoterapia::Neumología y vía aérea
¿Cuál es la dosis de Budesonida/formoterol (corticoide inhalado con LABA) en Asma leve: rescate a demanda sin mantenimiento?	160/4,5 µg, 1 inhalación a demanda cuando hay síntomas — A demanda, vía inhalada	Farmacoterapia::Neumología y vía aérea
¿Cuál es la dosis de Budesonida/formoterol (corticoide inhalado con LABA) en Asma moderada-grave persistente?	320/9 µg/12 h — Cada 12 h, vía inhalada	Farmacoterapia::Neumología y vía aérea
¿Cuál es la dosis de Budesonida/formoterol (corticoide inhalado con LABA) en EPOC con agudizaciones frecuentes y eosinofilia?	320/9 µg/12 h, habitualmente dentro de una triple terapia con LAMA — Cada 12 h, vía inhalada	Farmacoterapia::Neumología y vía aérea
¿Cuánto dura el tratamiento con Budesonida/formoterol (corticoide inhalado con LABA)?	Prolongada, mientras persista el asma persistente. No es un tratamiento a demanda.	Farmacoterapia::Neumología y vía aérea
¿Cómo se suspende Budesonida/formoterol (corticoide inhalado con LABA)?	Nunca se retira de forma brusca en el asma persistente: la inflamación reaparece y con ella las crisis. El descenso es gradual y con reevaluación.	Farmacoterapia::Neumología y vía aérea
¿Qué hay que monitorizar durante el tratamiento con Budesonida/formoterol (corticoide inhalado con LABA)?	Control clínico (cuestionarios ACT), espirometría periódica, número de crisis y de ciclos de corticoide oral, TÉCNICA INHALATORIA en cada revisión y adherencia.	Farmacoterapia::Neumología y vía aérea
¿Cuál es la vida media de Budesonida/formoterol (corticoide inhalado con LABA)?	Efecto broncodilatador del formoterol de 12 h; efecto antiinflamatorio de la budesonida sostenido con la dosificación cada 12 h.	Farmacoterapia::Neumología y vía aérea
¿Requiere Budesonida/formoterol (corticoide inhalado con LABA) ajuste en insuficiencia renal?	No precisa ajuste.	Farmacoterapia::Neumología y vía aérea
Interacción crítica de Budesonida/formoterol (corticoide inhalado con LABA) con RITONAVIR, cobicistat, itraconazol, ketoconazol, claritromicina (inhibidores potentes del CYP3A4): ¿qué ocurre y qué se hace?	Bloquean el primer paso hepático de la budesonida y elevan mucho su exposición sistémica: se han descrito SÍNDROMES DE CUSHING iatrogénicos e insuficiencia suprarrenal con un corticoide inhalado. Manejo: Evitar la combinación; en el paciente con VIH o con antifúngico azólico, elegir beclometasona, que depende menos del CYP3A4	Farmacoterapia::Neumología y vía aérea
Interacción crítica de Budesonida/formoterol (corticoide inhalado con LABA) con Betabloqueantes no cardioselectivos, incluido el colirio de timolol: ¿qué ocurre y qué se hace?	Antagonismo del componente beta-2 con riesgo de broncoespasmo. Manejo: Evitar; usar cardioselectivos si el betabloqueo es imprescindible	Farmacoterapia::Neumología y vía aérea
Efecto adverso grave de Budesonida/formoterol (corticoide inhalado con LABA): NEUMONÍA en el paciente con EPOC — ¿en qué consiste?	NEUMONÍA en el paciente con EPOC (efecto de clase de los corticoides inhalados, más marcado con fluticasona)	Farmacoterapia::Neumología y vía aérea
Efecto adverso grave de Budesonida/formoterol (corticoide inhalado con LABA): Supresión del eje hipotálamo-hipófiso-suprarrenal con dosis altas mantenidas o con inhibidores del CYP3A4 — ¿en qué consiste?	Supresión del eje hipotálamo-hipófiso-suprarrenal con dosis altas mantenidas o con inhibidores del CYP3A4	Farmacoterapia::Neumología y vía aérea
Efecto adverso grave de Budesonida/formoterol (corticoide inhalado con LABA): Osteoporosis, cataratas y glaucoma con dosis altas prolongadas — ¿en qué consiste?	Osteoporosis, cataratas y glaucoma con dosis altas prolongadas	Farmacoterapia::Neumología y vía aérea
Efecto adverso grave de Budesonida/formoterol (corticoide inhalado con LABA): Retraso del crecimiento en el niño — ¿en qué consiste?	Retraso del crecimiento en el niño (leve y con recuperación posterior de la talla)	Farmacoterapia::Neumología y vía aérea
Efecto adverso grave de Budesonida/formoterol (corticoide inhalado con LABA): Broncoespasmo paradójico — ¿en qué consiste?	Broncoespasmo paradójico	Farmacoterapia::Neumología y vía aérea
¿Está contraindicado Budesonida/formoterol (corticoide inhalado con LABA) en: Hipersensibilidad a cualquiera de los componentes?	Sí — Hipersensibilidad a cualquiera de los componentes	Farmacoterapia::Neumología y vía aérea
¿Está contraindicado Budesonida/formoterol (corticoide inhalado con LABA) en: El LABA NUNCA debe usarse SOLO en el asma, sin corticoide inhalado?	Sí — El LABA NUNCA debe usarse SOLO en el asma, sin corticoide inhalado: aumenta la mortalidad. Por eso solo se comercializa en combinación fija	Farmacoterapia::Neumología y vía aérea
¿Está contraindicado Budesonida/formoterol (corticoide inhalado con LABA) en: Precaución en tuberculosis pulmonar activa e infecciones respiratorias fúngicas no tratadas?	Sí — Precaución en tuberculosis pulmonar activa e infecciones respiratorias fúngicas no tratadas	Farmacoterapia::Neumología y vía aérea
Particularidad de Budesonida/formoterol (corticoide inhalado con LABA) que hay que tener en cuenta:	La lección histórica que explica por qué estos fármacos solo existen combinados: el LABA en MONOTERAPIA en el asma aumenta la MORTALIDAD, porque enmascara la inflamación mientras alivia el síntoma. Por eso la combinación fija es obligatoria y por eso jamás debe prescribirse un LABA suelto a un asmático.	Farmacoterapia::Neumología y vía aérea
¿A qué clase farmacológica pertenece Tiotropio?	Broncodilatador antimuscarínico inhalado (LAMA (acción prolongada))	Farmacoterapia::Neumología y vía aérea
¿Cuál es el mecanismo de acción de Tiotropio?	Antagonista de los receptores muscarínicos M1, M2 y M3 del músculo liso bronquial. Su selectividad es CINÉTICA, no estructural: se disocia muy lentamente del receptor M3 (el que media la broncoconstricción) y con rapidez del M2 (autorreceptor presináptico inhibidor, cuyo bloqueo sería contraproducente). De ahí una broncodilatación mantenida durante más de 24 h con una sola dosis diaria. Al bloquear el tono vagal colinérgico, que es el principal componente REVERSIBLE de la obstrucción en el EPOC, resulta especialmente eficaz en esa enfermedad.	Farmacoterapia::Neumología y vía aérea
¿Qué distingue a Tiotropio de los demás fármacos de su clase (Broncodilatador antimuscarínico inhalado)?	<b>LAMA de 24 h con la mayor evidencia en EPOC</b> (UPLIFT) y añadido en el <b>asma grave</b>.	Farmacoterapia::Neumología y vía aérea
¿Cuál es la dosis de Tiotropio en EPOC: tratamiento de fondo?	18 µg (cápsula para inhalar) o 5 µg (inhalador de niebla fina) cada 24 h — Una vez al día, a la misma hora, vía inhalada	Farmacoterapia::Neumología y vía aérea
¿Cuál es la dosis de Tiotropio en EPOC con agudizaciones pese a monoterapia: doble broncodilatación?	LAMA más LABA en combinación fija, 1 inhalación/24 h — Una vez al día, vía inhalada	Farmacoterapia::Neumología y vía aérea
¿Cuál es la dosis de Tiotropio en Asma grave no controlada pese a corticoide inhalado y LABA?	5 µg/24 h (inhalador de niebla fina) — Una vez al día, vía inhalada	Farmacoterapia::Neumología y vía aérea
¿Cuánto dura el tratamiento con Tiotropio?	Indefinida en el EPOC.	Farmacoterapia::Neumología y vía aérea
¿Cómo se suspende Tiotropio?	No se retira salvo intolerancia. Su retirada se asocia a empeoramiento sintomático y funcional.	Farmacoterapia::Neumología y vía aérea
¿Qué hay que monitorizar durante el tratamiento con Tiotropio?	Disnea, tolerancia al esfuerzo, número de agudizaciones y espirometría periódica. Vigilar retención urinaria y síntomas oculares.	Farmacoterapia::Neumología y vía aérea
¿Cuál es la vida media de Tiotropio?	Muy prolongada por la disociación lenta del receptor M3: más de 24 h de efecto.	Farmacoterapia::Neumología y vía aérea
¿Requiere Tiotropio ajuste en insuficiencia renal?	PRECAUCIÓN con FG por debajo de 50: se elimina por vía renal y puede acumularse. Vigilar efectos anticolinérgicos.	Farmacoterapia::Neumología y vía aérea
Efecto adverso grave de Tiotropio: RETENCIÓN URINARIA aguda en el varón con hipertrofia prostática — ¿en qué consiste?	RETENCIÓN URINARIA aguda en el varón con hipertrofia prostática	Farmacoterapia::Neumología y vía aérea
Efecto adverso grave de Tiotropio: GLAUCOMA AGUDO DE ÁNGULO CERRADO si el aerosol alcanza el ojo — ¿en qué consiste?	GLAUCOMA AGUDO DE ÁNGULO CERRADO si el aerosol alcanza el ojo	Farmacoterapia::Neumología y vía aérea
Efecto adverso grave de Tiotropio: Broncoespasmo paradójico — ¿en qué consiste?	Broncoespasmo paradójico	Farmacoterapia::Neumología y vía aérea
Efecto adverso grave de Tiotropio: Taquicardia supraventricular y fibrilación auricular — ¿en qué consiste?	Taquicardia supraventricular y fibrilación auricular (señal descrita, de magnitud discutida)	Farmacoterapia::Neumología y vía aérea
¿Está contraindicado Tiotropio en: Hipersensibilidad al tiotropio, al ipratropio o a la atropina?	Sí — Hipersensibilidad al tiotropio, al ipratropio o a la atropina	Farmacoterapia::Neumología y vía aérea
¿Está contraindicado Tiotropio en: Precaución en glaucoma de ángulo estrecho, hipertrofia prostática con retención y obstrucción del cuello vesical?	Sí — Precaución en glaucoma de ángulo estrecho, hipertrofia prostática con retención y obstrucción del cuello vesical	Farmacoterapia::Neumología y vía aérea
¿Está contraindicado Tiotropio en: No indicado como medicación de RESCATE?	Sí — No indicado como medicación de RESCATE: su inicio de acción es demasiado lento	Farmacoterapia::Neumología y vía aérea
Particularidad de Tiotropio que hay que tener en cuenta:	Su duración de más de 24 h no se debe a que se elimine despacio del organismo, sino a que se DISOCIA MUY LENTAMENTE del receptor M3. Es un buen ejemplo de que la duración del efecto de un fármaco puede depender de la cinética del receptor y no de la del plasma.	Farmacoterapia::Neumología y vía aérea
¿A qué clase farmacológica pertenece Montelukast?	Antiinflamatorio oral de la vía aérea (Antiinflamatorio no esteroideo de la vía aérea)	Farmacoterapia::Neumología y vía aérea
¿Cuál es el mecanismo de acción de Montelukast?	Antagonista selectivo del receptor CysLT1 de los cisteinil-leucotrienos (LTC4, LTD4, LTE4), mediadores derivados del ácido araquidónico por la vía de la 5-LIPOOXIGENASA. Esos leucotrienos producen broncoconstricción potente, secreción de moco, edema de la mucosa y reclutamiento de eosinófilos. Bloquear su receptor tiene un efecto antiinflamatorio modesto pero muy específico, que resulta especialmente útil en los fenotipos donde esa vía predomina: asma inducida por ejercicio, asma con rinitis alérgica y ENFERMEDAD RESPIRATORIA EXACERBADA POR AAS, en la que los AINE desvían el araquidónico hacia la vía de los leucotrienos.	Farmacoterapia::Neumología y vía aérea
¿Qué distingue a Montelukast de los demás fármacos de su clase (Antiinflamatorio oral de la vía aérea)?	<b>Antileucotrieno ORAL</b>: útil en el <b>asma inducida por ejercicio o por AAS</b> y con <b>rinitis alérgica asociada</b>; menos eficaz que el ICS.	Farmacoterapia::Neumología y vía aérea
¿Cuál es la dosis de Montelukast en Asma persistente leve-moderada como tratamiento añadido?	10 mg/24 h — Una vez al día, por la noche, vía VO	Farmacoterapia::Neumología y vía aérea
¿Cuál es la dosis de Montelukast en Broncoespasmo inducido por ejercicio?	10 mg/24 h — Una vez al día, vía VO	Farmacoterapia::Neumología y vía aérea
¿Cuál es la dosis de Montelukast en Asma con rinitis alérgica concomitante?	10 mg/24 h — Una vez al día, vía VO	Farmacoterapia::Neumología y vía aérea
¿Cuál es la dosis de Montelukast en Enfermedad respiratoria exacerbada por AAS (tríada de Widal)?	10 mg/24 h — Una vez al día, vía VO	Farmacoterapia::Neumología y vía aérea
¿Cuánto dura el tratamiento con Montelukast?	Se evalúa la respuesta a las 2-4 SEMANAS: si no hay mejoría objetiva, se RETIRA. Es un fármaco de respuesta muy heterogénea, con pacientes que responden bien y otros que no responden en absoluto.	Farmacoterapia::Neumología y vía aérea
¿Cómo se suspende Montelukast?	Retirada directa si no hay beneficio o si aparecen síntomas neuropsiquiátricos.	Farmacoterapia::Neumología y vía aérea
¿Qué hay que monitorizar durante el tratamiento con Montelukast?	Respuesta clínica a las 2-4 semanas y, de forma expresa, VIGILANCIA NEUROPSIQUIÁTRICA: preguntar activamente por pesadillas, alteración del ánimo, agresividad e ideación suicida.	Farmacoterapia::Neumología y vía aérea
¿Cuál es la vida media de Montelukast?	3-6 h, suficiente para la toma única nocturna por la duración del bloqueo del receptor.	Farmacoterapia::Neumología y vía aérea
¿Requiere Montelukast ajuste en insuficiencia renal?	No precisa ajuste (eliminación biliar).	Farmacoterapia::Neumología y vía aérea
Efecto adverso grave de Montelukast: TRASTORNOS NEUROPSIQUIÁTRICOS — ¿en qué consiste?	TRASTORNOS NEUROPSIQUIÁTRICOS: agitación, agresividad, ansiedad, depresión, alteraciones del sueño, IDEACIÓN Y CONDUCTA SUICIDA. Motivaron una advertencia con recuadro negro de la FDA en 2020	Farmacoterapia::Neumología y vía aérea
Efecto adverso grave de Montelukast: Elevación de transaminasas y hepatitis — ¿en qué consiste?	Elevación de transaminasas y hepatitis	Farmacoterapia::Neumología y vía aérea
Efecto adverso grave de Montelukast: Síndrome de Churg-Strauss — ¿en qué consiste?	Síndrome de Churg-Strauss (granulomatosis eosinofílica con poliangeítis), casi siempre al desenmascararse al reducir el corticoide sistémico	Farmacoterapia::Neumología y vía aérea
Efecto adverso grave de Montelukast: Reacciones de hipersensibilidad y angioedema — ¿en qué consiste?	Reacciones de hipersensibilidad y angioedema	Farmacoterapia::Neumología y vía aérea
¿Está contraindicado Montelukast en: Hipersensibilidad al montelukast?	Sí — Hipersensibilidad al montelukast	Farmacoterapia::Neumología y vía aérea
¿Está contraindicado Montelukast en: NO es medicación de rescate?	Sí — NO es medicación de rescate: no sirve para la crisis aguda	Farmacoterapia::Neumología y vía aérea
¿Está contraindicado Montelukast en: Precaución?	Sí — Precaución (valorar alternativas) en pacientes con antecedentes psiquiátricos o de conducta suicida	Farmacoterapia::Neumología y vía aérea
Particularidad de Montelukast que hay que tener en cuenta:	El dato que ha cambiado su posición terapéutica es la ADVERTENCIA CON RECUADRO NEGRO por efectos NEUROPSIQUIÁTRICOS, incluida la conducta suicida. Hoy no basta con prescribirlo: hay que INFORMAR al paciente y a la familia y preguntar activamente en cada revisión por pesadillas, cambios de carácter y ánimo. En el niño, las pesadillas y la irritabilidad son las manifestaciones más frecuentes y a menudo no se relacionan con el fármaco.	Farmacoterapia::Neumología y vía aérea
¿A qué clase farmacológica pertenece Formoterol?	Agonista beta-2 adrenérgico inhalado (LABA de inicio RÁPIDO (12 h))	Farmacoterapia::Neumología y vía aérea
¿Cuál es el mecanismo de acción de Formoterol?	Agonista beta-2 de acción prolongada con alta eficacia intrínseca y moderada lipofilia.	Farmacoterapia::Neumología y vía aérea
¿Qué distingue a Formoterol de los demás fármacos de su clase (Agonista beta-2 adrenérgico inhalado)?	<b>LABA de inicio RÁPIDO (1-3 min)</b>, como un SABA, pero con 12 h de duración: por eso es la base de la <b>estrategia MART</b> (con budesonida).	Farmacoterapia::Neumología y vía aérea
¿Cuál es la dosis de Formoterol en EPOC (monoterapia o con LAMA)?	12 µg — Cada 12 h, vía inhalada	Farmacoterapia::Neumología y vía aérea
¿Cuál es la dosis de Formoterol en Asma (siempre asociado a corticoide inhalado)?	4,5-12 µg — Cada 12 h y a demanda en MART, vía inhalada	Farmacoterapia::Neumología y vía aérea
¿Cuánto dura el tratamiento con Formoterol?	Indefinida.	Farmacoterapia::Neumología y vía aérea
¿Cómo se suspende Formoterol?	—	Farmacoterapia::Neumología y vía aérea
¿Qué hay que monitorizar durante el tratamiento con Formoterol?	Control de síntomas.	Farmacoterapia::Neumología y vía aérea
¿Cuál es la vida media de Formoterol?	10 h (efecto 12 h).	Farmacoterapia::Neumología y vía aérea
¿Requiere Formoterol ajuste en insuficiencia renal?	No precisa.	Farmacoterapia::Neumología y vía aérea
Interacción crítica de Formoterol con Betabloqueantes no selectivos: ¿qué ocurre y qué se hace?	Broncoespasmo. Manejo: Evitar en asma	Farmacoterapia::Neumología y vía aérea
Efecto adverso grave de Formoterol: Hipopotasemia — ¿en qué consiste?	Hipopotasemia	Farmacoterapia::Neumología y vía aérea
Efecto adverso grave de Formoterol: Arritmias — ¿en qué consiste?	Arritmias	Farmacoterapia::Neumología y vía aérea
Efecto adverso grave de Formoterol: Muerte asmática si se usa sin ICS — ¿en qué consiste?	Muerte asmática si se usa sin ICS	Farmacoterapia::Neumología y vía aérea
¿Está contraindicado Formoterol en: Monoterapia en asma?	Sí — Monoterapia en asma	Farmacoterapia::Neumología y vía aérea
Particularidad de Formoterol que hay que tener en cuenta:	Su inicio rápido permite usarlo como rescate (en combinación con ICS).	Farmacoterapia::Neumología y vía aérea
¿A qué clase farmacológica pertenece Salmeterol?	Agonista beta-2 adrenérgico inhalado (LABA de inicio LENTO (12 h))	Farmacoterapia::Neumología y vía aérea
¿Cuál es el mecanismo de acción de Salmeterol?	Agonista beta-2 parcial con cadena lateral lipófila que lo ancla cerca del receptor.	Farmacoterapia::Neumología y vía aérea
¿Qué distingue a Salmeterol de los demás fármacos de su clase (Agonista beta-2 adrenérgico inhalado)?	<b>Inicio LENTO (15-30 min)</b>: <b>no sirve de rescate</b> ni para MART.	Farmacoterapia::Neumología y vía aérea
¿Cuál es la dosis de Salmeterol en Asma (con ICS) y EPOC?	50 µg — Cada 12 h, vía inhalada	Farmacoterapia::Neumología y vía aérea
¿Cuánto dura el tratamiento con Salmeterol?	Indefinida.	Farmacoterapia::Neumología y vía aérea
¿Cómo se suspende Salmeterol?	—	Farmacoterapia::Neumología y vía aérea
¿Qué hay que monitorizar durante el tratamiento con Salmeterol?	Síntomas.	Farmacoterapia::Neumología y vía aérea
¿Cuál es la vida media de Salmeterol?	5,5 h (efecto 12 h).	Farmacoterapia::Neumología y vía aérea
¿Requiere Salmeterol ajuste en insuficiencia renal?	No precisa.	Farmacoterapia::Neumología y vía aérea
Interacción crítica de Salmeterol con Ketoconazol, ritonavir, claritromicina: ¿qué ocurre y qué se hace?	Aumento de niveles: QT largo, taquicardia. Manejo: Evitar	Farmacoterapia::Neumología y vía aérea
Interacción crítica de Salmeterol con Betabloqueantes no selectivos: ¿qué ocurre y qué se hace?	Broncoespasmo. Manejo: Evitar	Farmacoterapia::Neumología y vía aérea
Efecto adverso grave de Salmeterol: Broncoespasmo paradójico — ¿en qué consiste?	Broncoespasmo paradójico	Farmacoterapia::Neumología y vía aérea
Efecto adverso grave de Salmeterol: Muerte asmática en monoterapia — ¿en qué consiste?	Muerte asmática en monoterapia (SMART)	Farmacoterapia::Neumología y vía aérea
¿Está contraindicado Salmeterol en: Monoterapia en asma?	Sí — Monoterapia en asma	Farmacoterapia::Neumología y vía aérea
¿Está contraindicado Salmeterol en: Uso como rescate?	Sí — Uso como rescate	Farmacoterapia::Neumología y vía aérea
Particularidad de Salmeterol que hay que tener en cuenta:	El estudio SMART (salmeterol sin ICS) aumentó las muertes por asma: siempre con corticoide.	Farmacoterapia::Neumología y vía aérea
¿A qué clase farmacológica pertenece Indacaterol (y olodaterol)?	Agonista beta-2 adrenérgico inhalado (Ultra-LABA de 24 h)	Farmacoterapia::Neumología y vía aérea
¿Cuál es el mecanismo de acción de Indacaterol (y olodaterol)?	Agonista beta-2 de acción ultraprolongada con inicio rápido (5 min).	Farmacoterapia::Neumología y vía aérea
¿Qué distingue a Indacaterol (y olodaterol) de los demás fármacos de su clase (Agonista beta-2 adrenérgico inhalado)?	<b>Acción de 24 h: una sola inhalación diaria</b> (ultra-LABA).	Farmacoterapia::Neumología y vía aérea
¿Cuál es la dosis de Indacaterol (y olodaterol) en EPOC (monoterapia o con LAMA: indacaterol/glicopirronio)?	150-300 µg — Cada 24 h, vía inhalada	Farmacoterapia::Neumología y vía aérea
¿Cuánto dura el tratamiento con Indacaterol (y olodaterol)?	Indefinida.	Farmacoterapia::Neumología y vía aérea
¿Cómo se suspende Indacaterol (y olodaterol)?	—	Farmacoterapia::Neumología y vía aérea
¿Qué hay que monitorizar durante el tratamiento con Indacaterol (y olodaterol)?	Síntomas.	Farmacoterapia::Neumología y vía aérea
¿Cuál es la vida media de Indacaterol (y olodaterol)?	40-56 h.	Farmacoterapia::Neumología y vía aérea
¿Requiere Indacaterol (y olodaterol) ajuste en insuficiencia renal?	No precisa.	Farmacoterapia::Neumología y vía aérea
Efecto adverso grave de Indacaterol (y olodaterol): Arritmias en cardiópatas — ¿en qué consiste?	Arritmias en cardiópatas	Farmacoterapia::Neumología y vía aérea
¿Está contraindicado Indacaterol (y olodaterol) en: Asma en monoterapia?	Sí — Asma en monoterapia	Farmacoterapia::Neumología y vía aérea
Particularidad de Indacaterol (y olodaterol) que hay que tener en cuenta:	Comodidad de una toma: mejora la adherencia en la EPOC.	Farmacoterapia::Neumología y vía aérea
¿A qué clase farmacológica pertenece Budesonida inhalada (y nebulizada)?	Corticoide inhalado (ICS de potencia media con gran experiencia)	Farmacoterapia::Neumología y vía aérea
¿Cuál es el mecanismo de acción de Budesonida inhalada (y nebulizada)?	Glucocorticoide tópico de alta afinidad que reduce la inflamación eosinofílica bronquial.	Farmacoterapia::Neumología y vía aérea
¿Qué distingue a Budesonida inhalada (y nebulizada) de los demás fármacos de su clase (Corticoide inhalado)?	<b>El ICS con MÁS experiencia en el EMBARAZO y en niños</b>; disponible en <b>suspensión para nebulizar</b>.	Farmacoterapia::Neumología y vía aérea
¿Cuál es la dosis de Budesonida inhalada (y nebulizada) en Asma persistente (monoterapia de fondo en dosis baja)?	200-400 µg (dosis baja) a 800 µg/día — Cada 12 h, vía inhalada	Farmacoterapia::Neumología y vía aérea
¿Cuál es la dosis de Budesonida inhalada (y nebulizada) en Crup (nebulizada)?	2 mg — Dosis única, vía nebulizada	Farmacoterapia::Neumología y vía aérea
¿Cuánto dura el tratamiento con Budesonida inhalada (y nebulizada)?	Indefinida en asma persistente.	Farmacoterapia::Neumología y vía aérea
¿Cómo se suspende Budesonida inhalada (y nebulizada)?	Desescalar en control.	Farmacoterapia::Neumología y vía aérea
¿Qué hay que monitorizar durante el tratamiento con Budesonida inhalada (y nebulizada)?	Control, candidiasis, talla en niños.	Farmacoterapia::Neumología y vía aérea
¿Cuál es la vida media de Budesonida inhalada (y nebulizada)?	2-3 h.	Farmacoterapia::Neumología y vía aérea
¿Requiere Budesonida inhalada (y nebulizada) ajuste en insuficiencia renal?	No precisa.	Farmacoterapia::Neumología y vía aérea
Interacción crítica de Budesonida inhalada (y nebulizada) con Ritonavir, cobicistat, itraconazol: ¿qué ocurre y qué se hace?	Cushing iatrogénico. Manejo: Evitar (preferir beclometasona)	Farmacoterapia::Neumología y vía aérea
Efecto adverso grave de Budesonida inhalada (y nebulizada): Supresión suprarrenal a dosis altas — ¿en qué consiste?	Supresión suprarrenal a dosis altas	Farmacoterapia::Neumología y vía aérea
Efecto adverso grave de Budesonida inhalada (y nebulizada): Reducción leve del crecimiento en niños — ¿en qué consiste?	Reducción leve del crecimiento en niños	Farmacoterapia::Neumología y vía aérea
¿Está contraindicado Budesonida inhalada (y nebulizada) en: Hipersensibilidad?	Sí — Hipersensibilidad	Farmacoterapia::Neumología y vía aérea
Particularidad de Budesonida inhalada (y nebulizada) que hay que tener en cuenta:	En la gestante asmática, el ICS de referencia es la budesonida.	Farmacoterapia::Neumología y vía aérea
¿A qué clase farmacológica pertenece Beclometasona dipropionato?	Corticoide inhalado (ICS profármaco en partícula extrafina)	Farmacoterapia::Neumología y vía aérea
¿Cuál es el mecanismo de acción de Beclometasona dipropionato?	Profármaco hidrolizado por esterasas pulmonares a beclometasona-17-monopropionato (activo).	Farmacoterapia::Neumología y vía aérea
¿Qué distingue a Beclometasona dipropionato de los demás fármacos de su clase (Corticoide inhalado)?	<b>Partícula EXTRAFINA</b> (cartucho presurizado): llega a la vía aérea pequeña con dosis menores.	Farmacoterapia::Neumología y vía aérea
¿Cuál es la dosis de Beclometasona dipropionato en Asma persistente y EPOC (combinación)?	100-200 µg (extrafina) hasta 800 µg/día — Cada 12 h, vía inhalada	Farmacoterapia::Neumología y vía aérea
¿Cuánto dura el tratamiento con Beclometasona dipropionato?	Indefinida.	Farmacoterapia::Neumología y vía aérea
¿Cómo se suspende Beclometasona dipropionato?	Desescalar.	Farmacoterapia::Neumología y vía aérea
¿Qué hay que monitorizar durante el tratamiento con Beclometasona dipropionato?	Control, candidiasis.	Farmacoterapia::Neumología y vía aérea
¿Cuál es la vida media de Beclometasona dipropionato?	2,7 h (metabolito activo).	Farmacoterapia::Neumología y vía aérea
¿Requiere Beclometasona dipropionato ajuste en insuficiencia renal?	No precisa.	Farmacoterapia::Neumología y vía aérea
Efecto adverso grave de Beclometasona dipropionato: Supresión suprarrenal a dosis muy altas — ¿en qué consiste?	Supresión suprarrenal a dosis muy altas	Farmacoterapia::Neumología y vía aérea
¿Está contraindicado Beclometasona dipropionato en: Hipersensibilidad?	Sí — Hipersensibilidad	Farmacoterapia::Neumología y vía aérea
Particularidad de Beclometasona dipropionato que hay que tener en cuenta:	Paciente VIH con ritonavir que necesita ICS: beclometasona.	Farmacoterapia::Neumología y vía aérea
¿A qué clase farmacológica pertenece Fluticasona propionato inhalada?	Corticoide inhalado (ICS de alta potencia)	Farmacoterapia::Neumología y vía aérea
¿Cuál es el mecanismo de acción de Fluticasona propionato inhalada?	Glucocorticoide de muy alta afinidad y lipofilia con primer paso hepático casi completo.	Farmacoterapia::Neumología y vía aérea
¿Qué distingue a Fluticasona propionato inhalada de los demás fármacos de su clase (Corticoide inhalado)?	<b>El ICS más POTENTE por microgramo</b> (100 µg ≈ 200 µg de budesonida).	Farmacoterapia::Neumología y vía aérea
¿Cuál es la dosis de Fluticasona propionato inhalada en Asma persistente?	100-250 µg (hasta 1.000 µg/día) — Cada 12 h, vía inhalada	Farmacoterapia::Neumología y vía aérea
¿Cuánto dura el tratamiento con Fluticasona propionato inhalada?	Indefinida.	Farmacoterapia::Neumología y vía aérea
¿Cómo se suspende Fluticasona propionato inhalada?	Desescalar.	Farmacoterapia::Neumología y vía aérea
¿Qué hay que monitorizar durante el tratamiento con Fluticasona propionato inhalada?	Control, candidiasis, neumonías.	Farmacoterapia::Neumología y vía aérea
¿Cuál es la vida media de Fluticasona propionato inhalada?	8 h.	Farmacoterapia::Neumología y vía aérea
¿Requiere Fluticasona propionato inhalada ajuste en insuficiencia renal?	No precisa.	Farmacoterapia::Neumología y vía aérea
Interacción crítica de Fluticasona propionato inhalada con Ritonavir, cobicistat, itraconazol: ¿qué ocurre y qué se hace?	<b>Síndrome de Cushing iatrogénico</b>. Manejo: Contraindicado: cambiar a beclometasona	Farmacoterapia::Neumología y vía aérea
Efecto adverso grave de Fluticasona propionato inhalada: Neumonía en EPOC — ¿en qué consiste?	Neumonía en EPOC	Farmacoterapia::Neumología y vía aérea
Efecto adverso grave de Fluticasona propionato inhalada: Supresión suprarrenal — ¿en qué consiste?	Supresión suprarrenal	Farmacoterapia::Neumología y vía aérea
¿Está contraindicado Fluticasona propionato inhalada en: Tratamiento con ritonavir o cobicistat?	Sí — Tratamiento con ritonavir o cobicistat	Farmacoterapia::Neumología y vía aérea
Particularidad de Fluticasona propionato inhalada que hay que tener en cuenta:	A igualdad de control, usar la dosis mínima de ICS.	Farmacoterapia::Neumología y vía aérea
¿A qué clase farmacológica pertenece Roflumilast?	Antiinflamatorio oral de la vía aérea (Inhibidor selectivo de la fosfodiesterasa 4)	Farmacoterapia::Neumología y vía aérea
¿Cuál es el mecanismo de acción de Roflumilast?	Inhibe la PDE4 de las células inflamatorias, aumentando el AMPc y reduciendo la inflamación neutrofílica.	Farmacoterapia::Neumología y vía aérea
¿Qué distingue a Roflumilast de los demás fármacos de su clase (Antiinflamatorio oral de la vía aérea)?	<b>Solo EPOC</b>: reduce exacerbaciones en el fenotipo <b>bronquitis crónica con FEV1 <50%</b> y exacerbaciones pese a tratamiento inhalado.	Farmacoterapia::Neumología y vía aérea
¿Cuál es la dosis de Roflumilast en EPOC con bronquitis crónica y exacerbaciones frecuentes?	250 µg 4 semanas, después 500 µg — Cada 24 h, vía VO	Farmacoterapia::Neumología y vía aérea
¿Cuánto dura el tratamiento con Roflumilast?	Indefinida.	Farmacoterapia::Neumología y vía aérea
¿Cómo se suspende Roflumilast?	Suspender si pérdida de peso importante o síntomas psiquiátricos.	Farmacoterapia::Neumología y vía aérea
¿Qué hay que monitorizar durante el tratamiento con Roflumilast?	Peso, estado de ánimo.	Farmacoterapia::Neumología y vía aérea
¿Cuál es la vida media de Roflumilast?	17 h (metabolito 30 h).	Farmacoterapia::Neumología y vía aérea
¿Requiere Roflumilast ajuste en insuficiencia renal?	No precisa.	Farmacoterapia::Neumología y vía aérea
Efecto adverso grave de Roflumilast: Depresión e ideación suicida — ¿en qué consiste?	Depresión e ideación suicida	Farmacoterapia::Neumología y vía aérea
¿Está contraindicado Roflumilast en: Insuficiencia hepática moderada-grave?	Sí — Insuficiencia hepática moderada-grave	Farmacoterapia::Neumología y vía aérea
¿Está contraindicado Roflumilast en: Antecedente de depresión con ideación suicida?	Sí — Antecedente de depresión con ideación suicida	Farmacoterapia::Neumología y vía aérea
Particularidad de Roflumilast que hay que tener en cuenta:	EPOC caquéctico: mala elección (adelgaza).	Farmacoterapia::Neumología y vía aérea
¿A qué clase farmacológica pertenece Teofilina?	Antiinflamatorio oral de la vía aérea (Metilxantina (broncodilatador débil))	Farmacoterapia::Neumología y vía aérea
¿Cuál es el mecanismo de acción de Teofilina?	Inhibición inespecífica de fosfodiesterasas y antagonismo de la adenosina; estímulo del diafragma y del centro respiratorio.	Farmacoterapia::Neumología y vía aérea
¿Qué distingue a Teofilina de los demás fármacos de su clase (Antiinflamatorio oral de la vía aérea)?	<b>Broncodilatador ORAL débil</b> con leve efecto antiinflamatorio: hoy tercera línea en EPOC y asma.	Farmacoterapia::Neumología y vía aérea
¿Cuál es la dosis de Teofilina en EPOC o asma grave no controlados con inhalados?	200-300 mg (retard) — Cada 12 h, vía VO	Farmacoterapia::Neumología y vía aérea
¿A qué objetivo se ajusta la dosis de Teofilina en EPOC o asma grave no controlados con inhalados?	Teofilinemia 5-15 mg/L	Farmacoterapia::Neumología y vía aérea
¿Cuánto dura el tratamiento con Teofilina?	Indefinida si eficaz.	Farmacoterapia::Neumología y vía aérea
¿Cómo se suspende Teofilina?	—	Farmacoterapia::Neumología y vía aérea
¿Qué hay que monitorizar durante el tratamiento con Teofilina?	<b>Niveles plasmáticos</b>, FC, ECG.	Farmacoterapia::Neumología y vía aérea
¿Cuál es la vida media de Teofilina?	8 h (4 h en fumadores; más en IC y cirrosis).	Farmacoterapia::Neumología y vía aérea
¿Requiere Teofilina ajuste en insuficiencia renal?	No precisa.	Farmacoterapia::Neumología y vía aérea
Interacción crítica de Teofilina con Ciprofloxacino, eritromicina, claritromicina, fluvoxamina, alopurinol: ¿qué ocurre y qué se hace?	<b>Toxicidad (convulsiones, arritmias)</b>. Manejo: Reducir dosis y medir niveles	Farmacoterapia::Neumología y vía aérea
Efecto adverso grave de Teofilina: <b>Arritmias ventriculares</b> — ¿en qué consiste?	<b>Arritmias ventriculares</b>	Farmacoterapia::Neumología y vía aérea
Efecto adverso grave de Teofilina: <b>Convulsiones</b> — ¿en qué consiste?	<b>Convulsiones</b>	Farmacoterapia::Neumología y vía aérea
Efecto adverso grave de Teofilina: Hipopotasemia — ¿en qué consiste?	Hipopotasemia	Farmacoterapia::Neumología y vía aérea
¿Está contraindicado Teofilina en: Arritmias no controladas?	Sí — Arritmias no controladas	Farmacoterapia::Neumología y vía aérea
¿Está contraindicado Teofilina en: Epilepsia no controlada?	Sí — Epilepsia no controlada	Farmacoterapia::Neumología y vía aérea
Particularidad de Teofilina que hay que tener en cuenta:	Toxicidad por teofilina: carbón activado repetido y hemodiálisis si es grave.	Farmacoterapia::Neumología y vía aérea
¿A qué clase farmacológica pertenece Carbocisteína?	Mucolítico (Mucorregulador)	Farmacoterapia::Neumología y vía aérea
¿Cuál es el mecanismo de acción de Carbocisteína?	Modifica la síntesis de sialomucinas (moco menos viscoso) y tiene efecto antioxidante.	Farmacoterapia::Neumología y vía aérea
¿Qué distingue a Carbocisteína de los demás fármacos de su clase (Mucolítico)?	<b>Mucorregulador con efecto ANTIOXIDANTE</b>: reduce las exacerbaciones de EPOC en algunos estudios (PEACE).	Farmacoterapia::Neumología y vía aérea
¿Cuál es la dosis de Carbocisteína en EPOC con hipersecreción y exacerbaciones?	750 mg — Cada 8 h (después cada 12 h), vía VO	Farmacoterapia::Neumología y vía aérea
¿Cuánto dura el tratamiento con Carbocisteína?	Reevaluar.	Farmacoterapia::Neumología y vía aérea
¿Cómo se suspende Carbocisteína?	—	Farmacoterapia::Neumología y vía aérea
¿Qué hay que monitorizar durante el tratamiento con Carbocisteína?	Exacerbaciones.	Farmacoterapia::Neumología y vía aérea
¿Cuál es la vida media de Carbocisteína?	1,5 h.	Farmacoterapia::Neumología y vía aérea
¿Requiere Carbocisteína ajuste en insuficiencia renal?	No precisa.	Farmacoterapia::Neumología y vía aérea
Efecto adverso grave de Carbocisteína: Hemorragia digestiva — ¿en qué consiste?	Hemorragia digestiva (rara)	Farmacoterapia::Neumología y vía aérea
¿Está contraindicado Carbocisteína en: Úlcera péptica activa?	Sí — Úlcera péptica activa	Farmacoterapia::Neumología y vía aérea
Particularidad de Carbocisteína que hay que tener en cuenta:	No asociar a antitusígenos: impiden expulsar el moco que se fluidifica.	Farmacoterapia::Neumología y vía aérea
¿A qué clase farmacológica pertenece Ambroxol?	Mucolítico (Secretolítico (metabolito de la bromhexina))	Farmacoterapia::Neumología y vía aérea
¿Cuál es el mecanismo de acción de Ambroxol?	Aumenta la secreción serosa y de surfactante y despolimeriza las mucopolisacáridos.	Farmacoterapia::Neumología y vía aérea
¿Qué distingue a Ambroxol de los demás fármacos de su clase (Mucolítico)?	<b>Estimula la producción de SURFACTANTE</b> y el aclaramiento mucociliar.	Farmacoterapia::Neumología y vía aérea
¿Cuál es la dosis de Ambroxol en Bronquitis aguda o crónica con moco espeso?	30 mg — Cada 8 h (2-3 días), después cada 12 h, vía VO	Farmacoterapia::Neumología y vía aérea
¿Cuánto dura el tratamiento con Ambroxol?	Corta.	Farmacoterapia::Neumología y vía aérea
¿Cómo se suspende Ambroxol?	—	Farmacoterapia::Neumología y vía aérea
¿Qué hay que monitorizar durante el tratamiento con Ambroxol?	—	Farmacoterapia::Neumología y vía aérea
¿Cuál es la vida media de Ambroxol?	10 h.	Farmacoterapia::Neumología y vía aérea
¿Requiere Ambroxol ajuste en insuficiencia renal?	Precaución.	Farmacoterapia::Neumología y vía aérea
Efecto adverso grave de Ambroxol: Stevens-Johnson / NET — ¿en qué consiste?	Stevens-Johnson / NET (raros)	Farmacoterapia::Neumología y vía aérea
Efecto adverso grave de Ambroxol: Anafilaxia — ¿en qué consiste?	Anafilaxia	Farmacoterapia::Neumología y vía aérea
¿Está contraindicado Ambroxol en: Hipersensibilidad?	Sí — Hipersensibilidad	Farmacoterapia::Neumología y vía aérea
Particularidad de Ambroxol que hay que tener en cuenta:	La evidencia de beneficio clínico de los mucolíticos en procesos agudos es escasa.	Farmacoterapia::Neumología y vía aérea
¿A qué clase farmacológica pertenece N-acetilcisteína oral (uso mucolítico)?	Mucolítico (Mucolítico tiólico y antioxidante)	Farmacoterapia::Neumología y vía aérea
¿Cuál es el mecanismo de acción de N-acetilcisteína oral (uso mucolítico)?	Grupo tiol libre que reduce los enlaces disulfuro de las mucoproteínas; aporta cisteína para la síntesis de glutatión.	Farmacoterapia::Neumología y vía aérea
¿Qué distingue a N-acetilcisteína oral (uso mucolítico) de los demás fármacos de su clase (Mucolítico)?	<b>Rompe los puentes disulfuro del moco</b> y tiene <b>efecto antioxidante</b> (precursor del glutatión): a 600 mg/12 h reduce exacerbaciones de EPOC en algunos estudios.	Farmacoterapia::Neumología y vía aérea
¿Cuál es la dosis de N-acetilcisteína oral (uso mucolítico) en EPOC con hipersecreción y exacerbaciones?	600 mg — Cada 12-24 h, vía VO	Farmacoterapia::Neumología y vía aérea
¿Cuánto dura el tratamiento con N-acetilcisteína oral (uso mucolítico)?	Reevaluar.	Farmacoterapia::Neumología y vía aérea
¿Cómo se suspende N-acetilcisteína oral (uso mucolítico)?	—	Farmacoterapia::Neumología y vía aérea
¿Qué hay que monitorizar durante el tratamiento con N-acetilcisteína oral (uso mucolítico)?	Exacerbaciones.	Farmacoterapia::Neumología y vía aérea
¿Cuál es la vida media de N-acetilcisteína oral (uso mucolítico)?	6 h.	Farmacoterapia::Neumología y vía aérea
¿Requiere N-acetilcisteína oral (uso mucolítico) ajuste en insuficiencia renal?	No precisa.	Farmacoterapia::Neumología y vía aérea
Efecto adverso grave de N-acetilcisteína oral (uso mucolítico): Broncoespasmo — ¿en qué consiste?	Broncoespasmo (nebulizada)	Farmacoterapia::Neumología y vía aérea
Efecto adverso grave de N-acetilcisteína oral (uso mucolítico): Anafilactoide — ¿en qué consiste?	Anafilactoide (IV, antídoto)	Farmacoterapia::Neumología y vía aérea
¿Está contraindicado N-acetilcisteína oral (uso mucolítico) en: Hipersensibilidad?	Sí — Hipersensibilidad	Farmacoterapia::Neumología y vía aérea
Particularidad de N-acetilcisteína oral (uso mucolítico) que hay que tener en cuenta:	Su uso en la tos aguda con moco no tiene beneficio demostrado.	Farmacoterapia::Neumología y vía aérea
¿A qué clase farmacológica pertenece Omalizumab?	Biológico del asma grave (Anticuerpo anti-IgE)	Farmacoterapia::Neumología y vía aérea
¿Cuál es el mecanismo de acción de Omalizumab?	Se une a la IgE libre e impide su unión al receptor FcεRI de mastocitos y basófilos.	Farmacoterapia::Neumología y vía aérea
¿Qué distingue a Omalizumab de los demás fármacos de su clase (Biológico del asma grave)?	<b>Anti-IgE</b>: para el <b>asma ALÉRGICA grave</b> (sensibilización a aeroalérgeno perenne) con IgE 30-1.500 UI/mL.	Farmacoterapia::Neumología y vía aérea
¿Cuál es la dosis de Omalizumab en Asma alérgica grave no controlada?	75-600 mg (según peso e IgE) — Cada 2-4 semanas, vía SC	Farmacoterapia::Neumología y vía aérea
¿Cuál es la dosis de Omalizumab en Urticaria crónica espontánea refractaria a antiH1?	300 mg — Cada 4 semanas, vía SC	Farmacoterapia::Neumología y vía aérea
¿Cuánto dura el tratamiento con Omalizumab?	Indefinida si eficaz.	Farmacoterapia::Neumología y vía aérea
¿Cómo se suspende Omalizumab?	—	Farmacoterapia::Neumología y vía aérea
¿Qué hay que monitorizar durante el tratamiento con Omalizumab?	Control del asma, exacerbaciones.	Farmacoterapia::Neumología y vía aérea
¿Cuál es la vida media de Omalizumab?	26 días.	Farmacoterapia::Neumología y vía aérea
¿Requiere Omalizumab ajuste en insuficiencia renal?	No precisa.	Farmacoterapia::Neumología y vía aérea
Efecto adverso grave de Omalizumab: <b>Anafilaxia</b> — ¿en qué consiste?	<b>Anafilaxia</b> (0,1-0,2%, incluso tardía)	Farmacoterapia::Neumología y vía aérea
Efecto adverso grave de Omalizumab: Infecciones parasitarias — ¿en qué consiste?	Infecciones parasitarias (zonas endémicas)	Farmacoterapia::Neumología y vía aérea
¿Está contraindicado Omalizumab en: Hipersensibilidad?	Sí — Hipersensibilidad	Farmacoterapia::Neumología y vía aérea
Particularidad de Omalizumab que hay que tener en cuenta:	La IgE total no sirve para monitorizar (sube por los complejos).	Farmacoterapia::Neumología y vía aérea
¿A qué clase farmacológica pertenece Mepolizumab?	Biológico del asma grave (Anticuerpo anti-IL-5)	Farmacoterapia::Neumología y vía aérea
¿Cuál es el mecanismo de acción de Mepolizumab?	Bloquea la IL-5, citocina clave en la maduración y supervivencia de los eosinófilos.	Farmacoterapia::Neumología y vía aérea
¿Qué distingue a Mepolizumab de los demás fármacos de su clase (Biológico del asma grave)?	<b>Anti-IL-5</b>: para el <b>asma grave EOSINOFÍLICA</b> (eosinófilos ≥150-300/µL).	Farmacoterapia::Neumología y vía aérea
¿Cuál es la dosis de Mepolizumab en Asma grave eosinofílica no controlada?	100 mg — Cada 4 semanas, vía SC	Farmacoterapia::Neumología y vía aérea
¿Cuánto dura el tratamiento con Mepolizumab?	Indefinida si eficaz.	Farmacoterapia::Neumología y vía aérea
¿Cómo se suspende Mepolizumab?	—	Farmacoterapia::Neumología y vía aérea
¿Qué hay que monitorizar durante el tratamiento con Mepolizumab?	Exacerbaciones, eosinófilos.	Farmacoterapia::Neumología y vía aérea
¿Cuál es la vida media de Mepolizumab?	16-22 días.	Farmacoterapia::Neumología y vía aérea
¿Requiere Mepolizumab ajuste en insuficiencia renal?	No precisa.	Farmacoterapia::Neumología y vía aérea
Efecto adverso grave de Mepolizumab: Herpes zóster — ¿en qué consiste?	Herpes zóster	Farmacoterapia::Neumología y vía aérea
Efecto adverso grave de Mepolizumab: Hipersensibilidad — ¿en qué consiste?	Hipersensibilidad	Farmacoterapia::Neumología y vía aérea
¿Está contraindicado Mepolizumab en: Infección helmíntica no tratada?	Sí — Infección helmíntica no tratada	Farmacoterapia::Neumología y vía aérea
Particularidad de Mepolizumab que hay que tener en cuenta:	Antes de un anti-IL-5, descartar y tratar parasitosis (estrongiloides).	Farmacoterapia::Neumología y vía aérea
¿A qué clase farmacológica pertenece Benralizumab?	Biológico del asma grave (Anticuerpo anti-receptor de IL-5 (depleción eosinofílica))	Farmacoterapia::Neumología y vía aérea
¿Cuál es el mecanismo de acción de Benralizumab?	Anticuerpo frente a la cadena alfa del receptor de IL-5 con afinidad aumentada por el FcγRIIIa: apoptosis de eosinófilos y basófilos.	Farmacoterapia::Neumología y vía aérea
¿Qué distingue a Benralizumab de los demás fármacos de su clase (Biológico del asma grave)?	<b>DEPLECIONA los eosinófilos casi por completo</b> (citotoxicidad mediada por NK) en lugar de solo bloquear la IL-5.	Farmacoterapia::Neumología y vía aérea
¿Cuál es la dosis de Benralizumab en Asma grave eosinofílica no controlada?	30 mg — Cada 4 semanas × 3, después cada 8 semanas, vía SC	Farmacoterapia::Neumología y vía aérea
¿Cuánto dura el tratamiento con Benralizumab?	Indefinida si eficaz.	Farmacoterapia::Neumología y vía aérea
¿Cómo se suspende Benralizumab?	—	Farmacoterapia::Neumología y vía aérea
¿Qué hay que monitorizar durante el tratamiento con Benralizumab?	Exacerbaciones.	Farmacoterapia::Neumología y vía aérea
¿Cuál es la vida media de Benralizumab?	15 días.	Farmacoterapia::Neumología y vía aérea
¿Requiere Benralizumab ajuste en insuficiencia renal?	No precisa.	Farmacoterapia::Neumología y vía aérea
Efecto adverso grave de Benralizumab: Hipersensibilidad — ¿en qué consiste?	Hipersensibilidad	Farmacoterapia::Neumología y vía aérea
¿Está contraindicado Benralizumab en: Infección helmíntica no tratada?	Sí — Infección helmíntica no tratada	Farmacoterapia::Neumología y vía aérea
Particularidad de Benralizumab que hay que tener en cuenta:	Comodidad: 6 inyecciones al año en mantenimiento.	Farmacoterapia::Neumología y vía aérea
¿A qué clase farmacológica pertenece Dupilumab?	Biológico del asma grave (Anticuerpo anti-receptor IL-4α (bloquea IL-4 e IL-13))	Farmacoterapia::Neumología y vía aérea
¿Cuál es el mecanismo de acción de Dupilumab?	Anticuerpo frente a la subunidad alfa del receptor de IL-4, compartida con el de IL-13.	Farmacoterapia::Neumología y vía aérea
¿Qué distingue a Dupilumab de los demás fármacos de su clase (Biológico del asma grave)?	<b>Bloquea IL-4 e IL-13</b>: eficaz en asma T2 con eosinófilos o <b>FeNO elevado</b> y en <b>asma corticodependiente</b>.	Farmacoterapia::Neumología y vía aérea
¿Cuál es la dosis de Dupilumab en Asma grave T2 / corticodependiente?	400-600 mg de carga, después 200-300 mg — Cada 2 semanas, vía SC	Farmacoterapia::Neumología y vía aérea
¿Cuál es la dosis de Dupilumab en Dermatitis atópica moderada-grave?	600 mg de carga, después 300 mg — Cada 2 semanas, vía SC	Farmacoterapia::Neumología y vía aérea
¿Cuánto dura el tratamiento con Dupilumab?	Indefinida si eficaz.	Farmacoterapia::Neumología y vía aérea
¿Cómo se suspende Dupilumab?	—	Farmacoterapia::Neumología y vía aérea
¿Qué hay que monitorizar durante el tratamiento con Dupilumab?	Eosinófilos, conjuntivitis.	Farmacoterapia::Neumología y vía aérea
¿Cuál es la vida media de Dupilumab?	No lineal.	Farmacoterapia::Neumología y vía aérea
¿Requiere Dupilumab ajuste en insuficiencia renal?	No precisa.	Farmacoterapia::Neumología y vía aérea
Efecto adverso grave de Dupilumab: <b>Eosinofilia</b> — ¿en qué consiste?	<b>Eosinofilia</b> (rara: vasculitis eosinofílica)	Farmacoterapia::Neumología y vía aérea
Efecto adverso grave de Dupilumab: Hipersensibilidad — ¿en qué consiste?	Hipersensibilidad	Farmacoterapia::Neumología y vía aérea
¿Está contraindicado Dupilumab en: Infección helmíntica no tratada?	Sí — Infección helmíntica no tratada	Farmacoterapia::Neumología y vía aérea
Particularidad de Dupilumab que hay que tener en cuenta:	Asma grave + dermatitis atópica o poliposis: dupilumab trata las dos cosas.	Farmacoterapia::Neumología y vía aérea
¿A qué clase farmacológica pertenece Biológicos del asma grave (omalizumab, mepolizumab, benralizumab, dupilumab)?	Visión de clase: biológicos del asma grave (Anticuerpos monoclonales frente a mediadores de la inflamación tipo 2)	Farmacoterapia::Neumología y vía aérea
¿Cuál es el mecanismo de acción de Biológicos del asma grave (omalizumab, mepolizumab, benralizumab, dupilumab)?	Bloquean puntos distintos de la misma cascada, la inflamación TIPO 2, y el punto elegido determina qué paciente responde. El OMALIZUMAB se une a la IgE libre e impide su unión al receptor de alta afinidad del mastocito y del basófilo, evitando la desgranulación: es el fármaco del asma ALÉRGICA con sensibilización demostrada. El MEPOLIZUMAB neutraliza la INTERLEUCINA 5, la citocina que recluta, madura y mantiene vivo al eosinófilo; el BENRALIZUMAB va un paso más allá y se une al receptor de IL-5 induciendo la destrucción del eosinófilo por citotoxicidad celular, con lo que lo elimina casi por completo de la sangre. El DUPILUMAB bloquea la subunidad alfa del receptor de IL-4, común a la IL-4 y a la IL-13, y por tanto apaga la vía tipo 2 más arriba: de ahí que sirva además en dermatitis atópica, poliposis nasal y esofagitis eosinofílica. La consecuencia práctica de todo esto es que la elección del biológico no depende de la gravedad del asma sino del BIOMARCADOR: IgE y sensibilización, eosinófilos en sangre y óxido nítrico exhalado.	Farmacoterapia::Neumología y vía aérea
¿Cuál es la dosis de Biológicos del asma grave (omalizumab, mepolizumab, benralizumab, dupilumab) en ASMA ALÉRGICA grave no controlada (omalizumab)?	75-600 mg por vía subcutánea cada 2 o 4 semanas, según el PESO y la IgE total basal — Cada 2-4 semanas, vía SC	Farmacoterapia::Neumología y vía aérea
¿A qué objetivo se ajusta la dosis de Biológicos del asma grave (omalizumab, mepolizumab, benralizumab, dupilumab) en ASMA ALÉRGICA grave no controlada (omalizumab)?	Reducción de exacerbaciones y de la dosis de corticoide oral, evaluada a los 4-6 meses	Farmacoterapia::Neumología y vía aérea
¿Cuál es la dosis de Biológicos del asma grave (omalizumab, mepolizumab, benralizumab, dupilumab) en ASMA EOSINOFÍLICA grave (mepolizumab, benralizumab)?	Mepolizumab 100 mg SC cada 4 semanas; benralizumab 30 mg SC cada 4 semanas las 3 primeras dosis y después cada 8 semanas — Cada 4 u 8 semanas, vía SC	Farmacoterapia::Neumología y vía aérea
¿A qué objetivo se ajusta la dosis de Biológicos del asma grave (omalizumab, mepolizumab, benralizumab, dupilumab) en ASMA EOSINOFÍLICA grave (mepolizumab, benralizumab)?	Eosinófilos en sangre por encima de 300 células por microlitro como criterio de selección; reducción de exacerbaciones y del corticoide oral	Farmacoterapia::Neumología y vía aérea
¿Cuál es la dosis de Biológicos del asma grave (omalizumab, mepolizumab, benralizumab, dupilumab) en Asma grave tipo 2 con poliposis nasal, dermatitis atópica o esofagitis eosinofílica asociadas (dupilumab)?	600 mg SC de carga y después 300 mg cada 2 semanas — Cada 2 semanas, vía SC	Farmacoterapia::Neumología y vía aérea
¿Cuál es la dosis de Biológicos del asma grave (omalizumab, mepolizumab, benralizumab, dupilumab) en Asma corticodependiente, para retirar el corticoide oral?	Según el biológico elegido — Cada 2-8 semanas, vía SC	Farmacoterapia::Neumología y vía aérea
¿A qué objetivo se ajusta la dosis de Biológicos del asma grave (omalizumab, mepolizumab, benralizumab, dupilumab) en Asma corticodependiente, para retirar el corticoide oral?	Retirada o reducción máxima de la prednisona oral, que es el objetivo terapéutico más valioso	Farmacoterapia::Neumología y vía aérea
¿Cuánto dura el tratamiento con Biológicos del asma grave (omalizumab, mepolizumab, benralizumab, dupilumab)?	Evaluación de la respuesta a los 4-6 meses. Si responde, se mantiene de forma prolongada.	Farmacoterapia::Neumología y vía aérea
¿Cómo se suspende Biológicos del asma grave (omalizumab, mepolizumab, benralizumab, dupilumab)?	En el respondedor se plantea espaciar o retirar tras años de control, con riesgo de recaída.	Farmacoterapia::Neumología y vía aérea
¿Qué hay que monitorizar durante el tratamiento con Biológicos del asma grave (omalizumab, mepolizumab, benralizumab, dupilumab)?	Exacerbaciones, dosis de corticoide oral, función pulmonar y cuestionarios de control. Con el omalizumab, observación tras las primeras dosis por el riesgo de anafilaxia.	Farmacoterapia::Neumología y vía aérea
¿Cuál es la vida media de Biológicos del asma grave (omalizumab, mepolizumab, benralizumab, dupilumab)?	2-4 semanas, lo que permite intervalos largos.	Farmacoterapia::Neumología y vía aérea
¿Requiere Biológicos del asma grave (omalizumab, mepolizumab, benralizumab, dupilumab) ajuste en insuficiencia renal?	No requieren ajuste.	Farmacoterapia::Neumología y vía aérea
Interacción crítica de Biológicos del asma grave (omalizumab, mepolizumab, benralizumab, dupilumab) con CORTICOIDES sistémicos: ¿qué ocurre y qué se hace?	Su retirada al iniciar el biológico puede desenmascarar una VASCULITIS EOSINOFÍLICA (granulomatosis eosinofílica con poliangeítis) previamente contenida por el corticoide. Manejo: Ante mononeuritis, exantema, afectación cardiaca o renal durante la retirada del corticoide, hay que pensar en ello y no atribuirlo al biológico	Farmacoterapia::Neumología y vía aérea
Efecto adverso grave de Biológicos del asma grave (omalizumab, mepolizumab, benralizumab, dupilumab): ANAFILAXIA con el OMALIZUMAB, que puede ser TARDÍA — ¿en qué consiste?	ANAFILAXIA con el OMALIZUMAB, que puede ser TARDÍA (hasta 24 horas después) y aparecer tras dosis previamente bien toleradas: motiva observación tras las primeras administraciones y la prescripción de un autoinyector de adrenalina	Farmacoterapia::Neumología y vía aérea
Efecto adverso grave de Biológicos del asma grave (omalizumab, mepolizumab, benralizumab, dupilumab): CONJUNTIVITIS y queratitis con el DUPILUMAB, frecuente y a veces limitante, sobre todo en el paciente con dermatitis atópica — ¿en qué consiste?	CONJUNTIVITIS y queratitis con el DUPILUMAB, frecuente y a veces limitante, sobre todo en el paciente con dermatitis atópica	Farmacoterapia::Neumología y vía aérea
Efecto adverso grave de Biológicos del asma grave (omalizumab, mepolizumab, benralizumab, dupilumab): Desenmascaramiento de granulomatosis eosinofílica con poliangeítis al retirar el corticoide — ¿en qué consiste?	Desenmascaramiento de granulomatosis eosinofílica con poliangeítis al retirar el corticoide	Farmacoterapia::Neumología y vía aérea
Efecto adverso grave de Biológicos del asma grave (omalizumab, mepolizumab, benralizumab, dupilumab): Eosinofilia paradójica transitoria con el dupilumab — ¿en qué consiste?	Eosinofilia paradójica transitoria con el dupilumab	Farmacoterapia::Neumología y vía aérea
Efecto adverso grave de Biológicos del asma grave (omalizumab, mepolizumab, benralizumab, dupilumab): Infecciones por helmintos — ¿en qué consiste?	Infecciones por helmintos (teórico)	Farmacoterapia::Neumología y vía aérea
¿Está contraindicado Biológicos del asma grave (omalizumab, mepolizumab, benralizumab, dupilumab) en: Hipersensibilidad al fármaco?	Sí — Hipersensibilidad al fármaco	Farmacoterapia::Neumología y vía aérea
¿Está contraindicado Biológicos del asma grave (omalizumab, mepolizumab, benralizumab, dupilumab) en: Infección parasitaria activa no tratada?	Sí — Infección parasitaria activa no tratada	Farmacoterapia::Neumología y vía aérea
¿Está contraindicado Biológicos del asma grave (omalizumab, mepolizumab, benralizumab, dupilumab) en: No indicados en el asma leve-moderada ni sin biomarcador compatible?	Sí — No indicados en el asma leve-moderada ni sin biomarcador compatible	Farmacoterapia::Neumología y vía aérea
Particularidad de Biológicos del asma grave (omalizumab, mepolizumab, benralizumab, dupilumab) que hay que tener en cuenta:	Antes de indicar un biológico hay que descartar las TRES causas reales de la mayoría de los asmas mal controlados: DIAGNÓSTICO equivocado, TÉCNICA INHALATORIA incorrecta y FALTA DE ADHERENCIA. Un porcentaje muy alto de los pacientes derivados como asma grave mejora simplemente corrigiendo la técnica del inhalador, y esa comprobación cuesta cinco minutos frente a un tratamiento de miles de euros al año.	Farmacoterapia::Neumología y vía aérea
¿A qué clase farmacológica pertenece Oxigenoterapia?	Gas medicinal (oxígeno) (Tratamiento de la hipoxemia)	Farmacoterapia::Neumología y vía aérea
¿Cuál es el mecanismo de acción de Oxigenoterapia?	Aumenta la fracción inspirada de oxígeno para elevar la presión arterial de oxígeno y, con ella, el contenido arterial de oxígeno y su aporte a los tejidos. Es un FÁRMACO, con dosis, indicaciones, objetivos y toxicidad, y tratarlo como una medida de confort es la fuente de casi todos los problemas. Dos mecanismos explican su cara tóxica. El primero es la HIPERCAPNIA en el paciente con EPOC retenedor: la teoría clásica del impulso hipóxico es solo una parte, y hoy se sabe que pesa más la pérdida de la VASOCONSTRICCIÓN PULMONAR HIPÓXICA, que redistribuye el flujo hacia alvéolos mal ventilados y empeora el desequilibrio ventilación-perfusión, junto con el efecto Haldane. El segundo es la toxicidad por RADICALES LIBRES con fracciones inspiradas altas y mantenidas, que produce atelectasias por reabsorción y daño alveolar. De ahí que la hiperoxia no sea inocua: en el infarto, en el ictus y en la parada recuperada se ha asociado a peores resultados.	Farmacoterapia::Neumología y vía aérea
¿Qué distingue a Oxigenoterapia de los demás fármacos de su clase (Gas medicinal (oxígeno))?	<b>Fármaco con DOSIS (FiO2 o L/min) y OBJETIVO</b>: SpO2 94-98% en general y <b>88-92% en hipercápnicos</b> (EPOC).	Farmacoterapia::Neumología y vía aérea
¿Cuál es la dosis de Oxigenoterapia en HIPOXEMIA aguda en el paciente SIN riesgo de hipercapnia?	El flujo necesario para una saturación del 94-98%, mediante gafas nasales a 1-6 L/min o mascarilla — Continua, titulada por pulsioximetría, vía inhalada	Farmacoterapia::Neumología y vía aérea
¿A qué objetivo se ajusta la dosis de Oxigenoterapia en HIPOXEMIA aguda en el paciente SIN riesgo de hipercapnia?	Saturación de oxígeno del 94-98%: ni menos, ni MÁS	Farmacoterapia::Neumología y vía aérea
¿Cuál es la dosis de Oxigenoterapia en Paciente con EPOC o con riesgo de HIPERCAPNIA?	Mascarilla VENTURI al 24-28%, o gafas nasales a 1-2 L/min — Continua, con gasometría de control, vía inhalada	Farmacoterapia::Neumología y vía aérea
¿A qué objetivo se ajusta la dosis de Oxigenoterapia en Paciente con EPOC o con riesgo de HIPERCAPNIA?	Saturación de 88-92%	Farmacoterapia::Neumología y vía aérea
¿Cuál es la dosis de Oxigenoterapia en OXIGENOTERAPIA CRÓNICA DOMICILIARIA en la EPOC?	Flujo suficiente para una presión arterial de oxígeno superior a 60 mmHg, al menos 15 HORAS al día — Un mínimo de 15 horas diarias, incluida la noche, vía inhalada	Farmacoterapia::Neumología y vía aérea
¿A qué objetivo se ajusta la dosis de Oxigenoterapia en OXIGENOTERAPIA CRÓNICA DOMICILIARIA en la EPOC?	Presión arterial de oxígeno mayor de 60 mmHg o saturación superior al 90%	Farmacoterapia::Neumología y vía aérea
¿Cuál es la dosis de Oxigenoterapia en Intoxicación por MONÓXIDO DE CARBONO?	Oxígeno al 100% con mascarilla con reservorio; oxígeno hiperbárico en casos seleccionados — Continua hasta la normalización, vía inhalada	Farmacoterapia::Neumología y vía aérea
¿A qué objetivo se ajusta la dosis de Oxigenoterapia en Intoxicación por MONÓXIDO DE CARBONO?	Carboxihemoglobina menor del 5% y resolución de los síntomas	Farmacoterapia::Neumología y vía aérea
¿Cuál es la dosis de Oxigenoterapia en Cefalea en RACIMOS, crisis aguda?	Oxígeno al 100% a 12-15 L/min con mascarilla con reservorio durante 15-20 minutos — Durante la crisis, vía inhalada	Farmacoterapia::Neumología y vía aérea
¿Cuánto dura el tratamiento con Oxigenoterapia?	El tiempo que dure la hipoxemia; indefinida en la oxigenoterapia crónica domiciliaria.	Farmacoterapia::Neumología y vía aérea
¿Cómo se suspende Oxigenoterapia?	Se RETIRA cuando la saturación se mantiene en objetivo sin él. Mantenerlo por inercia retrasa la movilización y el alta.	Farmacoterapia::Neumología y vía aérea
¿Qué hay que monitorizar durante el tratamiento con Oxigenoterapia?	Pulsioximetría continua o intermitente, gasometría ARTERIAL en el paciente con riesgo de hipercapnia (la venosa no sirve para el oxígeno), nivel de conciencia y trabajo respiratorio.	Farmacoterapia::Neumología y vía aérea
¿Cuál es la vida media de Oxigenoterapia?	No aplicable; el efecto es inmediato y cesa en minutos al retirarlo.	Farmacoterapia::Neumología y vía aérea
¿Requiere Oxigenoterapia ajuste en insuficiencia renal?	No aplicable.	Farmacoterapia::Neumología y vía aérea
Interacción crítica de Oxigenoterapia con BLEOMICINA: ¿qué ocurre y qué se hace?	Fracciones inspiradas altas potencian la FIBROSIS PULMONAR incluso años después del tratamiento. Manejo: Hay que avisar al anestesista y limitar la fracción inspirada al mínimo necesario en cualquier paciente que haya recibido bleomicina, aunque fuera hace años	Farmacoterapia::Neumología y vía aérea
Interacción crítica de Oxigenoterapia con PARAQUAT: ¿qué ocurre y qué se hace?	El oxígeno AGRAVA la lesión pulmonar por generación de radicales libres. Manejo: Es la excepción histórica: en la intoxicación por paraquat se restringe el oxígeno al mínimo imprescindible	Farmacoterapia::Neumología y vía aérea
Interacción crítica de Oxigenoterapia con TABACO y fuentes de ignición: ¿qué ocurre y qué se hace?	Riesgo de INCENDIO y quemaduras graves. Manejo: Es una causa real y recurrente de quemaduras faciales y muertes domiciliarias: hay que advertirlo de forma explícita y repetida al paciente y a la familia	Farmacoterapia::Neumología y vía aérea
Interacción crítica de Oxigenoterapia con Opioides, benzodiazepinas y sedantes en el retenedor: ¿qué ocurre y qué se hace?	Suman depresión ventilatoria y agravan la hipercapnia. Manejo: Vigilancia estrecha, y considerar ventilación no invasiva	Farmacoterapia::Neumología y vía aérea
Efecto adverso grave de Oxigenoterapia: HIPERCAPNIA con acidosis respiratoria y narcosis por CO2 en el paciente retenedor sometido a oxígeno sin control — ¿en qué consiste?	HIPERCAPNIA con acidosis respiratoria y narcosis por CO2 en el paciente retenedor sometido a oxígeno sin control	Farmacoterapia::Neumología y vía aérea
Efecto adverso grave de Oxigenoterapia: TOXICIDAD por oxígeno con atelectasias de reabsorción y daño alveolar difuso con fracciones inspiradas altas y prolongadas — ¿en qué consiste?	TOXICIDAD por oxígeno con atelectasias de reabsorción y daño alveolar difuso con fracciones inspiradas altas y prolongadas	Farmacoterapia::Neumología y vía aérea
Efecto adverso grave de Oxigenoterapia: Peores resultados por HIPEROXIA en el infarto, el ictus y la parada cardiaca recuperada — ¿en qué consiste?	Peores resultados por HIPEROXIA en el infarto, el ictus y la parada cardiaca recuperada	Farmacoterapia::Neumología y vía aérea
Efecto adverso grave de Oxigenoterapia: RETINOPATÍA de la prematuridad y displasia broncopulmonar en el recién nacido — ¿en qué consiste?	RETINOPATÍA de la prematuridad y displasia broncopulmonar en el recién nacido	Farmacoterapia::Neumología y vía aérea
Efecto adverso grave de Oxigenoterapia: QUEMADURAS e incendios domiciliarios en el paciente que FUMA con oxígeno — ¿en qué consiste?	QUEMADURAS e incendios domiciliarios en el paciente que FUMA con oxígeno	Farmacoterapia::Neumología y vía aérea
¿Está contraindicado Oxigenoterapia en: No hay contraindicación absoluta ante una hipoxemia que amenaza la vida?	Sí — No hay contraindicación absoluta ante una hipoxemia que amenaza la vida	Farmacoterapia::Neumología y vía aérea
¿Está contraindicado Oxigenoterapia en: Precaución extrema con fracciones altas en el paciente tratado con BLEOMICINA y en la intoxicación por PARAQUAT?	Sí — Precaución extrema con fracciones altas en el paciente tratado con BLEOMICINA y en la intoxicación por PARAQUAT	Farmacoterapia::Neumología y vía aérea
¿Está contraindicado Oxigenoterapia en: Uso sin objetivo de saturación definido?	Sí — Uso sin objetivo de saturación definido	Farmacoterapia::Neumología y vía aérea
Particularidad de Oxigenoterapia que hay que tener en cuenta:	El oxígeno es un FÁRMACO y hay que prescribirlo como tal: con indicación, dispositivo, flujo y OBJETIVO DE SATURACIÓN escrito. En la práctica se administra sin orden, se ajusta por criterio de quien pasa y no se retira nunca. Escribir el objetivo en la orden de tratamiento resuelve la mayor parte del problema.	Farmacoterapia::Neumología y vía aérea
¿A qué clase farmacológica pertenece Terbutalina?	Agonista beta-2 adrenérgico inhalado (SABA en inhalador de polvo seco y de uso parenteral)	Farmacoterapia::Neumología y vía aérea
¿Cuál es el mecanismo de acción de Terbutalina?	Agonista selectivo de receptores beta-2: activa la adenilato ciclasa, aumenta el AMPc y relaja el músculo liso bronquial en minutos. Aumenta también el aclaramiento mucociliar e introduce potasio en las células.	Farmacoterapia::Neumología y vía aérea
¿Qué distingue a Terbutalina de los demás fármacos de su clase (Agonista beta-2 adrenérgico inhalado)?	<b>Se comercializa sobre todo en inhalador de POLVO SECO (Turbuhaler)</b>: útil en el paciente que coordina mal el cartucho presurizado del salbutamol y no usa cámara.	Farmacoterapia::Neumología y vía aérea
¿Cuál es la dosis de Terbutalina en Rescate en asma y EPOC?	500 µg (1 inhalación) — A demanda; máximo 6 inhalaciones/día de forma habitual, vía inhalada	Farmacoterapia::Neumología y vía aérea
¿Cuál es la dosis de Terbutalina en Crisis asmática grave sin vía inhalada eficaz?	0,25-0,5 mg — Dosis única; repetible a los 20-30 min, vía SC	Farmacoterapia::Neumología y vía aérea
¿Cuánto dura el tratamiento con Terbutalina?	A demanda.	Farmacoterapia::Neumología y vía aérea
¿Cómo se suspende Terbutalina?	No requiere retirada.	Farmacoterapia::Neumología y vía aérea
¿Qué hay que monitorizar durante el tratamiento con Terbutalina?	Frecuencia de uso del rescate; FC y potasio en dosis altas.	Farmacoterapia::Neumología y vía aérea
¿Cuál es la vida media de Terbutalina?	3-4 h (efecto 4-6 h).	Farmacoterapia::Neumología y vía aérea
¿Requiere Terbutalina ajuste en insuficiencia renal?	Reducir la dosis SC en insuficiencia renal moderada-grave.	Farmacoterapia::Neumología y vía aérea
Interacción crítica de Terbutalina con Betabloqueantes no selectivos: ¿qué ocurre y qué se hace?	Antagonizan su efecto y pueden provocar broncoespasmo. Manejo: Evitar en asmáticos	Farmacoterapia::Neumología y vía aérea
Efecto adverso grave de Terbutalina: Hipopotasemia — ¿en qué consiste?	Hipopotasemia	Farmacoterapia::Neumología y vía aérea
Efecto adverso grave de Terbutalina: Arritmias en cardiópatas — ¿en qué consiste?	Arritmias en cardiópatas	Farmacoterapia::Neumología y vía aérea
Efecto adverso grave de Terbutalina: Edema pulmonar — ¿en qué consiste?	Edema pulmonar (uso tocolítico)	Farmacoterapia::Neumología y vía aérea
¿Está contraindicado Terbutalina en: Hipersensibilidad?	Sí — Hipersensibilidad	Farmacoterapia::Neumología y vía aérea
¿Está contraindicado Terbutalina en: Taquiarritmias no controladas?	Sí — Taquiarritmias no controladas (relativa)	Farmacoterapia::Neumología y vía aérea
¿Está contraindicado Terbutalina en: Uso como tocolítico prolongado?	Sí — Uso como tocolítico prolongado	Farmacoterapia::Neumología y vía aérea
Particularidad de Terbutalina que hay que tener en cuenta:	<b>El rescate en polvo seco no requiere coordinación, pero sí flujo inspiratorio</b>: en una crisis grave puede no inhalarse bien; ahí, cartucho con cámara o nebulización.	Farmacoterapia::Neumología y vía aérea
¿A qué clase farmacológica pertenece Umeclidinio?	Broncodilatador antimuscarínico inhalado (LAMA (acción prolongada) en polvo seco, una vez al día)	Farmacoterapia::Neumología y vía aérea
¿Cuál es el mecanismo de acción de Umeclidinio?	Antagonista competitivo de los receptores muscarínicos M3 del músculo liso bronquial, con disociación lenta: broncodilatación sostenida 24 h, menos hiperinsuflación y menos exacerbaciones en la EPOC.	Farmacoterapia::Neumología y vía aérea
¿Qué distingue a Umeclidinio de los demás fármacos de su clase (Broncodilatador antimuscarínico inhalado)?	<b>LAMA de UNA toma diaria en el dispositivo Ellipta</b>, el mismo que contiene vilanterol y fluticasona furoato: permite <b>triple terapia en UN solo inhalador y una sola inhalación diaria</b>.	Farmacoterapia::Neumología y vía aérea
¿Cuál es la dosis de Umeclidinio en EPOC sintomática (mantenimiento)?	55 µg (1 inhalación) — Cada 24 h, a la misma hora, vía inhalada	Farmacoterapia::Neumología y vía aérea
¿Cuánto dura el tratamiento con Umeclidinio?	Indefinida.	Farmacoterapia::Neumología y vía aérea
¿Cómo se suspende Umeclidinio?	No requiere retirada gradual.	Farmacoterapia::Neumología y vía aérea
¿Qué hay que monitorizar durante el tratamiento con Umeclidinio?	Síntomas (CAT, mMRC), exacerbaciones, técnica inhalatoria.	Farmacoterapia::Neumología y vía aérea
¿Cuál es la vida media de Umeclidinio?	19 h.	Farmacoterapia::Neumología y vía aérea
¿Requiere Umeclidinio ajuste en insuficiencia renal?	No precisa.	Farmacoterapia::Neumología y vía aérea
Efecto adverso grave de Umeclidinio: Retención urinaria — ¿en qué consiste?	Retención urinaria (hiperplasia prostática)	Farmacoterapia::Neumología y vía aérea
Efecto adverso grave de Umeclidinio: Glaucoma agudo de ángulo cerrado — ¿en qué consiste?	Glaucoma agudo de ángulo cerrado	Farmacoterapia::Neumología y vía aérea
Efecto adverso grave de Umeclidinio: Broncoespasmo paradójico — ¿en qué consiste?	Broncoespasmo paradójico	Farmacoterapia::Neumología y vía aérea
¿Está contraindicado Umeclidinio en: Alergia grave a las proteínas de la leche?	Sí — Alergia grave a las proteínas de la leche (excipiente lactosa en polvo seco)	Farmacoterapia::Neumología y vía aérea
¿Está contraindicado Umeclidinio en: Glaucoma de ángulo cerrado y retención urinaria?	Sí — Glaucoma de ángulo cerrado y retención urinaria (precaución)	Farmacoterapia::Neumología y vía aérea
Particularidad de Umeclidinio que hay que tener en cuenta:	<b>Elegir el inhalador según lo que el paciente sabe usar</b>: dispositivo único para todos sus inhalados reduce errores.	Farmacoterapia::Neumología y vía aérea
¿A qué clase farmacológica pertenece Fluticasona propionato/salmeterol?	Corticoide inhalado con LABA (combinación) (ICS/LABA de dos tomas diarias, solo de mantenimiento)	Farmacoterapia::Neumología y vía aérea
¿Cuál es el mecanismo de acción de Fluticasona propionato/salmeterol?	Fluticasona propionato: glucocorticoide inhalado de alta afinidad por el receptor, que reduce la inflamación eosinofílica de la vía aérea. Salmeterol: agonista beta-2 de acción prolongada (12 h) muy lipófilo, con inicio lento. La combinación es sinérgica: el corticoide aumenta la expresión de receptores beta-2 y el LABA facilita la translocación del receptor esteroideo.	Farmacoterapia::Neumología y vía aérea
¿Qué distingue a Fluticasona propionato/salmeterol de los demás fármacos de su clase (Corticoide inhalado con LABA (combinación))?	<b>El salmeterol tiene INICIO LENTO (15-30 min)</b>: <b>NO sirve como rescate</b> ni para la estrategia MART (que exige formoterol, de inicio rápido). Necesita SIEMPRE un SABA aparte para el rescate.	Farmacoterapia::Neumología y vía aérea
¿Cuál es la dosis de Fluticasona propionato/salmeterol en Asma persistente moderada-grave (mantenimiento)?	50/100, 50/250 o 50/500 µg — 1 inhalación cada 12 h, vía inhalada	Farmacoterapia::Neumología y vía aérea
¿Cuál es la dosis de Fluticasona propionato/salmeterol en EPOC con exacerbaciones frecuentes y eosinofilia (ya casi siempre dentro de triple terapia)?	50/500 µg — 1 inhalación cada 12 h, vía inhalada	Farmacoterapia::Neumología y vía aérea
¿Cuánto dura el tratamiento con Fluticasona propionato/salmeterol?	Indefinida en EPOC; en asma, con desescalada si se mantiene el control.	Farmacoterapia::Neumología y vía aérea
¿Cómo se suspende Fluticasona propionato/salmeterol?	<b>Nunca retirar el corticoide dejando el LABA solo en el asma</b> (riesgo de crisis grave y muerte).	Farmacoterapia::Neumología y vía aérea
¿Qué hay que monitorizar durante el tratamiento con Fluticasona propionato/salmeterol?	Control del asma (ACT), exacerbaciones, candidiasis oral, neumonías en EPOC.	Farmacoterapia::Neumología y vía aérea
¿Cuál es la vida media de Fluticasona propionato/salmeterol?	Fluticasona 8 h; salmeterol 5,5 h (efecto 12 h).	Farmacoterapia::Neumología y vía aérea
¿Requiere Fluticasona propionato/salmeterol ajuste en insuficiencia renal?	No precisa.	Farmacoterapia::Neumología y vía aérea
Interacción crítica de Fluticasona propionato/salmeterol con Ritonavir, cobicistat, itraconazol, ketoconazol: ¿qué ocurre y qué se hace?	<b>Síndrome de Cushing iatrogénico y supresión suprarrenal</b> por acumulación de fluticasona. Manejo: Evitar; cambiar a beclometasona (menos dependiente del CYP3A4)	Farmacoterapia::Neumología y vía aérea
Interacción crítica de Fluticasona propionato/salmeterol con Betabloqueantes no selectivos: ¿qué ocurre y qué se hace?	Bloquean el salmeterol y pueden causar broncoespasmo. Manejo: Evitar en asmáticos	Farmacoterapia::Neumología y vía aérea
Efecto adverso grave de Fluticasona propionato/salmeterol: <b>Neumonía en la EPOC</b> — ¿en qué consiste?	<b>Neumonía en la EPOC</b>	Farmacoterapia::Neumología y vía aérea
Efecto adverso grave de Fluticasona propionato/salmeterol: Supresión suprarrenal con dosis altas o inhibidores del CYP3A4 — ¿en qué consiste?	Supresión suprarrenal con dosis altas o inhibidores del CYP3A4	Farmacoterapia::Neumología y vía aérea
Efecto adverso grave de Fluticasona propionato/salmeterol: Osteoporosis y cataratas con dosis altas prolongadas — ¿en qué consiste?	Osteoporosis y cataratas con dosis altas prolongadas	Farmacoterapia::Neumología y vía aérea
¿Está contraindicado Fluticasona propionato/salmeterol en: Uso como rescate?	Sí — Uso como rescate	Farmacoterapia::Neumología y vía aérea
¿Está contraindicado Fluticasona propionato/salmeterol en: Monoterapia con LABA en asma?	Sí — Monoterapia con LABA en asma (no aplica: siempre combinado)	Farmacoterapia::Neumología y vía aérea
¿Está contraindicado Fluticasona propionato/salmeterol en: Tratamiento con ritonavir o cobicistat?	Sí — Tratamiento con ritonavir o cobicistat	Farmacoterapia::Neumología y vía aérea
Particularidad de Fluticasona propionato/salmeterol que hay que tener en cuenta:	<b>Paciente VIH con ritonavir y fluticasona inhalada que desarrolla aspecto cushingoide</b>: interacción clásica.	Farmacoterapia::Neumología y vía aérea
¿A qué clase farmacológica pertenece Fluticasona furoato/vilanterol?	Corticoide inhalado con LABA (combinación) (ICS/LABA de UNA toma diaria)	Farmacoterapia::Neumología y vía aérea
¿Cuál es el mecanismo de acción de Fluticasona furoato/vilanterol?	Fluticasona furoato: glucocorticoide inhalado de muy alta afinidad y prolongada retención en el tejido pulmonar. Vilanterol: agonista beta-2 de acción ultraprolongada (24 h).	Farmacoterapia::Neumología y vía aérea
¿Qué distingue a Fluticasona furoato/vilanterol de los demás fármacos de su clase (Corticoide inhalado con LABA (combinación))?	<b>UNA sola inhalación al día</b> (vilanterol es un LABA de 24 h): la combinación ICS/LABA más cómoda, con mejor adherencia.	Farmacoterapia::Neumología y vía aérea
¿Cuál es la dosis de Fluticasona furoato/vilanterol en Asma persistente (mantenimiento)?	92/22 µg o 184/22 µg — 1 inhalación cada 24 h, vía inhalada	Farmacoterapia::Neumología y vía aérea
¿Cuál es la dosis de Fluticasona furoato/vilanterol en EPOC con exacerbaciones?	92/22 µg — 1 inhalación cada 24 h, vía inhalada	Farmacoterapia::Neumología y vía aérea
¿Cuánto dura el tratamiento con Fluticasona furoato/vilanterol?	Indefinida en EPOC; desescalada en asma bien controlada.	Farmacoterapia::Neumología y vía aérea
¿Cómo se suspende Fluticasona furoato/vilanterol?	No retirar el ICS dejando el LABA solo en asma.	Farmacoterapia::Neumología y vía aérea
¿Qué hay que monitorizar durante el tratamiento con Fluticasona furoato/vilanterol?	Control del asma, exacerbaciones, neumonías en EPOC.	Farmacoterapia::Neumología y vía aérea
¿Cuál es la vida media de Fluticasona furoato/vilanterol?	Fluticasona furoato 24 h; vilanterol 21 h.	Farmacoterapia::Neumología y vía aérea
¿Requiere Fluticasona furoato/vilanterol ajuste en insuficiencia renal?	No precisa.	Farmacoterapia::Neumología y vía aérea
Interacción crítica de Fluticasona furoato/vilanterol con Inhibidores potentes del CYP3A4 (ritonavir, cobicistat, ketoconazol): ¿qué ocurre y qué se hace?	Exposición sistémica aumentada a ambos componentes. Manejo: Evitar	Farmacoterapia::Neumología y vía aérea
Interacción crítica de Fluticasona furoato/vilanterol con Betabloqueantes no selectivos: ¿qué ocurre y qué se hace?	Broncoespasmo. Manejo: Evitar en asmáticos	Farmacoterapia::Neumología y vía aérea
Efecto adverso grave de Fluticasona furoato/vilanterol: Neumonía en EPOC — ¿en qué consiste?	Neumonía en EPOC	Farmacoterapia::Neumología y vía aérea
Efecto adverso grave de Fluticasona furoato/vilanterol: Supresión suprarrenal — ¿en qué consiste?	Supresión suprarrenal (rara a dosis habituales)	Farmacoterapia::Neumología y vía aérea
Efecto adverso grave de Fluticasona furoato/vilanterol: Broncoespasmo paradójico — ¿en qué consiste?	Broncoespasmo paradójico	Farmacoterapia::Neumología y vía aérea
¿Está contraindicado Fluticasona furoato/vilanterol en: Alergia grave a proteínas de la leche?	Sí — Alergia grave a proteínas de la leche (lactosa)	Farmacoterapia::Neumología y vía aérea
¿Está contraindicado Fluticasona furoato/vilanterol en: Uso como rescate?	Sí — Uso como rescate	Farmacoterapia::Neumología y vía aérea
Particularidad de Fluticasona furoato/vilanterol que hay que tener en cuenta:	<b>Para el paciente que olvida la segunda dosis del día, la combinación de una sola toma es la opción lógica.</b>	Farmacoterapia::Neumología y vía aérea
¿A qué clase farmacológica pertenece Bromuro de ipratropio?	Broncodilatador antimuscarínico inhalado (SAMA (acción corta))	Farmacoterapia::Neumología y vía aérea
¿Cuál es el mecanismo de acción de Bromuro de ipratropio?	Bloquea los receptores muscarínicos M3 del músculo liso bronquial, impidiendo la broncoconstricción mediada por el tono VAGAL, que es el principal componente reversible de la obstrucción en la EPOC. Su rasgo farmacológico esencial es que se trata de una amina CUATERNARIA, es decir, una molécula con carga permanente que NO atraviesa las membranas: no se absorbe desde el pulmón ni desde el tubo digestivo, y no cruza la barrera hematoencefálica. De ahí que, a diferencia de la atropina, carezca de efectos anticolinérgicos sistémicos relevantes. Actúa de forma más lenta que el salbutamol (15-20 minutos frente a 5) pero su efecto es aditivo, y por eso la combinación de ambos en la crisis es más eficaz que cualquiera por separado. Un dato práctico derivado de la misma química: si el aerosol escapa de la mascarilla y alcanza el OJO, produce midriasis y puede desencadenar un glaucoma agudo, porque allí sí actúa localmente.	Farmacoterapia::Neumología y vía aérea
¿Qué distingue a Bromuro de ipratropio de los demás fármacos de su clase (Broncodilatador antimuscarínico inhalado)?	<b>SAMA (acción CORTA)</b>: se usa <b>nebulizado junto al salbutamol en la crisis asmática grave y la exacerbación de EPOC</b>.	Farmacoterapia::Neumología y vía aérea
¿Cuál es la dosis de Bromuro de ipratropio en EXACERBACIÓN de la EPOC?	0,5 mg nebulizados cada 4-6 horas, o 4-8 pulsaciones de 20 microgramos con cámara cada 4-6 horas, SIEMPRE junto a salbutamol — Cada 4-6 horas, vía nebulizada	Farmacoterapia::Neumología y vía aérea
¿A qué objetivo se ajusta la dosis de Bromuro de ipratropio en EXACERBACIÓN de la EPOC?	Mejoría del trabajo respiratorio y del flujo espiratorio	Farmacoterapia::Neumología y vía aérea
¿Cuál es la dosis de Bromuro de ipratropio en CRISIS ASMÁTICA moderada-grave?	0,5 mg nebulizados junto con salbutamol, en las PRIMERAS 3 dosis (primeras horas) — Cada 20 minutos las primeras 3 dosis, vía nebulizada	Farmacoterapia::Neumología y vía aérea
¿Cuál es la dosis de Bromuro de ipratropio en Broncoespasmo por BETABLOQUEANTES?	0,5 mg nebulizados, repetibles — Repetible cada 4-6 horas, vía nebulizada	Farmacoterapia::Neumología y vía aérea
¿Cuál es la dosis de Bromuro de ipratropio en RINORREA acuosa persistente (rinitis vasomotora y del anciano)?	Ipratropio nasal 42 microgramos por fosa nasal, 2-3 veces al día — Dos o tres aplicaciones diarias, vía IN	Farmacoterapia::Neumología y vía aérea
¿Cuánto dura el tratamiento con Bromuro de ipratropio?	Días, durante la exacerbación. En el tratamiento crónico de la EPOC ha sido desplazado por los anticolinérgicos de acción LARGA, mucho más cómodos y eficaces.	Farmacoterapia::Neumología y vía aérea
¿Cómo se suspende Bromuro de ipratropio?	Se suspende al resolverse la crisis, pasando al tratamiento de mantenimiento inhalado.	Farmacoterapia::Neumología y vía aérea
¿Qué hay que monitorizar durante el tratamiento con Bromuro de ipratropio?	Respuesta clínica, saturación y trabajo respiratorio. Vigilar la aparición de dolor ocular durante la nebulización.	Farmacoterapia::Neumología y vía aérea
¿Cuál es la vida media de Bromuro de ipratropio?	Efecto de 4-6 horas, con inicio a los 15-20 minutos y pico a los 30-60.	Farmacoterapia::Neumología y vía aérea
¿Requiere Bromuro de ipratropio ajuste en insuficiencia renal?	No requiere ajuste.	Farmacoterapia::Neumología y vía aérea
Interacción crítica de Bromuro de ipratropio con Contacto OCULAR del aerosol: ¿qué ocurre y qué se hace?	Midriasis, visión borrosa y GLAUCOMA AGUDO de ángulo cerrado. Manejo: Usar boquilla o ajustar bien la mascarilla, sobre todo en el anciano con cámara anterior estrecha	Farmacoterapia::Neumología y vía aérea
Efecto adverso grave de Bromuro de ipratropio: GLAUCOMA AGUDO de ángulo cerrado por contacto ocular del aerosol nebulizado — ¿en qué consiste?	GLAUCOMA AGUDO de ángulo cerrado por contacto ocular del aerosol nebulizado: dolor ocular, visión borrosa y halos durante o después de la nebulización	Farmacoterapia::Neumología y vía aérea
Efecto adverso grave de Bromuro de ipratropio: Retención urinaria en el varón con hiperplasia prostática — ¿en qué consiste?	Retención urinaria en el varón con hiperplasia prostática	Farmacoterapia::Neumología y vía aérea
Efecto adverso grave de Bromuro de ipratropio: Broncoespasmo paradójico — ¿en qué consiste?	Broncoespasmo paradójico (raro)	Farmacoterapia::Neumología y vía aérea
¿Está contraindicado Bromuro de ipratropio en: Hipersensibilidad a la atropina o a sus derivados?	Sí — Hipersensibilidad a la atropina o a sus derivados	Farmacoterapia::Neumología y vía aérea
¿Está contraindicado Bromuro de ipratropio en: Precaución en el glaucoma de ángulo estrecho y en la hiperplasia prostática con obstrucción?	Sí — Precaución en el glaucoma de ángulo estrecho y en la hiperplasia prostática con obstrucción	Farmacoterapia::Neumología y vía aérea
¿Está contraindicado Bromuro de ipratropio en: Alergia a la soja o al cacahuete para algunas formulaciones presurizadas antiguas?	Sí — Alergia a la soja o al cacahuete para algunas formulaciones presurizadas antiguas	Farmacoterapia::Neumología y vía aérea
Particularidad de Bromuro de ipratropio que hay que tener en cuenta:	Su química lo explica casi todo: al ser una amina CUATERNARIA con carga permanente, no se absorbe ni atraviesa la barrera hematoencefálica, de modo que carece de los efectos sistémicos de la atropina. Es un anticolinérgico que solo actúa donde se deposita.	Farmacoterapia::Neumología y vía aérea
¿A qué clase farmacológica pertenece Roflumilast y mucolíticos (N-acetilcisteína, carbocisteína)?	Visión de clase: roflumilast y mucolíticos (Inhibidor selectivo de la PDE4 y agentes mucoactivos)	Farmacoterapia::Neumología y vía aérea
¿Cuál es el mecanismo de acción de Roflumilast y mucolíticos (N-acetilcisteína, carbocisteína)?	El ROFLUMILAST inhibe de forma selectiva la FOSFODIESTERASA 4, la enzima que degrada el AMPc en las células inflamatorias del pulmón (neutrófilos, macrófagos, linfocitos T). Al elevar el AMPc reduce la inflamación NEUTROFÍLICA que caracteriza a la EPOC, distinta de la eosinofílica del asma y mucho menos sensible a los corticoides. No es broncodilatador: no mejora la disnea de forma inmediata, sino que reduce las EXACERBACIONES en un fenotipo muy concreto. La N-ACETILCISTEÍNA actúa por otra vía completamente distinta: rompe los PUENTES DISULFURO de las glucoproteínas del moco, reduciendo su viscosidad, y además aporta cisteína para regenerar el GLUTATIÓN, lo que le da un efecto antioxidante que es, de hecho, el fundamento de su otro uso, como antídoto del paracetamol.	Farmacoterapia::Neumología y vía aérea
¿Cuál es la dosis de Roflumilast y mucolíticos (N-acetilcisteína, carbocisteína) en EPOC grave con BRONQUITIS CRÓNICA y exacerbaciones frecuentes?	Roflumilast 250 microgramos al día durante 4 semanas y después 500 microgramos al día — Una toma diaria, vía VO	Farmacoterapia::Neumología y vía aérea
¿A qué objetivo se ajusta la dosis de Roflumilast y mucolíticos (N-acetilcisteína, carbocisteína) en EPOC grave con BRONQUITIS CRÓNICA y exacerbaciones frecuentes?	Reducción del número de exacerbaciones	Farmacoterapia::Neumología y vía aérea
¿Cuál es la dosis de Roflumilast y mucolíticos (N-acetilcisteína, carbocisteína) en Bronquitis crónica con expectoración difícil?	N-acetilcisteína 600 mg al día, o carbocisteína 1500 mg al día — Una o tres tomas al día, vía VO	Farmacoterapia::Neumología y vía aérea
¿Cuál es la dosis de Roflumilast y mucolíticos (N-acetilcisteína, carbocisteína) en FIBROSIS QUÍSTICA y bronquiectasias con secreciones espesas?	N-acetilcisteína nebulizada, o suero salino HIPERTÓNICO al 7%, o dornasa alfa en la fibrosis quística — Una o dos veces al día, vía nebulizada	Farmacoterapia::Neumología y vía aérea
¿Cuál es la dosis de Roflumilast y mucolíticos (N-acetilcisteína, carbocisteína) en Prevención de la nefropatía por contraste (uso discutido)?	N-acetilcisteína 600-1200 mg cada 12 horas el día previo y el día del procedimiento — Cada 12 horas durante 2 días, vía VO	Farmacoterapia::Neumología y vía aérea
¿Cuánto dura el tratamiento con Roflumilast y mucolíticos (N-acetilcisteína, carbocisteína)?	Prolongada mientras reduzca las exacerbaciones.	Farmacoterapia::Neumología y vía aérea
¿Cómo se suspende Roflumilast y mucolíticos (N-acetilcisteína, carbocisteína)?	Se suspende si hay pérdida de peso significativa, síntomas psiquiátricos o ausencia de beneficio tras varios meses.	Farmacoterapia::Neumología y vía aérea
¿Qué hay que monitorizar durante el tratamiento con Roflumilast y mucolíticos (N-acetilcisteína, carbocisteína)?	PESO en cada visita (la pérdida de peso es frecuente y clínicamente relevante en un paciente con EPOC ya sarcopénico), estado de ánimo y número de exacerbaciones.	Farmacoterapia::Neumología y vía aérea
¿Cuál es la vida media de Roflumilast y mucolíticos (N-acetilcisteína, carbocisteína)?	Roflumilast 17 horas; su metabolito activo, 30 horas.	Farmacoterapia::Neumología y vía aérea
¿Requiere Roflumilast y mucolíticos (N-acetilcisteína, carbocisteína) ajuste en insuficiencia renal?	Sin ajuste relevante.	Farmacoterapia::Neumología y vía aérea
Efecto adverso grave de Roflumilast y mucolíticos (N-acetilcisteína, carbocisteína): TRASTORNOS PSIQUIÁTRICOS con el roflumilast — ¿en qué consiste?	TRASTORNOS PSIQUIÁTRICOS con el roflumilast: ansiedad, insomnio, DEPRESIÓN e ideación SUICIDA, con advertencia expresa en ficha técnica	Farmacoterapia::Neumología y vía aérea
Efecto adverso grave de Roflumilast y mucolíticos (N-acetilcisteína, carbocisteína): Pérdida de peso grave en el paciente con EPOC caquéctico — ¿en qué consiste?	Pérdida de peso grave en el paciente con EPOC caquéctico	Farmacoterapia::Neumología y vía aérea
Efecto adverso grave de Roflumilast y mucolíticos (N-acetilcisteína, carbocisteína): Broncoespasmo con la N-acetilcisteína NEBULIZADA, sobre todo en el asmático — ¿en qué consiste?	Broncoespasmo con la N-acetilcisteína NEBULIZADA, sobre todo en el asmático	Farmacoterapia::Neumología y vía aérea
Efecto adverso grave de Roflumilast y mucolíticos (N-acetilcisteína, carbocisteína): Reacciones anafilactoides con la N-acetilcisteína intravenosa — ¿en qué consiste?	Reacciones anafilactoides con la N-acetilcisteína intravenosa	Farmacoterapia::Neumología y vía aérea
¿Está contraindicado Roflumilast y mucolíticos (N-acetilcisteína, carbocisteína) en: Insuficiencia hepática moderada-grave?	Sí — Insuficiencia hepática moderada-grave (roflumilast)	Farmacoterapia::Neumología y vía aérea
¿Está contraindicado Roflumilast y mucolíticos (N-acetilcisteína, carbocisteína) en: Depresión con ideación suicida?	Sí — Depresión con ideación suicida (roflumilast)	Farmacoterapia::Neumología y vía aérea
¿Está contraindicado Roflumilast y mucolíticos (N-acetilcisteína, carbocisteína) en: Bajo peso o caquexia?	Sí — Bajo peso o caquexia (roflumilast, relativa)	Farmacoterapia::Neumología y vía aérea
¿Está contraindicado Roflumilast y mucolíticos (N-acetilcisteína, carbocisteína) en: N-acetilcisteína nebulizada en el asmático sin broncodilatador previo?	Sí — N-acetilcisteína nebulizada en el asmático sin broncodilatador previo	Farmacoterapia::Neumología y vía aérea
Particularidad de Roflumilast y mucolíticos (N-acetilcisteína, carbocisteína) que hay que tener en cuenta:	El ROFLUMILAST solo sirve en un FENOTIPO muy concreto: EPOC con FEV1 menor del 50%, BRONQUITIS CRÓNICA (tos y expectoración) y exacerbaciones repetidas pese al tratamiento inhalado óptimo. Fuera de ese perfil no aporta nada y sí produce diarrea, pérdida de peso y riesgo psiquiátrico. Es un ejemplo claro de que el beneficio de un fármaco puede depender por completo de a quién se le da.	Farmacoterapia::Neumología y vía aérea
